2026-07-24 08:18:28.265 +02:00 [INF] SQL Express schema ready (version 32).
2026-07-24 08:18:29.321 +02:00 [WRN] Phase 37 InitialSetup.sql apply skipped after error (schema already bootstrapped in-app).
Microsoft.Data.SqlClient.SqlException (0x80131904): Filtered index 'IX_OfflineInvoiceQueue_PendingFifo' cannot be created on table 'dbo.OfflineInvoiceQueue' because the column 'Status' in the filter expression is compared with a constant of higher data type precedence or of a different collation. Converting a column to the data type of a constant is not supported for filtered indexes. To resolve this error, explicitly convert the constant to the same data type and collation as the column 'Status'.
   at Microsoft.Data.SqlClient.SqlConnection.OnError(SqlException exception, Boolean breakConnection, Action`1 wrapCloseInAction)
   at Microsoft.Data.SqlClient.SqlInternalConnection.OnError(SqlException exception, Boolean breakConnection, Action`1 wrapCloseInAction)
   at Microsoft.Data.SqlClient.TdsParser.ThrowExceptionAndWarning(TdsParserStateObject stateObj, SqlCommand command, Boolean callerHasConnectionLock, Boolean asyncClose)
   at Microsoft.Data.SqlClient.TdsParser.TryRun(RunBehavior runBehavior, SqlCommand cmdHandler, SqlDataReader dataStream, BulkCopySimpleResultSet bulkCopyHandler, TdsParserStateObject stateObj, Boolean& dataReady)
   at Microsoft.Data.SqlClient.SqlCommand.InternalEndExecuteNonQuery(IAsyncResult asyncResult, Boolean isInternal, String endMethod)
   at Microsoft.Data.SqlClient.SqlCommand.EndExecuteNonQueryInternal(IAsyncResult asyncResult)
   at Microsoft.Data.SqlClient.SqlCommand.EndExecuteNonQueryAsync(IAsyncResult asyncResult)
   at Microsoft.Data.SqlClient.SqlCommand.<>c.<InternalExecuteNonQueryAsync>b__193_1(IAsyncResult asyncResult)
   at System.Threading.Tasks.TaskFactory`1.FromAsyncCoreLogic(IAsyncResult iar, Func`2 endFunction, Action`1 endAction, Task`1 promise, Boolean requiresSynchronization)
--- End of stack trace from previous location ---
   at PointOfSale.App.Services.FirstRunBootstrapService.TryApplyInitialSetupScriptAsync(CancellationToken cancellationToken) in C:\Users\Albert Zee\Documents\Projects\Point Of Sale\src\PointOfSale.App\Services\FirstRunBootstrapService.cs:line 402
   at PointOfSale.App.Services.FirstRunBootstrapService.TryApplyInitialSetupScriptAsync(CancellationToken cancellationToken) in C:\Users\Albert Zee\Documents\Projects\Point Of Sale\src\PointOfSale.App\Services\FirstRunBootstrapService.cs:line 402
   at PointOfSale.App.Services.FirstRunBootstrapService.TryApplyInitialSetupScriptAsync(CancellationToken cancellationToken) in C:\Users\Albert Zee\Documents\Projects\Point Of Sale\src\PointOfSale.App\Services\FirstRunBootstrapService.cs:line 405
ClientConnectionId:9bd8341f-b588-454c-8e38-d779621f723e
Error Number:10611,State:1,Class:16
2026-07-24 08:18:31.908 +02:00 [INF] Offline invoice FIFO sync worker started (interval 15s). Auto-print is handled after successful MRA sync.
2026-07-24 08:18:33.142 +02:00 [INF] ArchivalCompressionBackgroundService is disabled.
2026-07-24 08:18:33.146 +02:00 [INF] Hardware fault-tolerance loop started (probe every 20s).
2026-07-24 08:18:33.150 +02:00 [INF] Inventory alert scanner started (interval 60s).
2026-07-24 08:18:33.254 +02:00 [INF] HealthCheckWorker started (interval 45s).
2026-07-24 08:18:33.257 +02:00 [INF] System health monitor started (interval 45s).
2026-07-24 08:18:33.261 +02:00 [INF] PerformanceProfilingBackgroundService started (sample 30s, flush 300s).
2026-07-24 08:18:33.264 +02:00 [INF] DatabaseMaintenanceBackgroundService started (interval 24h).
2026-07-24 08:18:35.166 +02:00 [INF] SQL Express schema ready (version 32).
2026-07-24 08:18:35.173 +02:00 [WRN] Phase 37 InitialSetup.sql apply skipped after error (schema already bootstrapped in-app).
Microsoft.Data.SqlClient.SqlException (0x80131904): Filtered index 'IX_OfflineInvoiceQueue_PendingFifo' cannot be created on table 'dbo.OfflineInvoiceQueue' because the column 'Status' in the filter expression is compared with a constant of higher data type precedence or of a different collation. Converting a column to the data type of a constant is not supported for filtered indexes. To resolve this error, explicitly convert the constant to the same data type and collation as the column 'Status'.
   at Microsoft.Data.SqlClient.SqlConnection.OnError(SqlException exception, Boolean breakConnection, Action`1 wrapCloseInAction)
   at Microsoft.Data.SqlClient.SqlInternalConnection.OnError(SqlException exception, Boolean breakConnection, Action`1 wrapCloseInAction)
   at Microsoft.Data.SqlClient.TdsParser.ThrowExceptionAndWarning(TdsParserStateObject stateObj, SqlCommand command, Boolean callerHasConnectionLock, Boolean asyncClose)
   at Microsoft.Data.SqlClient.TdsParser.TryRun(RunBehavior runBehavior, SqlCommand cmdHandler, SqlDataReader dataStream, BulkCopySimpleResultSet bulkCopyHandler, TdsParserStateObject stateObj, Boolean& dataReady)
   at Microsoft.Data.SqlClient.SqlCommand.InternalEndExecuteNonQuery(IAsyncResult asyncResult, Boolean isInternal, String endMethod)
   at Microsoft.Data.SqlClient.SqlCommand.EndExecuteNonQueryInternal(IAsyncResult asyncResult)
   at Microsoft.Data.SqlClient.SqlCommand.EndExecuteNonQueryAsync(IAsyncResult asyncResult)
   at Microsoft.Data.SqlClient.SqlCommand.<>c.<InternalExecuteNonQueryAsync>b__193_1(IAsyncResult asyncResult)
   at System.Threading.Tasks.TaskFactory`1.FromAsyncCoreLogic(IAsyncResult iar, Func`2 endFunction, Action`1 endAction, Task`1 promise, Boolean requiresSynchronization)
--- End of stack trace from previous location ---
   at PointOfSale.App.Services.FirstRunBootstrapService.TryApplyInitialSetupScriptAsync(CancellationToken cancellationToken) in C:\Users\Albert Zee\Documents\Projects\Point Of Sale\src\PointOfSale.App\Services\FirstRunBootstrapService.cs:line 402
   at PointOfSale.App.Services.FirstRunBootstrapService.TryApplyInitialSetupScriptAsync(CancellationToken cancellationToken) in C:\Users\Albert Zee\Documents\Projects\Point Of Sale\src\PointOfSale.App\Services\FirstRunBootstrapService.cs:line 402
   at PointOfSale.App.Services.FirstRunBootstrapService.TryApplyInitialSetupScriptAsync(CancellationToken cancellationToken) in C:\Users\Albert Zee\Documents\Projects\Point Of Sale\src\PointOfSale.App\Services\FirstRunBootstrapService.cs:line 405
ClientConnectionId:744b6d55-bd74-464e-a8d1-1f67f19993b4
Error Number:10611,State:1,Class:16
2026-07-24 08:18:37.243 +02:00 [INF] Inventory alert scan complete: 8 products, low=0, stockout=0, overstock=0, fast=0.
2026-07-24 08:18:41.387 +02:00 [INF] ART Diagnostic WorkerHeartbeat HealthCheckWorker null null: Heartbeat
2026-07-24 08:18:42.056 +02:00 [INF] ART Diagnostic DatabaseLatency SqlExpress 3 null: SQL round-trip 3 ms
2026-07-24 08:18:45.392 +02:00 [INF] ART Diagnostic DatabaseLatency SqlExpress 0 null: SQL round-trip 0 ms
2026-07-24 08:18:53.834 +02:00 [WRN] ART Diagnostic MraConnectivity MraEis 8426 HttpRequestException: MRA unreachable: No such host is known. (dev-eis-api.mra.mw:443)
2026-07-24 08:18:53.834 +02:00 [WRN] ART Diagnostic MraConnectivity MraEis 11375 HttpRequestException: MRA unreachable: No such host is known. (dev-eis-api.mra.mw:443)
2026-07-24 08:18:53.888 +02:00 [WRN] ART Diagnostic HealthCheck HealthCheckWorker 0 null: Degraded: MRA.
2026-07-24 08:18:54.031 +02:00 [WRN] ART Diagnostic HealthCheck HealthCheckWorker 3 null: Degraded: MRA.
2026-07-24 08:18:54.151 +02:00 [WRN] System health alert [MRA_UNREACHABLE] MRA EIS API gateway unreachable while internet is online.
2026-07-24 08:18:54.185 +02:00 [ERR] ART Diagnostic Exception HealthAlert:MRA_UNREACHABLE null null: MRA EIS API gateway unreachable while internet is online.
2026-07-24 08:18:54.196 +02:00 [INF] ART Diagnostic WorkerHeartbeat SystemHealthMonitorService null null: MRA EIS API gateway is unreachable.
2026-07-24 08:18:54.198 +02:00 [WRN] Health check degraded: Degraded: MRA.
2026-07-24 08:18:54.199 +02:00 [WRN] System health degraded: MRA EIS API gateway is unreachable.
2026-07-24 08:19:10.034 +02:00 [WRN] MRA probe timeout for "https://dev-eis-api.mra.mw/api/v1/" after "00:01:00".
2026-07-24 08:19:11.494 +02:00 [INF] ART Diagnostic DatabaseLatency SqlExpress 1 null: Performance profile sample (FPS 0.0)
2026-07-24 08:19:17.948 +02:00 [INF] Inventory refresh returned 8 items.
2026-07-24 08:19:21.232 +02:00 [WRN] MRA probe HTTP failure for "https://dev-eis-api.mra.mw/".
System.Net.Http.HttpRequestException: No such host is known. (dev-eis-api.mra.mw:443)
 ---> System.Net.Sockets.SocketException (11001): No such host is known.
   at System.Net.Sockets.Socket.AwaitableSocketAsyncEventArgs.ThrowException(SocketError error, CancellationToken cancellationToken)
   at System.Net.Sockets.Socket.AwaitableSocketAsyncEventArgs.System.Threading.Tasks.Sources.IValueTaskSource.GetResult(Int16 token)
   at System.Net.Sockets.Socket.<ConnectAsync>g__WaitForConnectWithCancellation|285_0(AwaitableSocketAsyncEventArgs saea, ValueTask connectTask, CancellationToken cancellationToken)
   at System.Net.Http.HttpConnectionPool.ConnectToTcpHostAsync(String host, Int32 port, HttpRequestMessage initialRequest, Boolean async, CancellationToken cancellationToken)
   --- End of inner exception stack trace ---
   at System.Net.Http.HttpConnectionPool.ConnectToTcpHostAsync(String host, Int32 port, HttpRequestMessage initialRequest, Boolean async, CancellationToken cancellationToken)
   at System.Net.Http.HttpConnectionPool.ConnectAsync(HttpRequestMessage request, Boolean async, CancellationToken cancellationToken)
   at System.Net.Http.HttpConnectionPool.CreateHttp11ConnectionAsync(HttpRequestMessage request, Boolean async, CancellationToken cancellationToken)
   at System.Net.Http.HttpConnectionPool.AddHttp11ConnectionAsync(QueueItem queueItem)
   at System.Threading.Tasks.TaskCompletionSourceWithCancellation`1.WaitWithCancellationAsync(CancellationToken cancellationToken)
   at System.Net.Http.HttpConnectionPool.SendWithVersionDetectionAndRetryAsync(HttpRequestMessage request, Boolean async, Boolean doRequestAuth, CancellationToken cancellationToken)
   at System.Net.Http.RedirectHandler.SendAsync(HttpRequestMessage request, Boolean async, CancellationToken cancellationToken)
   at System.Net.Http.HttpClient.<SendAsync>g__Core|83_0(HttpRequestMessage request, HttpCompletionOption completionOption, CancellationTokenSource cts, Boolean disposeCts, CancellationTokenSource pendingRequestsCts, CancellationToken originalCancellationToken)
   at PointOfSale.App.Services.ConnectionStatusService.ProbeSingleEndpointAsync(Uri uri, CancellationToken cancellationToken) in C:\Users\Albert Zee\Documents\Projects\Point Of Sale\src\PointOfSale.App\Services\ConnectionStatusService.cs:line 149
2026-07-24 08:19:37.255 +02:00 [INF] Inventory alert scan complete: 8 products, low=0, stockout=0, overstock=0, fast=0.
2026-07-24 08:19:39.208 +02:00 [INF] ART Diagnostic WorkerHeartbeat HealthCheckWorker null null: Heartbeat
2026-07-24 08:19:39.210 +02:00 [INF] ART Diagnostic DatabaseLatency SqlExpress 1 null: SQL round-trip 1 ms
2026-07-24 08:19:39.242 +02:00 [INF] ART Diagnostic DatabaseLatency SqlExpress 2 null: SQL round-trip 2 ms
2026-07-24 08:19:41.146 +02:00 [WRN] MRA probe HTTP failure for "https://dev-eis-api.mra.mw/api/v1/".
System.Net.Http.HttpRequestException: No such host is known. (dev-eis-api.mra.mw:443)
 ---> System.Net.Sockets.SocketException (11001): No such host is known.
   at System.Net.Sockets.Socket.AwaitableSocketAsyncEventArgs.ThrowException(SocketError error, CancellationToken cancellationToken)
   at System.Net.Sockets.Socket.AwaitableSocketAsyncEventArgs.System.Threading.Tasks.Sources.IValueTaskSource.GetResult(Int16 token)
   at System.Net.Sockets.Socket.<ConnectAsync>g__WaitForConnectWithCancellation|285_0(AwaitableSocketAsyncEventArgs saea, ValueTask connectTask, CancellationToken cancellationToken)
   at System.Net.Http.HttpConnectionPool.ConnectToTcpHostAsync(String host, Int32 port, HttpRequestMessage initialRequest, Boolean async, CancellationToken cancellationToken)
   --- End of inner exception stack trace ---
   at System.Net.Http.HttpConnectionPool.ConnectToTcpHostAsync(String host, Int32 port, HttpRequestMessage initialRequest, Boolean async, CancellationToken cancellationToken)
   at System.Net.Http.HttpConnectionPool.ConnectAsync(HttpRequestMessage request, Boolean async, CancellationToken cancellationToken)
   at System.Net.Http.HttpConnectionPool.CreateHttp11ConnectionAsync(HttpRequestMessage request, Boolean async, CancellationToken cancellationToken)
   at System.Net.Http.HttpConnectionPool.AddHttp11ConnectionAsync(QueueItem queueItem)
   at System.Threading.Tasks.TaskCompletionSourceWithCancellation`1.WaitWithCancellationAsync(CancellationToken cancellationToken)
   at System.Net.Http.HttpConnectionPool.SendWithVersionDetectionAndRetryAsync(HttpRequestMessage request, Boolean async, Boolean doRequestAuth, CancellationToken cancellationToken)
   at System.Net.Http.RedirectHandler.SendAsync(HttpRequestMessage request, Boolean async, CancellationToken cancellationToken)
   at System.Net.Http.HttpClient.<SendAsync>g__Core|83_0(HttpRequestMessage request, HttpCompletionOption completionOption, CancellationTokenSource cts, Boolean disposeCts, CancellationTokenSource pendingRequestsCts, CancellationToken originalCancellationToken)
   at PointOfSale.App.Services.ConnectionStatusService.ProbeSingleEndpointAsync(Uri uri, CancellationToken cancellationToken) in C:\Users\Albert Zee\Documents\Projects\Point Of Sale\src\PointOfSale.App\Services\ConnectionStatusService.cs:line 149
2026-07-24 08:19:41.584 +02:00 [INF] ART Diagnostic DatabaseLatency SqlExpress 1 null: Performance profile sample (FPS 0.0)
2026-07-24 08:19:46.431 +02:00 [WRN] ART Diagnostic MraConnectivity MraEis 7187 HttpRequestException: MRA unreachable: No such host is known. (dev-eis-api.mra.mw:443)
2026-07-24 08:19:46.431 +02:00 [WRN] ART Diagnostic MraConnectivity MraEis 7181 HttpRequestException: MRA unreachable: No such host is known. (dev-eis-api.mra.mw:443)
2026-07-24 08:19:46.497 +02:00 [WRN] ART Diagnostic HealthCheck HealthCheckWorker 1 null: Degraded: MRA.
2026-07-24 08:19:46.535 +02:00 [WRN] ART Diagnostic HealthCheck HealthCheckWorker 2 null: Degraded: MRA.
2026-07-24 08:19:46.780 +02:00 [WRN] Health check degraded: Degraded: MRA.
2026-07-24 08:19:46.789 +02:00 [WRN] System health alert [INTERNET_OFFLINE] Internet connectivity offline — offline queue will buffer fiscal invoices.
2026-07-24 08:19:46.790 +02:00 [WRN] ART Diagnostic Exception HealthAlert:INTERNET_OFFLINE null null: Internet connectivity offline — offline queue will buffer fiscal invoices.
2026-07-24 08:19:46.793 +02:00 [INF] ART Diagnostic WorkerHeartbeat SystemHealthMonitorService null null: Internet connectivity appears offline. MRA EIS API gateway is unreachable.
2026-07-24 08:19:46.796 +02:00 [WRN] System health degraded: Internet connectivity appears offline. MRA EIS API gateway is unreachable.
2026-07-24 08:19:48.346 +02:00 [WRN] MRA probe HTTP failure for "https://dev-eis-api.mra.mw/".
System.Net.Http.HttpRequestException: No such host is known. (dev-eis-api.mra.mw:443)
 ---> System.Net.Sockets.SocketException (11001): No such host is known.
   at System.Net.Sockets.Socket.AwaitableSocketAsyncEventArgs.ThrowException(SocketError error, CancellationToken cancellationToken)
   at System.Net.Sockets.Socket.AwaitableSocketAsyncEventArgs.System.Threading.Tasks.Sources.IValueTaskSource.GetResult(Int16 token)
   at System.Net.Sockets.Socket.<ConnectAsync>g__WaitForConnectWithCancellation|285_0(AwaitableSocketAsyncEventArgs saea, ValueTask connectTask, CancellationToken cancellationToken)
   at System.Net.Http.HttpConnectionPool.ConnectToTcpHostAsync(String host, Int32 port, HttpRequestMessage initialRequest, Boolean async, CancellationToken cancellationToken)
   --- End of inner exception stack trace ---
   at System.Net.Http.HttpConnectionPool.ConnectToTcpHostAsync(String host, Int32 port, HttpRequestMessage initialRequest, Boolean async, CancellationToken cancellationToken)
   at System.Net.Http.HttpConnectionPool.ConnectAsync(HttpRequestMessage request, Boolean async, CancellationToken cancellationToken)
   at System.Net.Http.HttpConnectionPool.CreateHttp11ConnectionAsync(HttpRequestMessage request, Boolean async, CancellationToken cancellationToken)
   at System.Net.Http.HttpConnectionPool.AddHttp11ConnectionAsync(QueueItem queueItem)
   at System.Threading.Tasks.TaskCompletionSourceWithCancellation`1.WaitWithCancellationAsync(CancellationToken cancellationToken)
   at System.Net.Http.HttpConnectionPool.SendWithVersionDetectionAndRetryAsync(HttpRequestMessage request, Boolean async, Boolean doRequestAuth, CancellationToken cancellationToken)
   at System.Net.Http.RedirectHandler.SendAsync(HttpRequestMessage request, Boolean async, CancellationToken cancellationToken)
   at System.Net.Http.HttpClient.<SendAsync>g__Core|83_0(HttpRequestMessage request, HttpCompletionOption completionOption, CancellationTokenSource cts, Boolean disposeCts, CancellationTokenSource pendingRequestsCts, CancellationToken originalCancellationToken)
   at PointOfSale.App.Services.ConnectionStatusService.ProbeSingleEndpointAsync(Uri uri, CancellationToken cancellationToken) in C:\Users\Albert Zee\Documents\Projects\Point Of Sale\src\PointOfSale.App\Services\ConnectionStatusService.cs:line 149
2026-07-24 08:20:11.663 +02:00 [INF] ART Diagnostic DatabaseLatency SqlExpress 0 null: Performance profile sample (FPS 0.0)
2026-07-24 08:20:21.034 +02:00 [WRN] MRA probe HTTP failure for "https://dev-eis-api.mra.mw/api/v1/".
System.Net.Http.HttpRequestException: No such host is known. (dev-eis-api.mra.mw:443)
 ---> System.Net.Sockets.SocketException (11001): No such host is known.
   at System.Net.Sockets.Socket.AwaitableSocketAsyncEventArgs.ThrowException(SocketError error, CancellationToken cancellationToken)
   at System.Net.Sockets.Socket.AwaitableSocketAsyncEventArgs.System.Threading.Tasks.Sources.IValueTaskSource.GetResult(Int16 token)
   at System.Net.Sockets.Socket.<ConnectAsync>g__WaitForConnectWithCancellation|285_0(AwaitableSocketAsyncEventArgs saea, ValueTask connectTask, CancellationToken cancellationToken)
   at System.Net.Http.HttpConnectionPool.ConnectToTcpHostAsync(String host, Int32 port, HttpRequestMessage initialRequest, Boolean async, CancellationToken cancellationToken)
   --- End of inner exception stack trace ---
   at System.Net.Http.HttpConnectionPool.ConnectToTcpHostAsync(String host, Int32 port, HttpRequestMessage initialRequest, Boolean async, CancellationToken cancellationToken)
   at System.Net.Http.HttpConnectionPool.ConnectAsync(HttpRequestMessage request, Boolean async, CancellationToken cancellationToken)
   at System.Net.Http.HttpConnectionPool.CreateHttp11ConnectionAsync(HttpRequestMessage request, Boolean async, CancellationToken cancellationToken)
   at System.Net.Http.HttpConnectionPool.AddHttp11ConnectionAsync(QueueItem queueItem)
   at System.Threading.Tasks.TaskCompletionSourceWithCancellation`1.WaitWithCancellationAsync(CancellationToken cancellationToken)
   at System.Net.Http.HttpConnectionPool.SendWithVersionDetectionAndRetryAsync(HttpRequestMessage request, Boolean async, Boolean doRequestAuth, CancellationToken cancellationToken)
   at System.Net.Http.RedirectHandler.SendAsync(HttpRequestMessage request, Boolean async, CancellationToken cancellationToken)
   at System.Net.Http.HttpClient.<SendAsync>g__Core|83_0(HttpRequestMessage request, HttpCompletionOption completionOption, CancellationTokenSource cts, Boolean disposeCts, CancellationTokenSource pendingRequestsCts, CancellationToken originalCancellationToken)
   at PointOfSale.App.Services.ConnectionStatusService.ProbeSingleEndpointAsync(Uri uri, CancellationToken cancellationToken) in C:\Users\Albert Zee\Documents\Projects\Point Of Sale\src\PointOfSale.App\Services\ConnectionStatusService.cs:line 149
2026-07-24 08:20:21.041 +02:00 [WRN] MRA probe HTTP failure for "https://dev-eis-api.mra.mw/".
System.Net.Http.HttpRequestException: No such host is known. (dev-eis-api.mra.mw:443)
 ---> System.Net.Sockets.SocketException (11001): No such host is known.
   at System.Net.Sockets.Socket.AwaitableSocketAsyncEventArgs.ThrowException(SocketError error, CancellationToken cancellationToken)
   at System.Net.Sockets.Socket.AwaitableSocketAsyncEventArgs.System.Threading.Tasks.Sources.IValueTaskSource.GetResult(Int16 token)
   at System.Net.Sockets.Socket.<ConnectAsync>g__WaitForConnectWithCancellation|285_0(AwaitableSocketAsyncEventArgs saea, ValueTask connectTask, CancellationToken cancellationToken)
   at System.Net.Http.HttpConnectionPool.ConnectToTcpHostAsync(String host, Int32 port, HttpRequestMessage initialRequest, Boolean async, CancellationToken cancellationToken)
   --- End of inner exception stack trace ---
   at System.Net.Http.HttpConnectionPool.ConnectToTcpHostAsync(String host, Int32 port, HttpRequestMessage initialRequest, Boolean async, CancellationToken cancellationToken)
   at System.Net.Http.HttpConnectionPool.ConnectAsync(HttpRequestMessage request, Boolean async, CancellationToken cancellationToken)
   at System.Net.Http.HttpConnectionPool.CreateHttp11ConnectionAsync(HttpRequestMessage request, Boolean async, CancellationToken cancellationToken)
   at System.Net.Http.HttpConnectionPool.AddHttp11ConnectionAsync(QueueItem queueItem)
   at System.Threading.Tasks.TaskCompletionSourceWithCancellation`1.WaitWithCancellationAsync(CancellationToken cancellationToken)
   at System.Net.Http.HttpConnectionPool.SendWithVersionDetectionAndRetryAsync(HttpRequestMessage request, Boolean async, Boolean doRequestAuth, CancellationToken cancellationToken)
   at System.Net.Http.RedirectHandler.SendAsync(HttpRequestMessage request, Boolean async, CancellationToken cancellationToken)
   at System.Net.Http.HttpClient.<SendAsync>g__Core|83_0(HttpRequestMessage request, HttpCompletionOption completionOption, CancellationTokenSource cts, Boolean disposeCts, CancellationTokenSource pendingRequestsCts, CancellationToken originalCancellationToken)
   at PointOfSale.App.Services.ConnectionStatusService.ProbeSingleEndpointAsync(Uri uri, CancellationToken cancellationToken) in C:\Users\Albert Zee\Documents\Projects\Point Of Sale\src\PointOfSale.App\Services\ConnectionStatusService.cs:line 149
2026-07-24 08:20:29.807 +02:00 [WRN] MRA probe HTTP failure for "https://dev-eis-api.mra.mw/api/v1/".
System.Net.Http.HttpRequestException: No such host is known. (dev-eis-api.mra.mw:443)
 ---> System.Net.Sockets.SocketException (11001): No such host is known.
   at System.Net.Sockets.Socket.AwaitableSocketAsyncEventArgs.ThrowException(SocketError error, CancellationToken cancellationToken)
   at System.Net.Sockets.Socket.AwaitableSocketAsyncEventArgs.System.Threading.Tasks.Sources.IValueTaskSource.GetResult(Int16 token)
   at System.Net.Sockets.Socket.<ConnectAsync>g__WaitForConnectWithCancellation|285_0(AwaitableSocketAsyncEventArgs saea, ValueTask connectTask, CancellationToken cancellationToken)
   at System.Net.Http.HttpConnectionPool.ConnectToTcpHostAsync(String host, Int32 port, HttpRequestMessage initialRequest, Boolean async, CancellationToken cancellationToken)
   --- End of inner exception stack trace ---
   at System.Net.Http.HttpConnectionPool.ConnectToTcpHostAsync(String host, Int32 port, HttpRequestMessage initialRequest, Boolean async, CancellationToken cancellationToken)
   at System.Net.Http.HttpConnectionPool.ConnectAsync(HttpRequestMessage request, Boolean async, CancellationToken cancellationToken)
   at System.Net.Http.HttpConnectionPool.CreateHttp11ConnectionAsync(HttpRequestMessage request, Boolean async, CancellationToken cancellationToken)
   at System.Net.Http.HttpConnectionPool.AddHttp11ConnectionAsync(QueueItem queueItem)
   at System.Threading.Tasks.TaskCompletionSourceWithCancellation`1.WaitWithCancellationAsync(CancellationToken cancellationToken)
   at System.Net.Http.HttpConnectionPool.SendWithVersionDetectionAndRetryAsync(HttpRequestMessage request, Boolean async, Boolean doRequestAuth, CancellationToken cancellationToken)
   at System.Net.Http.RedirectHandler.SendAsync(HttpRequestMessage request, Boolean async, CancellationToken cancellationToken)
   at System.Net.Http.HttpClient.<SendAsync>g__Core|83_0(HttpRequestMessage request, HttpCompletionOption completionOption, CancellationTokenSource cts, Boolean disposeCts, CancellationTokenSource pendingRequestsCts, CancellationToken originalCancellationToken)
   at PointOfSale.App.Services.ConnectionStatusService.ProbeSingleEndpointAsync(Uri uri, CancellationToken cancellationToken) in C:\Users\Albert Zee\Documents\Projects\Point Of Sale\src\PointOfSale.App\Services\ConnectionStatusService.cs:line 149
2026-07-24 08:20:29.809 +02:00 [WRN] MRA probe HTTP failure for "https://dev-eis-api.mra.mw/".
System.Net.Http.HttpRequestException: No such host is known. (dev-eis-api.mra.mw:443)
 ---> System.Net.Sockets.SocketException (11001): No such host is known.
   at System.Net.Sockets.Socket.AwaitableSocketAsyncEventArgs.ThrowException(SocketError error, CancellationToken cancellationToken)
   at System.Net.Sockets.Socket.AwaitableSocketAsyncEventArgs.System.Threading.Tasks.Sources.IValueTaskSource.GetResult(Int16 token)
   at System.Net.Sockets.Socket.<ConnectAsync>g__WaitForConnectWithCancellation|285_0(AwaitableSocketAsyncEventArgs saea, ValueTask connectTask, CancellationToken cancellationToken)
   at System.Net.Http.HttpConnectionPool.ConnectToTcpHostAsync(String host, Int32 port, HttpRequestMessage initialRequest, Boolean async, CancellationToken cancellationToken)
   --- End of inner exception stack trace ---
   at System.Net.Http.HttpConnectionPool.ConnectToTcpHostAsync(String host, Int32 port, HttpRequestMessage initialRequest, Boolean async, CancellationToken cancellationToken)
   at System.Net.Http.HttpConnectionPool.ConnectAsync(HttpRequestMessage request, Boolean async, CancellationToken cancellationToken)
   at System.Net.Http.HttpConnectionPool.CreateHttp11ConnectionAsync(HttpRequestMessage request, Boolean async, CancellationToken cancellationToken)
   at System.Net.Http.HttpConnectionPool.AddHttp11ConnectionAsync(QueueItem queueItem)
   at System.Threading.Tasks.TaskCompletionSourceWithCancellation`1.WaitWithCancellationAsync(CancellationToken cancellationToken)
   at System.Net.Http.HttpConnectionPool.SendWithVersionDetectionAndRetryAsync(HttpRequestMessage request, Boolean async, Boolean doRequestAuth, CancellationToken cancellationToken)
   at System.Net.Http.RedirectHandler.SendAsync(HttpRequestMessage request, Boolean async, CancellationToken cancellationToken)
   at System.Net.Http.HttpClient.<SendAsync>g__Core|83_0(HttpRequestMessage request, HttpCompletionOption completionOption, CancellationTokenSource cts, Boolean disposeCts, CancellationTokenSource pendingRequestsCts, CancellationToken originalCancellationToken)
   at PointOfSale.App.Services.ConnectionStatusService.ProbeSingleEndpointAsync(Uri uri, CancellationToken cancellationToken) in C:\Users\Albert Zee\Documents\Projects\Point Of Sale\src\PointOfSale.App\Services\ConnectionStatusService.cs:line 149
2026-07-24 08:20:31.780 +02:00 [INF] ART Diagnostic WorkerHeartbeat HealthCheckWorker null null: Heartbeat
2026-07-24 08:20:31.787 +02:00 [INF] ART Diagnostic DatabaseLatency SqlExpress 2 null: SQL round-trip 2 ms
2026-07-24 08:20:31.795 +02:00 [WRN] ART Diagnostic MraConnectivity MraEis 2 HttpRequestException: MRA unreachable: No such host is known. (dev-eis-api.mra.mw:443)
2026-07-24 08:20:31.799 +02:00 [INF] ART Diagnostic DatabaseLatency SqlExpress 1 null: SQL round-trip 1 ms
2026-07-24 08:20:31.807 +02:00 [WRN] ART Diagnostic MraConnectivity MraEis 3 HttpRequestException: MRA unreachable: No such host is known. (dev-eis-api.mra.mw:443)
2026-07-24 08:20:31.811 +02:00 [WRN] ART Diagnostic HealthCheck HealthCheckWorker 1 null: Degraded: MRA.
2026-07-24 08:20:31.870 +02:00 [WRN] MRA probe HTTP failure for "https://dev-eis-api.mra.mw/api/v1/".
System.Net.Http.HttpRequestException: No such host is known. (dev-eis-api.mra.mw:443)
 ---> System.Net.Sockets.SocketException (11001): No such host is known.
   at System.Net.Sockets.Socket.AwaitableSocketAsyncEventArgs.ThrowException(SocketError error, CancellationToken cancellationToken)
   at System.Net.Sockets.Socket.AwaitableSocketAsyncEventArgs.System.Threading.Tasks.Sources.IValueTaskSource.GetResult(Int16 token)
   at System.Net.Sockets.Socket.<ConnectAsync>g__WaitForConnectWithCancellation|285_0(AwaitableSocketAsyncEventArgs saea, ValueTask connectTask, CancellationToken cancellationToken)
   at System.Net.Http.HttpConnectionPool.ConnectToTcpHostAsync(String host, Int32 port, HttpRequestMessage initialRequest, Boolean async, CancellationToken cancellationToken)
   --- End of inner exception stack trace ---
   at System.Net.Http.HttpConnectionPool.ConnectToTcpHostAsync(String host, Int32 port, HttpRequestMessage initialRequest, Boolean async, CancellationToken cancellationToken)
   at System.Net.Http.HttpConnectionPool.ConnectAsync(HttpRequestMessage request, Boolean async, CancellationToken cancellationToken)
   at System.Net.Http.HttpConnectionPool.CreateHttp11ConnectionAsync(HttpRequestMessage request, Boolean async, CancellationToken cancellationToken)
   at System.Net.Http.HttpConnectionPool.AddHttp11ConnectionAsync(QueueItem queueItem)
   at System.Threading.Tasks.TaskCompletionSourceWithCancellation`1.WaitWithCancellationAsync(CancellationToken cancellationToken)
   at System.Net.Http.HttpConnectionPool.SendWithVersionDetectionAndRetryAsync(HttpRequestMessage request, Boolean async, Boolean doRequestAuth, CancellationToken cancellationToken)
   at System.Net.Http.RedirectHandler.SendAsync(HttpRequestMessage request, Boolean async, CancellationToken cancellationToken)
   at System.Net.Http.HttpClient.<SendAsync>g__Core|83_0(HttpRequestMessage request, HttpCompletionOption completionOption, CancellationTokenSource cts, Boolean disposeCts, CancellationTokenSource pendingRequestsCts, CancellationToken originalCancellationToken)
   at PointOfSale.App.Services.ConnectionStatusService.ProbeSingleEndpointAsync(Uri uri, CancellationToken cancellationToken) in C:\Users\Albert Zee\Documents\Projects\Point Of Sale\src\PointOfSale.App\Services\ConnectionStatusService.cs:line 149
2026-07-24 08:20:31.873 +02:00 [WRN] MRA probe HTTP failure for "https://dev-eis-api.mra.mw/".
System.Net.Http.HttpRequestException: No such host is known. (dev-eis-api.mra.mw:443)
 ---> System.Net.Sockets.SocketException (11001): No such host is known.
   at System.Net.Sockets.Socket.AwaitableSocketAsyncEventArgs.ThrowException(SocketError error, CancellationToken cancellationToken)
   at System.Net.Sockets.Socket.AwaitableSocketAsyncEventArgs.System.Threading.Tasks.Sources.IValueTaskSource.GetResult(Int16 token)
   at System.Net.Sockets.Socket.<ConnectAsync>g__WaitForConnectWithCancellation|285_0(AwaitableSocketAsyncEventArgs saea, ValueTask connectTask, CancellationToken cancellationToken)
   at System.Net.Http.HttpConnectionPool.ConnectToTcpHostAsync(String host, Int32 port, HttpRequestMessage initialRequest, Boolean async, CancellationToken cancellationToken)
   --- End of inner exception stack trace ---
   at System.Net.Http.HttpConnectionPool.ConnectToTcpHostAsync(String host, Int32 port, HttpRequestMessage initialRequest, Boolean async, CancellationToken cancellationToken)
   at System.Net.Http.HttpConnectionPool.ConnectAsync(HttpRequestMessage request, Boolean async, CancellationToken cancellationToken)
   at System.Net.Http.HttpConnectionPool.CreateHttp11ConnectionAsync(HttpRequestMessage request, Boolean async, CancellationToken cancellationToken)
   at System.Net.Http.HttpConnectionPool.AddHttp11ConnectionAsync(QueueItem queueItem)
   at System.Threading.Tasks.TaskCompletionSourceWithCancellation`1.WaitWithCancellationAsync(CancellationToken cancellationToken)
   at System.Net.Http.HttpConnectionPool.SendWithVersionDetectionAndRetryAsync(HttpRequestMessage request, Boolean async, Boolean doRequestAuth, CancellationToken cancellationToken)
   at System.Net.Http.RedirectHandler.SendAsync(HttpRequestMessage request, Boolean async, CancellationToken cancellationToken)
   at System.Net.Http.HttpClient.<SendAsync>g__Core|83_0(HttpRequestMessage request, HttpCompletionOption completionOption, CancellationTokenSource cts, Boolean disposeCts, CancellationTokenSource pendingRequestsCts, CancellationToken originalCancellationToken)
   at PointOfSale.App.Services.ConnectionStatusService.ProbeSingleEndpointAsync(Uri uri, CancellationToken cancellationToken) in C:\Users\Albert Zee\Documents\Projects\Point Of Sale\src\PointOfSale.App\Services\ConnectionStatusService.cs:line 149
2026-07-24 08:20:31.876 +02:00 [WRN] ART Diagnostic HealthCheck HealthCheckWorker 2 null: Degraded: MRA.
2026-07-24 08:20:31.879 +02:00 [WRN] Health check degraded: Degraded: MRA.
2026-07-24 08:20:31.884 +02:00 [INF] ART Diagnostic WorkerHeartbeat SystemHealthMonitorService null null: MRA EIS API gateway is unreachable.
2026-07-24 08:20:31.886 +02:00 [WRN] System health degraded: MRA EIS API gateway is unreachable.
2026-07-24 08:20:37.276 +02:00 [INF] Inventory alert scan complete: 8 products, low=0, stockout=0, overstock=0, fast=0.
2026-07-24 08:20:41.690 +02:00 [INF] ART Diagnostic DatabaseLatency SqlExpress 0 null: Performance profile sample (FPS 0.0)
2026-07-24 08:20:49.796 +02:00 [WRN] MRA probe HTTP failure for "https://dev-eis-api.mra.mw/api/v1/".
System.Net.Http.HttpRequestException: No such host is known. (dev-eis-api.mra.mw:443)
 ---> System.Net.Sockets.SocketException (11001): No such host is known.
   at System.Net.Sockets.Socket.AwaitableSocketAsyncEventArgs.ThrowException(SocketError error, CancellationToken cancellationToken)
   at System.Net.Sockets.Socket.AwaitableSocketAsyncEventArgs.System.Threading.Tasks.Sources.IValueTaskSource.GetResult(Int16 token)
   at System.Net.Sockets.Socket.<ConnectAsync>g__WaitForConnectWithCancellation|285_0(AwaitableSocketAsyncEventArgs saea, ValueTask connectTask, CancellationToken cancellationToken)
   at System.Net.Http.HttpConnectionPool.ConnectToTcpHostAsync(String host, Int32 port, HttpRequestMessage initialRequest, Boolean async, CancellationToken cancellationToken)
   --- End of inner exception stack trace ---
   at System.Net.Http.HttpConnectionPool.ConnectToTcpHostAsync(String host, Int32 port, HttpRequestMessage initialRequest, Boolean async, CancellationToken cancellationToken)
   at System.Net.Http.HttpConnectionPool.ConnectAsync(HttpRequestMessage request, Boolean async, CancellationToken cancellationToken)
   at System.Net.Http.HttpConnectionPool.CreateHttp11ConnectionAsync(HttpRequestMessage request, Boolean async, CancellationToken cancellationToken)
   at System.Net.Http.HttpConnectionPool.AddHttp11ConnectionAsync(QueueItem queueItem)
   at System.Threading.Tasks.TaskCompletionSourceWithCancellation`1.WaitWithCancellationAsync(CancellationToken cancellationToken)
   at System.Net.Http.HttpConnectionPool.SendWithVersionDetectionAndRetryAsync(HttpRequestMessage request, Boolean async, Boolean doRequestAuth, CancellationToken cancellationToken)
   at System.Net.Http.RedirectHandler.SendAsync(HttpRequestMessage request, Boolean async, CancellationToken cancellationToken)
   at System.Net.Http.HttpClient.<SendAsync>g__Core|83_0(HttpRequestMessage request, HttpCompletionOption completionOption, CancellationTokenSource cts, Boolean disposeCts, CancellationTokenSource pendingRequestsCts, CancellationToken originalCancellationToken)
   at PointOfSale.App.Services.ConnectionStatusService.ProbeSingleEndpointAsync(Uri uri, CancellationToken cancellationToken) in C:\Users\Albert Zee\Documents\Projects\Point Of Sale\src\PointOfSale.App\Services\ConnectionStatusService.cs:line 149
2026-07-24 08:20:49.798 +02:00 [WRN] MRA probe HTTP failure for "https://dev-eis-api.mra.mw/".
System.Net.Http.HttpRequestException: No such host is known. (dev-eis-api.mra.mw:443)
 ---> System.Net.Sockets.SocketException (11001): No such host is known.
   at System.Net.Sockets.Socket.AwaitableSocketAsyncEventArgs.ThrowException(SocketError error, CancellationToken cancellationToken)
   at System.Net.Sockets.Socket.AwaitableSocketAsyncEventArgs.System.Threading.Tasks.Sources.IValueTaskSource.GetResult(Int16 token)
   at System.Net.Sockets.Socket.<ConnectAsync>g__WaitForConnectWithCancellation|285_0(AwaitableSocketAsyncEventArgs saea, ValueTask connectTask, CancellationToken cancellationToken)
   at System.Net.Http.HttpConnectionPool.ConnectToTcpHostAsync(String host, Int32 port, HttpRequestMessage initialRequest, Boolean async, CancellationToken cancellationToken)
   --- End of inner exception stack trace ---
   at System.Net.Http.HttpConnectionPool.ConnectToTcpHostAsync(String host, Int32 port, HttpRequestMessage initialRequest, Boolean async, CancellationToken cancellationToken)
   at System.Net.Http.HttpConnectionPool.ConnectAsync(HttpRequestMessage request, Boolean async, CancellationToken cancellationToken)
   at System.Net.Http.HttpConnectionPool.CreateHttp11ConnectionAsync(HttpRequestMessage request, Boolean async, CancellationToken cancellationToken)
   at System.Net.Http.HttpConnectionPool.AddHttp11ConnectionAsync(QueueItem queueItem)
   at System.Threading.Tasks.TaskCompletionSourceWithCancellation`1.WaitWithCancellationAsync(CancellationToken cancellationToken)
   at System.Net.Http.HttpConnectionPool.SendWithVersionDetectionAndRetryAsync(HttpRequestMessage request, Boolean async, Boolean doRequestAuth, CancellationToken cancellationToken)
   at System.Net.Http.RedirectHandler.SendAsync(HttpRequestMessage request, Boolean async, CancellationToken cancellationToken)
   at System.Net.Http.HttpClient.<SendAsync>g__Core|83_0(HttpRequestMessage request, HttpCompletionOption completionOption, CancellationTokenSource cts, Boolean disposeCts, CancellationTokenSource pendingRequestsCts, CancellationToken originalCancellationToken)
   at PointOfSale.App.Services.ConnectionStatusService.ProbeSingleEndpointAsync(Uri uri, CancellationToken cancellationToken) in C:\Users\Albert Zee\Documents\Projects\Point Of Sale\src\PointOfSale.App\Services\ConnectionStatusService.cs:line 149
2026-07-24 08:21:11.742 +02:00 [INF] ART Diagnostic DatabaseLatency SqlExpress 0 null: Performance profile sample (FPS 0.0)
2026-07-24 08:21:16.881 +02:00 [INF] ART Diagnostic WorkerHeartbeat HealthCheckWorker null null: Heartbeat
2026-07-24 08:21:16.885 +02:00 [INF] ART Diagnostic DatabaseLatency SqlExpress 1 null: SQL round-trip 1 ms
2026-07-24 08:21:16.889 +02:00 [INF] ART Diagnostic DatabaseLatency SqlExpress 2 null: SQL round-trip 2 ms
2026-07-24 08:21:16.894 +02:00 [WRN] ART Diagnostic MraConnectivity MraEis 2 HttpRequestException: MRA unreachable: No such host is known. (dev-eis-api.mra.mw:443)
2026-07-24 08:21:16.894 +02:00 [WRN] ART Diagnostic MraConnectivity MraEis 1 HttpRequestException: MRA unreachable: No such host is known. (dev-eis-api.mra.mw:443)
2026-07-24 08:21:16.897 +02:00 [WRN] ART Diagnostic HealthCheck HealthCheckWorker 1 null: Degraded: MRA.
2026-07-24 08:21:16.904 +02:00 [WRN] Health check degraded: Degraded: MRA.
2026-07-24 08:21:16.934 +02:00 [WRN] ART Diagnostic HealthCheck HealthCheckWorker 2 null: Degraded: MRA.
2026-07-24 08:21:17.098 +02:00 [INF] ART Diagnostic WorkerHeartbeat SystemHealthMonitorService null null: Internet connectivity appears offline. MRA EIS API gateway is unreachable.
2026-07-24 08:21:17.122 +02:00 [WRN] System health degraded: Internet connectivity appears offline. MRA EIS API gateway is unreachable.
2026-07-24 08:21:37.292 +02:00 [INF] Inventory alert scan complete: 8 products, low=0, stockout=0, overstock=0, fast=0.
2026-07-24 08:21:47.466 +02:00 [INF] ART Diagnostic DatabaseLatency SqlExpress 0 null: Performance profile sample (FPS 0.0)
2026-07-24 08:22:01.904 +02:00 [INF] ART Diagnostic WorkerHeartbeat HealthCheckWorker null null: Heartbeat
2026-07-24 08:22:01.930 +02:00 [INF] ART Diagnostic DatabaseLatency SqlExpress 0 null: SQL round-trip 0 ms
2026-07-24 08:22:02.123 +02:00 [INF] ART Diagnostic DatabaseLatency SqlExpress 1 null: SQL round-trip 1 ms
2026-07-24 08:22:13.153 +02:00 [WRN] MRA probe HTTP failure for "https://dev-eis-api.mra.mw/api/v1/".
System.Net.Http.HttpRequestException: No such host is known. (dev-eis-api.mra.mw:443)
 ---> System.Net.Sockets.SocketException (11001): No such host is known.
   at System.Net.Sockets.Socket.AwaitableSocketAsyncEventArgs.ThrowException(SocketError error, CancellationToken cancellationToken)
   at System.Net.Sockets.Socket.AwaitableSocketAsyncEventArgs.System.Threading.Tasks.Sources.IValueTaskSource.GetResult(Int16 token)
   at System.Net.Sockets.Socket.<ConnectAsync>g__WaitForConnectWithCancellation|285_0(AwaitableSocketAsyncEventArgs saea, ValueTask connectTask, CancellationToken cancellationToken)
   at System.Net.Http.HttpConnectionPool.ConnectToTcpHostAsync(String host, Int32 port, HttpRequestMessage initialRequest, Boolean async, CancellationToken cancellationToken)
   --- End of inner exception stack trace ---
   at System.Net.Http.HttpConnectionPool.ConnectToTcpHostAsync(String host, Int32 port, HttpRequestMessage initialRequest, Boolean async, CancellationToken cancellationToken)
   at System.Net.Http.HttpConnectionPool.ConnectAsync(HttpRequestMessage request, Boolean async, CancellationToken cancellationToken)
   at System.Net.Http.HttpConnectionPool.CreateHttp11ConnectionAsync(HttpRequestMessage request, Boolean async, CancellationToken cancellationToken)
   at System.Net.Http.HttpConnectionPool.AddHttp11ConnectionAsync(QueueItem queueItem)
   at System.Threading.Tasks.TaskCompletionSourceWithCancellation`1.WaitWithCancellationAsync(CancellationToken cancellationToken)
   at System.Net.Http.HttpConnectionPool.SendWithVersionDetectionAndRetryAsync(HttpRequestMessage request, Boolean async, Boolean doRequestAuth, CancellationToken cancellationToken)
   at System.Net.Http.RedirectHandler.SendAsync(HttpRequestMessage request, Boolean async, CancellationToken cancellationToken)
   at System.Net.Http.HttpClient.<SendAsync>g__Core|83_0(HttpRequestMessage request, HttpCompletionOption completionOption, CancellationTokenSource cts, Boolean disposeCts, CancellationTokenSource pendingRequestsCts, CancellationToken originalCancellationToken)
   at PointOfSale.App.Services.ConnectionStatusService.ProbeSingleEndpointAsync(Uri uri, CancellationToken cancellationToken) in C:\Users\Albert Zee\Documents\Projects\Point Of Sale\src\PointOfSale.App\Services\ConnectionStatusService.cs:line 149
2026-07-24 08:22:13.153 +02:00 [WRN] ART Diagnostic MraConnectivity MraEis 11023 HttpRequestException: MRA unreachable: No such host is known. (dev-eis-api.mra.mw:443)
2026-07-24 08:22:13.153 +02:00 [WRN] ART Diagnostic MraConnectivity MraEis 11217 HttpRequestException: MRA unreachable: No such host is known. (dev-eis-api.mra.mw:443)
2026-07-24 08:22:13.164 +02:00 [WRN] ART Diagnostic HealthCheck HealthCheckWorker 0 null: Degraded: MRA.
2026-07-24 08:22:13.164 +02:00 [WRN] ART Diagnostic HealthCheck HealthCheckWorker 1 null: Degraded: MRA.
2026-07-24 08:22:13.182 +02:00 [WRN] Health check degraded: Degraded: MRA.
2026-07-24 08:22:13.228 +02:00 [WRN] System health alert [MRA_UNREACHABLE] MRA EIS API gateway unreachable while internet is online.
2026-07-24 08:22:13.228 +02:00 [ERR] ART Diagnostic Exception HealthAlert:MRA_UNREACHABLE null null: MRA EIS API gateway unreachable while internet is online.
2026-07-24 08:22:13.232 +02:00 [INF] ART Diagnostic WorkerHeartbeat SystemHealthMonitorService null null: MRA EIS API gateway is unreachable.
2026-07-24 08:22:13.235 +02:00 [WRN] System health degraded: MRA EIS API gateway is unreachable.
2026-07-24 08:22:17.493 +02:00 [INF] ART Diagnostic DatabaseLatency SqlExpress 0 null: Performance profile sample (FPS 0.0)
2026-07-24 08:22:24.366 +02:00 [WRN] MRA probe HTTP failure for "https://dev-eis-api.mra.mw/".
System.Net.Http.HttpRequestException: No such host is known. (dev-eis-api.mra.mw:443)
 ---> System.Net.Sockets.SocketException (11001): No such host is known.
   at System.Net.Sockets.Socket.AwaitableSocketAsyncEventArgs.ThrowException(SocketError error, CancellationToken cancellationToken)
   at System.Net.Sockets.Socket.AwaitableSocketAsyncEventArgs.System.Threading.Tasks.Sources.IValueTaskSource.GetResult(Int16 token)
   at System.Net.Sockets.Socket.<ConnectAsync>g__WaitForConnectWithCancellation|285_0(AwaitableSocketAsyncEventArgs saea, ValueTask connectTask, CancellationToken cancellationToken)
   at System.Net.Http.HttpConnectionPool.ConnectToTcpHostAsync(String host, Int32 port, HttpRequestMessage initialRequest, Boolean async, CancellationToken cancellationToken)
   --- End of inner exception stack trace ---
   at System.Net.Http.HttpConnectionPool.ConnectToTcpHostAsync(String host, Int32 port, HttpRequestMessage initialRequest, Boolean async, CancellationToken cancellationToken)
   at System.Net.Http.HttpConnectionPool.ConnectAsync(HttpRequestMessage request, Boolean async, CancellationToken cancellationToken)
   at System.Net.Http.HttpConnectionPool.CreateHttp11ConnectionAsync(HttpRequestMessage request, Boolean async, CancellationToken cancellationToken)
   at System.Net.Http.HttpConnectionPool.AddHttp11ConnectionAsync(QueueItem queueItem)
   at System.Threading.Tasks.TaskCompletionSourceWithCancellation`1.WaitWithCancellationAsync(CancellationToken cancellationToken)
   at System.Net.Http.HttpConnectionPool.SendWithVersionDetectionAndRetryAsync(HttpRequestMessage request, Boolean async, Boolean doRequestAuth, CancellationToken cancellationToken)
   at System.Net.Http.RedirectHandler.SendAsync(HttpRequestMessage request, Boolean async, CancellationToken cancellationToken)
   at System.Net.Http.HttpClient.<SendAsync>g__Core|83_0(HttpRequestMessage request, HttpCompletionOption completionOption, CancellationTokenSource cts, Boolean disposeCts, CancellationTokenSource pendingRequestsCts, CancellationToken originalCancellationToken)
   at PointOfSale.App.Services.ConnectionStatusService.ProbeSingleEndpointAsync(Uri uri, CancellationToken cancellationToken) in C:\Users\Albert Zee\Documents\Projects\Point Of Sale\src\PointOfSale.App\Services\ConnectionStatusService.cs:line 149
2026-07-24 08:22:29.809 +02:00 [WRN] MRA probe HTTP failure for "https://dev-eis-api.mra.mw/api/v1/".
System.Net.Http.HttpRequestException: No such host is known. (dev-eis-api.mra.mw:443)
 ---> System.Net.Sockets.SocketException (11001): No such host is known.
   at System.Net.Sockets.Socket.AwaitableSocketAsyncEventArgs.ThrowException(SocketError error, CancellationToken cancellationToken)
   at System.Net.Sockets.Socket.AwaitableSocketAsyncEventArgs.System.Threading.Tasks.Sources.IValueTaskSource.GetResult(Int16 token)
   at System.Net.Sockets.Socket.<ConnectAsync>g__WaitForConnectWithCancellation|285_0(AwaitableSocketAsyncEventArgs saea, ValueTask connectTask, CancellationToken cancellationToken)
   at System.Net.Http.HttpConnectionPool.ConnectToTcpHostAsync(String host, Int32 port, HttpRequestMessage initialRequest, Boolean async, CancellationToken cancellationToken)
   --- End of inner exception stack trace ---
   at System.Net.Http.HttpConnectionPool.ConnectToTcpHostAsync(String host, Int32 port, HttpRequestMessage initialRequest, Boolean async, CancellationToken cancellationToken)
   at System.Net.Http.HttpConnectionPool.ConnectAsync(HttpRequestMessage request, Boolean async, CancellationToken cancellationToken)
   at System.Net.Http.HttpConnectionPool.CreateHttp11ConnectionAsync(HttpRequestMessage request, Boolean async, CancellationToken cancellationToken)
   at System.Net.Http.HttpConnectionPool.AddHttp11ConnectionAsync(QueueItem queueItem)
   at System.Threading.Tasks.TaskCompletionSourceWithCancellation`1.WaitWithCancellationAsync(CancellationToken cancellationToken)
   at System.Net.Http.HttpConnectionPool.SendWithVersionDetectionAndRetryAsync(HttpRequestMessage request, Boolean async, Boolean doRequestAuth, CancellationToken cancellationToken)
   at System.Net.Http.RedirectHandler.SendAsync(HttpRequestMessage request, Boolean async, CancellationToken cancellationToken)
   at System.Net.Http.HttpClient.<SendAsync>g__Core|83_0(HttpRequestMessage request, HttpCompletionOption completionOption, CancellationTokenSource cts, Boolean disposeCts, CancellationTokenSource pendingRequestsCts, CancellationToken originalCancellationToken)
   at PointOfSale.App.Services.ConnectionStatusService.ProbeSingleEndpointAsync(Uri uri, CancellationToken cancellationToken) in C:\Users\Albert Zee\Documents\Projects\Point Of Sale\src\PointOfSale.App\Services\ConnectionStatusService.cs:line 149
2026-07-24 08:22:29.812 +02:00 [WRN] MRA probe HTTP failure for "https://dev-eis-api.mra.mw/".
System.Net.Http.HttpRequestException: No such host is known. (dev-eis-api.mra.mw:443)
 ---> System.Net.Sockets.SocketException (11001): No such host is known.
   at System.Net.Sockets.Socket.AwaitableSocketAsyncEventArgs.ThrowException(SocketError error, CancellationToken cancellationToken)
   at System.Net.Sockets.Socket.AwaitableSocketAsyncEventArgs.System.Threading.Tasks.Sources.IValueTaskSource.GetResult(Int16 token)
   at System.Net.Sockets.Socket.<ConnectAsync>g__WaitForConnectWithCancellation|285_0(AwaitableSocketAsyncEventArgs saea, ValueTask connectTask, CancellationToken cancellationToken)
   at System.Net.Http.HttpConnectionPool.ConnectToTcpHostAsync(String host, Int32 port, HttpRequestMessage initialRequest, Boolean async, CancellationToken cancellationToken)
   --- End of inner exception stack trace ---
   at System.Net.Http.HttpConnectionPool.ConnectToTcpHostAsync(String host, Int32 port, HttpRequestMessage initialRequest, Boolean async, CancellationToken cancellationToken)
   at System.Net.Http.HttpConnectionPool.ConnectAsync(HttpRequestMessage request, Boolean async, CancellationToken cancellationToken)
   at System.Net.Http.HttpConnectionPool.CreateHttp11ConnectionAsync(HttpRequestMessage request, Boolean async, CancellationToken cancellationToken)
   at System.Net.Http.HttpConnectionPool.AddHttp11ConnectionAsync(QueueItem queueItem)
   at System.Threading.Tasks.TaskCompletionSourceWithCancellation`1.WaitWithCancellationAsync(CancellationToken cancellationToken)
   at System.Net.Http.HttpConnectionPool.SendWithVersionDetectionAndRetryAsync(HttpRequestMessage request, Boolean async, Boolean doRequestAuth, CancellationToken cancellationToken)
   at System.Net.Http.RedirectHandler.SendAsync(HttpRequestMessage request, Boolean async, CancellationToken cancellationToken)
   at System.Net.Http.HttpClient.<SendAsync>g__Core|83_0(HttpRequestMessage request, HttpCompletionOption completionOption, CancellationTokenSource cts, Boolean disposeCts, CancellationTokenSource pendingRequestsCts, CancellationToken originalCancellationToken)
   at PointOfSale.App.Services.ConnectionStatusService.ProbeSingleEndpointAsync(Uri uri, CancellationToken cancellationToken) in C:\Users\Albert Zee\Documents\Projects\Point Of Sale\src\PointOfSale.App\Services\ConnectionStatusService.cs:line 149
2026-07-24 08:22:37.361 +02:00 [INF] Inventory alert scan complete: 8 products, low=0, stockout=0, overstock=0, fast=0.
2026-07-24 08:22:52.545 +02:00 [INF] ART Diagnostic DatabaseLatency SqlExpress 0 null: Performance profile sample (FPS 0.0)
2026-07-24 08:22:58.183 +02:00 [INF] ART Diagnostic WorkerHeartbeat HealthCheckWorker null null: Heartbeat
2026-07-24 08:22:58.189 +02:00 [INF] ART Diagnostic DatabaseLatency SqlExpress 1 null: SQL round-trip 1 ms
2026-07-24 08:22:58.235 +02:00 [INF] ART Diagnostic DatabaseLatency SqlExpress 0 null: SQL round-trip 0 ms
2026-07-24 08:22:59.997 +02:00 [INF] ART Diagnostic MraConnectivity MraEis 1802 404: MRA reachable (404) in 1802 ms.
2026-07-24 08:23:00.352 +02:00 [INF] ART Diagnostic HealthCheck HealthCheckWorker 1 null: All subsystems healthy (SQL 1 ms, disk 49.32 GB free).
2026-07-24 08:23:03.275 +02:00 [INF] ART Diagnostic MraConnectivity MraEis 4936 404: MRA reachable (404) in 4936 ms.
2026-07-24 08:23:03.689 +02:00 [INF] ART Diagnostic HealthCheck HealthCheckWorker 0 null: All subsystems healthy (SQL 0 ms, disk 49.32 GB free).
2026-07-24 08:23:04.173 +02:00 [INF] ART Diagnostic WorkerHeartbeat SystemHealthMonitorService null null: All monitored subsystems healthy.
2026-07-24 08:23:22.572 +02:00 [INF] ART Diagnostic DatabaseLatency SqlExpress 0 null: Performance profile sample (FPS 0.0)
2026-07-24 08:23:37.375 +02:00 [INF] Inventory alert scan complete: 8 products, low=0, stockout=0, overstock=0, fast=0.
2026-07-24 08:23:45.408 +02:00 [INF] ART Diagnostic WorkerHeartbeat HealthCheckWorker null null: Heartbeat
2026-07-24 08:23:45.431 +02:00 [INF] ART Diagnostic DatabaseLatency SqlExpress 0 null: SQL round-trip 0 ms
2026-07-24 08:23:46.570 +02:00 [INF] ART Diagnostic MraConnectivity MraEis 1135 404: MRA reachable (404) in 1135 ms.
2026-07-24 08:23:46.883 +02:00 [INF] ART Diagnostic HealthCheck HealthCheckWorker 0 null: All subsystems healthy (SQL 0 ms, disk 49.32 GB free).
2026-07-24 08:23:49.185 +02:00 [INF] ART Diagnostic DatabaseLatency SqlExpress 1 null: SQL round-trip 1 ms
2026-07-24 08:23:49.620 +02:00 [INF] ART Diagnostic MraConnectivity MraEis 288 404: MRA reachable (404) in 288 ms.
2026-07-24 08:23:49.921 +02:00 [INF] ART Diagnostic HealthCheck HealthCheckWorker 1 null: All subsystems healthy (SQL 1 ms, disk 49.32 GB free).
2026-07-24 08:23:50.293 +02:00 [INF] ART Diagnostic WorkerHeartbeat SystemHealthMonitorService null null: All monitored subsystems healthy.
2026-07-24 08:24:12.647 +02:00 [INF] ART Diagnostic DatabaseLatency SqlExpress 1 null: Performance profile sample (FPS 0.0)
2026-07-24 08:24:32.058 +02:00 [INF] ART Diagnostic WorkerHeartbeat HealthCheckWorker null null: Heartbeat
2026-07-24 08:24:32.065 +02:00 [INF] ART Diagnostic DatabaseLatency SqlExpress 0 null: SQL round-trip 0 ms
2026-07-24 08:24:32.404 +02:00 [INF] ART Diagnostic MraConnectivity MraEis 336 404: MRA reachable (404) in 336 ms.
2026-07-24 08:24:32.743 +02:00 [INF] ART Diagnostic HealthCheck HealthCheckWorker 0 null: All subsystems healthy (SQL 0 ms, disk 49.32 GB free).
2026-07-24 08:24:35.392 +02:00 [INF] ART Diagnostic DatabaseLatency SqlExpress 1 null: SQL round-trip 1 ms
2026-07-24 08:24:35.651 +02:00 [INF] ART Diagnostic MraConnectivity MraEis 254 404: MRA reachable (404) in 254 ms.
2026-07-24 08:24:35.948 +02:00 [INF] ART Diagnostic HealthCheck HealthCheckWorker 1 null: All subsystems healthy (SQL 1 ms, disk 49.32 GB free).
2026-07-24 08:24:36.333 +02:00 [INF] ART Diagnostic WorkerHeartbeat SystemHealthMonitorService null null: All monitored subsystems healthy.
2026-07-24 08:24:37.465 +02:00 [INF] Inventory alert scan complete: 8 products, low=0, stockout=0, overstock=0, fast=0.
2026-07-24 08:24:42.748 +02:00 [INF] ART Diagnostic DatabaseLatency SqlExpress 0 null: Performance profile sample (FPS 0.0)
2026-07-24 08:24:59.450 +02:00 [INF] MRA EIS POST "https://dev-eis-api.mra.mw/api/v1/sales/submit-sales-transaction"
2026-07-24 08:25:00.086 +02:00 [ERR] MRA EIS transport failure for "https://dev-eis-api.mra.mw/api/v1/sales/submit-sales-transaction": MRA EIS request failed for https://dev-eis-api.mra.mw/api/v1/sales/submit-sales-transaction: ObjectDisposedException: Cannot access a disposed object.
Object name: 'System.Net.Http.StringContent'.
System.Net.Http.HttpRequestException: An error occurred while sending the request.
 ---> System.ObjectDisposedException: Cannot access a disposed object.
Object name: 'System.Net.Http.StringContent'.
   at System.Net.Http.HttpContent.CopyToAsync(Stream stream, TransportContext context, CancellationToken cancellationToken)
   at System.Net.Http.HttpConnection.SendRequestContentAsync(HttpRequestMessage request, HttpContentWriteStream stream, Boolean async, CancellationToken cancellationToken)
   at System.Net.Http.HttpConnection.SendAsync(HttpRequestMessage request, Boolean async, CancellationToken cancellationToken)
   --- End of inner exception stack trace ---
   at System.Net.Http.HttpConnection.SendAsync(HttpRequestMessage request, Boolean async, CancellationToken cancellationToken)
   at System.Net.Http.HttpConnectionPool.SendWithVersionDetectionAndRetryAsync(HttpRequestMessage request, Boolean async, Boolean doRequestAuth, CancellationToken cancellationToken)
   at System.Net.Http.RedirectHandler.SendAsync(HttpRequestMessage request, Boolean async, CancellationToken cancellationToken)
   at Microsoft.Extensions.Http.Logging.LoggingHttpMessageHandler.<SendCoreAsync>g__Core|5_0(HttpRequestMessage request, Boolean useAsync, CancellationToken cancellationToken)
   at Microsoft.Extensions.Http.Logging.LoggingScopeHttpMessageHandler.<SendCoreAsync>g__Core|5_0(HttpRequestMessage request, Boolean useAsync, CancellationToken cancellationToken)
   at System.Net.Http.HttpClient.<SendAsync>g__Core|83_0(HttpRequestMessage request, HttpCompletionOption completionOption, CancellationTokenSource cts, Boolean disposeCts, CancellationTokenSource pendingRequestsCts, CancellationToken originalCancellationToken)
   at PointOfSale.Infrastructure.Services.MraApiClient.SendAsync[TResponse](HttpRequestMessage request, String auditRequestBody, CancellationToken cancellationToken) in C:\Users\Albert Zee\Documents\Projects\Point Of Sale\src\PointOfSale.Infrastructure\Services\MraApiClient.cs:line 127
2026-07-24 08:25:00.204 +02:00 [INF] MRA POST /api/v1/sales/submit-sales-transaction status=null success=false durationMs=625
2026-07-24 08:25:12.855 +02:00 [INF] ART Diagnostic DatabaseLatency SqlExpress 1 null: Performance profile sample (FPS 0.0)
2026-07-24 08:25:17.815 +02:00 [INF] ART Diagnostic WorkerHeartbeat HealthCheckWorker null null: Heartbeat
2026-07-24 08:25:17.819 +02:00 [INF] ART Diagnostic DatabaseLatency SqlExpress 0 null: SQL round-trip 0 ms
2026-07-24 08:25:18.122 +02:00 [INF] ART Diagnostic MraConnectivity MraEis 284 404: MRA reachable (404) in 284 ms.
2026-07-24 08:25:18.421 +02:00 [INF] ART Diagnostic HealthCheck HealthCheckWorker 0 null: All subsystems healthy (SQL 0 ms, disk 49.32 GB free).
2026-07-24 08:25:21.331 +02:00 [INF] ART Diagnostic DatabaseLatency SqlExpress 0 null: SQL round-trip 0 ms
2026-07-24 08:25:22.377 +02:00 [INF] ART Diagnostic MraConnectivity MraEis 1043 404: MRA reachable (404) in 1043 ms.
2026-07-24 08:25:22.694 +02:00 [INF] ART Diagnostic HealthCheck HealthCheckWorker 0 null: All subsystems healthy (SQL 0 ms, disk 49.32 GB free).
2026-07-24 08:25:23.084 +02:00 [INF] ART Diagnostic WorkerHeartbeat SystemHealthMonitorService null null: All monitored subsystems healthy.
2026-07-24 08:25:37.506 +02:00 [INF] Inventory alert scan complete: 8 products, low=0, stockout=0, overstock=0, fast=0.
2026-07-24 08:25:42.886 +02:00 [INF] ART Diagnostic DatabaseLatency SqlExpress 1 null: Performance profile sample (FPS 0.0)
2026-07-24 08:26:03.572 +02:00 [INF] ART Diagnostic WorkerHeartbeat HealthCheckWorker null null: Heartbeat
2026-07-24 08:26:03.631 +02:00 [INF] ART Diagnostic DatabaseLatency SqlExpress 0 null: SQL round-trip 0 ms
2026-07-24 08:26:04.709 +02:00 [INF] ART Diagnostic MraConnectivity MraEis 1074 404: MRA reachable (404) in 1074 ms.
2026-07-24 08:26:05.096 +02:00 [INF] ART Diagnostic HealthCheck HealthCheckWorker 0 null: All subsystems healthy (SQL 0 ms, disk 49.32 GB free).
2026-07-24 08:26:08.086 +02:00 [INF] ART Diagnostic DatabaseLatency SqlExpress 1 null: SQL round-trip 1 ms
2026-07-24 08:26:08.346 +02:00 [INF] ART Diagnostic MraConnectivity MraEis 253 404: MRA reachable (404) in 253 ms.
2026-07-24 08:26:08.651 +02:00 [INF] ART Diagnostic HealthCheck HealthCheckWorker 1 null: All subsystems healthy (SQL 1 ms, disk 49.32 GB free).
2026-07-24 08:26:09.015 +02:00 [INF] ART Diagnostic WorkerHeartbeat SystemHealthMonitorService null null: All monitored subsystems healthy.
2026-07-24 08:26:13.008 +02:00 [INF] ART Diagnostic DatabaseLatency SqlExpress 0 null: Performance profile sample (FPS 0.0)
2026-07-24 08:26:37.580 +02:00 [INF] Inventory alert scan complete: 8 products, low=0, stockout=0, overstock=0, fast=0.
2026-07-24 08:26:43.056 +02:00 [INF] ART Diagnostic DatabaseLatency SqlExpress 1 null: Performance profile sample (FPS 0.0)
2026-07-24 08:26:50.143 +02:00 [INF] ART Diagnostic WorkerHeartbeat HealthCheckWorker null null: Heartbeat
2026-07-24 08:26:50.146 +02:00 [INF] ART Diagnostic DatabaseLatency SqlExpress 0 null: SQL round-trip 0 ms
2026-07-24 08:26:50.449 +02:00 [INF] ART Diagnostic MraConnectivity MraEis 300 404: MRA reachable (404) in 300 ms.
2026-07-24 08:26:50.795 +02:00 [INF] ART Diagnostic HealthCheck HealthCheckWorker 0 null: All subsystems healthy (SQL 0 ms, disk 49.32 GB free).
2026-07-24 08:26:54.009 +02:00 [INF] ART Diagnostic DatabaseLatency SqlExpress 1 null: SQL round-trip 1 ms
2026-07-24 08:26:55.099 +02:00 [INF] ART Diagnostic MraConnectivity MraEis 1075 404: MRA reachable (404) in 1075 ms.
2026-07-24 08:26:55.451 +02:00 [INF] ART Diagnostic HealthCheck HealthCheckWorker 1 null: All subsystems healthy (SQL 1 ms, disk 49.32 GB free).
2026-07-24 08:26:55.830 +02:00 [INF] ART Diagnostic WorkerHeartbeat SystemHealthMonitorService null null: All monitored subsystems healthy.
2026-07-24 08:27:13.184 +02:00 [INF] ART Diagnostic DatabaseLatency SqlExpress 2 null: Performance profile sample (FPS 0.0)
2026-07-24 08:27:35.801 +02:00 [INF] ART Diagnostic WorkerHeartbeat HealthCheckWorker null null: Heartbeat
2026-07-24 08:27:35.811 +02:00 [INF] ART Diagnostic DatabaseLatency SqlExpress 1 null: SQL round-trip 1 ms
2026-07-24 08:27:36.102 +02:00 [INF] ART Diagnostic MraConnectivity MraEis 286 404: MRA reachable (404) in 286 ms.
2026-07-24 08:27:37.656 +02:00 [INF] Inventory alert scan complete: 8 products, low=0, stockout=0, overstock=0, fast=0.
2026-07-24 08:27:40.299 +02:00 [INF] ART Diagnostic HealthCheck HealthCheckWorker 1 null: All subsystems healthy (SQL 1 ms, disk 49.32 GB free).
2026-07-24 08:27:40.837 +02:00 [INF] ART Diagnostic DatabaseLatency SqlExpress 1 null: SQL round-trip 1 ms
2026-07-24 08:27:41.902 +02:00 [INF] ART Diagnostic MraConnectivity MraEis 1060 404: MRA reachable (404) in 1060 ms.
2026-07-24 08:27:42.244 +02:00 [INF] ART Diagnostic HealthCheck HealthCheckWorker 1 null: All subsystems healthy (SQL 1 ms, disk 49.32 GB free).
2026-07-24 08:27:42.610 +02:00 [INF] ART Diagnostic WorkerHeartbeat SystemHealthMonitorService null null: All monitored subsystems healthy.
2026-07-24 08:27:43.246 +02:00 [INF] ART Diagnostic DatabaseLatency SqlExpress 1 null: Performance profile sample (FPS 0.0)
2026-07-24 08:28:13.324 +02:00 [INF] ART Diagnostic DatabaseLatency SqlExpress 1 null: Performance profile sample (FPS 0.0)
2026-07-24 08:28:25.373 +02:00 [INF] ART Diagnostic WorkerHeartbeat HealthCheckWorker null null: Heartbeat
2026-07-24 08:28:25.440 +02:00 [INF] ART Diagnostic DatabaseLatency SqlExpress 0 null: SQL round-trip 0 ms
2026-07-24 08:28:25.821 +02:00 [INF] ART Diagnostic MraConnectivity MraEis 368 404: MRA reachable (404) in 368 ms.
2026-07-24 08:28:26.334 +02:00 [INF] ART Diagnostic HealthCheck HealthCheckWorker 0 null: All subsystems healthy (SQL 0 ms, disk 49.32 GB free).
2026-07-24 08:28:27.607 +02:00 [INF] ART Diagnostic DatabaseLatency SqlExpress 2 null: SQL round-trip 2 ms
2026-07-24 08:28:28.703 +02:00 [INF] ART Diagnostic MraConnectivity MraEis 1089 404: MRA reachable (404) in 1089 ms.
2026-07-24 08:28:29.012 +02:00 [INF] ART Diagnostic HealthCheck HealthCheckWorker 2 null: All subsystems healthy (SQL 2 ms, disk 49.32 GB free).
2026-07-24 08:28:29.383 +02:00 [INF] ART Diagnostic WorkerHeartbeat SystemHealthMonitorService null null: All monitored subsystems healthy.
2026-07-24 08:28:37.685 +02:00 [INF] Inventory alert scan complete: 8 products, low=0, stockout=0, overstock=0, fast=0.
2026-07-24 08:28:43.434 +02:00 [INF] ART Diagnostic DatabaseLatency SqlExpress 1 null: Performance profile sample (FPS 0.0)
2026-07-24 08:29:11.377 +02:00 [INF] ART Diagnostic WorkerHeartbeat HealthCheckWorker null null: Heartbeat
2026-07-24 08:29:11.384 +02:00 [INF] ART Diagnostic DatabaseLatency SqlExpress 0 null: SQL round-trip 0 ms
2026-07-24 08:29:11.663 +02:00 [INF] ART Diagnostic MraConnectivity MraEis 277 404: MRA reachable (404) in 277 ms.
2026-07-24 08:29:12.615 +02:00 [INF] ART Diagnostic HealthCheck HealthCheckWorker 0 null: All subsystems healthy (SQL 0 ms, disk 49.32 GB free).
2026-07-24 08:29:13.468 +02:00 [INF] ART Diagnostic DatabaseLatency SqlExpress 0 null: Performance profile sample (FPS 0.0)
2026-07-24 08:29:14.398 +02:00 [INF] ART Diagnostic DatabaseLatency SqlExpress 1 null: SQL round-trip 1 ms
2026-07-24 08:29:14.655 +02:00 [INF] ART Diagnostic MraConnectivity MraEis 251 404: MRA reachable (404) in 251 ms.
2026-07-24 08:29:15.751 +02:00 [INF] ART Diagnostic HealthCheck HealthCheckWorker 1 null: All subsystems healthy (SQL 1 ms, disk 49.32 GB free).
2026-07-24 08:29:16.164 +02:00 [INF] ART Diagnostic WorkerHeartbeat SystemHealthMonitorService null null: All monitored subsystems healthy.
2026-07-24 08:29:37.757 +02:00 [INF] Inventory alert scan complete: 8 products, low=0, stockout=0, overstock=0, fast=0.
2026-07-24 08:29:43.571 +02:00 [INF] ART Diagnostic DatabaseLatency SqlExpress 0 null: Performance profile sample (FPS 0.0)
2026-07-24 08:29:57.620 +02:00 [INF] ART Diagnostic WorkerHeartbeat HealthCheckWorker null null: Heartbeat
2026-07-24 08:29:57.712 +02:00 [INF] ART Diagnostic DatabaseLatency SqlExpress 0 null: SQL round-trip 0 ms
2026-07-24 08:29:58.006 +02:00 [INF] ART Diagnostic MraConnectivity MraEis 253 404: MRA reachable (404) in 253 ms.
2026-07-24 08:29:58.350 +02:00 [INF] ART Diagnostic HealthCheck HealthCheckWorker 0 null: All subsystems healthy (SQL 0 ms, disk 49.32 GB free).
2026-07-24 08:30:01.165 +02:00 [INF] ART Diagnostic DatabaseLatency SqlExpress 0 null: SQL round-trip 0 ms
2026-07-24 08:30:01.423 +02:00 [INF] ART Diagnostic MraConnectivity MraEis 254 404: MRA reachable (404) in 254 ms.
2026-07-24 08:30:01.743 +02:00 [INF] ART Diagnostic HealthCheck HealthCheckWorker 0 null: All subsystems healthy (SQL 0 ms, disk 49.32 GB free).
2026-07-24 08:30:02.115 +02:00 [INF] ART Diagnostic WorkerHeartbeat SystemHealthMonitorService null null: All monitored subsystems healthy.
2026-07-24 08:30:13.611 +02:00 [INF] ART Diagnostic DatabaseLatency SqlExpress 0 null: Performance profile sample (FPS 0.0)
2026-07-24 08:30:37.798 +02:00 [INF] Inventory alert scan complete: 8 products, low=0, stockout=0, overstock=0, fast=0.
2026-07-24 08:30:43.404 +02:00 [INF] ART Diagnostic WorkerHeartbeat HealthCheckWorker null null: Heartbeat
2026-07-24 08:30:43.416 +02:00 [INF] ART Diagnostic DatabaseLatency SqlExpress 0 null: SQL round-trip 0 ms
2026-07-24 08:30:43.695 +02:00 [INF] ART Diagnostic DatabaseLatency SqlExpress 1 null: Performance profile sample (FPS 0.0)
2026-07-24 08:30:44.555 +02:00 [INF] ART Diagnostic MraConnectivity MraEis 1135 404: MRA reachable (404) in 1135 ms.
2026-07-24 08:30:47.127 +02:00 [INF] ART Diagnostic DatabaseLatency SqlExpress 2 null: SQL round-trip 2 ms
2026-07-24 08:30:47.393 +02:00 [INF] ART Diagnostic MraConnectivity MraEis 256 404: MRA reachable (404) in 256 ms.
2026-07-24 08:30:47.398 +02:00 [INF] ART Diagnostic HealthCheck HealthCheckWorker 2 null: All subsystems healthy (SQL 2 ms, disk 49.32 GB free).
2026-07-24 08:30:47.465 +02:00 [INF] ART Diagnostic WorkerHeartbeat SystemHealthMonitorService null null: All monitored subsystems healthy.
2026-07-24 08:30:48.702 +02:00 [INF] ART Diagnostic HealthCheck HealthCheckWorker 0 null: All subsystems healthy (SQL 0 ms, disk 49.32 GB free).
2026-07-24 08:31:13.733 +02:00 [INF] ART Diagnostic DatabaseLatency SqlExpress 1 null: Performance profile sample (FPS 0.0)
2026-07-24 08:31:32.462 +02:00 [INF] ART Diagnostic DatabaseLatency SqlExpress 1 null: SQL round-trip 1 ms
2026-07-24 08:31:32.764 +02:00 [INF] ART Diagnostic MraConnectivity MraEis 246 404: MRA reachable (404) in 246 ms.
2026-07-24 08:31:33.228 +02:00 [INF] ART Diagnostic HealthCheck HealthCheckWorker 1 null: All subsystems healthy (SQL 1 ms, disk 49.32 GB free).
2026-07-24 08:31:33.710 +02:00 [INF] ART Diagnostic WorkerHeartbeat HealthCheckWorker null null: Heartbeat
2026-07-24 08:31:33.830 +02:00 [INF] ART Diagnostic DatabaseLatency SqlExpress 0 null: SQL round-trip 0 ms
2026-07-24 08:31:34.051 +02:00 [INF] ART Diagnostic WorkerHeartbeat SystemHealthMonitorService null null: All monitored subsystems healthy.
2026-07-24 08:31:34.132 +02:00 [INF] ART Diagnostic MraConnectivity MraEis 261 404: MRA reachable (404) in 261 ms.
2026-07-24 08:31:34.485 +02:00 [INF] ART Diagnostic HealthCheck HealthCheckWorker 0 null: All subsystems healthy (SQL 0 ms, disk 49.32 GB free).
2026-07-24 08:31:37.889 +02:00 [INF] Inventory alert scan complete: 8 products, low=0, stockout=0, overstock=0, fast=0.
2026-07-24 08:31:43.916 +02:00 [INF] ART Diagnostic DatabaseLatency SqlExpress 1 null: Performance profile sample (FPS 0.0)
2026-07-24 08:32:14.009 +02:00 [INF] ART Diagnostic DatabaseLatency SqlExpress 1 null: Performance profile sample (FPS 0.0)
2026-07-24 08:32:19.067 +02:00 [INF] ART Diagnostic DatabaseLatency SqlExpress 0 null: SQL round-trip 0 ms
2026-07-24 08:32:19.504 +02:00 [INF] ART Diagnostic WorkerHeartbeat HealthCheckWorker null null: Heartbeat
2026-07-24 08:32:19.638 +02:00 [INF] ART Diagnostic DatabaseLatency SqlExpress 1 null: SQL round-trip 1 ms
2026-07-24 08:32:20.215 +02:00 [INF] ART Diagnostic MraConnectivity MraEis 1089 404: MRA reachable (404) in 1089 ms.
2026-07-24 08:32:20.429 +02:00 [INF] ART Diagnostic MraConnectivity MraEis 783 404: MRA reachable (404) in 783 ms.
2026-07-24 08:32:20.450 +02:00 [INF] ART Diagnostic HealthCheck HealthCheckWorker 1 null: All subsystems healthy (SQL 1 ms, disk 49.32 GB free).
2026-07-24 08:32:21.354 +02:00 [INF] ART Diagnostic HealthCheck HealthCheckWorker 0 null: All subsystems healthy (SQL 0 ms, disk 49.32 GB free).
2026-07-24 08:32:21.795 +02:00 [INF] ART Diagnostic WorkerHeartbeat SystemHealthMonitorService null null: All monitored subsystems healthy.
2026-07-24 08:32:38.066 +02:00 [INF] Inventory alert scan complete: 8 products, low=0, stockout=0, overstock=0, fast=0.
2026-07-24 08:32:44.123 +02:00 [INF] ART Diagnostic DatabaseLatency SqlExpress 1 null: Performance profile sample (FPS 0.0)
2026-07-24 08:33:05.456 +02:00 [INF] ART Diagnostic WorkerHeartbeat HealthCheckWorker null null: Heartbeat
2026-07-24 08:33:05.461 +02:00 [INF] ART Diagnostic DatabaseLatency SqlExpress 0 null: SQL round-trip 0 ms
2026-07-24 08:33:06.488 +02:00 [INF] ART Diagnostic MraConnectivity MraEis 1023 404: MRA reachable (404) in 1023 ms.
2026-07-24 08:33:06.821 +02:00 [INF] ART Diagnostic HealthCheck HealthCheckWorker 0 null: All subsystems healthy (SQL 0 ms, disk 49.32 GB free).
2026-07-24 08:33:06.995 +02:00 [INF] ART Diagnostic DatabaseLatency SqlExpress 2 null: SQL round-trip 2 ms
2026-07-24 08:33:07.242 +02:00 [INF] ART Diagnostic MraConnectivity MraEis 241 404: MRA reachable (404) in 241 ms.
2026-07-24 08:33:07.545 +02:00 [INF] ART Diagnostic HealthCheck HealthCheckWorker 2 null: All subsystems healthy (SQL 2 ms, disk 49.32 GB free).
2026-07-24 08:33:07.896 +02:00 [INF] ART Diagnostic WorkerHeartbeat SystemHealthMonitorService null null: All monitored subsystems healthy.
2026-07-24 08:33:14.183 +02:00 [INF] ART Diagnostic DatabaseLatency SqlExpress 1 null: Performance profile sample (FPS 0.0)
2026-07-24 08:33:38.075 +02:00 [INF] Inventory alert scan complete: 8 products, low=0, stockout=0, overstock=0, fast=0.
2026-07-24 08:33:51.861 +02:00 [INF] ART Diagnostic WorkerHeartbeat HealthCheckWorker null null: Heartbeat
2026-07-24 08:33:51.903 +02:00 [INF] ART Diagnostic DatabaseLatency SqlExpress 0 null: SQL round-trip 0 ms
2026-07-24 08:33:52.278 +02:00 [INF] ART Diagnostic MraConnectivity MraEis 333 404: MRA reachable (404) in 333 ms.
2026-07-24 08:33:52.606 +02:00 [INF] ART Diagnostic HealthCheck HealthCheckWorker 0 null: All subsystems healthy (SQL 0 ms, disk 49.32 GB free).
2026-07-24 08:33:52.894 +02:00 [INF] ART Diagnostic DatabaseLatency SqlExpress 0 null: SQL round-trip 0 ms
2026-07-24 08:33:53.144 +02:00 [INF] ART Diagnostic MraConnectivity MraEis 246 404: MRA reachable (404) in 246 ms.
2026-07-24 08:33:53.438 +02:00 [INF] ART Diagnostic HealthCheck HealthCheckWorker 0 null: All subsystems healthy (SQL 0 ms, disk 49.32 GB free).
2026-07-24 08:33:53.645 +02:00 [INF] ART Diagnostic DatabaseLatency SqlExpress 0 null: Performance profile sample (FPS 0.0)
2026-07-24 08:33:53.809 +02:00 [INF] ART Diagnostic WorkerHeartbeat SystemHealthMonitorService null null: All monitored subsystems healthy.
2026-07-24 08:34:20.662 +02:00 [INF] Hardware fault-tolerance loop stopped.
2026-07-24 08:59:07.415 +02:00 [INF] SQL Express schema ready (version 32).
2026-07-24 08:59:07.479 +02:00 [WRN] Phase 37 InitialSetup.sql apply skipped after error (schema already bootstrapped in-app).
Microsoft.Data.SqlClient.SqlException (0x80131904): Filtered index 'IX_OfflineInvoiceQueue_PendingFifo' cannot be created on table 'dbo.OfflineInvoiceQueue' because the column 'Status' in the filter expression is compared with a constant of higher data type precedence or of a different collation. Converting a column to the data type of a constant is not supported for filtered indexes. To resolve this error, explicitly convert the constant to the same data type and collation as the column 'Status'.
   at Microsoft.Data.SqlClient.SqlConnection.OnError(SqlException exception, Boolean breakConnection, Action`1 wrapCloseInAction)
   at Microsoft.Data.SqlClient.SqlInternalConnection.OnError(SqlException exception, Boolean breakConnection, Action`1 wrapCloseInAction)
   at Microsoft.Data.SqlClient.TdsParser.ThrowExceptionAndWarning(TdsParserStateObject stateObj, SqlCommand command, Boolean callerHasConnectionLock, Boolean asyncClose)
   at Microsoft.Data.SqlClient.TdsParser.TryRun(RunBehavior runBehavior, SqlCommand cmdHandler, SqlDataReader dataStream, BulkCopySimpleResultSet bulkCopyHandler, TdsParserStateObject stateObj, Boolean& dataReady)
   at Microsoft.Data.SqlClient.SqlCommand.InternalEndExecuteNonQuery(IAsyncResult asyncResult, Boolean isInternal, String endMethod)
   at Microsoft.Data.SqlClient.SqlCommand.EndExecuteNonQueryInternal(IAsyncResult asyncResult)
   at Microsoft.Data.SqlClient.SqlCommand.EndExecuteNonQueryAsync(IAsyncResult asyncResult)
   at Microsoft.Data.SqlClient.SqlCommand.<>c.<InternalExecuteNonQueryAsync>b__193_1(IAsyncResult asyncResult)
   at System.Threading.Tasks.TaskFactory`1.FromAsyncCoreLogic(IAsyncResult iar, Func`2 endFunction, Action`1 endAction, Task`1 promise, Boolean requiresSynchronization)
--- End of stack trace from previous location ---
   at PointOfSale.App.Services.FirstRunBootstrapService.TryApplyInitialSetupScriptAsync(CancellationToken cancellationToken) in C:\Users\Albert Zee\Documents\Projects\Point Of Sale\src\PointOfSale.App\Services\FirstRunBootstrapService.cs:line 402
   at PointOfSale.App.Services.FirstRunBootstrapService.TryApplyInitialSetupScriptAsync(CancellationToken cancellationToken) in C:\Users\Albert Zee\Documents\Projects\Point Of Sale\src\PointOfSale.App\Services\FirstRunBootstrapService.cs:line 402
   at PointOfSale.App.Services.FirstRunBootstrapService.TryApplyInitialSetupScriptAsync(CancellationToken cancellationToken) in C:\Users\Albert Zee\Documents\Projects\Point Of Sale\src\PointOfSale.App\Services\FirstRunBootstrapService.cs:line 405
ClientConnectionId:896654c9-3737-4296-8f77-14f0e7b5b4dc
Error Number:10611,State:1,Class:16
2026-07-24 08:59:07.837 +02:00 [INF] Offline invoice FIFO sync worker started (interval 15s). Auto-print is handled after successful MRA sync.
2026-07-24 08:59:07.901 +02:00 [INF] Hardware fault-tolerance loop started (probe every 20s).
2026-07-24 08:59:07.904 +02:00 [INF] ArchivalCompressionBackgroundService is disabled.
2026-07-24 08:59:07.912 +02:00 [INF] Inventory alert scanner started (interval 60s).
2026-07-24 08:59:07.930 +02:00 [INF] HealthCheckWorker started (interval 45s).
2026-07-24 08:59:07.932 +02:00 [INF] System health monitor started (interval 45s).
2026-07-24 08:59:07.935 +02:00 [INF] PerformanceProfilingBackgroundService started (sample 30s, flush 300s).
2026-07-24 08:59:07.939 +02:00 [INF] DatabaseMaintenanceBackgroundService started (interval 24h).
2026-07-24 08:59:08.000 +02:00 [INF] SQL Express schema ready (version 32).
2026-07-24 08:59:08.007 +02:00 [WRN] Phase 37 InitialSetup.sql apply skipped after error (schema already bootstrapped in-app).
Microsoft.Data.SqlClient.SqlException (0x80131904): Filtered index 'IX_OfflineInvoiceQueue_PendingFifo' cannot be created on table 'dbo.OfflineInvoiceQueue' because the column 'Status' in the filter expression is compared with a constant of higher data type precedence or of a different collation. Converting a column to the data type of a constant is not supported for filtered indexes. To resolve this error, explicitly convert the constant to the same data type and collation as the column 'Status'.
   at Microsoft.Data.SqlClient.SqlConnection.OnError(SqlException exception, Boolean breakConnection, Action`1 wrapCloseInAction)
   at Microsoft.Data.SqlClient.SqlInternalConnection.OnError(SqlException exception, Boolean breakConnection, Action`1 wrapCloseInAction)
   at Microsoft.Data.SqlClient.TdsParser.ThrowExceptionAndWarning(TdsParserStateObject stateObj, SqlCommand command, Boolean callerHasConnectionLock, Boolean asyncClose)
   at Microsoft.Data.SqlClient.TdsParser.TryRun(RunBehavior runBehavior, SqlCommand cmdHandler, SqlDataReader dataStream, BulkCopySimpleResultSet bulkCopyHandler, TdsParserStateObject stateObj, Boolean& dataReady)
   at Microsoft.Data.SqlClient.SqlCommand.InternalEndExecuteNonQuery(IAsyncResult asyncResult, Boolean isInternal, String endMethod)
   at Microsoft.Data.SqlClient.SqlCommand.EndExecuteNonQueryInternal(IAsyncResult asyncResult)
   at Microsoft.Data.SqlClient.SqlCommand.EndExecuteNonQueryAsync(IAsyncResult asyncResult)
   at Microsoft.Data.SqlClient.SqlCommand.<>c.<InternalExecuteNonQueryAsync>b__193_1(IAsyncResult asyncResult)
   at System.Threading.Tasks.TaskFactory`1.FromAsyncCoreLogic(IAsyncResult iar, Func`2 endFunction, Action`1 endAction, Task`1 promise, Boolean requiresSynchronization)
--- End of stack trace from previous location ---
   at PointOfSale.App.Services.FirstRunBootstrapService.TryApplyInitialSetupScriptAsync(CancellationToken cancellationToken) in C:\Users\Albert Zee\Documents\Projects\Point Of Sale\src\PointOfSale.App\Services\FirstRunBootstrapService.cs:line 402
   at PointOfSale.App.Services.FirstRunBootstrapService.TryApplyInitialSetupScriptAsync(CancellationToken cancellationToken) in C:\Users\Albert Zee\Documents\Projects\Point Of Sale\src\PointOfSale.App\Services\FirstRunBootstrapService.cs:line 402
   at PointOfSale.App.Services.FirstRunBootstrapService.TryApplyInitialSetupScriptAsync(CancellationToken cancellationToken) in C:\Users\Albert Zee\Documents\Projects\Point Of Sale\src\PointOfSale.App\Services\FirstRunBootstrapService.cs:line 405
ClientConnectionId:896654c9-3737-4296-8f77-14f0e7b5b4dc
Error Number:10611,State:1,Class:16
2026-07-24 08:59:08.043 +02:00 [INF] Inventory alert scan complete: 8 products, low=0, stockout=0, overstock=0, fast=0.
2026-07-24 08:59:15.979 +02:00 [INF] ART Diagnostic WorkerHeartbeat HealthCheckWorker null null: Heartbeat
2026-07-24 08:59:16.163 +02:00 [INF] ART Diagnostic DatabaseLatency SqlExpress 2 null: SQL round-trip 2 ms
2026-07-24 08:59:17.363 +02:00 [INF] ART Diagnostic MraConnectivity MraEis 1160 404: MRA reachable (404) in 1160 ms.
2026-07-24 08:59:18.594 +02:00 [INF] ART Diagnostic HealthCheck HealthCheckWorker 2 null: All subsystems healthy (SQL 2 ms, disk 49.28 GB free).
2026-07-24 08:59:20.017 +02:00 [INF] ART Diagnostic DatabaseLatency SqlExpress 6 null: SQL round-trip 6 ms
2026-07-24 08:59:20.278 +02:00 [INF] ART Diagnostic DatabaseLatency SqlExpress 7 null: Performance profile sample (FPS 0.0)
2026-07-24 08:59:20.313 +02:00 [INF] ART Diagnostic MraConnectivity MraEis 258 404: MRA reachable (404) in 258 ms.
2026-07-24 08:59:20.759 +02:00 [INF] ART Diagnostic HealthCheck HealthCheckWorker 6 null: All subsystems healthy (SQL 6 ms, disk 49.28 GB free).
2026-07-24 08:59:21.185 +02:00 [INF] ART Diagnostic WorkerHeartbeat SystemHealthMonitorService null null: All monitored subsystems healthy.
2026-07-24 08:59:50.309 +02:00 [INF] ART Diagnostic DatabaseLatency SqlExpress 0 null: Performance profile sample (FPS 0.0)
2026-07-24 09:00:03.896 +02:00 [INF] ART Diagnostic WorkerHeartbeat HealthCheckWorker null null: Heartbeat
2026-07-24 09:00:03.925 +02:00 [INF] ART Diagnostic DatabaseLatency SqlExpress 0 null: SQL round-trip 0 ms
2026-07-24 09:00:05.072 +02:00 [INF] ART Diagnostic MraConnectivity MraEis 1084 404: MRA reachable (404) in 1084 ms.
2026-07-24 09:00:05.592 +02:00 [INF] ART Diagnostic HealthCheck HealthCheckWorker 0 null: All subsystems healthy (SQL 0 ms, disk 49.28 GB free).
2026-07-24 09:00:06.341 +02:00 [INF] ART Diagnostic DatabaseLatency SqlExpress 1 null: SQL round-trip 1 ms
2026-07-24 09:00:06.673 +02:00 [INF] ART Diagnostic MraConnectivity MraEis 309 404: MRA reachable (404) in 309 ms.
2026-07-24 09:00:07.135 +02:00 [INF] ART Diagnostic HealthCheck HealthCheckWorker 1 null: All subsystems healthy (SQL 1 ms, disk 49.28 GB free).
2026-07-24 09:00:07.696 +02:00 [INF] ART Diagnostic WorkerHeartbeat SystemHealthMonitorService null null: All monitored subsystems healthy.
2026-07-24 09:00:08.089 +02:00 [INF] Inventory alert scan complete: 8 products, low=0, stockout=0, overstock=0, fast=0.
2026-07-24 09:00:32.357 +02:00 [INF] ART Diagnostic DatabaseLatency SqlExpress 1 null: Performance profile sample (FPS 0.0)
2026-07-24 09:00:37.786 +02:00 [INF] MRA EIS POST "https://dev-eis-api.mra.mw/api/v1/sales/submit-sales-transaction"
2026-07-24 09:00:38.830 +02:00 [ERR] MRA EIS transport failure for "https://dev-eis-api.mra.mw/api/v1/sales/submit-sales-transaction": MRA EIS request failed for https://dev-eis-api.mra.mw/api/v1/sales/submit-sales-transaction: ObjectDisposedException: Cannot access a disposed object.
Object name: 'System.Net.Http.StringContent'.
System.Net.Http.HttpRequestException: An error occurred while sending the request.
 ---> System.ObjectDisposedException: Cannot access a disposed object.
Object name: 'System.Net.Http.StringContent'.
   at System.Net.Http.HttpContent.CopyToAsync(Stream stream, TransportContext context, CancellationToken cancellationToken)
   at System.Net.Http.HttpConnection.SendRequestContentAsync(HttpRequestMessage request, HttpContentWriteStream stream, Boolean async, CancellationToken cancellationToken)
   at System.Net.Http.HttpConnection.SendAsync(HttpRequestMessage request, Boolean async, CancellationToken cancellationToken)
   --- End of inner exception stack trace ---
   at System.Net.Http.HttpConnection.SendAsync(HttpRequestMessage request, Boolean async, CancellationToken cancellationToken)
   at System.Net.Http.HttpConnectionPool.SendWithVersionDetectionAndRetryAsync(HttpRequestMessage request, Boolean async, Boolean doRequestAuth, CancellationToken cancellationToken)
   at System.Net.Http.RedirectHandler.SendAsync(HttpRequestMessage request, Boolean async, CancellationToken cancellationToken)
   at Microsoft.Extensions.Http.Logging.LoggingHttpMessageHandler.<SendCoreAsync>g__Core|5_0(HttpRequestMessage request, Boolean useAsync, CancellationToken cancellationToken)
   at Microsoft.Extensions.Http.Logging.LoggingScopeHttpMessageHandler.<SendCoreAsync>g__Core|5_0(HttpRequestMessage request, Boolean useAsync, CancellationToken cancellationToken)
   at System.Net.Http.HttpClient.<SendAsync>g__Core|83_0(HttpRequestMessage request, HttpCompletionOption completionOption, CancellationTokenSource cts, Boolean disposeCts, CancellationTokenSource pendingRequestsCts, CancellationToken originalCancellationToken)
   at PointOfSale.Infrastructure.Services.MraApiClient.SendAsync[TResponse](HttpRequestMessage request, String auditRequestBody, CancellationToken cancellationToken) in C:\Users\Albert Zee\Documents\Projects\Point Of Sale\src\PointOfSale.Infrastructure\Services\MraApiClient.cs:line 127
2026-07-24 09:00:38.947 +02:00 [INF] MRA POST /api/v1/sales/submit-sales-transaction status=null success=false durationMs=1031
2026-07-24 09:00:50.826 +02:00 [INF] ART Diagnostic WorkerHeartbeat HealthCheckWorker null null: Heartbeat
2026-07-24 09:00:50.830 +02:00 [INF] ART Diagnostic DatabaseLatency SqlExpress 0 null: SQL round-trip 0 ms
2026-07-24 09:00:51.953 +02:00 [INF] ART Diagnostic MraConnectivity MraEis 1120 404: MRA reachable (404) in 1120 ms.
2026-07-24 09:00:52.261 +02:00 [INF] ART Diagnostic HealthCheck HealthCheckWorker 0 null: All subsystems healthy (SQL 0 ms, disk 49.06 GB free).
2026-07-24 09:00:52.703 +02:00 [INF] ART Diagnostic DatabaseLatency SqlExpress 1 null: SQL round-trip 1 ms
2026-07-24 09:00:52.972 +02:00 [INF] ART Diagnostic MraConnectivity MraEis 263 404: MRA reachable (404) in 263 ms.
2026-07-24 09:00:53.310 +02:00 [INF] ART Diagnostic HealthCheck HealthCheckWorker 1 null: All subsystems healthy (SQL 1 ms, disk 49.06 GB free).
2026-07-24 09:00:53.900 +02:00 [INF] ART Diagnostic WorkerHeartbeat SystemHealthMonitorService null null: All monitored subsystems healthy.
2026-07-24 09:01:02.401 +02:00 [INF] ART Diagnostic DatabaseLatency SqlExpress 0 null: Performance profile sample (FPS 0.0)
2026-07-24 09:01:08.128 +02:00 [INF] Inventory alert scan complete: 8 products, low=0, stockout=0, overstock=0, fast=0.
2026-07-24 09:01:32.427 +02:00 [ERR] Unexpected MRA sync failure for queue id 1006; scheduling retry.
System.InvalidOperationException: This instance has already started one or more requests. Properties can only be modified before sending the first request.
   at System.Net.Http.HttpClient.CheckDisposedOrStarted()
   at System.Net.Http.HttpClient.set_BaseAddress(Uri value)
   at PointOfSale.Infrastructure.Services.MraApiClient.EnsureAbsoluteRequestUri(HttpRequestMessage request) in C:\Users\Albert Zee\Documents\Projects\Point Of Sale\src\PointOfSale.Infrastructure\Services\MraApiClient.cs:line 317
   at PointOfSale.Infrastructure.Services.MraApiClient.SendAsync[TResponse](HttpRequestMessage request, String auditRequestBody, CancellationToken cancellationToken) in C:\Users\Albert Zee\Documents\Projects\Point Of Sale\src\PointOfSale.Infrastructure\Services\MraApiClient.cs:line 119
   at PointOfSale.Infrastructure.Services.SalesTransactionService.PostSignedAsync[TRequest,TResponse](String relativePath, TRequest body, CancellationToken cancellationToken) in C:\Users\Albert Zee\Documents\Projects\Point Of Sale\src\PointOfSale.Infrastructure\Services\SalesTransactionService.cs:line 179
   at PointOfSale.Infrastructure.Services.OfflineSalesQueueService.TrySubmitQueuedAsync(Int32 queueId, SubmitSalesTransactionRequest payload, Int32 currentRetryCount, CancellationToken cancellationToken, Boolean triggerAutoPrintOnSuccess) in C:\Users\Albert Zee\Documents\Projects\Point Of Sale\src\PointOfSale.Infrastructure\Services\OfflineSalesQueueService.cs:line 173
2026-07-24 09:01:32.446 +02:00 [INF] ART Diagnostic DatabaseLatency SqlExpress 1 null: Performance profile sample (FPS 0.0)
2026-07-24 09:01:35.136 +02:00 [ERR] Unexpected MRA sync failure for queue id 1006; scheduling retry.
System.InvalidOperationException: This instance has already started one or more requests. Properties can only be modified before sending the first request.
   at System.Net.Http.HttpClient.CheckDisposedOrStarted()
   at System.Net.Http.HttpClient.set_BaseAddress(Uri value)
   at PointOfSale.Infrastructure.Services.MraApiClient.EnsureAbsoluteRequestUri(HttpRequestMessage request) in C:\Users\Albert Zee\Documents\Projects\Point Of Sale\src\PointOfSale.Infrastructure\Services\MraApiClient.cs:line 317
   at PointOfSale.Infrastructure.Services.MraApiClient.SendAsync[TResponse](HttpRequestMessage request, String auditRequestBody, CancellationToken cancellationToken) in C:\Users\Albert Zee\Documents\Projects\Point Of Sale\src\PointOfSale.Infrastructure\Services\MraApiClient.cs:line 119
   at PointOfSale.Infrastructure.Services.SalesTransactionService.PostSignedAsync[TRequest,TResponse](String relativePath, TRequest body, CancellationToken cancellationToken) in C:\Users\Albert Zee\Documents\Projects\Point Of Sale\src\PointOfSale.Infrastructure\Services\SalesTransactionService.cs:line 179
   at PointOfSale.Infrastructure.Services.OfflineSalesQueueService.TrySubmitQueuedAsync(Int32 queueId, SubmitSalesTransactionRequest payload, Int32 currentRetryCount, CancellationToken cancellationToken, Boolean triggerAutoPrintOnSuccess) in C:\Users\Albert Zee\Documents\Projects\Point Of Sale\src\PointOfSale.Infrastructure\Services\OfflineSalesQueueService.cs:line 173
2026-07-24 09:01:36.169 +02:00 [ERR] Unexpected MRA sync failure for queue id 1006; scheduling retry.
System.InvalidOperationException: This instance has already started one or more requests. Properties can only be modified before sending the first request.
   at System.Net.Http.HttpClient.CheckDisposedOrStarted()
   at System.Net.Http.HttpClient.set_BaseAddress(Uri value)
   at PointOfSale.Infrastructure.Services.MraApiClient.EnsureAbsoluteRequestUri(HttpRequestMessage request) in C:\Users\Albert Zee\Documents\Projects\Point Of Sale\src\PointOfSale.Infrastructure\Services\MraApiClient.cs:line 317
   at PointOfSale.Infrastructure.Services.MraApiClient.SendAsync[TResponse](HttpRequestMessage request, String auditRequestBody, CancellationToken cancellationToken) in C:\Users\Albert Zee\Documents\Projects\Point Of Sale\src\PointOfSale.Infrastructure\Services\MraApiClient.cs:line 119
   at PointOfSale.Infrastructure.Services.SalesTransactionService.PostSignedAsync[TRequest,TResponse](String relativePath, TRequest body, CancellationToken cancellationToken) in C:\Users\Albert Zee\Documents\Projects\Point Of Sale\src\PointOfSale.Infrastructure\Services\SalesTransactionService.cs:line 179
   at PointOfSale.Infrastructure.Services.OfflineSalesQueueService.TrySubmitQueuedAsync(Int32 queueId, SubmitSalesTransactionRequest payload, Int32 currentRetryCount, CancellationToken cancellationToken, Boolean triggerAutoPrintOnSuccess) in C:\Users\Albert Zee\Documents\Projects\Point Of Sale\src\PointOfSale.Infrastructure\Services\OfflineSalesQueueService.cs:line 173
2026-07-24 09:01:37.334 +02:00 [INF] ART Diagnostic WorkerHeartbeat HealthCheckWorker null null: Heartbeat
2026-07-24 09:01:37.343 +02:00 [INF] ART Diagnostic DatabaseLatency SqlExpress 0 null: SQL round-trip 0 ms
2026-07-24 09:01:37.533 +02:00 [ERR] Unexpected MRA sync failure for queue id 1005; scheduling retry.
System.InvalidOperationException: This instance has already started one or more requests. Properties can only be modified before sending the first request.
   at System.Net.Http.HttpClient.CheckDisposedOrStarted()
   at System.Net.Http.HttpClient.set_BaseAddress(Uri value)
   at PointOfSale.Infrastructure.Services.MraApiClient.EnsureAbsoluteRequestUri(HttpRequestMessage request) in C:\Users\Albert Zee\Documents\Projects\Point Of Sale\src\PointOfSale.Infrastructure\Services\MraApiClient.cs:line 317
   at PointOfSale.Infrastructure.Services.MraApiClient.SendAsync[TResponse](HttpRequestMessage request, String auditRequestBody, CancellationToken cancellationToken) in C:\Users\Albert Zee\Documents\Projects\Point Of Sale\src\PointOfSale.Infrastructure\Services\MraApiClient.cs:line 119
   at PointOfSale.Infrastructure.Services.SalesTransactionService.PostSignedAsync[TRequest,TResponse](String relativePath, TRequest body, CancellationToken cancellationToken) in C:\Users\Albert Zee\Documents\Projects\Point Of Sale\src\PointOfSale.Infrastructure\Services\SalesTransactionService.cs:line 179
   at PointOfSale.Infrastructure.Services.OfflineSalesQueueService.TrySubmitQueuedAsync(Int32 queueId, SubmitSalesTransactionRequest payload, Int32 currentRetryCount, CancellationToken cancellationToken, Boolean triggerAutoPrintOnSuccess) in C:\Users\Albert Zee\Documents\Projects\Point Of Sale\src\PointOfSale.Infrastructure\Services\OfflineSalesQueueService.cs:line 173
2026-07-24 09:01:38.345 +02:00 [INF] ART Diagnostic MraConnectivity MraEis 999 404: MRA reachable (404) in 999 ms.
2026-07-24 09:01:38.907 +02:00 [INF] ART Diagnostic DatabaseLatency SqlExpress 0 null: SQL round-trip 0 ms
2026-07-24 09:01:39.181 +02:00 [INF] ART Diagnostic MraConnectivity MraEis 270 404: MRA reachable (404) in 270 ms.
2026-07-24 09:01:39.187 +02:00 [INF] ART Diagnostic HealthCheck HealthCheckWorker 0 null: All subsystems healthy (SQL 0 ms, disk 49.05 GB free).
2026-07-24 09:01:39.275 +02:00 [INF] ART Diagnostic WorkerHeartbeat SystemHealthMonitorService null null: All monitored subsystems healthy.
2026-07-24 09:01:39.509 +02:00 [INF] ART Diagnostic HealthCheck HealthCheckWorker 0 null: All subsystems healthy (SQL 0 ms, disk 49.05 GB free).
2026-07-24 09:01:40.714 +02:00 [ERR] Unexpected MRA sync failure for queue id 1006; scheduling retry.
System.InvalidOperationException: This instance has already started one or more requests. Properties can only be modified before sending the first request.
   at System.Net.Http.HttpClient.CheckDisposedOrStarted()
   at System.Net.Http.HttpClient.set_BaseAddress(Uri value)
   at PointOfSale.Infrastructure.Services.MraApiClient.EnsureAbsoluteRequestUri(HttpRequestMessage request) in C:\Users\Albert Zee\Documents\Projects\Point Of Sale\src\PointOfSale.Infrastructure\Services\MraApiClient.cs:line 317
   at PointOfSale.Infrastructure.Services.MraApiClient.SendAsync[TResponse](HttpRequestMessage request, String auditRequestBody, CancellationToken cancellationToken) in C:\Users\Albert Zee\Documents\Projects\Point Of Sale\src\PointOfSale.Infrastructure\Services\MraApiClient.cs:line 119
   at PointOfSale.Infrastructure.Services.SalesTransactionService.PostSignedAsync[TRequest,TResponse](String relativePath, TRequest body, CancellationToken cancellationToken) in C:\Users\Albert Zee\Documents\Projects\Point Of Sale\src\PointOfSale.Infrastructure\Services\SalesTransactionService.cs:line 179
   at PointOfSale.Infrastructure.Services.OfflineSalesQueueService.TrySubmitQueuedAsync(Int32 queueId, SubmitSalesTransactionRequest payload, Int32 currentRetryCount, CancellationToken cancellationToken, Boolean triggerAutoPrintOnSuccess) in C:\Users\Albert Zee\Documents\Projects\Point Of Sale\src\PointOfSale.Infrastructure\Services\OfflineSalesQueueService.cs:line 173
2026-07-24 09:01:41.774 +02:00 [ERR] Unexpected MRA sync failure for queue id 1006; scheduling retry.
System.InvalidOperationException: This instance has already started one or more requests. Properties can only be modified before sending the first request.
   at System.Net.Http.HttpClient.CheckDisposedOrStarted()
   at System.Net.Http.HttpClient.set_BaseAddress(Uri value)
   at PointOfSale.Infrastructure.Services.MraApiClient.EnsureAbsoluteRequestUri(HttpRequestMessage request) in C:\Users\Albert Zee\Documents\Projects\Point Of Sale\src\PointOfSale.Infrastructure\Services\MraApiClient.cs:line 317
   at PointOfSale.Infrastructure.Services.MraApiClient.SendAsync[TResponse](HttpRequestMessage request, String auditRequestBody, CancellationToken cancellationToken) in C:\Users\Albert Zee\Documents\Projects\Point Of Sale\src\PointOfSale.Infrastructure\Services\MraApiClient.cs:line 119
   at PointOfSale.Infrastructure.Services.SalesTransactionService.PostSignedAsync[TRequest,TResponse](String relativePath, TRequest body, CancellationToken cancellationToken) in C:\Users\Albert Zee\Documents\Projects\Point Of Sale\src\PointOfSale.Infrastructure\Services\SalesTransactionService.cs:line 179
   at PointOfSale.Infrastructure.Services.OfflineSalesQueueService.TrySubmitQueuedAsync(Int32 queueId, SubmitSalesTransactionRequest payload, Int32 currentRetryCount, CancellationToken cancellationToken, Boolean triggerAutoPrintOnSuccess) in C:\Users\Albert Zee\Documents\Projects\Point Of Sale\src\PointOfSale.Infrastructure\Services\OfflineSalesQueueService.cs:line 173
2026-07-24 09:01:43.166 +02:00 [ERR] Unexpected MRA sync failure for queue id 1006; scheduling retry.
System.InvalidOperationException: This instance has already started one or more requests. Properties can only be modified before sending the first request.
   at System.Net.Http.HttpClient.CheckDisposedOrStarted()
   at System.Net.Http.HttpClient.set_BaseAddress(Uri value)
   at PointOfSale.Infrastructure.Services.MraApiClient.EnsureAbsoluteRequestUri(HttpRequestMessage request) in C:\Users\Albert Zee\Documents\Projects\Point Of Sale\src\PointOfSale.Infrastructure\Services\MraApiClient.cs:line 317
   at PointOfSale.Infrastructure.Services.MraApiClient.SendAsync[TResponse](HttpRequestMessage request, String auditRequestBody, CancellationToken cancellationToken) in C:\Users\Albert Zee\Documents\Projects\Point Of Sale\src\PointOfSale.Infrastructure\Services\MraApiClient.cs:line 119
   at PointOfSale.Infrastructure.Services.SalesTransactionService.PostSignedAsync[TRequest,TResponse](String relativePath, TRequest body, CancellationToken cancellationToken) in C:\Users\Albert Zee\Documents\Projects\Point Of Sale\src\PointOfSale.Infrastructure\Services\SalesTransactionService.cs:line 179
   at PointOfSale.Infrastructure.Services.OfflineSalesQueueService.TrySubmitQueuedAsync(Int32 queueId, SubmitSalesTransactionRequest payload, Int32 currentRetryCount, CancellationToken cancellationToken, Boolean triggerAutoPrintOnSuccess) in C:\Users\Albert Zee\Documents\Projects\Point Of Sale\src\PointOfSale.Infrastructure\Services\OfflineSalesQueueService.cs:line 173
2026-07-24 09:01:51.980 +02:00 [ERR] Unexpected MRA sync failure for queue id 1005; scheduling retry.
System.InvalidOperationException: This instance has already started one or more requests. Properties can only be modified before sending the first request.
   at System.Net.Http.HttpClient.CheckDisposedOrStarted()
   at System.Net.Http.HttpClient.set_BaseAddress(Uri value)
   at PointOfSale.Infrastructure.Services.MraApiClient.EnsureAbsoluteRequestUri(HttpRequestMessage request) in C:\Users\Albert Zee\Documents\Projects\Point Of Sale\src\PointOfSale.Infrastructure\Services\MraApiClient.cs:line 317
   at PointOfSale.Infrastructure.Services.MraApiClient.SendAsync[TResponse](HttpRequestMessage request, String auditRequestBody, CancellationToken cancellationToken) in C:\Users\Albert Zee\Documents\Projects\Point Of Sale\src\PointOfSale.Infrastructure\Services\MraApiClient.cs:line 119
   at PointOfSale.Infrastructure.Services.SalesTransactionService.PostSignedAsync[TRequest,TResponse](String relativePath, TRequest body, CancellationToken cancellationToken) in C:\Users\Albert Zee\Documents\Projects\Point Of Sale\src\PointOfSale.Infrastructure\Services\SalesTransactionService.cs:line 179
   at PointOfSale.Infrastructure.Services.OfflineSalesQueueService.TrySubmitQueuedAsync(Int32 queueId, SubmitSalesTransactionRequest payload, Int32 currentRetryCount, CancellationToken cancellationToken, Boolean triggerAutoPrintOnSuccess) in C:\Users\Albert Zee\Documents\Projects\Point Of Sale\src\PointOfSale.Infrastructure\Services\OfflineSalesQueueService.cs:line 173
2026-07-24 09:01:53.440 +02:00 [ERR] Unexpected MRA sync failure for queue id 1005; scheduling retry.
System.InvalidOperationException: This instance has already started one or more requests. Properties can only be modified before sending the first request.
   at System.Net.Http.HttpClient.CheckDisposedOrStarted()
   at System.Net.Http.HttpClient.set_BaseAddress(Uri value)
   at PointOfSale.Infrastructure.Services.MraApiClient.EnsureAbsoluteRequestUri(HttpRequestMessage request) in C:\Users\Albert Zee\Documents\Projects\Point Of Sale\src\PointOfSale.Infrastructure\Services\MraApiClient.cs:line 317
   at PointOfSale.Infrastructure.Services.MraApiClient.SendAsync[TResponse](HttpRequestMessage request, String auditRequestBody, CancellationToken cancellationToken) in C:\Users\Albert Zee\Documents\Projects\Point Of Sale\src\PointOfSale.Infrastructure\Services\MraApiClient.cs:line 119
   at PointOfSale.Infrastructure.Services.SalesTransactionService.PostSignedAsync[TRequest,TResponse](String relativePath, TRequest body, CancellationToken cancellationToken) in C:\Users\Albert Zee\Documents\Projects\Point Of Sale\src\PointOfSale.Infrastructure\Services\SalesTransactionService.cs:line 179
   at PointOfSale.Infrastructure.Services.OfflineSalesQueueService.TrySubmitQueuedAsync(Int32 queueId, SubmitSalesTransactionRequest payload, Int32 currentRetryCount, CancellationToken cancellationToken, Boolean triggerAutoPrintOnSuccess) in C:\Users\Albert Zee\Documents\Projects\Point Of Sale\src\PointOfSale.Infrastructure\Services\OfflineSalesQueueService.cs:line 173
2026-07-24 09:02:02.512 +02:00 [INF] ART Diagnostic DatabaseLatency SqlExpress 1 null: Performance profile sample (FPS 0.0)
2026-07-24 09:02:08.169 +02:00 [INF] Inventory alert scan complete: 8 products, low=0, stockout=0, overstock=0, fast=0.
2026-07-24 09:02:24.283 +02:00 [INF] ART Diagnostic DatabaseLatency SqlExpress 1 null: SQL round-trip 1 ms
2026-07-24 09:02:24.532 +02:00 [INF] ART Diagnostic WorkerHeartbeat HealthCheckWorker null null: Heartbeat
2026-07-24 09:02:24.600 +02:00 [INF] ART Diagnostic DatabaseLatency SqlExpress 0 null: SQL round-trip 0 ms
2026-07-24 09:02:25.307 +02:00 [INF] ART Diagnostic MraConnectivity MraEis 1002 404: MRA reachable (404) in 1002 ms.
2026-07-24 09:02:26.223 +02:00 [INF] ART Diagnostic MraConnectivity MraEis 1620 404: MRA reachable (404) in 1620 ms.
2026-07-24 09:02:26.228 +02:00 [INF] ART Diagnostic HealthCheck HealthCheckWorker 0 null: All subsystems healthy (SQL 0 ms, disk 49.05 GB free).
2026-07-24 09:02:26.630 +02:00 [INF] ART Diagnostic HealthCheck HealthCheckWorker 1 null: All subsystems healthy (SQL 1 ms, disk 49.05 GB free).
2026-07-24 09:02:26.984 +02:00 [INF] ART Diagnostic WorkerHeartbeat SystemHealthMonitorService null null: All monitored subsystems healthy.
2026-07-24 09:02:42.571 +02:00 [INF] ART Diagnostic DatabaseLatency SqlExpress 0 null: Performance profile sample (FPS 0.0)
2026-07-24 09:03:08.197 +02:00 [INF] Inventory alert scan complete: 8 products, low=0, stockout=0, overstock=0, fast=0.
2026-07-24 09:03:11.244 +02:00 [INF] ART Diagnostic WorkerHeartbeat HealthCheckWorker null null: Heartbeat
2026-07-24 09:03:11.255 +02:00 [INF] ART Diagnostic DatabaseLatency SqlExpress 1 null: SQL round-trip 1 ms
2026-07-24 09:03:11.519 +02:00 [INF] ART Diagnostic MraConnectivity MraEis 258 404: MRA reachable (404) in 258 ms.
2026-07-24 09:03:11.841 +02:00 [INF] ART Diagnostic HealthCheck HealthCheckWorker 1 null: All subsystems healthy (SQL 1 ms, disk 49.06 GB free).
2026-07-24 09:03:11.995 +02:00 [INF] ART Diagnostic DatabaseLatency SqlExpress 0 null: SQL round-trip 0 ms
2026-07-24 09:03:12.316 +02:00 [INF] ART Diagnostic MraConnectivity MraEis 285 404: MRA reachable (404) in 285 ms.
2026-07-24 09:03:12.638 +02:00 [INF] ART Diagnostic DatabaseLatency SqlExpress 1 null: Performance profile sample (FPS 0.0)
2026-07-24 09:03:12.649 +02:00 [INF] ART Diagnostic HealthCheck HealthCheckWorker 0 null: All subsystems healthy (SQL 0 ms, disk 49.06 GB free).
2026-07-24 09:03:13.011 +02:00 [INF] ART Diagnostic WorkerHeartbeat SystemHealthMonitorService null null: All monitored subsystems healthy.
2026-07-24 09:03:52.662 +02:00 [INF] ART Diagnostic DatabaseLatency SqlExpress 0 null: Performance profile sample (FPS 0.0)
2026-07-24 09:03:56.840 +02:00 [INF] ART Diagnostic WorkerHeartbeat HealthCheckWorker null null: Heartbeat
2026-07-24 09:03:56.847 +02:00 [INF] ART Diagnostic DatabaseLatency SqlExpress 0 null: SQL round-trip 0 ms
2026-07-24 09:03:57.123 +02:00 [INF] ART Diagnostic MraConnectivity MraEis 272 404: MRA reachable (404) in 272 ms.
2026-07-24 09:03:58.012 +02:00 [INF] ART Diagnostic DatabaseLatency SqlExpress 4 null: SQL round-trip 4 ms
2026-07-24 09:03:58.218 +02:00 [INF] ART Diagnostic HealthCheck HealthCheckWorker 0 null: All subsystems healthy (SQL 0 ms, disk 49.05 GB free).
2026-07-24 09:03:58.289 +02:00 [INF] ART Diagnostic MraConnectivity MraEis 272 404: MRA reachable (404) in 272 ms.
2026-07-24 09:03:58.594 +02:00 [INF] ART Diagnostic HealthCheck HealthCheckWorker 4 null: All subsystems healthy (SQL 4 ms, disk 49.05 GB free).
2026-07-24 09:03:59.024 +02:00 [INF] ART Diagnostic WorkerHeartbeat SystemHealthMonitorService null null: All monitored subsystems healthy.
2026-07-24 09:04:08.236 +02:00 [INF] Inventory alert scan complete: 8 products, low=0, stockout=0, overstock=0, fast=0.
2026-07-24 09:04:22.735 +02:00 [INF] ART Diagnostic DatabaseLatency SqlExpress 1 null: Performance profile sample (FPS 0.0)
2026-07-24 09:04:43.213 +02:00 [INF] ART Diagnostic WorkerHeartbeat HealthCheckWorker null null: Heartbeat
2026-07-24 09:04:43.230 +02:00 [INF] ART Diagnostic DatabaseLatency SqlExpress 1 null: SQL round-trip 1 ms
2026-07-24 09:04:43.550 +02:00 [INF] ART Diagnostic MraConnectivity MraEis 315 404: MRA reachable (404) in 315 ms.
2026-07-24 09:04:44.074 +02:00 [INF] ART Diagnostic DatabaseLatency SqlExpress 1 null: SQL round-trip 1 ms
2026-07-24 09:04:44.338 +02:00 [INF] ART Diagnostic MraConnectivity MraEis 258 404: MRA reachable (404) in 258 ms.
2026-07-24 09:04:44.344 +02:00 [INF] ART Diagnostic HealthCheck HealthCheckWorker 1 null: All subsystems healthy (SQL 1 ms, disk 49.05 GB free).
2026-07-24 09:04:44.420 +02:00 [INF] ART Diagnostic WorkerHeartbeat SystemHealthMonitorService null null: All monitored subsystems healthy.
2026-07-24 09:04:44.677 +02:00 [INF] ART Diagnostic HealthCheck HealthCheckWorker 1 null: All subsystems healthy (SQL 1 ms, disk 49.05 GB free).
2026-07-24 09:04:52.810 +02:00 [INF] ART Diagnostic DatabaseLatency SqlExpress 2 null: Performance profile sample (FPS 0.0)
2026-07-24 09:05:08.277 +02:00 [INF] Inventory alert scan complete: 8 products, low=0, stockout=0, overstock=0, fast=0.
2026-07-24 09:05:22.863 +02:00 [INF] ART Diagnostic DatabaseLatency SqlExpress 1 null: Performance profile sample (FPS 0.0)
2026-07-24 09:05:29.423 +02:00 [INF] ART Diagnostic DatabaseLatency SqlExpress 1 null: SQL round-trip 1 ms
2026-07-24 09:05:29.686 +02:00 [INF] ART Diagnostic WorkerHeartbeat HealthCheckWorker null null: Heartbeat
2026-07-24 09:05:29.689 +02:00 [INF] ART Diagnostic DatabaseLatency SqlExpress 0 null: SQL round-trip 0 ms
2026-07-24 09:05:30.488 +02:00 [INF] ART Diagnostic MraConnectivity MraEis 1057 404: MRA reachable (404) in 1057 ms.
2026-07-24 09:05:30.741 +02:00 [INF] ART Diagnostic MraConnectivity MraEis 1048 404: MRA reachable (404) in 1048 ms.
2026-07-24 09:05:30.777 +02:00 [INF] ART Diagnostic HealthCheck HealthCheckWorker 0 null: All subsystems healthy (SQL 0 ms, disk 49.05 GB free).
2026-07-24 09:05:30.801 +02:00 [INF] ART Diagnostic HealthCheck HealthCheckWorker 1 null: All subsystems healthy (SQL 1 ms, disk 49.05 GB free).
2026-07-24 09:05:31.182 +02:00 [INF] ART Diagnostic WorkerHeartbeat SystemHealthMonitorService null null: All monitored subsystems healthy.
2026-07-24 09:06:02.895 +02:00 [INF] ART Diagnostic DatabaseLatency SqlExpress 1 null: Performance profile sample (FPS 0.0)
2026-07-24 09:06:08.350 +02:00 [INF] Inventory alert scan complete: 8 products, low=0, stockout=0, overstock=0, fast=0.
2026-07-24 09:06:15.828 +02:00 [INF] ART Diagnostic WorkerHeartbeat HealthCheckWorker null null: Heartbeat
2026-07-24 09:06:15.904 +02:00 [INF] ART Diagnostic DatabaseLatency SqlExpress 21 null: SQL round-trip 21 ms
2026-07-24 09:06:16.194 +02:00 [INF] ART Diagnostic DatabaseLatency SqlExpress 1 null: SQL round-trip 1 ms
2026-07-24 09:06:16.279 +02:00 [INF] ART Diagnostic MraConnectivity MraEis 343 404: MRA reachable (404) in 343 ms.
2026-07-24 09:06:16.866 +02:00 [INF] ART Diagnostic MraConnectivity MraEis 269 404: MRA reachable (404) in 269 ms.
2026-07-24 09:06:16.870 +02:00 [INF] ART Diagnostic HealthCheck HealthCheckWorker 1 null: All subsystems healthy (SQL 1 ms, disk 49.05 GB free).
2026-07-24 09:06:16.929 +02:00 [INF] ART Diagnostic WorkerHeartbeat SystemHealthMonitorService null null: All monitored subsystems healthy.
2026-07-24 09:06:17.634 +02:00 [INF] ART Diagnostic HealthCheck HealthCheckWorker 21 null: All subsystems healthy (SQL 21 ms, disk 49.05 GB free).
2026-07-24 09:06:32.943 +02:00 [INF] ART Diagnostic DatabaseLatency SqlExpress 0 null: Performance profile sample (FPS 0.0)
2026-07-24 09:07:01.935 +02:00 [INF] ART Diagnostic DatabaseLatency SqlExpress 0 null: SQL round-trip 0 ms
2026-07-24 09:07:02.214 +02:00 [INF] ART Diagnostic MraConnectivity MraEis 270 404: MRA reachable (404) in 270 ms.
2026-07-24 09:07:02.634 +02:00 [INF] ART Diagnostic WorkerHeartbeat HealthCheckWorker null null: Heartbeat
2026-07-24 09:07:02.641 +02:00 [INF] ART Diagnostic DatabaseLatency SqlExpress 1 null: SQL round-trip 1 ms
2026-07-24 09:07:03.028 +02:00 [INF] ART Diagnostic MraConnectivity MraEis 381 404: MRA reachable (404) in 381 ms.
2026-07-24 09:07:03.031 +02:00 [INF] ART Diagnostic HealthCheck HealthCheckWorker 1 null: All subsystems healthy (SQL 1 ms, disk 49.05 GB free).
2026-07-24 09:07:03.172 +02:00 [INF] ART Diagnostic DatabaseLatency SqlExpress 0 null: Performance profile sample (FPS 0.0)
2026-07-24 09:07:03.265 +02:00 [INF] ART Diagnostic HealthCheck HealthCheckWorker 0 null: All subsystems healthy (SQL 0 ms, disk 49.05 GB free).
2026-07-24 09:07:03.634 +02:00 [INF] ART Diagnostic WorkerHeartbeat SystemHealthMonitorService null null: All monitored subsystems healthy.
2026-07-24 09:07:08.368 +02:00 [INF] Inventory alert scan complete: 8 products, low=0, stockout=0, overstock=0, fast=0.
2026-07-24 09:07:33.190 +02:00 [INF] ART Diagnostic DatabaseLatency SqlExpress 0 null: Performance profile sample (FPS 0.0)
2026-07-24 09:07:48.031 +02:00 [INF] ART Diagnostic WorkerHeartbeat HealthCheckWorker null null: Heartbeat
2026-07-24 09:07:48.035 +02:00 [INF] ART Diagnostic DatabaseLatency SqlExpress 0 null: SQL round-trip 0 ms
2026-07-24 09:07:48.643 +02:00 [INF] ART Diagnostic DatabaseLatency SqlExpress 1 null: SQL round-trip 1 ms
2026-07-24 09:07:49.085 +02:00 [INF] ART Diagnostic MraConnectivity MraEis 1045 404: MRA reachable (404) in 1045 ms.
2026-07-24 09:07:49.407 +02:00 [INF] ART Diagnostic MraConnectivity MraEis 748 404: MRA reachable (404) in 748 ms.
2026-07-24 09:07:49.415 +02:00 [INF] ART Diagnostic HealthCheck HealthCheckWorker 1 null: All subsystems healthy (SQL 1 ms, disk 49.05 GB free).
2026-07-24 09:07:49.465 +02:00 [INF] ART Diagnostic WorkerHeartbeat SystemHealthMonitorService null null: All monitored subsystems healthy.
2026-07-24 09:07:49.583 +02:00 [INF] ART Diagnostic HealthCheck HealthCheckWorker 0 null: All subsystems healthy (SQL 0 ms, disk 49.05 GB free).
2026-07-24 09:08:08.398 +02:00 [INF] Inventory alert scan complete: 8 products, low=0, stockout=0, overstock=0, fast=0.
2026-07-24 09:08:13.144 +02:00 [INF] ART Diagnostic DatabaseLatency SqlExpress 0 null: Performance profile sample (FPS 0.0)
2026-07-24 09:08:34.467 +02:00 [INF] ART Diagnostic DatabaseLatency SqlExpress 0 null: SQL round-trip 0 ms
2026-07-24 09:08:34.597 +02:00 [INF] ART Diagnostic WorkerHeartbeat HealthCheckWorker null null: Heartbeat
2026-07-24 09:08:34.600 +02:00 [INF] ART Diagnostic DatabaseLatency SqlExpress 0 null: SQL round-trip 0 ms
2026-07-24 09:08:34.739 +02:00 [INF] ART Diagnostic MraConnectivity MraEis 268 404: MRA reachable (404) in 268 ms.
2026-07-24 09:08:35.047 +02:00 [INF] ART Diagnostic MraConnectivity MraEis 436 404: MRA reachable (404) in 436 ms.
2026-07-24 09:08:35.085 +02:00 [INF] ART Diagnostic HealthCheck HealthCheckWorker 0 null: All subsystems healthy (SQL 0 ms, disk 49.05 GB free).
2026-07-24 09:08:35.105 +02:00 [INF] ART Diagnostic HealthCheck HealthCheckWorker 0 null: All subsystems healthy (SQL 0 ms, disk 49.05 GB free).
2026-07-24 09:08:35.488 +02:00 [INF] ART Diagnostic WorkerHeartbeat SystemHealthMonitorService null null: All monitored subsystems healthy.
2026-07-24 09:08:43.178 +02:00 [INF] ART Diagnostic DatabaseLatency SqlExpress 0 null: Performance profile sample (FPS 0.0)
2026-07-24 09:09:08.472 +02:00 [INF] Inventory alert scan complete: 8 products, low=0, stockout=0, overstock=0, fast=0.
2026-07-24 09:09:20.100 +02:00 [INF] ART Diagnostic WorkerHeartbeat HealthCheckWorker null null: Heartbeat
2026-07-24 09:09:20.115 +02:00 [INF] ART Diagnostic DatabaseLatency SqlExpress 1 null: SQL round-trip 1 ms
2026-07-24 09:09:20.499 +02:00 [INF] ART Diagnostic DatabaseLatency SqlExpress 0 null: SQL round-trip 0 ms
2026-07-24 09:09:20.589 +02:00 [INF] ART Diagnostic MraConnectivity MraEis 396 404: MRA reachable (404) in 396 ms.
2026-07-24 09:09:20.856 +02:00 [INF] ART Diagnostic MraConnectivity MraEis 308 404: MRA reachable (404) in 308 ms.
2026-07-24 09:09:20.861 +02:00 [INF] ART Diagnostic HealthCheck HealthCheckWorker 0 null: All subsystems healthy (SQL 0 ms, disk 49.05 GB free).
2026-07-24 09:09:20.936 +02:00 [INF] ART Diagnostic WorkerHeartbeat SystemHealthMonitorService null null: All monitored subsystems healthy.
2026-07-24 09:09:21.797 +02:00 [INF] ART Diagnostic HealthCheck HealthCheckWorker 1 null: All subsystems healthy (SQL 1 ms, disk 49.05 GB free).
2026-07-24 09:09:23.253 +02:00 [INF] ART Diagnostic DatabaseLatency SqlExpress 0 null: Performance profile sample (FPS 0.0)
2026-07-24 09:09:53.437 +02:00 [INF] ART Diagnostic DatabaseLatency SqlExpress 0 null: Performance profile sample (FPS 0.0)
2026-07-24 09:10:05.940 +02:00 [INF] ART Diagnostic DatabaseLatency SqlExpress 0 null: SQL round-trip 0 ms
2026-07-24 09:10:06.807 +02:00 [INF] ART Diagnostic WorkerHeartbeat HealthCheckWorker null null: Heartbeat
2026-07-24 09:10:06.818 +02:00 [INF] ART Diagnostic DatabaseLatency SqlExpress 1 null: SQL round-trip 1 ms
2026-07-24 09:10:06.973 +02:00 [INF] ART Diagnostic MraConnectivity MraEis 1002 404: MRA reachable (404) in 1002 ms.
2026-07-24 09:10:07.156 +02:00 [INF] ART Diagnostic HealthCheck HealthCheckWorker 0 null: All subsystems healthy (SQL 0 ms, disk 49.05 GB free).
2026-07-24 09:10:07.247 +02:00 [INF] ART Diagnostic WorkerHeartbeat SystemHealthMonitorService null null: All monitored subsystems healthy.
2026-07-24 09:10:07.305 +02:00 [INF] ART Diagnostic MraConnectivity MraEis 475 404: MRA reachable (404) in 475 ms.
2026-07-24 09:10:07.309 +02:00 [INF] ART Diagnostic HealthCheck HealthCheckWorker 1 null: All subsystems healthy (SQL 1 ms, disk 49.05 GB free).
2026-07-24 09:10:08.510 +02:00 [INF] Inventory alert scan complete: 8 products, low=0, stockout=0, overstock=0, fast=0.
2026-07-24 09:10:23.489 +02:00 [INF] ART Diagnostic DatabaseLatency SqlExpress 1 null: Performance profile sample (FPS 0.0)
2026-07-24 09:10:52.321 +02:00 [INF] ART Diagnostic WorkerHeartbeat HealthCheckWorker null null: Heartbeat
2026-07-24 09:10:52.333 +02:00 [INF] ART Diagnostic DatabaseLatency SqlExpress 11 null: SQL round-trip 11 ms
2026-07-24 09:10:52.344 +02:00 [INF] ART Diagnostic DatabaseLatency SqlExpress 2 null: SQL round-trip 2 ms
2026-07-24 09:10:53.173 +02:00 [INF] ART Diagnostic MraConnectivity MraEis 812 404: MRA reachable (404) in 812 ms.
2026-07-24 09:10:53.409 +02:00 [INF] ART Diagnostic MraConnectivity MraEis 1066 404: MRA reachable (404) in 1066 ms.
2026-07-24 09:10:53.492 +02:00 [INF] ART Diagnostic HealthCheck HealthCheckWorker 11 null: All subsystems healthy (SQL 11 ms, disk 49.05 GB free).
2026-07-24 09:10:53.539 +02:00 [INF] ART Diagnostic HealthCheck HealthCheckWorker 2 null: All subsystems healthy (SQL 2 ms, disk 49.05 GB free).
2026-07-24 09:10:53.575 +02:00 [INF] ART Diagnostic DatabaseLatency SqlExpress 0 null: Performance profile sample (FPS 0.0)
2026-07-24 09:10:54.024 +02:00 [INF] ART Diagnostic WorkerHeartbeat SystemHealthMonitorService null null: All monitored subsystems healthy.
2026-07-24 09:11:08.554 +02:00 [INF] Inventory alert scan complete: 8 products, low=0, stockout=0, overstock=0, fast=0.
2026-07-24 09:11:23.721 +02:00 [INF] ART Diagnostic DatabaseLatency SqlExpress 0 null: Performance profile sample (FPS 0.0)
2026-07-24 09:11:38.565 +02:00 [INF] ART Diagnostic WorkerHeartbeat HealthCheckWorker null null: Heartbeat
2026-07-24 09:11:38.586 +02:00 [INF] ART Diagnostic DatabaseLatency SqlExpress 0 null: SQL round-trip 0 ms
2026-07-24 09:11:39.054 +02:00 [INF] ART Diagnostic DatabaseLatency SqlExpress 0 null: SQL round-trip 0 ms
2026-07-24 09:11:39.510 +02:00 [INF] ART Diagnostic MraConnectivity MraEis 264 404: MRA reachable (404) in 264 ms.
2026-07-24 09:11:40.243 +02:00 [INF] ART Diagnostic MraConnectivity MraEis 998 404: MRA reachable (404) in 998 ms.
2026-07-24 09:11:40.339 +02:00 [INF] ART Diagnostic HealthCheck HealthCheckWorker 0 null: All subsystems healthy (SQL 0 ms, disk 49.04 GB free).
2026-07-24 09:11:40.508 +02:00 [INF] ART Diagnostic WorkerHeartbeat SystemHealthMonitorService null null: All monitored subsystems healthy.
2026-07-24 09:11:40.572 +02:00 [INF] ART Diagnostic HealthCheck HealthCheckWorker 0 null: All subsystems healthy (SQL 0 ms, disk 49.04 GB free).
2026-07-24 09:11:53.842 +02:00 [INF] ART Diagnostic DatabaseLatency SqlExpress 0 null: Performance profile sample (FPS 0.0)
2026-07-24 09:12:08.593 +02:00 [INF] Inventory alert scan complete: 8 products, low=0, stockout=0, overstock=0, fast=0.
2026-07-24 09:12:24.065 +02:00 [INF] ART Diagnostic DatabaseLatency SqlExpress 0 null: Performance profile sample (FPS 0.0)
2026-07-24 09:12:25.529 +02:00 [INF] ART Diagnostic DatabaseLatency SqlExpress 4 null: SQL round-trip 4 ms
2026-07-24 09:12:25.575 +02:00 [INF] ART Diagnostic WorkerHeartbeat HealthCheckWorker null null: Heartbeat
2026-07-24 09:12:25.580 +02:00 [INF] ART Diagnostic DatabaseLatency SqlExpress 0 null: SQL round-trip 0 ms
2026-07-24 09:12:26.544 +02:00 [INF] ART Diagnostic MraConnectivity MraEis 1011 404: MRA reachable (404) in 1011 ms.
2026-07-24 09:12:26.948 +02:00 [INF] ART Diagnostic HealthCheck HealthCheckWorker 4 null: All subsystems healthy (SQL 4 ms, disk 49.04 GB free).
2026-07-24 09:12:27.330 +02:00 [INF] ART Diagnostic WorkerHeartbeat SystemHealthMonitorService null null: All monitored subsystems healthy.
2026-07-24 09:12:29.680 +02:00 [INF] ART Diagnostic MraConnectivity MraEis 4098 404: MRA reachable (404) in 4098 ms.
2026-07-24 09:12:30.171 +02:00 [INF] ART Diagnostic HealthCheck HealthCheckWorker 0 null: All subsystems healthy (SQL 0 ms, disk 49.04 GB free).
2026-07-24 09:13:13.124 +02:00 [INF] ART Diagnostic DatabaseLatency SqlExpress 780 null: SQL round-trip 780 ms
2026-07-24 09:13:15.399 +02:00 [INF] ART Diagnostic MraConnectivity MraEis 1010 404: MRA reachable (404) in 1010 ms.
2026-07-24 09:13:15.710 +02:00 [INF] ART Diagnostic HealthCheck HealthCheckWorker 780 null: All subsystems healthy (SQL 780 ms, disk 49.03 GB free).
2026-07-24 09:13:15.932 +02:00 [INF] ART Diagnostic WorkerHeartbeat HealthCheckWorker null null: Heartbeat
2026-07-24 09:13:16.063 +02:00 [INF] ART Diagnostic WorkerHeartbeat SystemHealthMonitorService null null: All monitored subsystems healthy.
2026-07-24 09:13:16.220 +02:00 [INF] ART Diagnostic DatabaseLatency SqlExpress 0 null: SQL round-trip 0 ms
2026-07-24 09:13:16.474 +02:00 [INF] ART Diagnostic MraConnectivity MraEis 249 404: MRA reachable (404) in 249 ms.
2026-07-24 09:13:17.241 +02:00 [INF] ART Diagnostic HealthCheck HealthCheckWorker 0 null: All subsystems healthy (SQL 0 ms, disk 49.03 GB free).
2026-07-24 09:13:21.152 +02:00 [INF] ART Diagnostic DatabaseLatency SqlExpress 0 null: Performance profile sample (FPS 0.0)
2026-07-24 09:13:21.217 +02:00 [INF] Inventory alert scan complete: 8 products, low=0, stockout=0, overstock=0, fast=0.
2026-07-24 09:13:51.294 +02:00 [INF] ART Diagnostic DatabaseLatency SqlExpress 21 null: Performance profile sample (FPS 0.0)
2026-07-24 09:14:01.234 +02:00 [INF] ART Diagnostic DatabaseLatency SqlExpress 0 null: SQL round-trip 0 ms
2026-07-24 09:14:01.503 +02:00 [INF] ART Diagnostic MraConnectivity MraEis 264 404: MRA reachable (404) in 264 ms.
2026-07-24 09:14:02.250 +02:00 [INF] ART Diagnostic WorkerHeartbeat HealthCheckWorker null null: Heartbeat
2026-07-24 09:14:02.256 +02:00 [INF] ART Diagnostic DatabaseLatency SqlExpress 0 null: SQL round-trip 0 ms
2026-07-24 09:14:02.531 +02:00 [INF] ART Diagnostic MraConnectivity MraEis 272 404: MRA reachable (404) in 272 ms.
2026-07-24 09:14:02.534 +02:00 [INF] ART Diagnostic HealthCheck HealthCheckWorker 0 null: All subsystems healthy (SQL 0 ms, disk 49.03 GB free).
2026-07-24 09:14:02.575 +02:00 [INF] ART Diagnostic HealthCheck HealthCheckWorker 0 null: All subsystems healthy (SQL 0 ms, disk 49.03 GB free).
2026-07-24 09:14:02.934 +02:00 [INF] ART Diagnostic WorkerHeartbeat SystemHealthMonitorService null null: All monitored subsystems healthy.
2026-07-24 09:14:21.231 +02:00 [INF] Inventory alert scan complete: 8 products, low=0, stockout=0, overstock=0, fast=0.
2026-07-24 09:14:21.382 +02:00 [INF] ART Diagnostic DatabaseLatency SqlExpress 0 null: Performance profile sample (FPS 0.0)
2026-07-24 09:14:47.553 +02:00 [INF] ART Diagnostic WorkerHeartbeat HealthCheckWorker null null: Heartbeat
2026-07-24 09:14:47.570 +02:00 [INF] ART Diagnostic DatabaseLatency SqlExpress 0 null: SQL round-trip 0 ms
2026-07-24 09:14:47.945 +02:00 [INF] ART Diagnostic DatabaseLatency SqlExpress 1 null: SQL round-trip 1 ms
2026-07-24 09:14:49.624 +02:00 [INF] ART Diagnostic MraConnectivity MraEis 1671 404: MRA reachable (404) in 1671 ms.
2026-07-24 09:14:50.135 +02:00 [INF] ART Diagnostic HealthCheck HealthCheckWorker 1 null: All subsystems healthy (SQL 1 ms, disk 49.03 GB free).
2026-07-24 09:14:50.489 +02:00 [INF] ART Diagnostic WorkerHeartbeat SystemHealthMonitorService null null: All monitored subsystems healthy.
2026-07-24 09:14:51.431 +02:00 [INF] ART Diagnostic DatabaseLatency SqlExpress 0 null: Performance profile sample (FPS 0.0)
2026-07-24 09:14:51.634 +02:00 [INF] ART Diagnostic MraConnectivity MraEis 4048 404: MRA reachable (404) in 4048 ms.
2026-07-24 09:14:51.969 +02:00 [INF] ART Diagnostic HealthCheck HealthCheckWorker 0 null: All subsystems healthy (SQL 0 ms, disk 49.03 GB free).
2026-07-24 09:15:21.256 +02:00 [INF] Inventory alert scan complete: 8 products, low=0, stockout=0, overstock=0, fast=0.
2026-07-24 09:15:21.479 +02:00 [INF] ART Diagnostic DatabaseLatency SqlExpress 0 null: Performance profile sample (FPS 0.0)
2026-07-24 09:15:35.495 +02:00 [INF] ART Diagnostic DatabaseLatency SqlExpress 0 null: SQL round-trip 0 ms
2026-07-24 09:15:36.979 +02:00 [INF] ART Diagnostic WorkerHeartbeat HealthCheckWorker null null: Heartbeat
2026-07-24 09:15:46.923 +02:00 [INF] ART Diagnostic DatabaseLatency SqlExpress 1 null: SQL round-trip 1 ms
2026-07-24 09:15:47.979 +02:00 [INF] ART Diagnostic MraConnectivity MraEis 1057 404: MRA reachable (404) in 1057 ms.
2026-07-24 09:15:47.988 +02:00 [INF] ART Diagnostic MraConnectivity MraEis 1049 404: MRA reachable (404) in 1049 ms.
2026-07-24 09:15:47.991 +02:00 [INF] ART Diagnostic HealthCheck HealthCheckWorker 1 null: All subsystems healthy (SQL 1 ms, disk 49.03 GB free).
2026-07-24 09:15:48.335 +02:00 [INF] ART Diagnostic HealthCheck HealthCheckWorker 0 null: All subsystems healthy (SQL 0 ms, disk 49.03 GB free).
2026-07-24 09:15:49.206 +02:00 [INF] ART Diagnostic WorkerHeartbeat SystemHealthMonitorService null null: All monitored subsystems healthy.
2026-07-24 09:15:53.933 +02:00 [INF] ART Diagnostic DatabaseLatency SqlExpress 0 null: Performance profile sample (FPS 0.0)
2026-07-24 09:16:21.284 +02:00 [INF] Inventory alert scan complete: 8 products, low=0, stockout=0, overstock=0, fast=0.
2026-07-24 09:16:23.991 +02:00 [INF] ART Diagnostic DatabaseLatency SqlExpress 0 null: Performance profile sample (FPS 0.0)
2026-07-24 09:16:33.011 +02:00 [INF] ART Diagnostic WorkerHeartbeat HealthCheckWorker null null: Heartbeat
2026-07-24 09:16:33.014 +02:00 [INF] ART Diagnostic DatabaseLatency SqlExpress 0 null: SQL round-trip 0 ms
2026-07-24 09:16:34.031 +02:00 [INF] ART Diagnostic MraConnectivity MraEis 1013 404: MRA reachable (404) in 1013 ms.
2026-07-24 09:16:34.294 +02:00 [INF] ART Diagnostic DatabaseLatency SqlExpress 0 null: SQL round-trip 0 ms
2026-07-24 09:16:34.350 +02:00 [INF] ART Diagnostic HealthCheck HealthCheckWorker 0 null: All subsystems healthy (SQL 0 ms, disk 49.03 GB free).
2026-07-24 09:16:34.627 +02:00 [INF] ART Diagnostic MraConnectivity MraEis 250 404: MRA reachable (404) in 250 ms.
2026-07-24 09:16:35.096 +02:00 [INF] ART Diagnostic HealthCheck HealthCheckWorker 0 null: All subsystems healthy (SQL 0 ms, disk 49.03 GB free).
2026-07-24 09:16:36.608 +02:00 [INF] ART Diagnostic WorkerHeartbeat SystemHealthMonitorService null null: All monitored subsystems healthy.
2026-07-24 09:16:54.572 +02:00 [INF] ART Diagnostic DatabaseLatency SqlExpress 0 null: Performance profile sample (FPS 0.0)
2026-07-24 09:17:19.385 +02:00 [INF] ART Diagnostic WorkerHeartbeat HealthCheckWorker null null: Heartbeat
2026-07-24 09:17:19.671 +02:00 [INF] ART Diagnostic DatabaseLatency SqlExpress 1 null: SQL round-trip 1 ms
2026-07-24 09:17:20.748 +02:00 [INF] ART Diagnostic MraConnectivity MraEis 1027 404: MRA reachable (404) in 1027 ms.
2026-07-24 09:17:22.269 +02:00 [INF] ART Diagnostic HealthCheck HealthCheckWorker 1 null: All subsystems healthy (SQL 1 ms, disk 49.03 GB free).
2026-07-24 09:17:22.602 +02:00 [INF] Inventory alert scan complete: 8 products, low=0, stockout=0, overstock=0, fast=0.
2026-07-24 09:17:30.078 +02:00 [INF] ART Diagnostic DatabaseLatency SqlExpress 1 null: SQL round-trip 1 ms
2026-07-24 09:17:30.379 +02:00 [INF] ART Diagnostic MraConnectivity MraEis 277 404: MRA reachable (404) in 277 ms.
2026-07-24 09:17:31.367 +02:00 [INF] ART Diagnostic HealthCheck HealthCheckWorker 1 null: All subsystems healthy (SQL 1 ms, disk 49.03 GB free).
2026-07-24 09:17:33.024 +02:00 [INF] ART Diagnostic WorkerHeartbeat SystemHealthMonitorService null null: All monitored subsystems healthy.
2026-07-24 09:17:51.529 +02:00 [INF] ART Diagnostic DatabaseLatency SqlExpress 0 null: Performance profile sample (FPS 0.0)
2026-07-24 09:18:07.798 +02:00 [INF] ART Diagnostic WorkerHeartbeat HealthCheckWorker null null: Heartbeat
2026-07-24 09:18:08.092 +02:00 [INF] ART Diagnostic DatabaseLatency SqlExpress 1 null: SQL round-trip 1 ms
2026-07-24 09:18:09.095 +02:00 [INF] ART Diagnostic MraConnectivity MraEis 991 404: MRA reachable (404) in 991 ms.
2026-07-24 09:18:09.574 +02:00 [INF] ART Diagnostic HealthCheck HealthCheckWorker 1 null: All subsystems healthy (SQL 1 ms, disk 49.03 GB free).
2026-07-24 09:18:18.049 +02:00 [INF] ART Diagnostic DatabaseLatency SqlExpress 1 null: SQL round-trip 1 ms
2026-07-24 09:18:18.336 +02:00 [INF] ART Diagnostic MraConnectivity MraEis 250 404: MRA reachable (404) in 250 ms.
2026-07-24 09:18:19.477 +02:00 [INF] ART Diagnostic HealthCheck HealthCheckWorker 1 null: All subsystems healthy (SQL 1 ms, disk 49.03 GB free).
2026-07-24 09:18:20.402 +02:00 [INF] ART Diagnostic WorkerHeartbeat SystemHealthMonitorService null null: All monitored subsystems healthy.
2026-07-24 09:18:46.844 +02:00 [INF] Inventory alert scan complete: 8 products, low=0, stockout=0, overstock=0, fast=0.
2026-07-24 09:18:47.995 +02:00 [INF] ART Diagnostic DatabaseLatency SqlExpress 0 null: Performance profile sample (FPS 0.0)
2026-07-24 09:18:54.769 +02:00 [INF] ART Diagnostic WorkerHeartbeat HealthCheckWorker null null: Heartbeat
2026-07-24 09:18:58.913 +02:00 [INF] ART Diagnostic DatabaseLatency SqlExpress 0 null: SQL round-trip 0 ms
2026-07-24 09:19:00.073 +02:00 [INF] ART Diagnostic MraConnectivity MraEis 1006 404: MRA reachable (404) in 1006 ms.
2026-07-24 09:19:01.427 +02:00 [INF] ART Diagnostic HealthCheck HealthCheckWorker 0 null: All subsystems healthy (SQL 0 ms, disk 49.02 GB free).
2026-07-24 09:19:05.574 +02:00 [INF] ART Diagnostic DatabaseLatency SqlExpress 60 null: SQL round-trip 60 ms
2026-07-24 09:19:05.906 +02:00 [INF] ART Diagnostic MraConnectivity MraEis 245 404: MRA reachable (404) in 245 ms.
2026-07-24 09:19:06.273 +02:00 [INF] ART Diagnostic HealthCheck HealthCheckWorker 60 null: All subsystems healthy (SQL 60 ms, disk 49.03 GB free).
2026-07-24 09:19:06.706 +02:00 [INF] ART Diagnostic WorkerHeartbeat SystemHealthMonitorService null null: All monitored subsystems healthy.
2026-07-24 09:19:46.797 +02:00 [INF] ART Diagnostic WorkerHeartbeat HealthCheckWorker null null: Heartbeat
2026-07-24 09:19:47.075 +02:00 [INF] ART Diagnostic DatabaseLatency SqlExpress 23 null: SQL round-trip 23 ms
2026-07-24 09:19:48.452 +02:00 [INF] ART Diagnostic MraConnectivity MraEis 1019 404: MRA reachable (404) in 1019 ms.
2026-07-24 09:19:49.119 +02:00 [INF] ART Diagnostic HealthCheck HealthCheckWorker 23 null: All subsystems healthy (SQL 23 ms, disk 49.03 GB free).
2026-07-24 09:19:51.782 +02:00 [INF] ART Diagnostic DatabaseLatency SqlExpress 41 null: SQL round-trip 41 ms
2026-07-24 09:19:52.135 +02:00 [INF] ART Diagnostic MraConnectivity MraEis 259 404: MRA reachable (404) in 259 ms.
2026-07-24 09:19:52.651 +02:00 [INF] ART Diagnostic HealthCheck HealthCheckWorker 41 null: All subsystems healthy (SQL 41 ms, disk 49.03 GB free).
2026-07-24 09:19:53.257 +02:00 [INF] ART Diagnostic WorkerHeartbeat SystemHealthMonitorService null null: All monitored subsystems healthy.
2026-07-24 09:19:54.927 +02:00 [INF] ART Diagnostic DatabaseLatency SqlExpress 0 null: Performance profile sample (FPS 0.0)
2026-07-24 09:19:55.160 +02:00 [INF] Inventory alert scan complete: 8 products, low=0, stockout=0, overstock=0, fast=0.
2026-07-24 09:20:34.317 +02:00 [INF] ART Diagnostic WorkerHeartbeat HealthCheckWorker null null: Heartbeat
2026-07-24 09:20:34.337 +02:00 [INF] ART Diagnostic DatabaseLatency SqlExpress 10 null: SQL round-trip 10 ms
2026-07-24 09:20:35.408 +02:00 [INF] ART Diagnostic MraConnectivity MraEis 1052 404: MRA reachable (404) in 1052 ms.
2026-07-24 09:20:36.682 +02:00 [INF] ART Diagnostic HealthCheck HealthCheckWorker 10 null: All subsystems healthy (SQL 10 ms, disk 49.03 GB free).
2026-07-24 09:20:38.414 +02:00 [INF] ART Diagnostic DatabaseLatency SqlExpress 1 null: SQL round-trip 1 ms
2026-07-24 09:20:38.699 +02:00 [INF] ART Diagnostic MraConnectivity MraEis 257 404: MRA reachable (404) in 257 ms.
2026-07-24 09:20:39.071 +02:00 [INF] ART Diagnostic HealthCheck HealthCheckWorker 1 null: All subsystems healthy (SQL 1 ms, disk 49.03 GB free).
2026-07-24 09:20:39.824 +02:00 [INF] ART Diagnostic WorkerHeartbeat SystemHealthMonitorService null null: All monitored subsystems healthy.
2026-07-24 09:20:50.567 +02:00 [INF] ART Diagnostic DatabaseLatency SqlExpress 5 null: Performance profile sample (FPS 0.0)
2026-07-24 09:20:55.467 +02:00 [INF] Inventory alert scan complete: 8 products, low=0, stockout=0, overstock=0, fast=0.
