2026-08-07 08:46:58.570 +02:00 [INF] MRA EIS POST "https://dev-eis-api.mra.mw/api/v1/utilities/ping"
2026-08-07 08:46:58.713 +02:00 [INF] SQL Express schema ready (version 32).
2026-08-07 08:46:59.230 +02:00 [WRN] Phase 37 InitialSetup.sql apply skipped after error (schema already bootstrapped in-app).
Microsoft.Data.SqlClient.SqlException (0x80131904): Filtered index 'IX_OfflineInvoiceQueue_PendingFifo' cannot be created on table 'dbo.OfflineInvoiceQueue' because the column 'Status' in the filter expression is compared with a constant of higher data type precedence or of a different collation. Converting a column to the data type of a constant is not supported for filtered indexes. To resolve this error, explicitly convert the constant to the same data type and collation as the column 'Status'.
   at Microsoft.Data.SqlClient.SqlConnection.OnError(SqlException exception, Boolean breakConnection, Action`1 wrapCloseInAction)
   at Microsoft.Data.SqlClient.SqlInternalConnection.OnError(SqlException exception, Boolean breakConnection, Action`1 wrapCloseInAction)
   at Microsoft.Data.SqlClient.TdsParser.ThrowExceptionAndWarning(TdsParserStateObject stateObj, SqlCommand command, Boolean callerHasConnectionLock, Boolean asyncClose)
   at Microsoft.Data.SqlClient.TdsParser.TryRun(RunBehavior runBehavior, SqlCommand cmdHandler, SqlDataReader dataStream, BulkCopySimpleResultSet bulkCopyHandler, TdsParserStateObject stateObj, Boolean& dataReady)
   at Microsoft.Data.SqlClient.SqlCommand.InternalEndExecuteNonQuery(IAsyncResult asyncResult, Boolean isInternal, String endMethod)
   at Microsoft.Data.SqlClient.SqlCommand.EndExecuteNonQueryInternal(IAsyncResult asyncResult)
   at Microsoft.Data.SqlClient.SqlCommand.EndExecuteNonQueryAsync(IAsyncResult asyncResult)
   at Microsoft.Data.SqlClient.SqlCommand.<>c.<InternalExecuteNonQueryAsync>b__193_1(IAsyncResult asyncResult)
   at System.Threading.Tasks.TaskFactory`1.FromAsyncCoreLogic(IAsyncResult iar, Func`2 endFunction, Action`1 endAction, Task`1 promise, Boolean requiresSynchronization)
--- End of stack trace from previous location ---
   at PointOfSale.App.Services.FirstRunBootstrapService.TryApplyInitialSetupScriptAsync(CancellationToken cancellationToken) in C:\Users\Albert Zee\Documents\Projects\Point Of Sale\src\PointOfSale.App\Services\FirstRunBootstrapService.cs:line 411
   at PointOfSale.App.Services.FirstRunBootstrapService.TryApplyInitialSetupScriptAsync(CancellationToken cancellationToken) in C:\Users\Albert Zee\Documents\Projects\Point Of Sale\src\PointOfSale.App\Services\FirstRunBootstrapService.cs:line 411
   at PointOfSale.App.Services.FirstRunBootstrapService.TryApplyInitialSetupScriptAsync(CancellationToken cancellationToken) in C:\Users\Albert Zee\Documents\Projects\Point Of Sale\src\PointOfSale.App\Services\FirstRunBootstrapService.cs:line 414
ClientConnectionId:590f9723-bd22-4320-8f70-9bf9148fc478
Error Number:10611,State:1,Class:16
2026-08-07 08:46:59.437 +02:00 [INF] Offline invoice FIFO sync worker started (interval 15s, requireConnectivity=true).
2026-08-07 08:46:59.444 +02:00 [INF] Hardware fault-tolerance loop started (probe every 20s).
2026-08-07 08:46:59.481 +02:00 [INF] ArchivalCompressionBackgroundService is disabled.
2026-08-07 08:46:59.485 +02:00 [INF] Inventory alert scanner started (interval 60s).
2026-08-07 08:46:59.500 +02:00 [INF] HealthCheckWorker started (interval 45s).
2026-08-07 08:46:59.504 +02:00 [INF] System health monitor started (interval 45s).
2026-08-07 08:46:59.507 +02:00 [INF] PerformanceProfilingBackgroundService started (sample 30s, flush 300s).
2026-08-07 08:46:59.510 +02:00 [INF] DatabaseMaintenanceBackgroundService started (interval 24h).
2026-08-07 08:46:59.798 +02:00 [ERR] Failed to start offline receipt QR bridge on http://10.10.46.135:18787/ReceiptValidation/Validate/. QR scans may still hit MRA portal ISE.
System.Net.HttpListenerException (5): Access is denied.
   at System.Net.HttpListener.AddPrefixCore(String registeredPrefix)
   at System.Net.HttpListener.AddAllPrefixes()
   at System.Net.HttpListener.Start()
   at PointOfSale.App.Services.OfflineReceiptQrBridgeService.ExecuteAsync(CancellationToken stoppingToken) in C:\Users\Albert Zee\Documents\Projects\Point Of Sale\src\PointOfSale.App\Services\OfflineReceiptQrBridgeService.cs:line 103
2026-08-07 08:46:59.850 +02:00 [INF] SQL Express schema ready (version 32).
2026-08-07 08:46:59.855 +02:00 [WRN] Phase 37 InitialSetup.sql apply skipped after error (schema already bootstrapped in-app).
Microsoft.Data.SqlClient.SqlException (0x80131904): Filtered index 'IX_OfflineInvoiceQueue_PendingFifo' cannot be created on table 'dbo.OfflineInvoiceQueue' because the column 'Status' in the filter expression is compared with a constant of higher data type precedence or of a different collation. Converting a column to the data type of a constant is not supported for filtered indexes. To resolve this error, explicitly convert the constant to the same data type and collation as the column 'Status'.
   at Microsoft.Data.SqlClient.SqlConnection.OnError(SqlException exception, Boolean breakConnection, Action`1 wrapCloseInAction)
   at Microsoft.Data.SqlClient.SqlInternalConnection.OnError(SqlException exception, Boolean breakConnection, Action`1 wrapCloseInAction)
   at Microsoft.Data.SqlClient.TdsParser.ThrowExceptionAndWarning(TdsParserStateObject stateObj, SqlCommand command, Boolean callerHasConnectionLock, Boolean asyncClose)
   at Microsoft.Data.SqlClient.TdsParser.TryRun(RunBehavior runBehavior, SqlCommand cmdHandler, SqlDataReader dataStream, BulkCopySimpleResultSet bulkCopyHandler, TdsParserStateObject stateObj, Boolean& dataReady)
   at Microsoft.Data.SqlClient.SqlCommand.InternalEndExecuteNonQuery(IAsyncResult asyncResult, Boolean isInternal, String endMethod)
   at Microsoft.Data.SqlClient.SqlCommand.EndExecuteNonQueryInternal(IAsyncResult asyncResult)
   at Microsoft.Data.SqlClient.SqlCommand.EndExecuteNonQueryAsync(IAsyncResult asyncResult)
   at Microsoft.Data.SqlClient.SqlCommand.<>c.<InternalExecuteNonQueryAsync>b__193_1(IAsyncResult asyncResult)
   at System.Threading.Tasks.TaskFactory`1.FromAsyncCoreLogic(IAsyncResult iar, Func`2 endFunction, Action`1 endAction, Task`1 promise, Boolean requiresSynchronization)
--- End of stack trace from previous location ---
   at PointOfSale.App.Services.FirstRunBootstrapService.TryApplyInitialSetupScriptAsync(CancellationToken cancellationToken) in C:\Users\Albert Zee\Documents\Projects\Point Of Sale\src\PointOfSale.App\Services\FirstRunBootstrapService.cs:line 411
   at PointOfSale.App.Services.FirstRunBootstrapService.TryApplyInitialSetupScriptAsync(CancellationToken cancellationToken) in C:\Users\Albert Zee\Documents\Projects\Point Of Sale\src\PointOfSale.App\Services\FirstRunBootstrapService.cs:line 411
   at PointOfSale.App.Services.FirstRunBootstrapService.TryApplyInitialSetupScriptAsync(CancellationToken cancellationToken) in C:\Users\Albert Zee\Documents\Projects\Point Of Sale\src\PointOfSale.App\Services\FirstRunBootstrapService.cs:line 414
ClientConnectionId:9854402d-c315-469f-9578-cc93f7b9a643
Error Number:10611,State:1,Class:16
2026-08-07 08:47:00.046 +02:00 [INF] Inventory alert scan complete: 102 products, low=2, stockout=0, overstock=0, fast=0.
2026-08-07 08:47:00.758 +02:00 [INF] MRA POST /api/v1/utilities/ping status=200 success=true durationMs=2156
2026-08-07 08:47:02.199 +02:00 [INF] MRA connectivity restored — waking offline sync worker.
2026-08-07 08:47:02.257 +02:00 [INF] MRA EIS POST "https://dev-eis-api.mra.mw/api/v1/sales/last-submitted-offline-transaction"
2026-08-07 08:47:02.784 +02:00 [INF] MRA POST /api/v1/sales/last-submitted-offline-transaction status=200 success=true durationMs=516
2026-08-07 08:47:02.945 +02:00 [WRN] Unable to query last-submitted-offline-transaction for sequence check.
PointOfSale.Mra.Http.MraApiException: Invalid MRA EIS response JSON.
 ---> System.Text.Json.JsonException: The JSON value could not be converted to System.Decimal. Path: $.data.invoiceSummary.amountTendered | LineNumber: 0 | BytePositionInLine: 1361.
 ---> System.InvalidOperationException: Cannot get the value of a token type 'Null' as a number.
   at System.Text.Json.ThrowHelper.ThrowInvalidOperationException_ExpectedNumber(JsonTokenType tokenType)
   at System.Text.Json.Utf8JsonReader.TryGetDecimal(Decimal& value)
   at System.Text.Json.Utf8JsonReader.GetDecimal()
   at System.Text.Json.Serialization.JsonConverter`1.TryRead(Utf8JsonReader& reader, Type typeToConvert, JsonSerializerOptions options, ReadStack& state, T& value, Boolean& isPopulatedValue)
   at System.Text.Json.Serialization.Metadata.JsonPropertyInfo`1.ReadJsonAndSetMember(Object obj, ReadStack& state, Utf8JsonReader& reader)
   at System.Text.Json.Serialization.Converters.ObjectDefaultConverter`1.OnTryRead(Utf8JsonReader& reader, Type typeToConvert, JsonSerializerOptions options, ReadStack& state, T& value)
   at System.Text.Json.Serialization.JsonConverter`1.TryRead(Utf8JsonReader& reader, Type typeToConvert, JsonSerializerOptions options, ReadStack& state, T& value, Boolean& isPopulatedValue)
   at System.Text.Json.Serialization.Metadata.JsonPropertyInfo`1.ReadJsonAndSetMember(Object obj, ReadStack& state, Utf8JsonReader& reader)
   at System.Text.Json.Serialization.Converters.ObjectDefaultConverter`1.OnTryRead(Utf8JsonReader& reader, Type typeToConvert, JsonSerializerOptions options, ReadStack& state, T& value)
   at System.Text.Json.Serialization.JsonConverter`1.TryRead(Utf8JsonReader& reader, Type typeToConvert, JsonSerializerOptions options, ReadStack& state, T& value, Boolean& isPopulatedValue)
   at System.Text.Json.Serialization.Metadata.JsonPropertyInfo`1.ReadJsonAndSetMember(Object obj, ReadStack& state, Utf8JsonReader& reader)
   at System.Text.Json.Serialization.Converters.ObjectDefaultConverter`1.OnTryRead(Utf8JsonReader& reader, Type typeToConvert, JsonSerializerOptions options, ReadStack& state, T& value)
   at System.Text.Json.Serialization.JsonConverter`1.TryRead(Utf8JsonReader& reader, Type typeToConvert, JsonSerializerOptions options, ReadStack& state, T& value, Boolean& isPopulatedValue)
   at System.Text.Json.Serialization.JsonConverter`1.ReadCore(Utf8JsonReader& reader, JsonSerializerOptions options, ReadStack& state)
   --- End of inner exception stack trace ---
   at System.Text.Json.ThrowHelper.ReThrowWithPath(ReadStack& state, Utf8JsonReader& reader, Exception ex)
   at System.Text.Json.Serialization.JsonConverter`1.ReadCore(Utf8JsonReader& reader, JsonSerializerOptions options, ReadStack& state)
   at System.Text.Json.JsonSerializer.ReadFromSpan[TValue](ReadOnlySpan`1 utf8Json, JsonTypeInfo`1 jsonTypeInfo, Nullable`1 actualByteCount)
   at System.Text.Json.JsonSerializer.ReadFromSpan[TValue](ReadOnlySpan`1 json, JsonTypeInfo`1 jsonTypeInfo)
   at System.Text.Json.JsonSerializer.Deserialize[TValue](String json, JsonSerializerOptions options)
   at PointOfSale.Infrastructure.Services.MraApiClient.SendAsync[TResponse](HttpRequestMessage request, String auditRequestBody, CancellationToken cancellationToken) in C:\Users\Albert Zee\Documents\Projects\Point Of Sale\src\PointOfSale.Infrastructure\Services\MraApiClient.cs:line 309
   --- End of inner exception stack trace ---
   at PointOfSale.Infrastructure.Services.MraApiClient.SendAsync[TResponse](HttpRequestMessage request, String auditRequestBody, CancellationToken cancellationToken) in C:\Users\Albert Zee\Documents\Projects\Point Of Sale\src\PointOfSale.Infrastructure\Services\MraApiClient.cs:line 323
   at PointOfSale.Infrastructure.Services.MraApiClient.PostEmptyAsync[TResponse](String relativePath, MraRequestContext context, CancellationToken cancellationToken) in C:\Users\Albert Zee\Documents\Projects\Point Of Sale\src\PointOfSale.Infrastructure\Services\MraApiClient.cs:line 249
   at PointOfSale.Infrastructure.Services.SalesTransactionService.GetLastSubmittedTransactionAsync(String relativePath, String channelLabel, CancellationToken cancellationToken) in C:\Users\Albert Zee\Documents\Projects\Point Of Sale\src\PointOfSale.Infrastructure\Services\SalesTransactionService.cs:line 86
   at PointOfSale.Infrastructure.Services.SalesTransactionService.VerifySequenceContinuityAsync(Func`2 lookupFactory, String channelLabel, CancellationToken cancellationToken) in C:\Users\Albert Zee\Documents\Projects\Point Of Sale\src\PointOfSale.Infrastructure\Services\SalesTransactionService.cs:line 153
2026-08-07 08:47:07.633 +02:00 [INF] ART Diagnostic WorkerHeartbeat HealthCheckWorker null null: Heartbeat
2026-08-07 08:47:08.004 +02:00 [INF] ART Diagnostic DatabaseLatency SqlExpress 9 null: SQL round-trip 9 ms
2026-08-07 08:47:08.231 +02:00 [INF] MRA EIS POST "https://dev-eis-api.mra.mw/api/v1/utilities/ping"
2026-08-07 08:47:08.269 +02:00 [INF] MRA POST /api/v1/utilities/ping status=200 success=true durationMs=62
2026-08-07 08:47:08.305 +02:00 [INF] ART Diagnostic MraConnectivity MraEis 62 1: MRA ping ok in 62 ms.
2026-08-07 08:47:08.363 +02:00 [INF] MRA EIS POST "https://dev-eis-api.mra.mw/api/v1/utilities/ping"
2026-08-07 08:47:08.421 +02:00 [INF] MRA POST /api/v1/utilities/ping status=200 success=true durationMs=47
2026-08-07 08:47:08.454 +02:00 [INF] MRA connectivity restored — waking offline sync worker.
2026-08-07 08:47:08.488 +02:00 [INF] ART Diagnostic HealthCheck HealthCheckWorker 9 null: All subsystems healthy (SQL 9 ms, disk 36.15 GB free).
2026-08-07 08:47:11.310 +02:00 [INF] MRA EIS POST "https://dev-eis-api.mra.mw/api/v1/utilities/ping"
2026-08-07 08:47:11.357 +02:00 [INF] MRA POST /api/v1/utilities/ping status=200 success=true durationMs=46
2026-08-07 08:47:11.407 +02:00 [INF] MRA connectivity restored — waking offline sync worker.
2026-08-07 08:47:11.518 +02:00 [INF] ART Diagnostic DatabaseLatency SqlExpress 0 null: SQL round-trip 0 ms
2026-08-07 08:47:11.525 +02:00 [INF] MRA EIS POST "https://dev-eis-api.mra.mw/api/v1/utilities/ping"
2026-08-07 08:47:11.553 +02:00 [INF] MRA POST /api/v1/utilities/ping status=200 success=true durationMs=31
2026-08-07 08:47:11.556 +02:00 [INF] ART Diagnostic MraConnectivity MraEis 30 1: MRA ping ok in 30 ms.
2026-08-07 08:47:11.691 +02:00 [INF] MRA EIS POST "https://dev-eis-api.mra.mw/api/v1/utilities/ping"
2026-08-07 08:47:11.739 +02:00 [INF] MRA POST /api/v1/utilities/ping status=200 success=true durationMs=46
2026-08-07 08:47:11.753 +02:00 [INF] MRA connectivity restored — waking offline sync worker.
2026-08-07 08:47:11.753 +02:00 [INF] ART Diagnostic HealthCheck HealthCheckWorker 0 null: All subsystems healthy (SQL 0 ms, disk 36.15 GB free).
2026-08-07 08:47:11.801 +02:00 [INF] MRA EIS POST "https://dev-eis-api.mra.mw/api/v1/utilities/ping"
2026-08-07 08:47:12.097 +02:00 [INF] ART Diagnostic DatabaseLatency SqlExpress 5 null: Performance profile sample (FPS 0.0)
2026-08-07 08:47:14.889 +02:00 [INF] MRA POST /api/v1/utilities/ping status=200 success=true durationMs=3094
2026-08-07 08:47:14.934 +02:00 [INF] MRA connectivity restored — waking offline sync worker.
2026-08-07 08:47:15.027 +02:00 [INF] ART Diagnostic WorkerHeartbeat SystemHealthMonitorService null null: All monitored subsystems healthy.
2026-08-07 08:47:31.124 +02:00 [INF] MRA EIS POST "https://dev-eis-api.mra.mw/api/v1/utilities/ping"
2026-08-07 08:47:31.198 +02:00 [INF] MRA POST /api/v1/utilities/ping status=200 success=true durationMs=63
2026-08-07 08:47:31.202 +02:00 [INF] MRA connectivity restored — waking offline sync worker.
2026-08-07 08:47:42.285 +02:00 [INF] ART Diagnostic DatabaseLatency SqlExpress 1 null: Performance profile sample (FPS 0.0)
2026-08-07 08:47:51.148 +02:00 [INF] MRA EIS POST "https://dev-eis-api.mra.mw/api/v1/utilities/ping"
2026-08-07 08:47:51.172 +02:00 [INF] MRA POST /api/v1/utilities/ping status=200 success=true durationMs=16
2026-08-07 08:47:51.179 +02:00 [INF] MRA connectivity restored — waking offline sync worker.
2026-08-07 08:47:53.712 +02:00 [INF] ART Diagnostic WorkerHeartbeat HealthCheckWorker null null: Heartbeat
2026-08-07 08:47:53.721 +02:00 [INF] ART Diagnostic DatabaseLatency SqlExpress 1 null: SQL round-trip 1 ms
2026-08-07 08:47:53.733 +02:00 [INF] MRA EIS POST "https://dev-eis-api.mra.mw/api/v1/utilities/ping"
2026-08-07 08:47:53.766 +02:00 [INF] MRA POST /api/v1/utilities/ping status=200 success=true durationMs=32
2026-08-07 08:47:53.769 +02:00 [INF] ART Diagnostic MraConnectivity MraEis 38 1: MRA ping ok in 38 ms.
2026-08-07 08:47:53.826 +02:00 [INF] MRA EIS POST "https://dev-eis-api.mra.mw/api/v1/utilities/ping"
2026-08-07 08:47:56.926 +02:00 [INF] MRA POST /api/v1/utilities/ping status=200 success=true durationMs=3110
2026-08-07 08:47:56.934 +02:00 [INF] MRA connectivity restored — waking offline sync worker.
2026-08-07 08:47:56.935 +02:00 [INF] ART Diagnostic HealthCheck HealthCheckWorker 1 null: All subsystems healthy (SQL 1 ms, disk 36.03 GB free).
2026-08-07 08:48:00.031 +02:00 [INF] ART Diagnostic DatabaseLatency SqlExpress 0 null: SQL round-trip 0 ms
2026-08-07 08:48:00.035 +02:00 [INF] MRA EIS POST "https://dev-eis-api.mra.mw/api/v1/utilities/ping"
2026-08-07 08:48:00.090 +02:00 [INF] Inventory alert scan complete: 102 products, low=2, stockout=0, overstock=0, fast=0.
2026-08-07 08:48:00.108 +02:00 [INF] MRA POST /api/v1/utilities/ping status=200 success=true durationMs=78
2026-08-07 08:48:00.116 +02:00 [INF] ART Diagnostic MraConnectivity MraEis 80 1: MRA ping ok in 80 ms.
2026-08-07 08:48:00.161 +02:00 [INF] MRA EIS POST "https://dev-eis-api.mra.mw/api/v1/utilities/ping"
2026-08-07 08:48:00.204 +02:00 [INF] MRA POST /api/v1/utilities/ping status=200 success=true durationMs=47
2026-08-07 08:48:00.215 +02:00 [INF] MRA connectivity restored — waking offline sync worker.
2026-08-07 08:48:00.215 +02:00 [INF] ART Diagnostic HealthCheck HealthCheckWorker 0 null: All subsystems healthy (SQL 0 ms, disk 36.02 GB free).
2026-08-07 08:48:00.265 +02:00 [INF] MRA EIS POST "https://dev-eis-api.mra.mw/api/v1/utilities/ping"
2026-08-07 08:48:00.296 +02:00 [INF] MRA POST /api/v1/utilities/ping status=200 success=true durationMs=31
2026-08-07 08:48:00.300 +02:00 [INF] MRA connectivity restored — waking offline sync worker.
2026-08-07 08:48:00.360 +02:00 [INF] ART Diagnostic WorkerHeartbeat SystemHealthMonitorService null null: All monitored subsystems healthy.
2026-08-07 08:48:11.144 +02:00 [INF] MRA EIS POST "https://dev-eis-api.mra.mw/api/v1/utilities/ping"
2026-08-07 08:48:11.171 +02:00 [INF] MRA POST /api/v1/utilities/ping status=200 success=true durationMs=31
2026-08-07 08:48:11.180 +02:00 [INF] MRA connectivity restored — waking offline sync worker.
2026-08-07 08:48:12.360 +02:00 [INF] ART Diagnostic DatabaseLatency SqlExpress 1 null: Performance profile sample (FPS 0.0)
2026-08-07 08:48:31.149 +02:00 [INF] MRA EIS POST "https://dev-eis-api.mra.mw/api/v1/utilities/ping"
2026-08-07 08:48:31.182 +02:00 [INF] MRA POST /api/v1/utilities/ping status=200 success=true durationMs=47
2026-08-07 08:48:32.029 +02:00 [INF] MRA connectivity restored — waking offline sync worker.
2026-08-07 08:48:41.951 +02:00 [INF] ART Diagnostic WorkerHeartbeat HealthCheckWorker null null: Heartbeat
2026-08-07 08:48:41.966 +02:00 [INF] ART Diagnostic DatabaseLatency SqlExpress 0 null: SQL round-trip 0 ms
2026-08-07 08:48:41.974 +02:00 [INF] MRA EIS POST "https://dev-eis-api.mra.mw/api/v1/utilities/ping"
2026-08-07 08:48:42.506 +02:00 [INF] ART Diagnostic DatabaseLatency SqlExpress 1 null: Performance profile sample (FPS 0.0)
2026-08-07 08:48:45.059 +02:00 [INF] MRA POST /api/v1/utilities/ping status=200 success=true durationMs=3094
2026-08-07 08:48:45.066 +02:00 [INF] ART Diagnostic MraConnectivity MraEis 3092 1: MRA ping ok in 3092 ms.
2026-08-07 08:48:45.153 +02:00 [INF] MRA EIS POST "https://dev-eis-api.mra.mw/api/v1/utilities/ping"
2026-08-07 08:48:45.185 +02:00 [INF] MRA POST /api/v1/utilities/ping status=200 success=true durationMs=32
2026-08-07 08:48:45.188 +02:00 [INF] MRA connectivity restored — waking offline sync worker.
2026-08-07 08:48:45.189 +02:00 [INF] ART Diagnostic HealthCheck HealthCheckWorker 0 null: All subsystems healthy (SQL 0 ms, disk 35.98 GB free).
2026-08-07 08:48:45.192 +02:00 [INF] MRA EIS POST "https://dev-eis-api.mra.mw/api/v1/sales/last-submitted-offline-transaction"
2026-08-07 08:48:45.450 +02:00 [INF] ART Diagnostic DatabaseLatency SqlExpress 1 null: SQL round-trip 1 ms
2026-08-07 08:48:45.458 +02:00 [INF] MRA EIS POST "https://dev-eis-api.mra.mw/api/v1/utilities/ping"
2026-08-07 08:48:45.549 +02:00 [INF] MRA POST /api/v1/utilities/ping status=200 success=true durationMs=94
2026-08-07 08:48:45.552 +02:00 [INF] ART Diagnostic MraConnectivity MraEis 94 1: MRA ping ok in 94 ms.
2026-08-07 08:48:45.606 +02:00 [INF] MRA EIS POST "https://dev-eis-api.mra.mw/api/v1/utilities/ping"
2026-08-07 08:48:45.661 +02:00 [INF] MRA POST /api/v1/sales/last-submitted-offline-transaction status=200 success=true durationMs=468
2026-08-07 08:48:45.669 +02:00 [WRN] Unable to query last-submitted-offline-transaction for sequence check.
PointOfSale.Mra.Http.MraApiException: Invalid MRA EIS response JSON.
 ---> System.Text.Json.JsonException: The JSON value could not be converted to System.Decimal. Path: $.data.invoiceSummary.amountTendered | LineNumber: 0 | BytePositionInLine: 1361.
 ---> System.InvalidOperationException: Cannot get the value of a token type 'Null' as a number.
   at System.Text.Json.ThrowHelper.ThrowInvalidOperationException_ExpectedNumber(JsonTokenType tokenType)
   at System.Text.Json.Utf8JsonReader.TryGetDecimal(Decimal& value)
   at System.Text.Json.Utf8JsonReader.GetDecimal()
   at System.Text.Json.Serialization.JsonConverter`1.TryRead(Utf8JsonReader& reader, Type typeToConvert, JsonSerializerOptions options, ReadStack& state, T& value, Boolean& isPopulatedValue)
   at System.Text.Json.Serialization.Metadata.JsonPropertyInfo`1.ReadJsonAndSetMember(Object obj, ReadStack& state, Utf8JsonReader& reader)
   at System.Text.Json.Serialization.Converters.ObjectDefaultConverter`1.OnTryRead(Utf8JsonReader& reader, Type typeToConvert, JsonSerializerOptions options, ReadStack& state, T& value)
   at System.Text.Json.Serialization.JsonConverter`1.TryRead(Utf8JsonReader& reader, Type typeToConvert, JsonSerializerOptions options, ReadStack& state, T& value, Boolean& isPopulatedValue)
   at System.Text.Json.Serialization.Metadata.JsonPropertyInfo`1.ReadJsonAndSetMember(Object obj, ReadStack& state, Utf8JsonReader& reader)
   at System.Text.Json.Serialization.Converters.ObjectDefaultConverter`1.OnTryRead(Utf8JsonReader& reader, Type typeToConvert, JsonSerializerOptions options, ReadStack& state, T& value)
   at System.Text.Json.Serialization.JsonConverter`1.TryRead(Utf8JsonReader& reader, Type typeToConvert, JsonSerializerOptions options, ReadStack& state, T& value, Boolean& isPopulatedValue)
   at System.Text.Json.Serialization.Metadata.JsonPropertyInfo`1.ReadJsonAndSetMember(Object obj, ReadStack& state, Utf8JsonReader& reader)
   at System.Text.Json.Serialization.Converters.ObjectDefaultConverter`1.OnTryRead(Utf8JsonReader& reader, Type typeToConvert, JsonSerializerOptions options, ReadStack& state, T& value)
   at System.Text.Json.Serialization.JsonConverter`1.TryRead(Utf8JsonReader& reader, Type typeToConvert, JsonSerializerOptions options, ReadStack& state, T& value, Boolean& isPopulatedValue)
   at System.Text.Json.Serialization.JsonConverter`1.ReadCore(Utf8JsonReader& reader, JsonSerializerOptions options, ReadStack& state)
   --- End of inner exception stack trace ---
   at System.Text.Json.ThrowHelper.ReThrowWithPath(ReadStack& state, Utf8JsonReader& reader, Exception ex)
   at System.Text.Json.Serialization.JsonConverter`1.ReadCore(Utf8JsonReader& reader, JsonSerializerOptions options, ReadStack& state)
   at System.Text.Json.JsonSerializer.ReadFromSpan[TValue](ReadOnlySpan`1 json, JsonTypeInfo`1 jsonTypeInfo)
   at System.Text.Json.JsonSerializer.Deserialize[TValue](String json, JsonSerializerOptions options)
   at PointOfSale.Infrastructure.Services.MraApiClient.SendAsync[TResponse](HttpRequestMessage request, String auditRequestBody, CancellationToken cancellationToken) in C:\Users\Albert Zee\Documents\Projects\Point Of Sale\src\PointOfSale.Infrastructure\Services\MraApiClient.cs:line 309
   --- End of inner exception stack trace ---
   at PointOfSale.Infrastructure.Services.MraApiClient.SendAsync[TResponse](HttpRequestMessage request, String auditRequestBody, CancellationToken cancellationToken) in C:\Users\Albert Zee\Documents\Projects\Point Of Sale\src\PointOfSale.Infrastructure\Services\MraApiClient.cs:line 323
   at PointOfSale.Infrastructure.Services.MraApiClient.PostEmptyAsync[TResponse](String relativePath, MraRequestContext context, CancellationToken cancellationToken) in C:\Users\Albert Zee\Documents\Projects\Point Of Sale\src\PointOfSale.Infrastructure\Services\MraApiClient.cs:line 249
   at PointOfSale.Infrastructure.Services.SalesTransactionService.GetLastSubmittedTransactionAsync(String relativePath, String channelLabel, CancellationToken cancellationToken) in C:\Users\Albert Zee\Documents\Projects\Point Of Sale\src\PointOfSale.Infrastructure\Services\SalesTransactionService.cs:line 86
   at PointOfSale.Infrastructure.Services.SalesTransactionService.VerifySequenceContinuityAsync(Func`2 lookupFactory, String channelLabel, CancellationToken cancellationToken) in C:\Users\Albert Zee\Documents\Projects\Point Of Sale\src\PointOfSale.Infrastructure\Services\SalesTransactionService.cs:line 153
2026-08-07 08:48:48.706 +02:00 [INF] MRA POST /api/v1/utilities/ping status=200 success=true durationMs=3094
2026-08-07 08:48:48.723 +02:00 [INF] MRA connectivity restored — waking offline sync worker.
2026-08-07 08:48:48.724 +02:00 [INF] ART Diagnostic HealthCheck HealthCheckWorker 1 null: All subsystems healthy (SQL 1 ms, disk 35.97 GB free).
2026-08-07 08:48:48.783 +02:00 [INF] MRA EIS POST "https://dev-eis-api.mra.mw/api/v1/utilities/ping"
2026-08-07 08:48:48.815 +02:00 [INF] MRA POST /api/v1/utilities/ping status=200 success=true durationMs=32
2026-08-07 08:48:48.819 +02:00 [INF] MRA connectivity restored — waking offline sync worker.
2026-08-07 08:48:48.861 +02:00 [INF] ART Diagnostic WorkerHeartbeat SystemHealthMonitorService null null: All monitored subsystems healthy.
2026-08-07 08:48:51.145 +02:00 [INF] MRA EIS POST "https://dev-eis-api.mra.mw/api/v1/utilities/ping"
2026-08-07 08:48:51.175 +02:00 [INF] MRA POST /api/v1/utilities/ping status=200 success=true durationMs=31
2026-08-07 08:48:51.179 +02:00 [INF] MRA connectivity restored — waking offline sync worker.
2026-08-07 08:49:00.274 +02:00 [INF] Inventory alert scan complete: 102 products, low=2, stockout=0, overstock=0, fast=0.
2026-08-07 08:49:11.132 +02:00 [INF] MRA EIS POST "https://dev-eis-api.mra.mw/api/v1/utilities/ping"
2026-08-07 08:49:11.228 +02:00 [INF] MRA POST /api/v1/utilities/ping status=200 success=true durationMs=93
2026-08-07 08:49:11.235 +02:00 [INF] MRA connectivity restored — waking offline sync worker.
2026-08-07 08:49:13.110 +02:00 [INF] ART Diagnostic DatabaseLatency SqlExpress 1 null: Performance profile sample (FPS 0.0)
2026-08-07 08:49:30.189 +02:00 [INF] ART Diagnostic WorkerHeartbeat HealthCheckWorker null null: Heartbeat
2026-08-07 08:49:30.197 +02:00 [INF] ART Diagnostic DatabaseLatency SqlExpress 1 null: SQL round-trip 1 ms
2026-08-07 08:49:30.447 +02:00 [INF] MRA EIS POST "https://dev-eis-api.mra.mw/api/v1/utilities/ping"
2026-08-07 08:49:30.473 +02:00 [INF] MRA POST /api/v1/utilities/ping status=200 success=true durationMs=31
2026-08-07 08:49:30.478 +02:00 [INF] ART Diagnostic MraConnectivity MraEis 31 1: MRA ping ok in 31 ms.
2026-08-07 08:49:30.538 +02:00 [INF] MRA EIS POST "https://dev-eis-api.mra.mw/api/v1/utilities/ping"
2026-08-07 08:49:30.569 +02:00 [INF] MRA POST /api/v1/utilities/ping status=200 success=true durationMs=31
2026-08-07 08:49:30.572 +02:00 [INF] MRA connectivity restored — waking offline sync worker.
2026-08-07 08:49:30.573 +02:00 [INF] ART Diagnostic HealthCheck HealthCheckWorker 1 null: All subsystems healthy (SQL 1 ms, disk 35.93 GB free).
2026-08-07 08:49:31.150 +02:00 [INF] MRA EIS POST "https://dev-eis-api.mra.mw/api/v1/utilities/ping"
2026-08-07 08:49:31.171 +02:00 [INF] MRA POST /api/v1/utilities/ping status=200 success=true durationMs=16
2026-08-07 08:49:31.175 +02:00 [INF] MRA connectivity restored — waking offline sync worker.
2026-08-07 08:49:33.860 +02:00 [INF] ART Diagnostic DatabaseLatency SqlExpress 2 null: SQL round-trip 2 ms
2026-08-07 08:49:33.871 +02:00 [INF] MRA EIS POST "https://dev-eis-api.mra.mw/api/v1/utilities/ping"
2026-08-07 08:49:33.926 +02:00 [INF] MRA POST /api/v1/utilities/ping status=200 success=true durationMs=63
2026-08-07 08:49:33.929 +02:00 [INF] ART Diagnostic MraConnectivity MraEis 57 1: MRA ping ok in 57 ms.
2026-08-07 08:49:33.985 +02:00 [INF] MRA EIS POST "https://dev-eis-api.mra.mw/api/v1/utilities/ping"
2026-08-07 08:49:34.009 +02:00 [INF] MRA POST /api/v1/utilities/ping status=200 success=true durationMs=16
2026-08-07 08:49:34.012 +02:00 [INF] MRA connectivity restored — waking offline sync worker.
2026-08-07 08:49:34.013 +02:00 [INF] ART Diagnostic HealthCheck HealthCheckWorker 2 null: All subsystems healthy (SQL 2 ms, disk 35.92 GB free).
2026-08-07 08:49:34.071 +02:00 [INF] MRA EIS POST "https://dev-eis-api.mra.mw/api/v1/utilities/ping"
2026-08-07 08:49:37.148 +02:00 [INF] MRA POST /api/v1/utilities/ping status=200 success=true durationMs=3063
2026-08-07 08:49:37.366 +02:00 [INF] MRA connectivity restored — waking offline sync worker.
2026-08-07 08:49:37.429 +02:00 [INF] ART Diagnostic WorkerHeartbeat SystemHealthMonitorService null null: All monitored subsystems healthy.
2026-08-07 08:49:43.215 +02:00 [INF] ART Diagnostic DatabaseLatency SqlExpress 1 null: Performance profile sample (FPS 0.0)
2026-08-07 08:49:51.127 +02:00 [INF] MRA EIS POST "https://dev-eis-api.mra.mw/api/v1/utilities/ping"
2026-08-07 08:49:51.150 +02:00 [INF] MRA POST /api/v1/utilities/ping status=200 success=true durationMs=16
2026-08-07 08:49:51.186 +02:00 [INF] MRA connectivity restored — waking offline sync worker.
2026-08-07 08:50:00.289 +02:00 [INF] Inventory alert scan complete: 102 products, low=2, stockout=0, overstock=0, fast=0.
2026-08-07 08:50:11.128 +02:00 [INF] MRA EIS POST "https://dev-eis-api.mra.mw/api/v1/utilities/ping"
2026-08-07 08:50:11.150 +02:00 [INF] MRA POST /api/v1/utilities/ping status=200 success=true durationMs=0
2026-08-07 08:50:11.154 +02:00 [INF] MRA connectivity restored — waking offline sync worker.
2026-08-07 08:50:14.009 +02:00 [INF] ART Diagnostic DatabaseLatency SqlExpress 1 null: Performance profile sample (FPS 0.0)
2026-08-07 08:50:15.575 +02:00 [INF] ART Diagnostic WorkerHeartbeat HealthCheckWorker null null: Heartbeat
2026-08-07 08:50:15.583 +02:00 [INF] ART Diagnostic DatabaseLatency SqlExpress 1 null: SQL round-trip 1 ms
2026-08-07 08:50:15.592 +02:00 [INF] MRA EIS POST "https://dev-eis-api.mra.mw/api/v1/utilities/ping"
2026-08-07 08:50:15.625 +02:00 [INF] MRA POST /api/v1/utilities/ping status=200 success=true durationMs=31
2026-08-07 08:50:15.629 +02:00 [INF] ART Diagnostic MraConnectivity MraEis 37 1: MRA ping ok in 37 ms.
2026-08-07 08:50:15.684 +02:00 [INF] MRA EIS POST "https://dev-eis-api.mra.mw/api/v1/utilities/ping"
2026-08-07 08:50:18.824 +02:00 [INF] MRA POST /api/v1/utilities/ping status=200 success=true durationMs=3156
2026-08-07 08:50:20.334 +02:00 [INF] MRA connectivity restored — waking offline sync worker.
2026-08-07 08:50:20.334 +02:00 [INF] ART Diagnostic HealthCheck HealthCheckWorker 1 null: All subsystems healthy (SQL 1 ms, disk 35.88 GB free).
2026-08-07 08:50:20.336 +02:00 [INF] MRA EIS POST "https://dev-eis-api.mra.mw/api/v1/sales/last-submitted-offline-transaction"
2026-08-07 08:50:20.773 +02:00 [INF] MRA POST /api/v1/sales/last-submitted-offline-transaction status=200 success=true durationMs=438
2026-08-07 08:50:21.394 +02:00 [WRN] Unable to query last-submitted-offline-transaction for sequence check.
PointOfSale.Mra.Http.MraApiException: Invalid MRA EIS response JSON.
 ---> System.Text.Json.JsonException: The JSON value could not be converted to System.Decimal. Path: $.data.invoiceSummary.amountTendered | LineNumber: 0 | BytePositionInLine: 1361.
 ---> System.InvalidOperationException: Cannot get the value of a token type 'Null' as a number.
   at System.Text.Json.ThrowHelper.ThrowInvalidOperationException_ExpectedNumber(JsonTokenType tokenType)
   at System.Text.Json.Utf8JsonReader.TryGetDecimal(Decimal& value)
   at System.Text.Json.Utf8JsonReader.GetDecimal()
   at System.Text.Json.Serialization.JsonConverter`1.TryRead(Utf8JsonReader& reader, Type typeToConvert, JsonSerializerOptions options, ReadStack& state, T& value, Boolean& isPopulatedValue)
   at System.Text.Json.Serialization.Metadata.JsonPropertyInfo`1.ReadJsonAndSetMember(Object obj, ReadStack& state, Utf8JsonReader& reader)
   at System.Text.Json.Serialization.Converters.ObjectDefaultConverter`1.OnTryRead(Utf8JsonReader& reader, Type typeToConvert, JsonSerializerOptions options, ReadStack& state, T& value)
   at System.Text.Json.Serialization.JsonConverter`1.TryRead(Utf8JsonReader& reader, Type typeToConvert, JsonSerializerOptions options, ReadStack& state, T& value, Boolean& isPopulatedValue)
   at System.Text.Json.Serialization.Metadata.JsonPropertyInfo`1.ReadJsonAndSetMember(Object obj, ReadStack& state, Utf8JsonReader& reader)
   at System.Text.Json.Serialization.Converters.ObjectDefaultConverter`1.OnTryRead(Utf8JsonReader& reader, Type typeToConvert, JsonSerializerOptions options, ReadStack& state, T& value)
   at System.Text.Json.Serialization.JsonConverter`1.TryRead(Utf8JsonReader& reader, Type typeToConvert, JsonSerializerOptions options, ReadStack& state, T& value, Boolean& isPopulatedValue)
   at System.Text.Json.Serialization.Metadata.JsonPropertyInfo`1.ReadJsonAndSetMember(Object obj, ReadStack& state, Utf8JsonReader& reader)
   at System.Text.Json.Serialization.Converters.ObjectDefaultConverter`1.OnTryRead(Utf8JsonReader& reader, Type typeToConvert, JsonSerializerOptions options, ReadStack& state, T& value)
   at System.Text.Json.Serialization.JsonConverter`1.TryRead(Utf8JsonReader& reader, Type typeToConvert, JsonSerializerOptions options, ReadStack& state, T& value, Boolean& isPopulatedValue)
   at System.Text.Json.Serialization.JsonConverter`1.ReadCore(Utf8JsonReader& reader, JsonSerializerOptions options, ReadStack& state)
   --- End of inner exception stack trace ---
   at System.Text.Json.ThrowHelper.ReThrowWithPath(ReadStack& state, Utf8JsonReader& reader, Exception ex)
   at System.Text.Json.Serialization.JsonConverter`1.ReadCore(Utf8JsonReader& reader, JsonSerializerOptions options, ReadStack& state)
   at System.Text.Json.JsonSerializer.ReadFromSpan[TValue](ReadOnlySpan`1 json, JsonTypeInfo`1 jsonTypeInfo)
   at System.Text.Json.JsonSerializer.Deserialize[TValue](String json, JsonSerializerOptions options)
   at PointOfSale.Infrastructure.Services.MraApiClient.SendAsync[TResponse](HttpRequestMessage request, String auditRequestBody, CancellationToken cancellationToken) in C:\Users\Albert Zee\Documents\Projects\Point Of Sale\src\PointOfSale.Infrastructure\Services\MraApiClient.cs:line 309
   --- End of inner exception stack trace ---
   at PointOfSale.Infrastructure.Services.MraApiClient.SendAsync[TResponse](HttpRequestMessage request, String auditRequestBody, CancellationToken cancellationToken) in C:\Users\Albert Zee\Documents\Projects\Point Of Sale\src\PointOfSale.Infrastructure\Services\MraApiClient.cs:line 323
   at PointOfSale.Infrastructure.Services.MraApiClient.PostEmptyAsync[TResponse](String relativePath, MraRequestContext context, CancellationToken cancellationToken) in C:\Users\Albert Zee\Documents\Projects\Point Of Sale\src\PointOfSale.Infrastructure\Services\MraApiClient.cs:line 249
   at PointOfSale.Infrastructure.Services.SalesTransactionService.GetLastSubmittedTransactionAsync(String relativePath, String channelLabel, CancellationToken cancellationToken) in C:\Users\Albert Zee\Documents\Projects\Point Of Sale\src\PointOfSale.Infrastructure\Services\SalesTransactionService.cs:line 86
   at PointOfSale.Infrastructure.Services.SalesTransactionService.VerifySequenceContinuityAsync(Func`2 lookupFactory, String channelLabel, CancellationToken cancellationToken) in C:\Users\Albert Zee\Documents\Projects\Point Of Sale\src\PointOfSale.Infrastructure\Services\SalesTransactionService.cs:line 153
2026-08-07 08:50:22.506 +02:00 [INF] ART Diagnostic DatabaseLatency SqlExpress 1 null: SQL round-trip 1 ms
2026-08-07 08:50:22.622 +02:00 [INF] MRA EIS POST "https://dev-eis-api.mra.mw/api/v1/utilities/ping"
2026-08-07 08:50:22.646 +02:00 [INF] MRA POST /api/v1/utilities/ping status=200 success=true durationMs=31
2026-08-07 08:50:22.980 +02:00 [INF] ART Diagnostic MraConnectivity MraEis 357 1: MRA ping ok in 357 ms.
2026-08-07 08:50:23.170 +02:00 [INF] MRA EIS POST "https://dev-eis-api.mra.mw/api/v1/utilities/ping"
2026-08-07 08:50:23.198 +02:00 [INF] MRA POST /api/v1/utilities/ping status=200 success=true durationMs=31
2026-08-07 08:50:23.283 +02:00 [INF] MRA connectivity restored — waking offline sync worker.
2026-08-07 08:50:23.283 +02:00 [INF] ART Diagnostic HealthCheck HealthCheckWorker 1 null: All subsystems healthy (SQL 1 ms, disk 35.75 GB free).
2026-08-07 08:50:23.594 +02:00 [INF] MRA EIS POST "https://dev-eis-api.mra.mw/api/v1/utilities/ping"
2026-08-07 08:50:23.617 +02:00 [INF] MRA POST /api/v1/utilities/ping status=200 success=true durationMs=15
2026-08-07 08:50:23.734 +02:00 [INF] MRA connectivity restored — waking offline sync worker.
2026-08-07 08:50:23.805 +02:00 [INF] ART Diagnostic WorkerHeartbeat SystemHealthMonitorService null null: All monitored subsystems healthy.
2026-08-07 08:50:31.121 +02:00 [INF] MRA EIS POST "https://dev-eis-api.mra.mw/api/v1/utilities/ping"
2026-08-07 08:50:31.153 +02:00 [INF] MRA POST /api/v1/utilities/ping status=200 success=true durationMs=31
2026-08-07 08:50:31.190 +02:00 [INF] MRA connectivity restored — waking offline sync worker.
2026-08-07 08:50:44.613 +02:00 [INF] ART Diagnostic DatabaseLatency SqlExpress 1 null: Performance profile sample (FPS 0.0)
2026-08-07 08:50:51.141 +02:00 [INF] MRA EIS POST "https://dev-eis-api.mra.mw/api/v1/utilities/ping"
2026-08-07 08:50:51.165 +02:00 [INF] MRA POST /api/v1/utilities/ping status=200 success=true durationMs=31
2026-08-07 08:50:51.169 +02:00 [INF] MRA connectivity restored — waking offline sync worker.
2026-08-07 08:51:00.300 +02:00 [INF] Inventory alert scan complete: 102 products, low=2, stockout=0, overstock=0, fast=0.
2026-08-07 08:51:05.694 +02:00 [INF] ART Diagnostic WorkerHeartbeat HealthCheckWorker null null: Heartbeat
2026-08-07 08:51:05.702 +02:00 [INF] ART Diagnostic DatabaseLatency SqlExpress 1 null: SQL round-trip 1 ms
2026-08-07 08:51:05.709 +02:00 [INF] MRA EIS POST "https://dev-eis-api.mra.mw/api/v1/utilities/ping"
2026-08-07 08:51:08.798 +02:00 [INF] MRA POST /api/v1/utilities/ping status=200 success=true durationMs=3078
2026-08-07 08:51:08.827 +02:00 [INF] ART Diagnostic MraConnectivity MraEis 3118 1: MRA ping ok in 3118 ms.
2026-08-07 08:51:08.878 +02:00 [INF] MRA EIS POST "https://dev-eis-api.mra.mw/api/v1/utilities/ping"
2026-08-07 08:51:08.910 +02:00 [INF] MRA POST /api/v1/utilities/ping status=200 success=true durationMs=31
2026-08-07 08:51:08.921 +02:00 [INF] MRA connectivity restored — waking offline sync worker.
2026-08-07 08:51:08.922 +02:00 [INF] ART Diagnostic HealthCheck HealthCheckWorker 1 null: All subsystems healthy (SQL 1 ms, disk 35.75 GB free).
2026-08-07 08:51:08.926 +02:00 [INF] ART Diagnostic DatabaseLatency SqlExpress 1 null: SQL round-trip 1 ms
2026-08-07 08:51:08.935 +02:00 [INF] MRA EIS POST "https://dev-eis-api.mra.mw/api/v1/utilities/ping"
2026-08-07 08:51:08.959 +02:00 [INF] MRA POST /api/v1/utilities/ping status=200 success=true durationMs=31
2026-08-07 08:51:08.965 +02:00 [INF] ART Diagnostic MraConnectivity MraEis 32 1: MRA ping ok in 32 ms.
2026-08-07 08:51:09.010 +02:00 [INF] MRA EIS POST "https://dev-eis-api.mra.mw/api/v1/utilities/ping"
2026-08-07 08:51:09.039 +02:00 [INF] MRA POST /api/v1/utilities/ping status=200 success=true durationMs=31
2026-08-07 08:51:09.043 +02:00 [INF] MRA connectivity restored — waking offline sync worker.
2026-08-07 08:51:09.043 +02:00 [INF] ART Diagnostic HealthCheck HealthCheckWorker 1 null: All subsystems healthy (SQL 1 ms, disk 35.75 GB free).
2026-08-07 08:51:09.097 +02:00 [INF] MRA EIS POST "https://dev-eis-api.mra.mw/api/v1/utilities/ping"
2026-08-07 08:51:09.124 +02:00 [INF] MRA POST /api/v1/utilities/ping status=200 success=true durationMs=16
2026-08-07 08:51:09.127 +02:00 [INF] MRA connectivity restored — waking offline sync worker.
2026-08-07 08:51:09.169 +02:00 [INF] ART Diagnostic WorkerHeartbeat SystemHealthMonitorService null null: All monitored subsystems healthy.
2026-08-07 08:51:11.126 +02:00 [INF] MRA EIS POST "https://dev-eis-api.mra.mw/api/v1/utilities/ping"
2026-08-07 08:51:11.161 +02:00 [INF] MRA POST /api/v1/utilities/ping status=200 success=true durationMs=31
2026-08-07 08:51:11.165 +02:00 [INF] MRA connectivity restored — waking offline sync worker.
2026-08-07 08:51:14.646 +02:00 [INF] ART Diagnostic DatabaseLatency SqlExpress 0 null: Performance profile sample (FPS 0.0)
2026-08-07 08:51:31.133 +02:00 [INF] MRA EIS POST "https://dev-eis-api.mra.mw/api/v1/utilities/ping"
2026-08-07 08:51:31.185 +02:00 [INF] MRA POST /api/v1/utilities/ping status=200 success=true durationMs=47
2026-08-07 08:51:31.189 +02:00 [INF] MRA connectivity restored — waking offline sync worker.
2026-08-07 08:51:44.717 +02:00 [INF] ART Diagnostic DatabaseLatency SqlExpress 1 null: Performance profile sample (FPS 0.0)
2026-08-07 08:51:51.155 +02:00 [INF] MRA EIS POST "https://dev-eis-api.mra.mw/api/v1/utilities/ping"
2026-08-07 08:51:51.177 +02:00 [INF] MRA POST /api/v1/utilities/ping status=200 success=true durationMs=32
2026-08-07 08:51:51.181 +02:00 [INF] MRA connectivity restored — waking offline sync worker.
2026-08-07 08:51:53.932 +02:00 [INF] ART Diagnostic WorkerHeartbeat HealthCheckWorker null null: Heartbeat
2026-08-07 08:51:53.938 +02:00 [INF] ART Diagnostic DatabaseLatency SqlExpress 0 null: SQL round-trip 0 ms
2026-08-07 08:51:54.171 +02:00 [INF] ART Diagnostic DatabaseLatency SqlExpress 1 null: SQL round-trip 1 ms
2026-08-07 08:51:54.917 +02:00 [INF] MRA EIS POST "https://dev-eis-api.mra.mw/api/v1/utilities/ping"
2026-08-07 08:51:54.918 +02:00 [INF] MRA EIS POST "https://dev-eis-api.mra.mw/api/v1/utilities/ping"
2026-08-07 08:51:54.949 +02:00 [INF] MRA POST /api/v1/utilities/ping status=200 success=true durationMs=32
2026-08-07 08:51:54.954 +02:00 [INF] ART Diagnostic MraConnectivity MraEis 37 1: MRA ping ok in 37 ms.
2026-08-07 08:51:54.972 +02:00 [INF] MRA POST /api/v1/utilities/ping status=200 success=true durationMs=63
2026-08-07 08:51:55.016 +02:00 [INF] ART Diagnostic MraConnectivity MraEis 98 1: MRA ping ok in 98 ms.
2026-08-07 08:51:55.020 +02:00 [INF] ART Diagnostic HealthCheck HealthCheckWorker 1 null: All subsystems healthy (SQL 1 ms, disk 36.13 GB free).
2026-08-07 08:51:55.059 +02:00 [INF] MRA EIS POST "https://dev-eis-api.mra.mw/api/v1/utilities/ping"
2026-08-07 08:51:55.085 +02:00 [INF] ART Diagnostic WorkerHeartbeat SystemHealthMonitorService null null: All monitored subsystems healthy.
2026-08-07 08:51:55.588 +02:00 [INF] MRA POST /api/v1/utilities/ping status=200 success=true durationMs=531
2026-08-07 08:51:55.596 +02:00 [INF] MRA connectivity restored — waking offline sync worker.
2026-08-07 08:51:55.597 +02:00 [INF] ART Diagnostic HealthCheck HealthCheckWorker 0 null: All subsystems healthy (SQL 0 ms, disk 36.13 GB free).
2026-08-07 08:51:55.606 +02:00 [INF] MRA EIS POST "https://dev-eis-api.mra.mw/api/v1/sales/last-submitted-offline-transaction"
2026-08-07 08:51:56.078 +02:00 [INF] MRA POST /api/v1/sales/last-submitted-offline-transaction status=200 success=true durationMs=469
2026-08-07 08:51:56.083 +02:00 [WRN] Unable to query last-submitted-offline-transaction for sequence check.
PointOfSale.Mra.Http.MraApiException: Invalid MRA EIS response JSON.
 ---> System.Text.Json.JsonException: The JSON value could not be converted to System.Decimal. Path: $.data.invoiceSummary.amountTendered | LineNumber: 0 | BytePositionInLine: 1361.
 ---> System.InvalidOperationException: Cannot get the value of a token type 'Null' as a number.
   at System.Text.Json.ThrowHelper.ThrowInvalidOperationException_ExpectedNumber(JsonTokenType tokenType)
   at System.Text.Json.Utf8JsonReader.TryGetDecimal(Decimal& value)
   at System.Text.Json.Serialization.Converters.DecimalConverter.ReadNumberWithCustomHandling(Utf8JsonReader& reader, JsonNumberHandling handling, JsonSerializerOptions options)
   at System.Text.Json.Serialization.JsonConverter`1.TryRead(Utf8JsonReader& reader, Type typeToConvert, JsonSerializerOptions options, ReadStack& state, T& value, Boolean& isPopulatedValue)
   at System.Text.Json.Serialization.Metadata.JsonPropertyInfo`1.ReadJsonAndSetMember(Object obj, ReadStack& state, Utf8JsonReader& reader)
   at System.Text.Json.Serialization.Converters.ObjectDefaultConverter`1.OnTryRead(Utf8JsonReader& reader, Type typeToConvert, JsonSerializerOptions options, ReadStack& state, T& value)
   at System.Text.Json.Serialization.JsonConverter`1.TryRead(Utf8JsonReader& reader, Type typeToConvert, JsonSerializerOptions options, ReadStack& state, T& value, Boolean& isPopulatedValue)
   at System.Text.Json.Serialization.Metadata.JsonPropertyInfo`1.ReadJsonAndSetMember(Object obj, ReadStack& state, Utf8JsonReader& reader)
   at System.Text.Json.Serialization.Converters.ObjectDefaultConverter`1.OnTryRead(Utf8JsonReader& reader, Type typeToConvert, JsonSerializerOptions options, ReadStack& state, T& value)
   at System.Text.Json.Serialization.JsonConverter`1.TryRead(Utf8JsonReader& reader, Type typeToConvert, JsonSerializerOptions options, ReadStack& state, T& value, Boolean& isPopulatedValue)
   at System.Text.Json.Serialization.Metadata.JsonPropertyInfo`1.ReadJsonAndSetMember(Object obj, ReadStack& state, Utf8JsonReader& reader)
   at System.Text.Json.Serialization.Converters.ObjectDefaultConverter`1.OnTryRead(Utf8JsonReader& reader, Type typeToConvert, JsonSerializerOptions options, ReadStack& state, T& value)
   at System.Text.Json.Serialization.JsonConverter`1.TryRead(Utf8JsonReader& reader, Type typeToConvert, JsonSerializerOptions options, ReadStack& state, T& value, Boolean& isPopulatedValue)
   at System.Text.Json.Serialization.JsonConverter`1.ReadCore(Utf8JsonReader& reader, JsonSerializerOptions options, ReadStack& state)
   --- End of inner exception stack trace ---
   at System.Text.Json.ThrowHelper.ReThrowWithPath(ReadStack& state, Utf8JsonReader& reader, Exception ex)
   at System.Text.Json.Serialization.JsonConverter`1.ReadCore(Utf8JsonReader& reader, JsonSerializerOptions options, ReadStack& state)
   at System.Text.Json.JsonSerializer.ReadFromSpan[TValue](ReadOnlySpan`1 json, JsonTypeInfo`1 jsonTypeInfo)
   at System.Text.Json.JsonSerializer.Deserialize[TValue](String json, JsonSerializerOptions options)
   at PointOfSale.Infrastructure.Services.MraApiClient.SendAsync[TResponse](HttpRequestMessage request, String auditRequestBody, CancellationToken cancellationToken) in C:\Users\Albert Zee\Documents\Projects\Point Of Sale\src\PointOfSale.Infrastructure\Services\MraApiClient.cs:line 309
   --- End of inner exception stack trace ---
   at PointOfSale.Infrastructure.Services.MraApiClient.SendAsync[TResponse](HttpRequestMessage request, String auditRequestBody, CancellationToken cancellationToken) in C:\Users\Albert Zee\Documents\Projects\Point Of Sale\src\PointOfSale.Infrastructure\Services\MraApiClient.cs:line 323
   at PointOfSale.Infrastructure.Services.MraApiClient.PostEmptyAsync[TResponse](String relativePath, MraRequestContext context, CancellationToken cancellationToken) in C:\Users\Albert Zee\Documents\Projects\Point Of Sale\src\PointOfSale.Infrastructure\Services\MraApiClient.cs:line 249
   at PointOfSale.Infrastructure.Services.SalesTransactionService.GetLastSubmittedTransactionAsync(String relativePath, String channelLabel, CancellationToken cancellationToken) in C:\Users\Albert Zee\Documents\Projects\Point Of Sale\src\PointOfSale.Infrastructure\Services\SalesTransactionService.cs:line 86
   at PointOfSale.Infrastructure.Services.SalesTransactionService.VerifySequenceContinuityAsync(Func`2 lookupFactory, String channelLabel, CancellationToken cancellationToken) in C:\Users\Albert Zee\Documents\Projects\Point Of Sale\src\PointOfSale.Infrastructure\Services\SalesTransactionService.cs:line 153
2026-08-07 08:52:00.306 +02:00 [INF] Inventory alert scan complete: 102 products, low=2, stockout=0, overstock=0, fast=0.
2026-08-07 08:52:11.117 +02:00 [INF] MRA EIS POST "https://dev-eis-api.mra.mw/api/v1/utilities/ping"
2026-08-07 08:52:11.146 +02:00 [INF] MRA POST /api/v1/utilities/ping status=200 success=true durationMs=16
2026-08-07 08:52:11.262 +02:00 [INF] MRA connectivity restored — waking offline sync worker.
2026-08-07 08:52:14.770 +02:00 [INF] ART Diagnostic DatabaseLatency SqlExpress 1 null: Performance profile sample (FPS 0.0)
2026-08-07 08:52:31.110 +02:00 [INF] MRA EIS POST "https://dev-eis-api.mra.mw/api/v1/utilities/ping"
2026-08-07 08:52:31.137 +02:00 [INF] MRA POST /api/v1/utilities/ping status=200 success=true durationMs=32
2026-08-07 08:52:31.162 +02:00 [INF] MRA connectivity restored — waking offline sync worker.
2026-08-07 08:52:40.112 +02:00 [INF] ART Diagnostic DatabaseLatency SqlExpress 1 null: SQL round-trip 1 ms
2026-08-07 08:52:40.612 +02:00 [INF] ART Diagnostic WorkerHeartbeat HealthCheckWorker null null: Heartbeat
2026-08-07 08:52:40.683 +02:00 [INF] MRA EIS POST "https://dev-eis-api.mra.mw/api/v1/utilities/ping"
2026-08-07 08:52:40.683 +02:00 [INF] ART Diagnostic DatabaseLatency SqlExpress 0 null: SQL round-trip 0 ms
2026-08-07 08:52:40.687 +02:00 [INF] MRA EIS POST "https://dev-eis-api.mra.mw/api/v1/utilities/ping"
2026-08-07 08:52:40.736 +02:00 [INF] MRA POST /api/v1/utilities/ping status=200 success=true durationMs=62
2026-08-07 08:52:40.817 +02:00 [INF] ART Diagnostic MraConnectivity MraEis 129 1: MRA ping ok in 129 ms.
2026-08-07 08:52:40.936 +02:00 [INF] MRA EIS POST "https://dev-eis-api.mra.mw/api/v1/utilities/ping"
2026-08-07 08:52:40.967 +02:00 [INF] MRA POST /api/v1/utilities/ping status=200 success=true durationMs=31
2026-08-07 08:52:40.982 +02:00 [INF] MRA connectivity restored — waking offline sync worker.
2026-08-07 08:52:41.178 +02:00 [INF] ART Diagnostic HealthCheck HealthCheckWorker 0 null: All subsystems healthy (SQL 0 ms, disk 36.15 GB free).
2026-08-07 08:52:43.135 +02:00 [INF] MRA POST /api/v1/utilities/ping status=200 success=true durationMs=2453
2026-08-07 08:52:43.143 +02:00 [INF] ART Diagnostic MraConnectivity MraEis 2460 1: MRA ping ok in 2460 ms.
2026-08-07 08:52:43.220 +02:00 [INF] MRA EIS POST "https://dev-eis-api.mra.mw/api/v1/utilities/ping"
2026-08-07 08:52:43.270 +02:00 [INF] MRA POST /api/v1/utilities/ping status=200 success=true durationMs=47
2026-08-07 08:52:44.240 +02:00 [INF] MRA connectivity restored — waking offline sync worker.
2026-08-07 08:52:44.241 +02:00 [INF] ART Diagnostic HealthCheck HealthCheckWorker 1 null: All subsystems healthy (SQL 1 ms, disk 36.15 GB free).
2026-08-07 08:52:44.471 +02:00 [INF] MRA EIS POST "https://dev-eis-api.mra.mw/api/v1/utilities/ping"
2026-08-07 08:52:44.529 +02:00 [INF] MRA POST /api/v1/utilities/ping status=200 success=true durationMs=47
2026-08-07 08:52:44.601 +02:00 [INF] MRA connectivity restored — waking offline sync worker.
2026-08-07 08:52:44.663 +02:00 [INF] ART Diagnostic WorkerHeartbeat SystemHealthMonitorService null null: All monitored subsystems healthy.
2026-08-07 08:52:45.084 +02:00 [INF] ART Diagnostic DatabaseLatency SqlExpress 14 null: Performance profile sample (FPS 0.0)
2026-08-07 08:52:51.116 +02:00 [INF] MRA EIS POST "https://dev-eis-api.mra.mw/api/v1/utilities/ping"
2026-08-07 08:52:51.148 +02:00 [INF] MRA POST /api/v1/utilities/ping status=200 success=true durationMs=31
2026-08-07 08:52:51.154 +02:00 [INF] MRA connectivity restored — waking offline sync worker.
2026-08-07 08:53:00.854 +02:00 [INF] Inventory alert scan complete: 102 products, low=2, stockout=0, overstock=0, fast=0.
2026-08-07 08:53:11.158 +02:00 [INF] MRA EIS POST "https://dev-eis-api.mra.mw/api/v1/utilities/ping"
2026-08-07 08:53:11.179 +02:00 [INF] MRA POST /api/v1/utilities/ping status=200 success=true durationMs=16
2026-08-07 08:53:11.278 +02:00 [INF] MRA connectivity restored — waking offline sync worker.
2026-08-07 08:53:16.084 +02:00 [INF] ART Diagnostic DatabaseLatency SqlExpress 1 null: Performance profile sample (FPS 0.0)
2026-08-07 08:53:26.254 +02:00 [INF] ART Diagnostic WorkerHeartbeat HealthCheckWorker null null: Heartbeat
2026-08-07 08:53:26.273 +02:00 [INF] ART Diagnostic DatabaseLatency SqlExpress 1 null: SQL round-trip 1 ms
2026-08-07 08:53:26.286 +02:00 [INF] MRA EIS POST "https://dev-eis-api.mra.mw/api/v1/sales/last-submitted-offline-transaction"
2026-08-07 08:53:26.332 +02:00 [INF] MRA EIS POST "https://dev-eis-api.mra.mw/api/v1/utilities/ping"
2026-08-07 08:53:26.727 +02:00 [INF] MRA POST /api/v1/sales/last-submitted-offline-transaction status=200 success=true durationMs=437
2026-08-07 08:53:26.736 +02:00 [WRN] Unable to query last-submitted-offline-transaction for sequence check.
PointOfSale.Mra.Http.MraApiException: Invalid MRA EIS response JSON.
 ---> System.Text.Json.JsonException: The JSON value could not be converted to System.Decimal. Path: $.data.invoiceSummary.amountTendered | LineNumber: 0 | BytePositionInLine: 1361.
 ---> System.InvalidOperationException: Cannot get the value of a token type 'Null' as a number.
   at System.Text.Json.ThrowHelper.ThrowInvalidOperationException_ExpectedNumber(JsonTokenType tokenType)
   at System.Text.Json.Utf8JsonReader.TryGetDecimal(Decimal& value)
   at System.Text.Json.Serialization.Converters.DecimalConverter.ReadNumberWithCustomHandling(Utf8JsonReader& reader, JsonNumberHandling handling, JsonSerializerOptions options)
   at System.Text.Json.Serialization.JsonConverter`1.TryRead(Utf8JsonReader& reader, Type typeToConvert, JsonSerializerOptions options, ReadStack& state, T& value, Boolean& isPopulatedValue)
   at System.Text.Json.Serialization.Metadata.JsonPropertyInfo`1.ReadJsonAndSetMember(Object obj, ReadStack& state, Utf8JsonReader& reader)
   at System.Text.Json.Serialization.Converters.ObjectDefaultConverter`1.OnTryRead(Utf8JsonReader& reader, Type typeToConvert, JsonSerializerOptions options, ReadStack& state, T& value)
   at System.Text.Json.Serialization.JsonConverter`1.TryRead(Utf8JsonReader& reader, Type typeToConvert, JsonSerializerOptions options, ReadStack& state, T& value, Boolean& isPopulatedValue)
   at System.Text.Json.Serialization.Metadata.JsonPropertyInfo`1.ReadJsonAndSetMember(Object obj, ReadStack& state, Utf8JsonReader& reader)
   at System.Text.Json.Serialization.Converters.ObjectDefaultConverter`1.OnTryRead(Utf8JsonReader& reader, Type typeToConvert, JsonSerializerOptions options, ReadStack& state, T& value)
   at System.Text.Json.Serialization.JsonConverter`1.TryRead(Utf8JsonReader& reader, Type typeToConvert, JsonSerializerOptions options, ReadStack& state, T& value, Boolean& isPopulatedValue)
   at System.Text.Json.Serialization.Metadata.JsonPropertyInfo`1.ReadJsonAndSetMember(Object obj, ReadStack& state, Utf8JsonReader& reader)
   at System.Text.Json.Serialization.Converters.ObjectDefaultConverter`1.OnTryRead(Utf8JsonReader& reader, Type typeToConvert, JsonSerializerOptions options, ReadStack& state, T& value)
   at System.Text.Json.Serialization.JsonConverter`1.TryRead(Utf8JsonReader& reader, Type typeToConvert, JsonSerializerOptions options, ReadStack& state, T& value, Boolean& isPopulatedValue)
   at System.Text.Json.Serialization.JsonConverter`1.ReadCore(Utf8JsonReader& reader, JsonSerializerOptions options, ReadStack& state)
   --- End of inner exception stack trace ---
   at System.Text.Json.ThrowHelper.ReThrowWithPath(ReadStack& state, Utf8JsonReader& reader, Exception ex)
   at System.Text.Json.Serialization.JsonConverter`1.ReadCore(Utf8JsonReader& reader, JsonSerializerOptions options, ReadStack& state)
   at System.Text.Json.JsonSerializer.ReadFromSpan[TValue](ReadOnlySpan`1 json, JsonTypeInfo`1 jsonTypeInfo)
   at System.Text.Json.JsonSerializer.Deserialize[TValue](String json, JsonSerializerOptions options)
   at PointOfSale.Infrastructure.Services.MraApiClient.SendAsync[TResponse](HttpRequestMessage request, String auditRequestBody, CancellationToken cancellationToken) in C:\Users\Albert Zee\Documents\Projects\Point Of Sale\src\PointOfSale.Infrastructure\Services\MraApiClient.cs:line 309
   --- End of inner exception stack trace ---
   at PointOfSale.Infrastructure.Services.MraApiClient.SendAsync[TResponse](HttpRequestMessage request, String auditRequestBody, CancellationToken cancellationToken) in C:\Users\Albert Zee\Documents\Projects\Point Of Sale\src\PointOfSale.Infrastructure\Services\MraApiClient.cs:line 323
   at PointOfSale.Infrastructure.Services.MraApiClient.PostEmptyAsync[TResponse](String relativePath, MraRequestContext context, CancellationToken cancellationToken) in C:\Users\Albert Zee\Documents\Projects\Point Of Sale\src\PointOfSale.Infrastructure\Services\MraApiClient.cs:line 249
   at PointOfSale.Infrastructure.Services.SalesTransactionService.GetLastSubmittedTransactionAsync(String relativePath, String channelLabel, CancellationToken cancellationToken) in C:\Users\Albert Zee\Documents\Projects\Point Of Sale\src\PointOfSale.Infrastructure\Services\SalesTransactionService.cs:line 86
   at PointOfSale.Infrastructure.Services.SalesTransactionService.VerifySequenceContinuityAsync(Func`2 lookupFactory, String channelLabel, CancellationToken cancellationToken) in C:\Users\Albert Zee\Documents\Projects\Point Of Sale\src\PointOfSale.Infrastructure\Services\SalesTransactionService.cs:line 153
2026-08-07 08:53:29.471 +02:00 [INF] MRA POST /api/v1/utilities/ping status=200 success=true durationMs=3140
2026-08-07 08:53:29.476 +02:00 [INF] ART Diagnostic MraConnectivity MraEis 3143 1: MRA ping ok in 3143 ms.
2026-08-07 08:53:29.526 +02:00 [INF] MRA EIS POST "https://dev-eis-api.mra.mw/api/v1/utilities/ping"
2026-08-07 08:53:29.554 +02:00 [INF] MRA POST /api/v1/utilities/ping status=200 success=true durationMs=32
2026-08-07 08:53:29.558 +02:00 [INF] MRA connectivity restored — waking offline sync worker.
2026-08-07 08:53:29.558 +02:00 [INF] ART Diagnostic HealthCheck HealthCheckWorker 1 null: All subsystems healthy (SQL 1 ms, disk 36.14 GB free).
2026-08-07 08:53:29.669 +02:00 [INF] ART Diagnostic DatabaseLatency SqlExpress 1 null: SQL round-trip 1 ms
2026-08-07 08:53:29.676 +02:00 [INF] MRA EIS POST "https://dev-eis-api.mra.mw/api/v1/utilities/ping"
2026-08-07 08:53:29.739 +02:00 [INF] MRA POST /api/v1/utilities/ping status=200 success=true durationMs=62
2026-08-07 08:53:29.742 +02:00 [INF] ART Diagnostic MraConnectivity MraEis 65 1: MRA ping ok in 65 ms.
2026-08-07 08:53:29.799 +02:00 [INF] MRA EIS POST "https://dev-eis-api.mra.mw/api/v1/utilities/ping"
2026-08-07 08:53:29.826 +02:00 [INF] MRA POST /api/v1/utilities/ping status=200 success=true durationMs=15
2026-08-07 08:53:29.829 +02:00 [INF] MRA connectivity restored — waking offline sync worker.
2026-08-07 08:53:29.830 +02:00 [INF] ART Diagnostic HealthCheck HealthCheckWorker 1 null: All subsystems healthy (SQL 1 ms, disk 36.14 GB free).
2026-08-07 08:53:29.881 +02:00 [INF] MRA EIS POST "https://dev-eis-api.mra.mw/api/v1/utilities/ping"
2026-08-07 08:53:29.909 +02:00 [INF] MRA POST /api/v1/utilities/ping status=200 success=true durationMs=31
2026-08-07 08:53:29.912 +02:00 [INF] MRA connectivity restored — waking offline sync worker.
2026-08-07 08:53:29.956 +02:00 [INF] ART Diagnostic WorkerHeartbeat SystemHealthMonitorService null null: All monitored subsystems healthy.
2026-08-07 08:53:31.121 +02:00 [INF] MRA EIS POST "https://dev-eis-api.mra.mw/api/v1/utilities/ping"
2026-08-07 08:53:31.173 +02:00 [INF] MRA POST /api/v1/utilities/ping status=200 success=true durationMs=63
2026-08-07 08:53:31.181 +02:00 [INF] MRA connectivity restored — waking offline sync worker.
2026-08-07 08:53:46.124 +02:00 [INF] ART Diagnostic DatabaseLatency SqlExpress 1 null: Performance profile sample (FPS 0.0)
2026-08-07 08:53:51.140 +02:00 [INF] MRA EIS POST "https://dev-eis-api.mra.mw/api/v1/utilities/ping"
2026-08-07 08:53:51.237 +02:00 [INF] MRA POST /api/v1/utilities/ping status=200 success=true durationMs=93
2026-08-07 08:53:51.246 +02:00 [INF] MRA connectivity restored — waking offline sync worker.
2026-08-07 08:54:00.866 +02:00 [INF] Inventory alert scan complete: 102 products, low=2, stockout=0, overstock=0, fast=0.
2026-08-07 08:54:11.148 +02:00 [INF] MRA EIS POST "https://dev-eis-api.mra.mw/api/v1/utilities/ping"
2026-08-07 08:54:14.266 +02:00 [INF] MRA POST /api/v1/utilities/ping status=200 success=true durationMs=3125
2026-08-07 08:54:14.274 +02:00 [INF] MRA connectivity restored — waking offline sync worker.
2026-08-07 08:54:14.578 +02:00 [INF] ART Diagnostic WorkerHeartbeat HealthCheckWorker null null: Heartbeat
2026-08-07 08:54:14.585 +02:00 [INF] ART Diagnostic DatabaseLatency SqlExpress 1 null: SQL round-trip 1 ms
2026-08-07 08:54:14.593 +02:00 [INF] MRA EIS POST "https://dev-eis-api.mra.mw/api/v1/utilities/ping"
2026-08-07 08:54:14.636 +02:00 [INF] MRA POST /api/v1/utilities/ping status=200 success=true durationMs=47
2026-08-07 08:54:14.641 +02:00 [INF] ART Diagnostic MraConnectivity MraEis 48 1: MRA ping ok in 48 ms.
2026-08-07 08:54:14.693 +02:00 [INF] MRA EIS POST "https://dev-eis-api.mra.mw/api/v1/utilities/ping"
2026-08-07 08:54:14.715 +02:00 [INF] MRA POST /api/v1/utilities/ping status=200 success=true durationMs=15
2026-08-07 08:54:14.718 +02:00 [INF] MRA connectivity restored — waking offline sync worker.
2026-08-07 08:54:14.718 +02:00 [INF] ART Diagnostic HealthCheck HealthCheckWorker 1 null: All subsystems healthy (SQL 1 ms, disk 36.13 GB free).
2026-08-07 08:54:14.970 +02:00 [INF] ART Diagnostic DatabaseLatency SqlExpress 1 null: SQL round-trip 1 ms
2026-08-07 08:54:14.979 +02:00 [INF] MRA EIS POST "https://dev-eis-api.mra.mw/api/v1/utilities/ping"
2026-08-07 08:54:15.008 +02:00 [INF] MRA POST /api/v1/utilities/ping status=200 success=true durationMs=31
2026-08-07 08:54:15.011 +02:00 [INF] ART Diagnostic MraConnectivity MraEis 32 1: MRA ping ok in 32 ms.
2026-08-07 08:54:15.057 +02:00 [INF] MRA EIS POST "https://dev-eis-api.mra.mw/api/v1/utilities/ping"
2026-08-07 08:54:15.090 +02:00 [INF] MRA POST /api/v1/utilities/ping status=200 success=true durationMs=31
2026-08-07 08:54:15.093 +02:00 [INF] MRA connectivity restored — waking offline sync worker.
2026-08-07 08:54:15.093 +02:00 [INF] ART Diagnostic HealthCheck HealthCheckWorker 1 null: All subsystems healthy (SQL 1 ms, disk 36.13 GB free).
2026-08-07 08:54:15.139 +02:00 [INF] MRA EIS POST "https://dev-eis-api.mra.mw/api/v1/utilities/ping"
2026-08-07 08:54:15.167 +02:00 [INF] MRA POST /api/v1/utilities/ping status=200 success=true durationMs=31
2026-08-07 08:54:15.170 +02:00 [INF] MRA connectivity restored — waking offline sync worker.
2026-08-07 08:54:15.216 +02:00 [INF] ART Diagnostic WorkerHeartbeat SystemHealthMonitorService null null: All monitored subsystems healthy.
2026-08-07 08:54:16.307 +02:00 [INF] ART Diagnostic DatabaseLatency SqlExpress 1 null: Performance profile sample (FPS 0.0)
2026-08-07 08:54:31.143 +02:00 [INF] MRA EIS POST "https://dev-eis-api.mra.mw/api/v1/utilities/ping"
2026-08-07 08:54:31.170 +02:00 [INF] MRA POST /api/v1/utilities/ping status=200 success=true durationMs=31
2026-08-07 08:54:31.174 +02:00 [INF] MRA connectivity restored — waking offline sync worker.
2026-08-07 08:54:46.334 +02:00 [INF] ART Diagnostic DatabaseLatency SqlExpress 0 null: Performance profile sample (FPS 0.0)
2026-08-07 08:54:51.162 +02:00 [INF] MRA EIS POST "https://dev-eis-api.mra.mw/api/v1/utilities/ping"
2026-08-07 08:54:51.182 +02:00 [INF] MRA POST /api/v1/utilities/ping status=200 success=true durationMs=16
2026-08-07 08:54:51.185 +02:00 [INF] MRA connectivity restored — waking offline sync worker.
2026-08-07 08:54:59.732 +02:00 [INF] ART Diagnostic WorkerHeartbeat HealthCheckWorker null null: Heartbeat
2026-08-07 08:54:59.741 +02:00 [INF] ART Diagnostic DatabaseLatency SqlExpress 1 null: SQL round-trip 1 ms
2026-08-07 08:54:59.751 +02:00 [INF] MRA EIS POST "https://dev-eis-api.mra.mw/api/v1/utilities/ping"
2026-08-07 08:54:59.783 +02:00 [INF] MRA POST /api/v1/utilities/ping status=200 success=true durationMs=31
2026-08-07 08:54:59.786 +02:00 [INF] ART Diagnostic MraConnectivity MraEis 34 1: MRA ping ok in 34 ms.
2026-08-07 08:54:59.838 +02:00 [INF] MRA EIS POST "https://dev-eis-api.mra.mw/api/v1/utilities/ping"
2026-08-07 08:54:59.862 +02:00 [INF] MRA POST /api/v1/utilities/ping status=200 success=true durationMs=31
2026-08-07 08:54:59.865 +02:00 [INF] MRA connectivity restored — waking offline sync worker.
2026-08-07 08:54:59.865 +02:00 [INF] ART Diagnostic HealthCheck HealthCheckWorker 1 null: All subsystems healthy (SQL 1 ms, disk 36.11 GB free).
2026-08-07 08:54:59.868 +02:00 [INF] MRA EIS POST "https://dev-eis-api.mra.mw/api/v1/sales/last-submitted-offline-transaction"
2026-08-07 08:55:00.234 +02:00 [INF] ART Diagnostic DatabaseLatency SqlExpress 1 null: SQL round-trip 1 ms
2026-08-07 08:55:00.292 +02:00 [INF] MRA EIS POST "https://dev-eis-api.mra.mw/api/v1/utilities/ping"
2026-08-07 08:55:00.327 +02:00 [INF] MRA POST /api/v1/sales/last-submitted-offline-transaction status=200 success=true durationMs=469
2026-08-07 08:55:00.366 +02:00 [INF] MRA POST /api/v1/utilities/ping status=200 success=true durationMs=78
2026-08-07 08:55:00.434 +02:00 [WRN] Unable to query last-submitted-offline-transaction for sequence check.
PointOfSale.Mra.Http.MraApiException: Invalid MRA EIS response JSON.
 ---> System.Text.Json.JsonException: The JSON value could not be converted to System.Decimal. Path: $.data.invoiceSummary.amountTendered | LineNumber: 0 | BytePositionInLine: 1361.
 ---> System.InvalidOperationException: Cannot get the value of a token type 'Null' as a number.
   at System.Text.Json.ThrowHelper.ThrowInvalidOperationException_ExpectedNumber(JsonTokenType tokenType)
   at System.Text.Json.Serialization.Metadata.JsonPropertyInfo`1.ReadJsonAndSetMember(Object obj, ReadStack& state, Utf8JsonReader& reader)
   at System.Text.Json.Serialization.Converters.ObjectDefaultConverter`1.OnTryRead(Utf8JsonReader& reader, Type typeToConvert, JsonSerializerOptions options, ReadStack& state, T& value)
   at System.Text.Json.Serialization.JsonConverter`1.TryRead(Utf8JsonReader& reader, Type typeToConvert, JsonSerializerOptions options, ReadStack& state, T& value, Boolean& isPopulatedValue)
   at System.Text.Json.Serialization.Metadata.JsonPropertyInfo`1.ReadJsonAndSetMember(Object obj, ReadStack& state, Utf8JsonReader& reader)
   at System.Text.Json.Serialization.Converters.ObjectDefaultConverter`1.OnTryRead(Utf8JsonReader& reader, Type typeToConvert, JsonSerializerOptions options, ReadStack& state, T& value)
   at System.Text.Json.Serialization.JsonConverter`1.TryRead(Utf8JsonReader& reader, Type typeToConvert, JsonSerializerOptions options, ReadStack& state, T& value, Boolean& isPopulatedValue)
   at System.Text.Json.Serialization.Metadata.JsonPropertyInfo`1.ReadJsonAndSetMember(Object obj, ReadStack& state, Utf8JsonReader& reader)
   at System.Text.Json.Serialization.Converters.ObjectDefaultConverter`1.OnTryRead(Utf8JsonReader& reader, Type typeToConvert, JsonSerializerOptions options, ReadStack& state, T& value)
   at System.Text.Json.Serialization.JsonConverter`1.TryRead(Utf8JsonReader& reader, Type typeToConvert, JsonSerializerOptions options, ReadStack& state, T& value, Boolean& isPopulatedValue)
   at System.Text.Json.Serialization.JsonConverter`1.ReadCore(Utf8JsonReader& reader, JsonSerializerOptions options, ReadStack& state)
   --- End of inner exception stack trace ---
   at System.Text.Json.ThrowHelper.ReThrowWithPath(ReadStack& state, Utf8JsonReader& reader, Exception ex)
   at System.Text.Json.Serialization.JsonConverter`1.ReadCore(Utf8JsonReader& reader, JsonSerializerOptions options, ReadStack& state)
   at System.Text.Json.JsonSerializer.ReadFromSpan[TValue](ReadOnlySpan`1 json, JsonTypeInfo`1 jsonTypeInfo)
   at System.Text.Json.JsonSerializer.Deserialize[TValue](String json, JsonSerializerOptions options)
   at PointOfSale.Infrastructure.Services.MraApiClient.SendAsync[TResponse](HttpRequestMessage request, String auditRequestBody, CancellationToken cancellationToken) in C:\Users\Albert Zee\Documents\Projects\Point Of Sale\src\PointOfSale.Infrastructure\Services\MraApiClient.cs:line 309
   --- End of inner exception stack trace ---
   at PointOfSale.Infrastructure.Services.MraApiClient.SendAsync[TResponse](HttpRequestMessage request, String auditRequestBody, CancellationToken cancellationToken) in C:\Users\Albert Zee\Documents\Projects\Point Of Sale\src\PointOfSale.Infrastructure\Services\MraApiClient.cs:line 323
   at PointOfSale.Infrastructure.Services.MraApiClient.PostEmptyAsync[TResponse](String relativePath, MraRequestContext context, CancellationToken cancellationToken) in C:\Users\Albert Zee\Documents\Projects\Point Of Sale\src\PointOfSale.Infrastructure\Services\MraApiClient.cs:line 249
   at PointOfSale.Infrastructure.Services.SalesTransactionService.GetLastSubmittedTransactionAsync(String relativePath, String channelLabel, CancellationToken cancellationToken) in C:\Users\Albert Zee\Documents\Projects\Point Of Sale\src\PointOfSale.Infrastructure\Services\SalesTransactionService.cs:line 86
   at PointOfSale.Infrastructure.Services.SalesTransactionService.VerifySequenceContinuityAsync(Func`2 lookupFactory, String channelLabel, CancellationToken cancellationToken) in C:\Users\Albert Zee\Documents\Projects\Point Of Sale\src\PointOfSale.Infrastructure\Services\SalesTransactionService.cs:line 153
2026-08-07 08:55:00.439 +02:00 [INF] ART Diagnostic MraConnectivity MraEis 145 1: MRA ping ok in 145 ms.
2026-08-07 08:55:00.607 +02:00 [INF] MRA EIS POST "https://dev-eis-api.mra.mw/api/v1/utilities/ping"
2026-08-07 08:55:00.638 +02:00 [INF] MRA POST /api/v1/utilities/ping status=200 success=true durationMs=16
2026-08-07 08:55:00.749 +02:00 [INF] MRA connectivity restored — waking offline sync worker.
2026-08-07 08:55:00.750 +02:00 [INF] ART Diagnostic HealthCheck HealthCheckWorker 1 null: All subsystems healthy (SQL 1 ms, disk 36.11 GB free).
2026-08-07 08:55:00.820 +02:00 [INF] MRA EIS POST "https://dev-eis-api.mra.mw/api/v1/utilities/ping"
2026-08-07 08:55:00.846 +02:00 [INF] MRA POST /api/v1/utilities/ping status=200 success=true durationMs=31
2026-08-07 08:55:00.894 +02:00 [INF] MRA connectivity restored — waking offline sync worker.
2026-08-07 08:55:00.944 +02:00 [INF] Inventory alert scan complete: 102 products, low=2, stockout=0, overstock=0, fast=0.
2026-08-07 08:55:00.956 +02:00 [INF] ART Diagnostic WorkerHeartbeat SystemHealthMonitorService null null: All monitored subsystems healthy.
2026-08-07 08:55:11.140 +02:00 [INF] MRA EIS POST "https://dev-eis-api.mra.mw/api/v1/utilities/ping"
2026-08-07 08:55:11.181 +02:00 [INF] MRA POST /api/v1/utilities/ping status=200 success=true durationMs=31
2026-08-07 08:55:11.195 +02:00 [INF] MRA connectivity restored — waking offline sync worker.
2026-08-07 08:55:16.395 +02:00 [INF] ART Diagnostic DatabaseLatency SqlExpress 1 null: Performance profile sample (FPS 0.0)
2026-08-07 08:55:31.148 +02:00 [INF] MRA EIS POST "https://dev-eis-api.mra.mw/api/v1/utilities/ping"
2026-08-07 08:55:31.172 +02:00 [INF] MRA POST /api/v1/utilities/ping status=200 success=true durationMs=31
2026-08-07 08:55:31.330 +02:00 [INF] MRA connectivity restored — waking offline sync worker.
2026-08-07 08:55:44.865 +02:00 [INF] ART Diagnostic WorkerHeartbeat HealthCheckWorker null null: Heartbeat
2026-08-07 08:55:44.872 +02:00 [INF] ART Diagnostic DatabaseLatency SqlExpress 1 null: SQL round-trip 1 ms
2026-08-07 08:55:44.881 +02:00 [INF] MRA EIS POST "https://dev-eis-api.mra.mw/api/v1/utilities/ping"
2026-08-07 08:55:45.976 +02:00 [INF] ART Diagnostic DatabaseLatency SqlExpress 1 null: SQL round-trip 1 ms
2026-08-07 08:55:45.984 +02:00 [INF] MRA EIS POST "https://dev-eis-api.mra.mw/api/v1/utilities/ping"
2026-08-07 08:55:46.018 +02:00 [INF] MRA POST /api/v1/utilities/ping status=200 success=true durationMs=32
2026-08-07 08:55:46.023 +02:00 [INF] ART Diagnostic MraConnectivity MraEis 38 1: MRA ping ok in 38 ms.
2026-08-07 08:55:46.070 +02:00 [INF] MRA EIS POST "https://dev-eis-api.mra.mw/api/v1/utilities/ping"
2026-08-07 08:55:46.117 +02:00 [INF] MRA POST /api/v1/utilities/ping status=200 success=true durationMs=47
2026-08-07 08:55:46.120 +02:00 [INF] MRA connectivity restored — waking offline sync worker.
2026-08-07 08:55:46.120 +02:00 [INF] ART Diagnostic HealthCheck HealthCheckWorker 1 null: All subsystems healthy (SQL 1 ms, disk 36.1 GB free).
2026-08-07 08:55:46.170 +02:00 [INF] MRA EIS POST "https://dev-eis-api.mra.mw/api/v1/utilities/ping"
2026-08-07 08:55:46.205 +02:00 [INF] MRA POST /api/v1/utilities/ping status=200 success=true durationMs=31
2026-08-07 08:55:46.208 +02:00 [INF] MRA connectivity restored — waking offline sync worker.
2026-08-07 08:55:46.247 +02:00 [INF] ART Diagnostic WorkerHeartbeat SystemHealthMonitorService null null: All monitored subsystems healthy.
2026-08-07 08:55:46.483 +02:00 [INF] ART Diagnostic DatabaseLatency SqlExpress 1 null: Performance profile sample (FPS 0.0)
2026-08-07 08:55:47.967 +02:00 [INF] MRA POST /api/v1/utilities/ping status=200 success=true durationMs=3078
2026-08-07 08:55:47.973 +02:00 [INF] ART Diagnostic MraConnectivity MraEis 3092 1: MRA ping ok in 3092 ms.
2026-08-07 08:55:48.049 +02:00 [INF] MRA EIS POST "https://dev-eis-api.mra.mw/api/v1/utilities/ping"
2026-08-07 08:55:48.080 +02:00 [INF] MRA POST /api/v1/utilities/ping status=200 success=true durationMs=31
2026-08-07 08:55:48.083 +02:00 [INF] MRA connectivity restored — waking offline sync worker.
2026-08-07 08:55:48.083 +02:00 [INF] ART Diagnostic HealthCheck HealthCheckWorker 1 null: All subsystems healthy (SQL 1 ms, disk 36.1 GB free).
2026-08-07 08:55:51.141 +02:00 [INF] MRA EIS POST "https://dev-eis-api.mra.mw/api/v1/utilities/ping"
2026-08-07 08:55:51.170 +02:00 [INF] MRA POST /api/v1/utilities/ping status=200 success=true durationMs=31
2026-08-07 08:55:51.177 +02:00 [INF] MRA connectivity restored — waking offline sync worker.
2026-08-07 08:56:00.964 +02:00 [INF] Inventory alert scan complete: 102 products, low=2, stockout=0, overstock=0, fast=0.
2026-08-07 08:56:11.160 +02:00 [INF] MRA EIS POST "https://dev-eis-api.mra.mw/api/v1/utilities/ping"
2026-08-07 08:56:11.184 +02:00 [INF] MRA POST /api/v1/utilities/ping status=200 success=true durationMs=16
2026-08-07 08:56:11.189 +02:00 [INF] MRA connectivity restored — waking offline sync worker.
2026-08-07 08:56:16.538 +02:00 [INF] ART Diagnostic DatabaseLatency SqlExpress 1 null: Performance profile sample (FPS 0.0)
2026-08-07 08:56:31.139 +02:00 [INF] MRA EIS POST "https://dev-eis-api.mra.mw/api/v1/utilities/ping"
2026-08-07 08:56:31.156 +02:00 [INF] MRA POST /api/v1/utilities/ping status=200 success=true durationMs=15
2026-08-07 08:56:31.159 +02:00 [INF] MRA connectivity restored — waking offline sync worker.
2026-08-07 08:56:31.161 +02:00 [INF] MRA EIS POST "https://dev-eis-api.mra.mw/api/v1/sales/last-submitted-offline-transaction"
2026-08-07 08:56:31.243 +02:00 [INF] ART Diagnostic DatabaseLatency SqlExpress 1 null: SQL round-trip 1 ms
2026-08-07 08:56:31.255 +02:00 [INF] MRA EIS POST "https://dev-eis-api.mra.mw/api/v1/utilities/ping"
2026-08-07 08:56:31.325 +02:00 [INF] MRA POST /api/v1/utilities/ping status=200 success=true durationMs=78
2026-08-07 08:56:31.328 +02:00 [INF] ART Diagnostic MraConnectivity MraEis 73 1: MRA ping ok in 73 ms.
2026-08-07 08:56:31.375 +02:00 [INF] MRA EIS POST "https://dev-eis-api.mra.mw/api/v1/utilities/ping"
2026-08-07 08:56:31.411 +02:00 [INF] MRA POST /api/v1/utilities/ping status=200 success=true durationMs=31
2026-08-07 08:56:31.415 +02:00 [INF] MRA connectivity restored — waking offline sync worker.
2026-08-07 08:56:31.415 +02:00 [INF] ART Diagnostic HealthCheck HealthCheckWorker 1 null: All subsystems healthy (SQL 1 ms, disk 36.08 GB free).
2026-08-07 08:56:31.469 +02:00 [INF] MRA EIS POST "https://dev-eis-api.mra.mw/api/v1/utilities/ping"
2026-08-07 08:56:31.496 +02:00 [INF] MRA POST /api/v1/utilities/ping status=200 success=true durationMs=31
2026-08-07 08:56:31.499 +02:00 [INF] MRA connectivity restored — waking offline sync worker.
2026-08-07 08:56:31.536 +02:00 [INF] ART Diagnostic WorkerHeartbeat SystemHealthMonitorService null null: All monitored subsystems healthy.
2026-08-07 08:56:31.585 +02:00 [INF] MRA POST /api/v1/sales/last-submitted-offline-transaction status=200 success=true durationMs=422
2026-08-07 08:56:31.588 +02:00 [WRN] Unable to query last-submitted-offline-transaction for sequence check.
PointOfSale.Mra.Http.MraApiException: Invalid MRA EIS response JSON.
 ---> System.Text.Json.JsonException: The JSON value could not be converted to System.Decimal. Path: $.data.invoiceSummary.amountTendered | LineNumber: 0 | BytePositionInLine: 1361.
 ---> System.InvalidOperationException: Cannot get the value of a token type 'Null' as a number.
   at System.Text.Json.ThrowHelper.ThrowInvalidOperationException_ExpectedNumber(JsonTokenType tokenType)
   at System.Text.Json.Serialization.Metadata.JsonPropertyInfo`1.ReadJsonAndSetMember(Object obj, ReadStack& state, Utf8JsonReader& reader)
   at System.Text.Json.Serialization.Converters.ObjectDefaultConverter`1.OnTryRead(Utf8JsonReader& reader, Type typeToConvert, JsonSerializerOptions options, ReadStack& state, T& value)
   at System.Text.Json.Serialization.JsonConverter`1.TryRead(Utf8JsonReader& reader, Type typeToConvert, JsonSerializerOptions options, ReadStack& state, T& value, Boolean& isPopulatedValue)
   at System.Text.Json.Serialization.Metadata.JsonPropertyInfo`1.ReadJsonAndSetMember(Object obj, ReadStack& state, Utf8JsonReader& reader)
   at System.Text.Json.Serialization.Converters.ObjectDefaultConverter`1.OnTryRead(Utf8JsonReader& reader, Type typeToConvert, JsonSerializerOptions options, ReadStack& state, T& value)
   at System.Text.Json.Serialization.JsonConverter`1.TryRead(Utf8JsonReader& reader, Type typeToConvert, JsonSerializerOptions options, ReadStack& state, T& value, Boolean& isPopulatedValue)
   at System.Text.Json.Serialization.Metadata.JsonPropertyInfo`1.ReadJsonAndSetMember(Object obj, ReadStack& state, Utf8JsonReader& reader)
   at System.Text.Json.Serialization.Converters.ObjectDefaultConverter`1.OnTryRead(Utf8JsonReader& reader, Type typeToConvert, JsonSerializerOptions options, ReadStack& state, T& value)
   at System.Text.Json.Serialization.JsonConverter`1.TryRead(Utf8JsonReader& reader, Type typeToConvert, JsonSerializerOptions options, ReadStack& state, T& value, Boolean& isPopulatedValue)
   at System.Text.Json.Serialization.JsonConverter`1.ReadCore(Utf8JsonReader& reader, JsonSerializerOptions options, ReadStack& state)
   --- End of inner exception stack trace ---
   at System.Text.Json.ThrowHelper.ReThrowWithPath(ReadStack& state, Utf8JsonReader& reader, Exception ex)
   at System.Text.Json.Serialization.JsonConverter`1.ReadCore(Utf8JsonReader& reader, JsonSerializerOptions options, ReadStack& state)
   at System.Text.Json.JsonSerializer.ReadFromSpan[TValue](ReadOnlySpan`1 json, JsonTypeInfo`1 jsonTypeInfo)
   at System.Text.Json.JsonSerializer.Deserialize[TValue](String json, JsonSerializerOptions options)
   at PointOfSale.Infrastructure.Services.MraApiClient.SendAsync[TResponse](HttpRequestMessage request, String auditRequestBody, CancellationToken cancellationToken) in C:\Users\Albert Zee\Documents\Projects\Point Of Sale\src\PointOfSale.Infrastructure\Services\MraApiClient.cs:line 309
   --- End of inner exception stack trace ---
   at PointOfSale.Infrastructure.Services.MraApiClient.SendAsync[TResponse](HttpRequestMessage request, String auditRequestBody, CancellationToken cancellationToken) in C:\Users\Albert Zee\Documents\Projects\Point Of Sale\src\PointOfSale.Infrastructure\Services\MraApiClient.cs:line 323
   at PointOfSale.Infrastructure.Services.MraApiClient.PostEmptyAsync[TResponse](String relativePath, MraRequestContext context, CancellationToken cancellationToken) in C:\Users\Albert Zee\Documents\Projects\Point Of Sale\src\PointOfSale.Infrastructure\Services\MraApiClient.cs:line 249
   at PointOfSale.Infrastructure.Services.SalesTransactionService.GetLastSubmittedTransactionAsync(String relativePath, String channelLabel, CancellationToken cancellationToken) in C:\Users\Albert Zee\Documents\Projects\Point Of Sale\src\PointOfSale.Infrastructure\Services\SalesTransactionService.cs:line 86
   at PointOfSale.Infrastructure.Services.SalesTransactionService.VerifySequenceContinuityAsync(Func`2 lookupFactory, String channelLabel, CancellationToken cancellationToken) in C:\Users\Albert Zee\Documents\Projects\Point Of Sale\src\PointOfSale.Infrastructure\Services\SalesTransactionService.cs:line 153
2026-08-07 08:56:33.085 +02:00 [INF] ART Diagnostic WorkerHeartbeat HealthCheckWorker null null: Heartbeat
2026-08-07 08:56:33.092 +02:00 [INF] ART Diagnostic DatabaseLatency SqlExpress 1 null: SQL round-trip 1 ms
2026-08-07 08:56:33.101 +02:00 [INF] MRA EIS POST "https://dev-eis-api.mra.mw/api/v1/utilities/ping"
2026-08-07 08:56:33.331 +02:00 [INF] MRA POST /api/v1/utilities/ping status=200 success=true durationMs=219
2026-08-07 08:56:33.334 +02:00 [INF] ART Diagnostic MraConnectivity MraEis 233 1: MRA ping ok in 233 ms.
2026-08-07 08:56:33.376 +02:00 [INF] MRA EIS POST "https://dev-eis-api.mra.mw/api/v1/utilities/ping"
2026-08-07 08:56:33.393 +02:00 [INF] MRA POST /api/v1/utilities/ping status=200 success=true durationMs=16
2026-08-07 08:56:33.396 +02:00 [INF] MRA connectivity restored — waking offline sync worker.
2026-08-07 08:56:33.396 +02:00 [INF] ART Diagnostic HealthCheck HealthCheckWorker 1 null: All subsystems healthy (SQL 1 ms, disk 36.08 GB free).
2026-08-07 08:56:46.605 +02:00 [INF] ART Diagnostic DatabaseLatency SqlExpress 1 null: Performance profile sample (FPS 0.0)
2026-08-07 08:56:51.123 +02:00 [INF] MRA EIS POST "https://dev-eis-api.mra.mw/api/v1/utilities/ping"
2026-08-07 08:56:51.142 +02:00 [INF] MRA POST /api/v1/utilities/ping status=200 success=true durationMs=16
2026-08-07 08:56:51.147 +02:00 [INF] MRA connectivity restored — waking offline sync worker.
2026-08-07 08:57:01.112 +02:00 [INF] Inventory alert scan complete: 102 products, low=2, stockout=0, overstock=0, fast=0.
2026-08-07 08:57:11.341 +02:00 [INF] MRA EIS POST "https://dev-eis-api.mra.mw/api/v1/utilities/ping"
2026-08-07 08:57:11.360 +02:00 [INF] MRA POST /api/v1/utilities/ping status=200 success=true durationMs=15
2026-08-07 08:57:11.452 +02:00 [INF] MRA connectivity restored — waking offline sync worker.
2026-08-07 08:57:16.551 +02:00 [INF] ART Diagnostic DatabaseLatency SqlExpress 0 null: SQL round-trip 0 ms
2026-08-07 08:57:16.556 +02:00 [INF] MRA EIS POST "https://dev-eis-api.mra.mw/api/v1/utilities/ping"
2026-08-07 08:57:16.575 +02:00 [INF] MRA POST /api/v1/utilities/ping status=200 success=true durationMs=15
2026-08-07 08:57:16.577 +02:00 [INF] ART Diagnostic MraConnectivity MraEis 20 1: MRA ping ok in 20 ms.
2026-08-07 08:57:16.633 +02:00 [INF] MRA EIS POST "https://dev-eis-api.mra.mw/api/v1/utilities/ping"
2026-08-07 08:57:16.651 +02:00 [INF] ART Diagnostic DatabaseLatency SqlExpress 0 null: Performance profile sample (FPS 0.0)
2026-08-07 08:57:18.410 +02:00 [INF] ART Diagnostic WorkerHeartbeat HealthCheckWorker null null: Heartbeat
2026-08-07 08:57:18.418 +02:00 [INF] ART Diagnostic DatabaseLatency SqlExpress 1 null: SQL round-trip 1 ms
2026-08-07 08:57:18.428 +02:00 [INF] MRA EIS POST "https://dev-eis-api.mra.mw/api/v1/utilities/ping"
2026-08-07 08:57:18.453 +02:00 [INF] MRA POST /api/v1/utilities/ping status=200 success=true durationMs=15
2026-08-07 08:57:18.457 +02:00 [INF] ART Diagnostic MraConnectivity MraEis 28 1: MRA ping ok in 28 ms.
2026-08-07 08:57:18.460 +02:00 [INF] ART Diagnostic HealthCheck HealthCheckWorker 1 null: All subsystems healthy (SQL 1 ms, disk 36.07 GB free).
2026-08-07 08:57:19.728 +02:00 [INF] MRA POST /api/v1/utilities/ping status=200 success=true durationMs=3093
2026-08-07 08:57:19.735 +02:00 [INF] MRA connectivity restored — waking offline sync worker.
2026-08-07 08:57:19.736 +02:00 [INF] ART Diagnostic HealthCheck HealthCheckWorker 0 null: All subsystems healthy (SQL 0 ms, disk 36.07 GB free).
2026-08-07 08:57:19.811 +02:00 [INF] MRA EIS POST "https://dev-eis-api.mra.mw/api/v1/utilities/ping"
2026-08-07 08:57:19.829 +02:00 [INF] MRA POST /api/v1/utilities/ping status=200 success=true durationMs=15
2026-08-07 08:57:19.831 +02:00 [INF] MRA connectivity restored — waking offline sync worker.
2026-08-07 08:57:19.870 +02:00 [INF] ART Diagnostic WorkerHeartbeat SystemHealthMonitorService null null: All monitored subsystems healthy.
2026-08-07 08:57:31.160 +02:00 [INF] MRA EIS POST "https://dev-eis-api.mra.mw/api/v1/utilities/ping"
2026-08-07 08:57:31.177 +02:00 [INF] MRA POST /api/v1/utilities/ping status=200 success=true durationMs=16
2026-08-07 08:57:32.795 +02:00 [INF] MRA connectivity restored — waking offline sync worker.
2026-08-07 08:57:46.714 +02:00 [INF] ART Diagnostic DatabaseLatency SqlExpress 1 null: Performance profile sample (FPS 0.0)
2026-08-07 08:57:51.157 +02:00 [INF] MRA EIS POST "https://dev-eis-api.mra.mw/api/v1/utilities/ping"
2026-08-07 08:57:51.173 +02:00 [INF] MRA POST /api/v1/utilities/ping status=200 success=true durationMs=16
2026-08-07 08:57:51.176 +02:00 [INF] MRA connectivity restored — waking offline sync worker.
2026-08-07 08:58:01.129 +02:00 [INF] Inventory alert scan complete: 102 products, low=2, stockout=0, overstock=0, fast=0.
2026-08-07 08:58:03.469 +02:00 [INF] ART Diagnostic WorkerHeartbeat HealthCheckWorker null null: Heartbeat
2026-08-07 08:58:03.477 +02:00 [INF] ART Diagnostic DatabaseLatency SqlExpress 1 null: SQL round-trip 1 ms
2026-08-07 08:58:03.487 +02:00 [INF] MRA EIS POST "https://dev-eis-api.mra.mw/api/v1/utilities/ping"
2026-08-07 08:58:04.877 +02:00 [INF] ART Diagnostic DatabaseLatency SqlExpress 1 null: SQL round-trip 1 ms
2026-08-07 08:58:04.885 +02:00 [INF] MRA EIS POST "https://dev-eis-api.mra.mw/api/v1/utilities/ping"
2026-08-07 08:58:04.916 +02:00 [INF] MRA POST /api/v1/utilities/ping status=200 success=true durationMs=31
2026-08-07 08:58:04.922 +02:00 [INF] ART Diagnostic MraConnectivity MraEis 36 1: MRA ping ok in 36 ms.
2026-08-07 08:58:04.977 +02:00 [INF] MRA EIS POST "https://dev-eis-api.mra.mw/api/v1/utilities/ping"
2026-08-07 08:58:05.007 +02:00 [INF] MRA POST /api/v1/utilities/ping status=200 success=true durationMs=31
2026-08-07 08:58:05.017 +02:00 [INF] MRA connectivity restored — waking offline sync worker.
2026-08-07 08:58:05.017 +02:00 [INF] ART Diagnostic HealthCheck HealthCheckWorker 1 null: All subsystems healthy (SQL 1 ms, disk 36.05 GB free).
2026-08-07 08:58:05.025 +02:00 [INF] MRA EIS POST "https://dev-eis-api.mra.mw/api/v1/sales/last-submitted-offline-transaction"
2026-08-07 08:58:05.083 +02:00 [INF] MRA EIS POST "https://dev-eis-api.mra.mw/api/v1/utilities/ping"
2026-08-07 08:58:05.107 +02:00 [INF] MRA POST /api/v1/utilities/ping status=200 success=true durationMs=16
2026-08-07 08:58:05.110 +02:00 [INF] MRA connectivity restored — waking offline sync worker.
2026-08-07 08:58:05.150 +02:00 [INF] ART Diagnostic WorkerHeartbeat SystemHealthMonitorService null null: All monitored subsystems healthy.
2026-08-07 08:58:05.466 +02:00 [INF] MRA POST /api/v1/sales/last-submitted-offline-transaction status=200 success=true durationMs=437
2026-08-07 08:58:05.470 +02:00 [WRN] Unable to query last-submitted-offline-transaction for sequence check.
PointOfSale.Mra.Http.MraApiException: Invalid MRA EIS response JSON.
 ---> System.Text.Json.JsonException: The JSON value could not be converted to System.Decimal. Path: $.data.invoiceSummary.amountTendered | LineNumber: 0 | BytePositionInLine: 1361.
 ---> System.InvalidOperationException: Cannot get the value of a token type 'Null' as a number.
   at System.Text.Json.ThrowHelper.ThrowInvalidOperationException_ExpectedNumber(JsonTokenType tokenType)
   at System.Text.Json.Serialization.Metadata.JsonPropertyInfo`1.ReadJsonAndSetMember(Object obj, ReadStack& state, Utf8JsonReader& reader)
   at System.Text.Json.Serialization.Converters.ObjectDefaultConverter`1.OnTryRead(Utf8JsonReader& reader, Type typeToConvert, JsonSerializerOptions options, ReadStack& state, T& value)
   at System.Text.Json.Serialization.JsonConverter`1.TryRead(Utf8JsonReader& reader, Type typeToConvert, JsonSerializerOptions options, ReadStack& state, T& value, Boolean& isPopulatedValue)
   at System.Text.Json.Serialization.Metadata.JsonPropertyInfo`1.ReadJsonAndSetMember(Object obj, ReadStack& state, Utf8JsonReader& reader)
   at System.Text.Json.Serialization.Converters.ObjectDefaultConverter`1.OnTryRead(Utf8JsonReader& reader, Type typeToConvert, JsonSerializerOptions options, ReadStack& state, T& value)
   at System.Text.Json.Serialization.JsonConverter`1.TryRead(Utf8JsonReader& reader, Type typeToConvert, JsonSerializerOptions options, ReadStack& state, T& value, Boolean& isPopulatedValue)
   at System.Text.Json.Serialization.Metadata.JsonPropertyInfo`1.ReadJsonAndSetMember(Object obj, ReadStack& state, Utf8JsonReader& reader)
   at System.Text.Json.Serialization.Converters.ObjectDefaultConverter`1.OnTryRead(Utf8JsonReader& reader, Type typeToConvert, JsonSerializerOptions options, ReadStack& state, T& value)
   at System.Text.Json.Serialization.JsonConverter`1.TryRead(Utf8JsonReader& reader, Type typeToConvert, JsonSerializerOptions options, ReadStack& state, T& value, Boolean& isPopulatedValue)
   at System.Text.Json.Serialization.JsonConverter`1.ReadCore(Utf8JsonReader& reader, JsonSerializerOptions options, ReadStack& state)
   --- End of inner exception stack trace ---
   at System.Text.Json.ThrowHelper.ReThrowWithPath(ReadStack& state, Utf8JsonReader& reader, Exception ex)
   at System.Text.Json.Serialization.JsonConverter`1.ReadCore(Utf8JsonReader& reader, JsonSerializerOptions options, ReadStack& state)
   at System.Text.Json.JsonSerializer.ReadFromSpan[TValue](ReadOnlySpan`1 json, JsonTypeInfo`1 jsonTypeInfo)
   at System.Text.Json.JsonSerializer.Deserialize[TValue](String json, JsonSerializerOptions options)
   at PointOfSale.Infrastructure.Services.MraApiClient.SendAsync[TResponse](HttpRequestMessage request, String auditRequestBody, CancellationToken cancellationToken) in C:\Users\Albert Zee\Documents\Projects\Point Of Sale\src\PointOfSale.Infrastructure\Services\MraApiClient.cs:line 309
   --- End of inner exception stack trace ---
   at PointOfSale.Infrastructure.Services.MraApiClient.SendAsync[TResponse](HttpRequestMessage request, String auditRequestBody, CancellationToken cancellationToken) in C:\Users\Albert Zee\Documents\Projects\Point Of Sale\src\PointOfSale.Infrastructure\Services\MraApiClient.cs:line 323
   at PointOfSale.Infrastructure.Services.MraApiClient.PostEmptyAsync[TResponse](String relativePath, MraRequestContext context, CancellationToken cancellationToken) in C:\Users\Albert Zee\Documents\Projects\Point Of Sale\src\PointOfSale.Infrastructure\Services\MraApiClient.cs:line 249
   at PointOfSale.Infrastructure.Services.SalesTransactionService.GetLastSubmittedTransactionAsync(String relativePath, String channelLabel, CancellationToken cancellationToken) in C:\Users\Albert Zee\Documents\Projects\Point Of Sale\src\PointOfSale.Infrastructure\Services\SalesTransactionService.cs:line 86
   at PointOfSale.Infrastructure.Services.SalesTransactionService.VerifySequenceContinuityAsync(Func`2 lookupFactory, String channelLabel, CancellationToken cancellationToken) in C:\Users\Albert Zee\Documents\Projects\Point Of Sale\src\PointOfSale.Infrastructure\Services\SalesTransactionService.cs:line 153
2026-08-07 08:58:06.576 +02:00 [INF] MRA POST /api/v1/utilities/ping status=200 success=true durationMs=3063
2026-08-07 08:58:06.583 +02:00 [INF] ART Diagnostic MraConnectivity MraEis 3096 1: MRA ping ok in 3096 ms.
2026-08-07 08:58:06.661 +02:00 [INF] MRA EIS POST "https://dev-eis-api.mra.mw/api/v1/utilities/ping"
2026-08-07 08:58:06.678 +02:00 [INF] MRA POST /api/v1/utilities/ping status=200 success=true durationMs=16
2026-08-07 08:58:06.681 +02:00 [INF] MRA connectivity restored — waking offline sync worker.
2026-08-07 08:58:06.681 +02:00 [INF] ART Diagnostic HealthCheck HealthCheckWorker 1 null: All subsystems healthy (SQL 1 ms, disk 36.05 GB free).
2026-08-07 08:58:11.135 +02:00 [INF] MRA EIS POST "https://dev-eis-api.mra.mw/api/v1/utilities/ping"
2026-08-07 08:58:11.153 +02:00 [INF] MRA POST /api/v1/utilities/ping status=200 success=true durationMs=16
2026-08-07 08:58:11.157 +02:00 [INF] MRA connectivity restored — waking offline sync worker.
2026-08-07 08:58:16.907 +02:00 [INF] ART Diagnostic DatabaseLatency SqlExpress 1 null: Performance profile sample (FPS 0.0)
2026-08-07 08:58:31.117 +02:00 [INF] MRA EIS POST "https://dev-eis-api.mra.mw/api/v1/utilities/ping"
2026-08-07 08:58:31.146 +02:00 [INF] MRA POST /api/v1/utilities/ping status=200 success=true durationMs=32
2026-08-07 08:58:31.149 +02:00 [INF] MRA connectivity restored — waking offline sync worker.
2026-08-07 08:58:46.965 +02:00 [INF] ART Diagnostic DatabaseLatency SqlExpress 1 null: Performance profile sample (FPS 0.0)
2026-08-07 08:58:50.154 +02:00 [INF] ART Diagnostic DatabaseLatency SqlExpress 0 null: SQL round-trip 0 ms
2026-08-07 08:58:50.159 +02:00 [INF] MRA EIS POST "https://dev-eis-api.mra.mw/api/v1/utilities/ping"
2026-08-07 08:58:50.180 +02:00 [INF] MRA POST /api/v1/utilities/ping status=200 success=true durationMs=16
2026-08-07 08:58:50.183 +02:00 [INF] ART Diagnostic MraConnectivity MraEis 23 1: MRA ping ok in 23 ms.
2026-08-07 08:58:50.237 +02:00 [INF] MRA EIS POST "https://dev-eis-api.mra.mw/api/v1/utilities/ping"
2026-08-07 08:58:51.685 +02:00 [INF] ART Diagnostic WorkerHeartbeat HealthCheckWorker null null: Heartbeat
2026-08-07 08:58:51.690 +02:00 [INF] ART Diagnostic DatabaseLatency SqlExpress 0 null: SQL round-trip 0 ms
2026-08-07 08:58:51.698 +02:00 [INF] MRA EIS POST "https://dev-eis-api.mra.mw/api/v1/utilities/ping"
2026-08-07 08:58:51.813 +02:00 [INF] MRA POST /api/v1/utilities/ping status=200 success=true durationMs=125
2026-08-07 08:58:51.816 +02:00 [INF] ART Diagnostic MraConnectivity MraEis 118 1: MRA ping ok in 118 ms.
2026-08-07 08:58:51.819 +02:00 [INF] ART Diagnostic HealthCheck HealthCheckWorker 0 null: All subsystems healthy (SQL 0 ms, disk 36.04 GB free).
2026-08-07 08:58:53.361 +02:00 [INF] MRA POST /api/v1/utilities/ping status=200 success=true durationMs=3125
2026-08-07 08:58:53.366 +02:00 [INF] MRA connectivity restored — waking offline sync worker.
2026-08-07 08:58:53.366 +02:00 [INF] ART Diagnostic HealthCheck HealthCheckWorker 0 null: All subsystems healthy (SQL 0 ms, disk 36.04 GB free).
2026-08-07 08:58:53.431 +02:00 [INF] MRA EIS POST "https://dev-eis-api.mra.mw/api/v1/utilities/ping"
2026-08-07 08:58:53.451 +02:00 [INF] MRA POST /api/v1/utilities/ping status=200 success=true durationMs=31
2026-08-07 08:58:53.455 +02:00 [INF] MRA connectivity restored — waking offline sync worker.
2026-08-07 08:58:53.499 +02:00 [INF] ART Diagnostic WorkerHeartbeat SystemHealthMonitorService null null: All monitored subsystems healthy.
2026-08-07 08:59:01.145 +02:00 [INF] Inventory alert scan complete: 102 products, low=2, stockout=0, overstock=0, fast=0.
2026-08-07 08:59:11.118 +02:00 [INF] MRA EIS POST "https://dev-eis-api.mra.mw/api/v1/utilities/ping"
2026-08-07 08:59:11.136 +02:00 [INF] MRA POST /api/v1/utilities/ping status=200 success=true durationMs=16
2026-08-07 08:59:11.141 +02:00 [INF] MRA connectivity restored — waking offline sync worker.
2026-08-07 08:59:17.027 +02:00 [INF] ART Diagnostic DatabaseLatency SqlExpress 1 null: Performance profile sample (FPS 0.0)
2026-08-07 08:59:31.121 +02:00 [INF] MRA EIS POST "https://dev-eis-api.mra.mw/api/v1/utilities/ping"
2026-08-07 08:59:31.140 +02:00 [INF] MRA POST /api/v1/utilities/ping status=200 success=true durationMs=16
2026-08-07 08:59:31.144 +02:00 [INF] MRA connectivity restored — waking offline sync worker.
2026-08-07 08:59:36.822 +02:00 [INF] ART Diagnostic WorkerHeartbeat HealthCheckWorker null null: Heartbeat
2026-08-07 08:59:36.826 +02:00 [INF] ART Diagnostic DatabaseLatency SqlExpress 0 null: SQL round-trip 0 ms
2026-08-07 08:59:36.830 +02:00 [INF] MRA EIS POST "https://dev-eis-api.mra.mw/api/v1/utilities/ping"
2026-08-07 08:59:38.510 +02:00 [INF] ART Diagnostic DatabaseLatency SqlExpress 0 null: SQL round-trip 0 ms
2026-08-07 08:59:38.514 +02:00 [INF] MRA EIS POST "https://dev-eis-api.mra.mw/api/v1/utilities/ping"
2026-08-07 08:59:38.546 +02:00 [INF] MRA POST /api/v1/utilities/ping status=200 success=true durationMs=31
2026-08-07 08:59:38.548 +02:00 [INF] ART Diagnostic MraConnectivity MraEis 34 1: MRA ping ok in 34 ms.
2026-08-07 08:59:38.607 +02:00 [INF] MRA EIS POST "https://dev-eis-api.mra.mw/api/v1/utilities/ping"
2026-08-07 08:59:38.640 +02:00 [INF] MRA POST /api/v1/utilities/ping status=200 success=true durationMs=32
2026-08-07 08:59:38.643 +02:00 [INF] MRA connectivity restored — waking offline sync worker.
2026-08-07 08:59:38.643 +02:00 [INF] ART Diagnostic HealthCheck HealthCheckWorker 0 null: All subsystems healthy (SQL 0 ms, disk 36.03 GB free).
2026-08-07 08:59:38.646 +02:00 [INF] MRA EIS POST "https://dev-eis-api.mra.mw/api/v1/sales/last-submitted-offline-transaction"
2026-08-07 08:59:38.696 +02:00 [INF] MRA EIS POST "https://dev-eis-api.mra.mw/api/v1/utilities/ping"
2026-08-07 08:59:38.721 +02:00 [INF] MRA POST /api/v1/utilities/ping status=200 success=true durationMs=31
2026-08-07 08:59:38.724 +02:00 [INF] MRA connectivity restored — waking offline sync worker.
2026-08-07 08:59:38.773 +02:00 [INF] ART Diagnostic WorkerHeartbeat SystemHealthMonitorService null null: All monitored subsystems healthy.
2026-08-07 08:59:39.954 +02:00 [INF] MRA POST /api/v1/utilities/ping status=200 success=true durationMs=3125
2026-08-07 08:59:39.961 +02:00 [INF] ART Diagnostic MraConnectivity MraEis 3131 1: MRA ping ok in 3131 ms.
2026-08-07 08:59:40.017 +02:00 [INF] MRA EIS POST "https://dev-eis-api.mra.mw/api/v1/utilities/ping"
2026-08-07 08:59:40.037 +02:00 [INF] MRA POST /api/v1/utilities/ping status=200 success=true durationMs=15
2026-08-07 08:59:40.040 +02:00 [INF] MRA connectivity restored — waking offline sync worker.
2026-08-07 08:59:40.040 +02:00 [INF] ART Diagnostic HealthCheck HealthCheckWorker 0 null: All subsystems healthy (SQL 0 ms, disk 36.03 GB free).
2026-08-07 08:59:40.372 +02:00 [INF] MRA POST /api/v1/sales/last-submitted-offline-transaction status=200 success=true durationMs=1734
2026-08-07 08:59:40.509 +02:00 [WRN] Unable to query last-submitted-offline-transaction for sequence check.
PointOfSale.Mra.Http.MraApiException: Invalid MRA EIS response JSON.
 ---> System.Text.Json.JsonException: The JSON value could not be converted to System.Decimal. Path: $.data.invoiceSummary.amountTendered | LineNumber: 0 | BytePositionInLine: 1361.
 ---> System.InvalidOperationException: Cannot get the value of a token type 'Null' as a number.
   at System.Text.Json.ThrowHelper.ThrowInvalidOperationException_ExpectedNumber(JsonTokenType tokenType)
   at System.Text.Json.Serialization.Metadata.JsonPropertyInfo`1.ReadJsonAndSetMember(Object obj, ReadStack& state, Utf8JsonReader& reader)
   at System.Text.Json.Serialization.Converters.ObjectDefaultConverter`1.OnTryRead(Utf8JsonReader& reader, Type typeToConvert, JsonSerializerOptions options, ReadStack& state, T& value)
   at System.Text.Json.Serialization.JsonConverter`1.TryRead(Utf8JsonReader& reader, Type typeToConvert, JsonSerializerOptions options, ReadStack& state, T& value, Boolean& isPopulatedValue)
   at System.Text.Json.Serialization.Metadata.JsonPropertyInfo`1.ReadJsonAndSetMember(Object obj, ReadStack& state, Utf8JsonReader& reader)
   at System.Text.Json.Serialization.Converters.ObjectDefaultConverter`1.OnTryRead(Utf8JsonReader& reader, Type typeToConvert, JsonSerializerOptions options, ReadStack& state, T& value)
   at System.Text.Json.Serialization.JsonConverter`1.TryRead(Utf8JsonReader& reader, Type typeToConvert, JsonSerializerOptions options, ReadStack& state, T& value, Boolean& isPopulatedValue)
   at System.Text.Json.Serialization.Metadata.JsonPropertyInfo`1.ReadJsonAndSetMember(Object obj, ReadStack& state, Utf8JsonReader& reader)
   at System.Text.Json.Serialization.Converters.ObjectDefaultConverter`1.OnTryRead(Utf8JsonReader& reader, Type typeToConvert, JsonSerializerOptions options, ReadStack& state, T& value)
   at System.Text.Json.Serialization.JsonConverter`1.TryRead(Utf8JsonReader& reader, Type typeToConvert, JsonSerializerOptions options, ReadStack& state, T& value, Boolean& isPopulatedValue)
   at System.Text.Json.Serialization.JsonConverter`1.ReadCore(Utf8JsonReader& reader, JsonSerializerOptions options, ReadStack& state)
   --- End of inner exception stack trace ---
   at System.Text.Json.ThrowHelper.ReThrowWithPath(ReadStack& state, Utf8JsonReader& reader, Exception ex)
   at System.Text.Json.Serialization.JsonConverter`1.ReadCore(Utf8JsonReader& reader, JsonSerializerOptions options, ReadStack& state)
   at System.Text.Json.JsonSerializer.ReadFromSpan[TValue](ReadOnlySpan`1 json, JsonTypeInfo`1 jsonTypeInfo)
   at System.Text.Json.JsonSerializer.Deserialize[TValue](String json, JsonSerializerOptions options)
   at PointOfSale.Infrastructure.Services.MraApiClient.SendAsync[TResponse](HttpRequestMessage request, String auditRequestBody, CancellationToken cancellationToken) in C:\Users\Albert Zee\Documents\Projects\Point Of Sale\src\PointOfSale.Infrastructure\Services\MraApiClient.cs:line 309
   --- End of inner exception stack trace ---
   at PointOfSale.Infrastructure.Services.MraApiClient.SendAsync[TResponse](HttpRequestMessage request, String auditRequestBody, CancellationToken cancellationToken) in C:\Users\Albert Zee\Documents\Projects\Point Of Sale\src\PointOfSale.Infrastructure\Services\MraApiClient.cs:line 323
   at PointOfSale.Infrastructure.Services.MraApiClient.PostEmptyAsync[TResponse](String relativePath, MraRequestContext context, CancellationToken cancellationToken) in C:\Users\Albert Zee\Documents\Projects\Point Of Sale\src\PointOfSale.Infrastructure\Services\MraApiClient.cs:line 249
   at PointOfSale.Infrastructure.Services.SalesTransactionService.GetLastSubmittedTransactionAsync(String relativePath, String channelLabel, CancellationToken cancellationToken) in C:\Users\Albert Zee\Documents\Projects\Point Of Sale\src\PointOfSale.Infrastructure\Services\SalesTransactionService.cs:line 86
   at PointOfSale.Infrastructure.Services.SalesTransactionService.VerifySequenceContinuityAsync(Func`2 lookupFactory, String channelLabel, CancellationToken cancellationToken) in C:\Users\Albert Zee\Documents\Projects\Point Of Sale\src\PointOfSale.Infrastructure\Services\SalesTransactionService.cs:line 153
2026-08-07 08:59:47.079 +02:00 [INF] ART Diagnostic DatabaseLatency SqlExpress 0 null: Performance profile sample (FPS 0.0)
2026-08-07 08:59:51.119 +02:00 [INF] MRA EIS POST "https://dev-eis-api.mra.mw/api/v1/utilities/ping"
2026-08-07 08:59:51.145 +02:00 [INF] MRA POST /api/v1/utilities/ping status=200 success=true durationMs=16
2026-08-07 08:59:51.148 +02:00 [INF] MRA connectivity restored — waking offline sync worker.
2026-08-07 09:00:01.156 +02:00 [INF] Inventory alert scan complete: 102 products, low=2, stockout=0, overstock=0, fast=0.
2026-08-07 09:00:11.127 +02:00 [INF] MRA EIS POST "https://dev-eis-api.mra.mw/api/v1/utilities/ping"
2026-08-07 09:00:11.158 +02:00 [INF] MRA POST /api/v1/utilities/ping status=200 success=true durationMs=31
2026-08-07 09:00:11.161 +02:00 [INF] MRA connectivity restored — waking offline sync worker.
2026-08-07 09:00:17.109 +02:00 [INF] ART Diagnostic DatabaseLatency SqlExpress 0 null: Performance profile sample (FPS 0.0)
2026-08-07 09:00:23.789 +02:00 [INF] ART Diagnostic DatabaseLatency SqlExpress 1 null: SQL round-trip 1 ms
2026-08-07 09:00:23.798 +02:00 [INF] MRA EIS POST "https://dev-eis-api.mra.mw/api/v1/utilities/ping"
2026-08-07 09:00:25.053 +02:00 [INF] ART Diagnostic WorkerHeartbeat HealthCheckWorker null null: Heartbeat
2026-08-07 09:00:25.058 +02:00 [INF] ART Diagnostic DatabaseLatency SqlExpress 0 null: SQL round-trip 0 ms
2026-08-07 09:00:25.062 +02:00 [INF] MRA EIS POST "https://dev-eis-api.mra.mw/api/v1/utilities/ping"
2026-08-07 09:00:25.078 +02:00 [INF] MRA POST /api/v1/utilities/ping status=200 success=true durationMs=15
2026-08-07 09:00:25.081 +02:00 [INF] ART Diagnostic MraConnectivity MraEis 19 1: MRA ping ok in 19 ms.
2026-08-07 09:00:25.132 +02:00 [INF] MRA EIS POST "https://dev-eis-api.mra.mw/api/v1/utilities/ping"
2026-08-07 09:00:25.150 +02:00 [INF] MRA POST /api/v1/utilities/ping status=200 success=true durationMs=15
2026-08-07 09:00:25.153 +02:00 [INF] MRA connectivity restored — waking offline sync worker.
2026-08-07 09:00:25.154 +02:00 [INF] ART Diagnostic HealthCheck HealthCheckWorker 0 null: All subsystems healthy (SQL 0 ms, disk 36.01 GB free).
2026-08-07 09:00:25.353 +02:00 [INF] MRA POST /api/v1/utilities/ping status=200 success=true durationMs=1562
2026-08-07 09:00:25.355 +02:00 [INF] ART Diagnostic MraConnectivity MraEis 1557 1: MRA ping ok in 1557 ms.
2026-08-07 09:00:25.403 +02:00 [INF] MRA EIS POST "https://dev-eis-api.mra.mw/api/v1/utilities/ping"
2026-08-07 09:00:25.443 +02:00 [INF] MRA POST /api/v1/utilities/ping status=200 success=true durationMs=32
2026-08-07 09:00:25.446 +02:00 [INF] MRA connectivity restored — waking offline sync worker.
2026-08-07 09:00:25.446 +02:00 [INF] ART Diagnostic HealthCheck HealthCheckWorker 1 null: All subsystems healthy (SQL 1 ms, disk 36.01 GB free).
2026-08-07 09:00:25.495 +02:00 [INF] MRA EIS POST "https://dev-eis-api.mra.mw/api/v1/utilities/ping"
2026-08-07 09:00:26.193 +02:00 [INF] MRA POST /api/v1/utilities/ping status=200 success=true durationMs=688
2026-08-07 09:00:26.196 +02:00 [INF] MRA connectivity restored — waking offline sync worker.
2026-08-07 09:00:26.246 +02:00 [INF] ART Diagnostic WorkerHeartbeat SystemHealthMonitorService null null: All monitored subsystems healthy.
2026-08-07 09:00:31.107 +02:00 [INF] MRA EIS POST "https://dev-eis-api.mra.mw/api/v1/utilities/ping"
2026-08-07 09:00:31.137 +02:00 [INF] MRA POST /api/v1/utilities/ping status=200 success=true durationMs=32
2026-08-07 09:00:31.140 +02:00 [INF] MRA connectivity restored — waking offline sync worker.
2026-08-07 09:00:47.152 +02:00 [INF] ART Diagnostic DatabaseLatency SqlExpress 0 null: Performance profile sample (FPS 0.0)
2026-08-07 09:00:51.105 +02:00 [INF] MRA EIS POST "https://dev-eis-api.mra.mw/api/v1/utilities/ping"
2026-08-07 09:00:51.140 +02:00 [INF] MRA POST /api/v1/utilities/ping status=200 success=true durationMs=32
2026-08-07 09:00:51.143 +02:00 [INF] MRA connectivity restored — waking offline sync worker.
2026-08-07 09:01:01.173 +02:00 [INF] Inventory alert scan complete: 102 products, low=2, stockout=0, overstock=0, fast=0.
2026-08-07 09:01:10.160 +02:00 [INF] ART Diagnostic WorkerHeartbeat HealthCheckWorker null null: Heartbeat
2026-08-07 09:01:10.164 +02:00 [INF] ART Diagnostic DatabaseLatency SqlExpress 0 null: SQL round-trip 0 ms
2026-08-07 09:01:10.170 +02:00 [INF] MRA EIS POST "https://dev-eis-api.mra.mw/api/v1/utilities/ping"
2026-08-07 09:01:10.409 +02:00 [INF] MRA POST /api/v1/utilities/ping status=200 success=true durationMs=234
2026-08-07 09:01:10.416 +02:00 [INF] ART Diagnostic MraConnectivity MraEis 245 1: MRA ping ok in 245 ms.
2026-08-07 09:01:10.482 +02:00 [INF] MRA EIS POST "https://dev-eis-api.mra.mw/api/v1/utilities/ping"
2026-08-07 09:01:10.499 +02:00 [INF] MRA POST /api/v1/utilities/ping status=200 success=true durationMs=16
2026-08-07 09:01:10.502 +02:00 [INF] MRA connectivity restored — waking offline sync worker.
2026-08-07 09:01:10.503 +02:00 [INF] ART Diagnostic HealthCheck HealthCheckWorker 0 null: All subsystems healthy (SQL 0 ms, disk 36 GB free).
2026-08-07 09:01:11.142 +02:00 [INF] MRA EIS POST "https://dev-eis-api.mra.mw/api/v1/utilities/ping"
2026-08-07 09:01:11.254 +02:00 [INF] ART Diagnostic DatabaseLatency SqlExpress 1 null: SQL round-trip 1 ms
2026-08-07 09:01:11.345 +02:00 [INF] MRA EIS POST "https://dev-eis-api.mra.mw/api/v1/utilities/ping"
2026-08-07 09:01:11.375 +02:00 [INF] MRA POST /api/v1/utilities/ping status=200 success=true durationMs=31
2026-08-07 09:01:11.379 +02:00 [INF] ART Diagnostic MraConnectivity MraEis 33 1: MRA ping ok in 33 ms.
2026-08-07 09:01:11.384 +02:00 [INF] ART Diagnostic HealthCheck HealthCheckWorker 1 null: All subsystems healthy (SQL 1 ms, disk 36 GB free).
2026-08-07 09:01:11.453 +02:00 [INF] ART Diagnostic WorkerHeartbeat SystemHealthMonitorService null null: All monitored subsystems healthy.
2026-08-07 09:01:14.221 +02:00 [INF] MRA POST /api/v1/utilities/ping status=200 success=true durationMs=3078
2026-08-07 09:01:14.448 +02:00 [INF] MRA connectivity restored — waking offline sync worker.
2026-08-07 09:01:14.450 +02:00 [INF] MRA EIS POST "https://dev-eis-api.mra.mw/api/v1/sales/last-submitted-offline-transaction"
2026-08-07 09:01:14.872 +02:00 [INF] MRA POST /api/v1/sales/last-submitted-offline-transaction status=200 success=true durationMs=422
2026-08-07 09:01:14.883 +02:00 [WRN] Unable to query last-submitted-offline-transaction for sequence check.
PointOfSale.Mra.Http.MraApiException: Invalid MRA EIS response JSON.
 ---> System.Text.Json.JsonException: The JSON value could not be converted to System.Decimal. Path: $.data.invoiceSummary.amountTendered | LineNumber: 0 | BytePositionInLine: 1361.
 ---> System.InvalidOperationException: Cannot get the value of a token type 'Null' as a number.
   at System.Text.Json.ThrowHelper.ThrowInvalidOperationException_ExpectedNumber(JsonTokenType tokenType)
   at System.Text.Json.Serialization.Metadata.JsonPropertyInfo`1.ReadJsonAndSetMember(Object obj, ReadStack& state, Utf8JsonReader& reader)
   at System.Text.Json.Serialization.Converters.ObjectDefaultConverter`1.OnTryRead(Utf8JsonReader& reader, Type typeToConvert, JsonSerializerOptions options, ReadStack& state, T& value)
   at System.Text.Json.Serialization.JsonConverter`1.TryRead(Utf8JsonReader& reader, Type typeToConvert, JsonSerializerOptions options, ReadStack& state, T& value, Boolean& isPopulatedValue)
   at System.Text.Json.Serialization.Metadata.JsonPropertyInfo`1.ReadJsonAndSetMember(Object obj, ReadStack& state, Utf8JsonReader& reader)
   at System.Text.Json.Serialization.Converters.ObjectDefaultConverter`1.OnTryRead(Utf8JsonReader& reader, Type typeToConvert, JsonSerializerOptions options, ReadStack& state, T& value)
   at System.Text.Json.Serialization.JsonConverter`1.TryRead(Utf8JsonReader& reader, Type typeToConvert, JsonSerializerOptions options, ReadStack& state, T& value, Boolean& isPopulatedValue)
   at System.Text.Json.Serialization.Metadata.JsonPropertyInfo`1.ReadJsonAndSetMember(Object obj, ReadStack& state, Utf8JsonReader& reader)
   at System.Text.Json.Serialization.Converters.ObjectDefaultConverter`1.OnTryRead(Utf8JsonReader& reader, Type typeToConvert, JsonSerializerOptions options, ReadStack& state, T& value)
   at System.Text.Json.Serialization.JsonConverter`1.TryRead(Utf8JsonReader& reader, Type typeToConvert, JsonSerializerOptions options, ReadStack& state, T& value, Boolean& isPopulatedValue)
   at System.Text.Json.Serialization.JsonConverter`1.ReadCore(Utf8JsonReader& reader, JsonSerializerOptions options, ReadStack& state)
   --- End of inner exception stack trace ---
   at System.Text.Json.ThrowHelper.ReThrowWithPath(ReadStack& state, Utf8JsonReader& reader, Exception ex)
   at System.Text.Json.Serialization.JsonConverter`1.ReadCore(Utf8JsonReader& reader, JsonSerializerOptions options, ReadStack& state)
   at System.Text.Json.JsonSerializer.ReadFromSpan[TValue](ReadOnlySpan`1 json, JsonTypeInfo`1 jsonTypeInfo)
   at System.Text.Json.JsonSerializer.Deserialize[TValue](String json, JsonSerializerOptions options)
   at PointOfSale.Infrastructure.Services.MraApiClient.SendAsync[TResponse](HttpRequestMessage request, String auditRequestBody, CancellationToken cancellationToken) in C:\Users\Albert Zee\Documents\Projects\Point Of Sale\src\PointOfSale.Infrastructure\Services\MraApiClient.cs:line 309
   --- End of inner exception stack trace ---
   at PointOfSale.Infrastructure.Services.MraApiClient.SendAsync[TResponse](HttpRequestMessage request, String auditRequestBody, CancellationToken cancellationToken) in C:\Users\Albert Zee\Documents\Projects\Point Of Sale\src\PointOfSale.Infrastructure\Services\MraApiClient.cs:line 323
   at PointOfSale.Infrastructure.Services.MraApiClient.PostEmptyAsync[TResponse](String relativePath, MraRequestContext context, CancellationToken cancellationToken) in C:\Users\Albert Zee\Documents\Projects\Point Of Sale\src\PointOfSale.Infrastructure\Services\MraApiClient.cs:line 249
   at PointOfSale.Infrastructure.Services.SalesTransactionService.GetLastSubmittedTransactionAsync(String relativePath, String channelLabel, CancellationToken cancellationToken) in C:\Users\Albert Zee\Documents\Projects\Point Of Sale\src\PointOfSale.Infrastructure\Services\SalesTransactionService.cs:line 86
   at PointOfSale.Infrastructure.Services.SalesTransactionService.VerifySequenceContinuityAsync(Func`2 lookupFactory, String channelLabel, CancellationToken cancellationToken) in C:\Users\Albert Zee\Documents\Projects\Point Of Sale\src\PointOfSale.Infrastructure\Services\SalesTransactionService.cs:line 153
2026-08-07 09:01:17.218 +02:00 [INF] ART Diagnostic DatabaseLatency SqlExpress 1 null: Performance profile sample (FPS 0.0)
2026-08-07 09:01:31.165 +02:00 [INF] MRA EIS POST "https://dev-eis-api.mra.mw/api/v1/utilities/ping"
2026-08-07 09:01:31.183 +02:00 [INF] MRA POST /api/v1/utilities/ping status=200 success=true durationMs=16
2026-08-07 09:01:31.457 +02:00 [INF] MRA connectivity restored — waking offline sync worker.
2026-08-07 09:01:47.280 +02:00 [INF] ART Diagnostic DatabaseLatency SqlExpress 0 null: Performance profile sample (FPS 0.0)
2026-08-07 09:01:51.118 +02:00 [INF] MRA EIS POST "https://dev-eis-api.mra.mw/api/v1/utilities/ping"
2026-08-07 09:01:51.141 +02:00 [INF] MRA POST /api/v1/utilities/ping status=200 success=true durationMs=16
2026-08-07 09:01:51.145 +02:00 [INF] MRA connectivity restored — waking offline sync worker.
2026-08-07 09:01:55.516 +02:00 [INF] ART Diagnostic WorkerHeartbeat HealthCheckWorker null null: Heartbeat
2026-08-07 09:01:55.524 +02:00 [INF] ART Diagnostic DatabaseLatency SqlExpress 1 null: SQL round-trip 1 ms
2026-08-07 09:01:55.534 +02:00 [INF] MRA EIS POST "https://dev-eis-api.mra.mw/api/v1/utilities/ping"
2026-08-07 09:01:56.455 +02:00 [INF] ART Diagnostic DatabaseLatency SqlExpress 1 null: SQL round-trip 1 ms
2026-08-07 09:01:56.465 +02:00 [INF] MRA EIS POST "https://dev-eis-api.mra.mw/api/v1/utilities/ping"
2026-08-07 09:01:58.641 +02:00 [INF] MRA POST /api/v1/utilities/ping status=200 success=true durationMs=2172
2026-08-07 09:01:58.642 +02:00 [INF] MRA POST /api/v1/utilities/ping status=200 success=true durationMs=3110
2026-08-07 09:01:58.652 +02:00 [INF] ART Diagnostic MraConnectivity MraEis 3118 1: MRA ping ok in 3118 ms.
2026-08-07 09:01:58.653 +02:00 [INF] ART Diagnostic MraConnectivity MraEis 2187 1: MRA ping ok in 2187 ms.
2026-08-07 09:01:58.672 +02:00 [INF] ART Diagnostic HealthCheck HealthCheckWorker 1 null: All subsystems healthy (SQL 1 ms, disk 35.99 GB free).
2026-08-07 09:01:58.729 +02:00 [INF] MRA EIS POST "https://dev-eis-api.mra.mw/api/v1/utilities/ping"
2026-08-07 09:01:58.750 +02:00 [INF] MRA POST /api/v1/utilities/ping status=200 success=true durationMs=15
2026-08-07 09:01:58.753 +02:00 [INF] MRA connectivity restored — waking offline sync worker.
2026-08-07 09:01:58.753 +02:00 [INF] ART Diagnostic HealthCheck HealthCheckWorker 1 null: All subsystems healthy (SQL 1 ms, disk 35.99 GB free).
2026-08-07 09:01:58.799 +02:00 [INF] MRA EIS POST "https://dev-eis-api.mra.mw/api/v1/utilities/ping"
2026-08-07 09:01:59.056 +02:00 [INF] MRA POST /api/v1/utilities/ping status=200 success=true durationMs=250
2026-08-07 09:01:59.098 +02:00 [INF] MRA connectivity restored — waking offline sync worker.
2026-08-07 09:01:59.155 +02:00 [INF] ART Diagnostic WorkerHeartbeat SystemHealthMonitorService null null: All monitored subsystems healthy.
2026-08-07 09:02:01.269 +02:00 [INF] Inventory alert scan complete: 102 products, low=2, stockout=0, overstock=0, fast=0.
2026-08-07 09:02:11.114 +02:00 [INF] MRA EIS POST "https://dev-eis-api.mra.mw/api/v1/utilities/ping"
2026-08-07 09:02:11.133 +02:00 [INF] MRA POST /api/v1/utilities/ping status=200 success=true durationMs=16
2026-08-07 09:02:11.137 +02:00 [INF] MRA connectivity restored — waking offline sync worker.
2026-08-07 09:02:17.423 +02:00 [INF] ART Diagnostic DatabaseLatency SqlExpress 0 null: Performance profile sample (FPS 0.0)
2026-08-07 09:02:31.144 +02:00 [INF] MRA EIS POST "https://dev-eis-api.mra.mw/api/v1/utilities/ping"
2026-08-07 09:02:31.165 +02:00 [INF] MRA POST /api/v1/utilities/ping status=200 success=true durationMs=15
2026-08-07 09:02:31.168 +02:00 [INF] MRA connectivity restored — waking offline sync worker.
2026-08-07 09:02:43.684 +02:00 [INF] ART Diagnostic WorkerHeartbeat HealthCheckWorker null null: Heartbeat
2026-08-07 09:02:43.688 +02:00 [INF] ART Diagnostic DatabaseLatency SqlExpress 0 null: SQL round-trip 0 ms
2026-08-07 09:02:43.692 +02:00 [INF] MRA EIS POST "https://dev-eis-api.mra.mw/api/v1/utilities/ping"
2026-08-07 09:02:43.711 +02:00 [INF] MRA POST /api/v1/utilities/ping status=200 success=true durationMs=15
2026-08-07 09:02:43.714 +02:00 [INF] ART Diagnostic MraConnectivity MraEis 21 1: MRA ping ok in 21 ms.
2026-08-07 09:02:43.773 +02:00 [INF] MRA EIS POST "https://dev-eis-api.mra.mw/api/v1/utilities/ping"
2026-08-07 09:02:43.796 +02:00 [INF] MRA POST /api/v1/utilities/ping status=200 success=true durationMs=31
2026-08-07 09:02:43.800 +02:00 [INF] MRA connectivity restored — waking offline sync worker.
2026-08-07 09:02:43.800 +02:00 [INF] ART Diagnostic HealthCheck HealthCheckWorker 0 null: All subsystems healthy (SQL 0 ms, disk 35.97 GB free).
2026-08-07 09:02:44.389 +02:00 [INF] ART Diagnostic DatabaseLatency SqlExpress 1 null: SQL round-trip 1 ms
2026-08-07 09:02:44.395 +02:00 [INF] MRA EIS POST "https://dev-eis-api.mra.mw/api/v1/utilities/ping"
2026-08-07 09:02:47.469 +02:00 [INF] MRA POST /api/v1/utilities/ping status=200 success=true durationMs=3078
2026-08-07 09:02:47.475 +02:00 [INF] ART Diagnostic MraConnectivity MraEis 3079 1: MRA ping ok in 3079 ms.
2026-08-07 09:02:47.480 +02:00 [INF] ART Diagnostic DatabaseLatency SqlExpress 0 null: Performance profile sample (FPS 0.0)
2026-08-07 09:02:47.535 +02:00 [INF] MRA EIS POST "https://dev-eis-api.mra.mw/api/v1/utilities/ping"
2026-08-07 09:02:47.551 +02:00 [INF] MRA POST /api/v1/utilities/ping status=200 success=true durationMs=16
2026-08-07 09:02:47.765 +02:00 [INF] MRA connectivity restored — waking offline sync worker.
2026-08-07 09:02:47.766 +02:00 [INF] ART Diagnostic HealthCheck HealthCheckWorker 1 null: All subsystems healthy (SQL 1 ms, disk 35.97 GB free).
2026-08-07 09:02:47.779 +02:00 [INF] MRA EIS POST "https://dev-eis-api.mra.mw/api/v1/sales/last-submitted-offline-transaction"
2026-08-07 09:02:47.840 +02:00 [INF] MRA EIS POST "https://dev-eis-api.mra.mw/api/v1/utilities/ping"
2026-08-07 09:02:47.859 +02:00 [INF] MRA POST /api/v1/utilities/ping status=200 success=true durationMs=31
2026-08-07 09:02:47.869 +02:00 [INF] MRA connectivity restored — waking offline sync worker.
2026-08-07 09:02:47.921 +02:00 [INF] ART Diagnostic WorkerHeartbeat SystemHealthMonitorService null null: All monitored subsystems healthy.
2026-08-07 09:02:48.558 +02:00 [INF] MRA POST /api/v1/sales/last-submitted-offline-transaction status=200 success=true durationMs=766
2026-08-07 09:02:48.564 +02:00 [WRN] Unable to query last-submitted-offline-transaction for sequence check.
PointOfSale.Mra.Http.MraApiException: Invalid MRA EIS response JSON.
 ---> System.Text.Json.JsonException: The JSON value could not be converted to System.Decimal. Path: $.data.invoiceSummary.amountTendered | LineNumber: 0 | BytePositionInLine: 1361.
 ---> System.InvalidOperationException: Cannot get the value of a token type 'Null' as a number.
   at System.Text.Json.ThrowHelper.ThrowInvalidOperationException_ExpectedNumber(JsonTokenType tokenType)
   at System.Text.Json.Serialization.Metadata.JsonPropertyInfo`1.ReadJsonAndSetMember(Object obj, ReadStack& state, Utf8JsonReader& reader)
   at System.Text.Json.Serialization.Converters.ObjectDefaultConverter`1.OnTryRead(Utf8JsonReader& reader, Type typeToConvert, JsonSerializerOptions options, ReadStack& state, T& value)
   at System.Text.Json.Serialization.JsonConverter`1.TryRead(Utf8JsonReader& reader, Type typeToConvert, JsonSerializerOptions options, ReadStack& state, T& value, Boolean& isPopulatedValue)
   at System.Text.Json.Serialization.Metadata.JsonPropertyInfo`1.ReadJsonAndSetMember(Object obj, ReadStack& state, Utf8JsonReader& reader)
   at System.Text.Json.Serialization.Converters.ObjectDefaultConverter`1.OnTryRead(Utf8JsonReader& reader, Type typeToConvert, JsonSerializerOptions options, ReadStack& state, T& value)
   at System.Text.Json.Serialization.JsonConverter`1.TryRead(Utf8JsonReader& reader, Type typeToConvert, JsonSerializerOptions options, ReadStack& state, T& value, Boolean& isPopulatedValue)
   at System.Text.Json.Serialization.Metadata.JsonPropertyInfo`1.ReadJsonAndSetMember(Object obj, ReadStack& state, Utf8JsonReader& reader)
   at System.Text.Json.Serialization.Converters.ObjectDefaultConverter`1.OnTryRead(Utf8JsonReader& reader, Type typeToConvert, JsonSerializerOptions options, ReadStack& state, T& value)
   at System.Text.Json.Serialization.JsonConverter`1.TryRead(Utf8JsonReader& reader, Type typeToConvert, JsonSerializerOptions options, ReadStack& state, T& value, Boolean& isPopulatedValue)
   at System.Text.Json.Serialization.JsonConverter`1.ReadCore(Utf8JsonReader& reader, JsonSerializerOptions options, ReadStack& state)
   --- End of inner exception stack trace ---
   at System.Text.Json.ThrowHelper.ReThrowWithPath(ReadStack& state, Utf8JsonReader& reader, Exception ex)
   at System.Text.Json.Serialization.JsonConverter`1.ReadCore(Utf8JsonReader& reader, JsonSerializerOptions options, ReadStack& state)
   at System.Text.Json.JsonSerializer.ReadFromSpan[TValue](ReadOnlySpan`1 json, JsonTypeInfo`1 jsonTypeInfo)
   at System.Text.Json.JsonSerializer.Deserialize[TValue](String json, JsonSerializerOptions options)
   at PointOfSale.Infrastructure.Services.MraApiClient.SendAsync[TResponse](HttpRequestMessage request, String auditRequestBody, CancellationToken cancellationToken) in C:\Users\Albert Zee\Documents\Projects\Point Of Sale\src\PointOfSale.Infrastructure\Services\MraApiClient.cs:line 309
   --- End of inner exception stack trace ---
   at PointOfSale.Infrastructure.Services.MraApiClient.SendAsync[TResponse](HttpRequestMessage request, String auditRequestBody, CancellationToken cancellationToken) in C:\Users\Albert Zee\Documents\Projects\Point Of Sale\src\PointOfSale.Infrastructure\Services\MraApiClient.cs:line 323
   at PointOfSale.Infrastructure.Services.MraApiClient.PostEmptyAsync[TResponse](String relativePath, MraRequestContext context, CancellationToken cancellationToken) in C:\Users\Albert Zee\Documents\Projects\Point Of Sale\src\PointOfSale.Infrastructure\Services\MraApiClient.cs:line 249
   at PointOfSale.Infrastructure.Services.SalesTransactionService.GetLastSubmittedTransactionAsync(String relativePath, String channelLabel, CancellationToken cancellationToken) in C:\Users\Albert Zee\Documents\Projects\Point Of Sale\src\PointOfSale.Infrastructure\Services\SalesTransactionService.cs:line 86
   at PointOfSale.Infrastructure.Services.SalesTransactionService.VerifySequenceContinuityAsync(Func`2 lookupFactory, String channelLabel, CancellationToken cancellationToken) in C:\Users\Albert Zee\Documents\Projects\Point Of Sale\src\PointOfSale.Infrastructure\Services\SalesTransactionService.cs:line 153
2026-08-07 09:02:51.143 +02:00 [INF] MRA EIS POST "https://dev-eis-api.mra.mw/api/v1/utilities/ping"
2026-08-07 09:02:51.168 +02:00 [INF] MRA POST /api/v1/utilities/ping status=200 success=true durationMs=15
2026-08-07 09:02:51.171 +02:00 [INF] MRA connectivity restored — waking offline sync worker.
2026-08-07 09:03:01.302 +02:00 [INF] Inventory alert scan complete: 102 products, low=2, stockout=0, overstock=0, fast=0.
2026-08-07 09:03:11.130 +02:00 [INF] MRA EIS POST "https://dev-eis-api.mra.mw/api/v1/utilities/ping"
2026-08-07 09:03:11.151 +02:00 [INF] MRA POST /api/v1/utilities/ping status=200 success=true durationMs=16
2026-08-07 09:03:11.158 +02:00 [INF] MRA connectivity restored — waking offline sync worker.
2026-08-07 09:03:17.567 +02:00 [INF] ART Diagnostic DatabaseLatency SqlExpress 1 null: Performance profile sample (FPS 0.0)
2026-08-07 09:03:28.806 +02:00 [INF] ART Diagnostic WorkerHeartbeat HealthCheckWorker null null: Heartbeat
2026-08-07 09:03:28.865 +02:00 [INF] ART Diagnostic DatabaseLatency SqlExpress 52 null: SQL round-trip 52 ms
2026-08-07 09:03:28.869 +02:00 [INF] MRA EIS POST "https://dev-eis-api.mra.mw/api/v1/utilities/ping"
2026-08-07 09:03:28.888 +02:00 [INF] MRA POST /api/v1/utilities/ping status=200 success=true durationMs=16
2026-08-07 09:03:28.892 +02:00 [INF] ART Diagnostic MraConnectivity MraEis 23 1: MRA ping ok in 23 ms.
2026-08-07 09:03:28.960 +02:00 [INF] MRA EIS POST "https://dev-eis-api.mra.mw/api/v1/utilities/ping"
2026-08-07 09:03:32.077 +02:00 [INF] MRA POST /api/v1/utilities/ping status=200 success=true durationMs=3125
2026-08-07 09:03:32.121 +02:00 [INF] MRA connectivity restored — waking offline sync worker.
2026-08-07 09:03:32.122 +02:00 [INF] ART Diagnostic HealthCheck HealthCheckWorker 52 null: All subsystems healthy (SQL 52 ms, disk 35.96 GB free).
2026-08-07 09:03:32.932 +02:00 [INF] ART Diagnostic DatabaseLatency SqlExpress 0 null: SQL round-trip 0 ms
2026-08-07 09:03:33.006 +02:00 [INF] MRA EIS POST "https://dev-eis-api.mra.mw/api/v1/utilities/ping"
2026-08-07 09:03:33.027 +02:00 [INF] MRA POST /api/v1/utilities/ping status=200 success=true durationMs=31
2026-08-07 09:03:33.033 +02:00 [INF] ART Diagnostic MraConnectivity MraEis 27 1: MRA ping ok in 27 ms.
2026-08-07 09:03:33.093 +02:00 [INF] MRA EIS POST "https://dev-eis-api.mra.mw/api/v1/utilities/ping"
2026-08-07 09:03:33.111 +02:00 [INF] MRA POST /api/v1/utilities/ping status=200 success=true durationMs=15
2026-08-07 09:03:33.145 +02:00 [INF] MRA connectivity restored — waking offline sync worker.
2026-08-07 09:03:33.145 +02:00 [INF] ART Diagnostic HealthCheck HealthCheckWorker 0 null: All subsystems healthy (SQL 0 ms, disk 35.96 GB free).
2026-08-07 09:03:33.189 +02:00 [INF] MRA EIS POST "https://dev-eis-api.mra.mw/api/v1/utilities/ping"
2026-08-07 09:03:33.206 +02:00 [INF] MRA POST /api/v1/utilities/ping status=200 success=true durationMs=15
2026-08-07 09:03:33.244 +02:00 [INF] MRA connectivity restored — waking offline sync worker.
2026-08-07 09:03:33.284 +02:00 [INF] ART Diagnostic WorkerHeartbeat SystemHealthMonitorService null null: All monitored subsystems healthy.
2026-08-07 09:03:47.723 +02:00 [INF] ART Diagnostic DatabaseLatency SqlExpress 0 null: Performance profile sample (FPS 0.0)
2026-08-07 09:03:51.149 +02:00 [INF] MRA EIS POST "https://dev-eis-api.mra.mw/api/v1/utilities/ping"
2026-08-07 09:03:51.167 +02:00 [INF] MRA POST /api/v1/utilities/ping status=200 success=true durationMs=16
2026-08-07 09:03:51.171 +02:00 [INF] MRA connectivity restored — waking offline sync worker.
2026-08-07 09:04:01.570 +02:00 [INF] Inventory alert scan complete: 102 products, low=2, stockout=0, overstock=0, fast=0.
2026-08-07 09:04:11.124 +02:00 [INF] MRA EIS POST "https://dev-eis-api.mra.mw/api/v1/utilities/ping"
2026-08-07 09:04:11.142 +02:00 [INF] MRA POST /api/v1/utilities/ping status=200 success=true durationMs=32
2026-08-07 09:04:11.145 +02:00 [INF] MRA connectivity restored — waking offline sync worker.
2026-08-07 09:04:17.125 +02:00 [INF] ART Diagnostic WorkerHeartbeat HealthCheckWorker null null: Heartbeat
2026-08-07 09:04:17.133 +02:00 [INF] ART Diagnostic DatabaseLatency SqlExpress 1 null: SQL round-trip 1 ms
2026-08-07 09:04:17.141 +02:00 [INF] MRA EIS POST "https://dev-eis-api.mra.mw/api/v1/utilities/ping"
2026-08-07 09:04:17.159 +02:00 [INF] MRA POST /api/v1/utilities/ping status=200 success=true durationMs=15
2026-08-07 09:04:17.162 +02:00 [INF] ART Diagnostic MraConnectivity MraEis 21 1: MRA ping ok in 21 ms.
2026-08-07 09:04:17.211 +02:00 [INF] MRA EIS POST "https://dev-eis-api.mra.mw/api/v1/utilities/ping"
2026-08-07 09:04:17.229 +02:00 [INF] MRA POST /api/v1/utilities/ping status=200 success=true durationMs=16
2026-08-07 09:04:17.232 +02:00 [INF] MRA connectivity restored — waking offline sync worker.
2026-08-07 09:04:17.232 +02:00 [INF] ART Diagnostic HealthCheck HealthCheckWorker 1 null: All subsystems healthy (SQL 1 ms, disk 35.95 GB free).
2026-08-07 09:04:17.760 +02:00 [INF] ART Diagnostic DatabaseLatency SqlExpress 1 null: Performance profile sample (FPS 0.0)
2026-08-07 09:04:18.413 +02:00 [INF] ART Diagnostic DatabaseLatency SqlExpress 1 null: SQL round-trip 1 ms
2026-08-07 09:04:18.442 +02:00 [INF] MRA EIS POST "https://dev-eis-api.mra.mw/api/v1/utilities/ping"
2026-08-07 09:04:18.460 +02:00 [INF] MRA POST /api/v1/utilities/ping status=200 success=true durationMs=16
2026-08-07 09:04:18.464 +02:00 [INF] ART Diagnostic MraConnectivity MraEis 22 1: MRA ping ok in 22 ms.
2026-08-07 09:04:18.529 +02:00 [INF] MRA EIS POST "https://dev-eis-api.mra.mw/api/v1/utilities/ping"
2026-08-07 09:04:18.544 +02:00 [INF] MRA POST /api/v1/utilities/ping status=200 success=true durationMs=16
2026-08-07 09:04:18.547 +02:00 [INF] MRA connectivity restored — waking offline sync worker.
2026-08-07 09:04:18.548 +02:00 [INF] ART Diagnostic HealthCheck HealthCheckWorker 1 null: All subsystems healthy (SQL 1 ms, disk 35.95 GB free).
2026-08-07 09:04:18.598 +02:00 [INF] MRA EIS POST "https://dev-eis-api.mra.mw/api/v1/utilities/ping"
2026-08-07 09:04:18.613 +02:00 [INF] MRA POST /api/v1/utilities/ping status=200 success=true durationMs=0
2026-08-07 09:04:18.616 +02:00 [INF] MRA connectivity restored — waking offline sync worker.
2026-08-07 09:04:18.619 +02:00 [INF] MRA EIS POST "https://dev-eis-api.mra.mw/api/v1/sales/last-submitted-offline-transaction"
2026-08-07 09:04:18.657 +02:00 [INF] ART Diagnostic WorkerHeartbeat SystemHealthMonitorService null null: All monitored subsystems healthy.
2026-08-07 09:04:19.119 +02:00 [INF] MRA POST /api/v1/sales/last-submitted-offline-transaction status=200 success=true durationMs=500
2026-08-07 09:04:19.129 +02:00 [WRN] Unable to query last-submitted-offline-transaction for sequence check.
PointOfSale.Mra.Http.MraApiException: Invalid MRA EIS response JSON.
 ---> System.Text.Json.JsonException: The JSON value could not be converted to System.Decimal. Path: $.data.invoiceSummary.amountTendered | LineNumber: 0 | BytePositionInLine: 1361.
 ---> System.InvalidOperationException: Cannot get the value of a token type 'Null' as a number.
   at System.Text.Json.ThrowHelper.ThrowInvalidOperationException_ExpectedNumber(JsonTokenType tokenType)
   at System.Text.Json.Serialization.Metadata.JsonPropertyInfo`1.ReadJsonAndSetMember(Object obj, ReadStack& state, Utf8JsonReader& reader)
   at System.Text.Json.Serialization.Converters.ObjectDefaultConverter`1.OnTryRead(Utf8JsonReader& reader, Type typeToConvert, JsonSerializerOptions options, ReadStack& state, T& value)
   at System.Text.Json.Serialization.JsonConverter`1.TryRead(Utf8JsonReader& reader, Type typeToConvert, JsonSerializerOptions options, ReadStack& state, T& value, Boolean& isPopulatedValue)
   at System.Text.Json.Serialization.Metadata.JsonPropertyInfo`1.ReadJsonAndSetMember(Object obj, ReadStack& state, Utf8JsonReader& reader)
   at System.Text.Json.Serialization.Converters.ObjectDefaultConverter`1.OnTryRead(Utf8JsonReader& reader, Type typeToConvert, JsonSerializerOptions options, ReadStack& state, T& value)
   at System.Text.Json.Serialization.JsonConverter`1.TryRead(Utf8JsonReader& reader, Type typeToConvert, JsonSerializerOptions options, ReadStack& state, T& value, Boolean& isPopulatedValue)
   at System.Text.Json.Serialization.Metadata.JsonPropertyInfo`1.ReadJsonAndSetMember(Object obj, ReadStack& state, Utf8JsonReader& reader)
   at System.Text.Json.Serialization.Converters.ObjectDefaultConverter`1.OnTryRead(Utf8JsonReader& reader, Type typeToConvert, JsonSerializerOptions options, ReadStack& state, T& value)
   at System.Text.Json.Serialization.JsonConverter`1.TryRead(Utf8JsonReader& reader, Type typeToConvert, JsonSerializerOptions options, ReadStack& state, T& value, Boolean& isPopulatedValue)
   at System.Text.Json.Serialization.JsonConverter`1.ReadCore(Utf8JsonReader& reader, JsonSerializerOptions options, ReadStack& state)
   --- End of inner exception stack trace ---
   at System.Text.Json.ThrowHelper.ReThrowWithPath(ReadStack& state, Utf8JsonReader& reader, Exception ex)
   at System.Text.Json.Serialization.JsonConverter`1.ReadCore(Utf8JsonReader& reader, JsonSerializerOptions options, ReadStack& state)
   at System.Text.Json.JsonSerializer.ReadFromSpan[TValue](ReadOnlySpan`1 json, JsonTypeInfo`1 jsonTypeInfo)
   at System.Text.Json.JsonSerializer.Deserialize[TValue](String json, JsonSerializerOptions options)
   at PointOfSale.Infrastructure.Services.MraApiClient.SendAsync[TResponse](HttpRequestMessage request, String auditRequestBody, CancellationToken cancellationToken) in C:\Users\Albert Zee\Documents\Projects\Point Of Sale\src\PointOfSale.Infrastructure\Services\MraApiClient.cs:line 309
   --- End of inner exception stack trace ---
   at PointOfSale.Infrastructure.Services.MraApiClient.SendAsync[TResponse](HttpRequestMessage request, String auditRequestBody, CancellationToken cancellationToken) in C:\Users\Albert Zee\Documents\Projects\Point Of Sale\src\PointOfSale.Infrastructure\Services\MraApiClient.cs:line 323
   at PointOfSale.Infrastructure.Services.MraApiClient.PostEmptyAsync[TResponse](String relativePath, MraRequestContext context, CancellationToken cancellationToken) in C:\Users\Albert Zee\Documents\Projects\Point Of Sale\src\PointOfSale.Infrastructure\Services\MraApiClient.cs:line 249
   at PointOfSale.Infrastructure.Services.SalesTransactionService.GetLastSubmittedTransactionAsync(String relativePath, String channelLabel, CancellationToken cancellationToken) in C:\Users\Albert Zee\Documents\Projects\Point Of Sale\src\PointOfSale.Infrastructure\Services\SalesTransactionService.cs:line 86
   at PointOfSale.Infrastructure.Services.SalesTransactionService.VerifySequenceContinuityAsync(Func`2 lookupFactory, String channelLabel, CancellationToken cancellationToken) in C:\Users\Albert Zee\Documents\Projects\Point Of Sale\src\PointOfSale.Infrastructure\Services\SalesTransactionService.cs:line 153
2026-08-07 09:04:31.127 +02:00 [INF] MRA EIS POST "https://dev-eis-api.mra.mw/api/v1/utilities/ping"
2026-08-07 09:04:31.146 +02:00 [INF] MRA POST /api/v1/utilities/ping status=200 success=true durationMs=16
2026-08-07 09:04:31.149 +02:00 [INF] MRA connectivity restored — waking offline sync worker.
2026-08-07 09:04:47.811 +02:00 [INF] ART Diagnostic DatabaseLatency SqlExpress 1 null: Performance profile sample (FPS 0.0)
2026-08-07 09:04:51.153 +02:00 [INF] MRA EIS POST "https://dev-eis-api.mra.mw/api/v1/utilities/ping"
2026-08-07 09:04:51.192 +02:00 [INF] MRA POST /api/v1/utilities/ping status=200 success=true durationMs=47
2026-08-07 09:04:51.199 +02:00 [INF] MRA connectivity restored — waking offline sync worker.
2026-08-07 09:05:01.596 +02:00 [INF] Inventory alert scan complete: 102 products, low=2, stockout=0, overstock=0, fast=0.
2026-08-07 09:05:02.238 +02:00 [INF] ART Diagnostic WorkerHeartbeat HealthCheckWorker null null: Heartbeat
2026-08-07 09:05:02.242 +02:00 [INF] ART Diagnostic DatabaseLatency SqlExpress 0 null: SQL round-trip 0 ms
2026-08-07 09:05:02.246 +02:00 [INF] MRA EIS POST "https://dev-eis-api.mra.mw/api/v1/utilities/ping"
2026-08-07 09:05:02.264 +02:00 [INF] MRA POST /api/v1/utilities/ping status=200 success=true durationMs=16
2026-08-07 09:05:02.277 +02:00 [INF] ART Diagnostic MraConnectivity MraEis 31 1: MRA ping ok in 31 ms.
2026-08-07 09:05:02.340 +02:00 [INF] MRA EIS POST "https://dev-eis-api.mra.mw/api/v1/utilities/ping"
2026-08-07 09:05:02.359 +02:00 [INF] MRA POST /api/v1/utilities/ping status=200 success=true durationMs=15
2026-08-07 09:05:02.361 +02:00 [INF] MRA connectivity restored — waking offline sync worker.
2026-08-07 09:05:02.362 +02:00 [INF] ART Diagnostic HealthCheck HealthCheckWorker 0 null: All subsystems healthy (SQL 0 ms, disk 35.94 GB free).
2026-08-07 09:05:03.648 +02:00 [INF] ART Diagnostic DatabaseLatency SqlExpress 1 null: SQL round-trip 1 ms
2026-08-07 09:05:03.660 +02:00 [INF] MRA EIS POST "https://dev-eis-api.mra.mw/api/v1/utilities/ping"
2026-08-07 09:05:06.733 +02:00 [INF] MRA POST /api/v1/utilities/ping status=200 success=true durationMs=3078
2026-08-07 09:05:06.739 +02:00 [INF] ART Diagnostic MraConnectivity MraEis 3079 1: MRA ping ok in 3079 ms.
2026-08-07 09:05:06.811 +02:00 [INF] MRA EIS POST "https://dev-eis-api.mra.mw/api/v1/utilities/ping"
2026-08-07 09:05:06.827 +02:00 [INF] MRA POST /api/v1/utilities/ping status=200 success=true durationMs=15
2026-08-07 09:05:06.830 +02:00 [INF] MRA connectivity restored — waking offline sync worker.
2026-08-07 09:05:06.830 +02:00 [INF] ART Diagnostic HealthCheck HealthCheckWorker 1 null: All subsystems healthy (SQL 1 ms, disk 35.94 GB free).
2026-08-07 09:05:06.872 +02:00 [INF] MRA EIS POST "https://dev-eis-api.mra.mw/api/v1/utilities/ping"
2026-08-07 09:05:06.889 +02:00 [INF] MRA POST /api/v1/utilities/ping status=200 success=true durationMs=16
2026-08-07 09:05:06.892 +02:00 [INF] MRA connectivity restored — waking offline sync worker.
2026-08-07 09:05:06.930 +02:00 [INF] ART Diagnostic WorkerHeartbeat SystemHealthMonitorService null null: All monitored subsystems healthy.
2026-08-07 09:05:11.138 +02:00 [INF] MRA EIS POST "https://dev-eis-api.mra.mw/api/v1/utilities/ping"
2026-08-07 09:05:11.155 +02:00 [INF] MRA POST /api/v1/utilities/ping status=200 success=true durationMs=15
2026-08-07 09:05:11.159 +02:00 [INF] MRA connectivity restored — waking offline sync worker.
2026-08-07 09:05:17.865 +02:00 [INF] ART Diagnostic DatabaseLatency SqlExpress 1 null: Performance profile sample (FPS 0.0)
2026-08-07 09:05:31.163 +02:00 [INF] MRA EIS POST "https://dev-eis-api.mra.mw/api/v1/utilities/ping"
2026-08-07 09:05:31.181 +02:00 [INF] MRA POST /api/v1/utilities/ping status=200 success=true durationMs=16
2026-08-07 09:05:31.184 +02:00 [INF] MRA connectivity restored — waking offline sync worker.
2026-08-07 09:05:47.368 +02:00 [INF] ART Diagnostic WorkerHeartbeat HealthCheckWorker null null: Heartbeat
2026-08-07 09:05:47.373 +02:00 [INF] ART Diagnostic DatabaseLatency SqlExpress 0 null: SQL round-trip 0 ms
2026-08-07 09:05:47.379 +02:00 [INF] MRA EIS POST "https://dev-eis-api.mra.mw/api/v1/utilities/ping"
2026-08-07 09:05:47.397 +02:00 [INF] MRA POST /api/v1/utilities/ping status=200 success=true durationMs=16
2026-08-07 09:05:47.401 +02:00 [INF] ART Diagnostic MraConnectivity MraEis 22 1: MRA ping ok in 22 ms.
2026-08-07 09:05:47.451 +02:00 [INF] MRA EIS POST "https://dev-eis-api.mra.mw/api/v1/utilities/ping"
2026-08-07 09:05:47.919 +02:00 [INF] ART Diagnostic DatabaseLatency SqlExpress 1 null: Performance profile sample (FPS 0.0)
2026-08-07 09:05:50.573 +02:00 [INF] MRA POST /api/v1/utilities/ping status=200 success=true durationMs=3110
2026-08-07 09:05:50.582 +02:00 [INF] MRA connectivity restored — waking offline sync worker.
2026-08-07 09:05:50.583 +02:00 [INF] ART Diagnostic HealthCheck HealthCheckWorker 0 null: All subsystems healthy (SQL 0 ms, disk 35.92 GB free).
2026-08-07 09:05:50.591 +02:00 [INF] MRA EIS POST "https://dev-eis-api.mra.mw/api/v1/sales/last-submitted-offline-transaction"
2026-08-07 09:05:51.019 +02:00 [INF] MRA POST /api/v1/sales/last-submitted-offline-transaction status=200 success=true durationMs=422
2026-08-07 09:05:51.043 +02:00 [WRN] Unable to query last-submitted-offline-transaction for sequence check.
PointOfSale.Mra.Http.MraApiException: Invalid MRA EIS response JSON.
 ---> System.Text.Json.JsonException: The JSON value could not be converted to System.Decimal. Path: $.data.invoiceSummary.amountTendered | LineNumber: 0 | BytePositionInLine: 1361.
 ---> System.InvalidOperationException: Cannot get the value of a token type 'Null' as a number.
   at System.Text.Json.ThrowHelper.ThrowInvalidOperationException_ExpectedNumber(JsonTokenType tokenType)
   at System.Text.Json.Serialization.Metadata.JsonPropertyInfo`1.ReadJsonAndSetMember(Object obj, ReadStack& state, Utf8JsonReader& reader)
   at System.Text.Json.Serialization.Converters.ObjectDefaultConverter`1.OnTryRead(Utf8JsonReader& reader, Type typeToConvert, JsonSerializerOptions options, ReadStack& state, T& value)
   at System.Text.Json.Serialization.JsonConverter`1.TryRead(Utf8JsonReader& reader, Type typeToConvert, JsonSerializerOptions options, ReadStack& state, T& value, Boolean& isPopulatedValue)
   at System.Text.Json.Serialization.Metadata.JsonPropertyInfo`1.ReadJsonAndSetMember(Object obj, ReadStack& state, Utf8JsonReader& reader)
   at System.Text.Json.Serialization.Converters.ObjectDefaultConverter`1.OnTryRead(Utf8JsonReader& reader, Type typeToConvert, JsonSerializerOptions options, ReadStack& state, T& value)
   at System.Text.Json.Serialization.JsonConverter`1.TryRead(Utf8JsonReader& reader, Type typeToConvert, JsonSerializerOptions options, ReadStack& state, T& value, Boolean& isPopulatedValue)
   at System.Text.Json.Serialization.Metadata.JsonPropertyInfo`1.ReadJsonAndSetMember(Object obj, ReadStack& state, Utf8JsonReader& reader)
   at System.Text.Json.Serialization.Converters.ObjectDefaultConverter`1.OnTryRead(Utf8JsonReader& reader, Type typeToConvert, JsonSerializerOptions options, ReadStack& state, T& value)
   at System.Text.Json.Serialization.JsonConverter`1.TryRead(Utf8JsonReader& reader, Type typeToConvert, JsonSerializerOptions options, ReadStack& state, T& value, Boolean& isPopulatedValue)
   at System.Text.Json.Serialization.JsonConverter`1.ReadCore(Utf8JsonReader& reader, JsonSerializerOptions options, ReadStack& state)
   --- End of inner exception stack trace ---
   at System.Text.Json.ThrowHelper.ReThrowWithPath(ReadStack& state, Utf8JsonReader& reader, Exception ex)
   at System.Text.Json.Serialization.JsonConverter`1.ReadCore(Utf8JsonReader& reader, JsonSerializerOptions options, ReadStack& state)
   at System.Text.Json.JsonSerializer.ReadFromSpan[TValue](ReadOnlySpan`1 json, JsonTypeInfo`1 jsonTypeInfo)
   at System.Text.Json.JsonSerializer.Deserialize[TValue](String json, JsonSerializerOptions options)
   at PointOfSale.Infrastructure.Services.MraApiClient.SendAsync[TResponse](HttpRequestMessage request, String auditRequestBody, CancellationToken cancellationToken) in C:\Users\Albert Zee\Documents\Projects\Point Of Sale\src\PointOfSale.Infrastructure\Services\MraApiClient.cs:line 309
   --- End of inner exception stack trace ---
   at PointOfSale.Infrastructure.Services.MraApiClient.SendAsync[TResponse](HttpRequestMessage request, String auditRequestBody, CancellationToken cancellationToken) in C:\Users\Albert Zee\Documents\Projects\Point Of Sale\src\PointOfSale.Infrastructure\Services\MraApiClient.cs:line 323
   at PointOfSale.Infrastructure.Services.MraApiClient.PostEmptyAsync[TResponse](String relativePath, MraRequestContext context, CancellationToken cancellationToken) in C:\Users\Albert Zee\Documents\Projects\Point Of Sale\src\PointOfSale.Infrastructure\Services\MraApiClient.cs:line 249
   at PointOfSale.Infrastructure.Services.SalesTransactionService.GetLastSubmittedTransactionAsync(String relativePath, String channelLabel, CancellationToken cancellationToken) in C:\Users\Albert Zee\Documents\Projects\Point Of Sale\src\PointOfSale.Infrastructure\Services\SalesTransactionService.cs:line 86
   at PointOfSale.Infrastructure.Services.SalesTransactionService.VerifySequenceContinuityAsync(Func`2 lookupFactory, String channelLabel, CancellationToken cancellationToken) in C:\Users\Albert Zee\Documents\Projects\Point Of Sale\src\PointOfSale.Infrastructure\Services\SalesTransactionService.cs:line 153
2026-08-07 09:05:51.123 +02:00 [INF] MRA EIS POST "https://dev-eis-api.mra.mw/api/v1/utilities/ping"
2026-08-07 09:05:51.140 +02:00 [INF] MRA POST /api/v1/utilities/ping status=200 success=true durationMs=16
2026-08-07 09:05:51.143 +02:00 [INF] MRA connectivity restored — waking offline sync worker.
2026-08-07 09:05:51.935 +02:00 [INF] ART Diagnostic DatabaseLatency SqlExpress 0 null: SQL round-trip 0 ms
2026-08-07 09:05:51.939 +02:00 [INF] MRA EIS POST "https://dev-eis-api.mra.mw/api/v1/utilities/ping"
2026-08-07 09:05:51.957 +02:00 [INF] MRA POST /api/v1/utilities/ping status=200 success=true durationMs=15
2026-08-07 09:05:51.960 +02:00 [INF] ART Diagnostic MraConnectivity MraEis 20 1: MRA ping ok in 20 ms.
2026-08-07 09:05:52.001 +02:00 [INF] MRA EIS POST "https://dev-eis-api.mra.mw/api/v1/utilities/ping"
2026-08-07 09:05:52.017 +02:00 [INF] MRA POST /api/v1/utilities/ping status=200 success=true durationMs=16
2026-08-07 09:05:52.020 +02:00 [INF] MRA connectivity restored — waking offline sync worker.
2026-08-07 09:05:52.020 +02:00 [INF] ART Diagnostic HealthCheck HealthCheckWorker 0 null: All subsystems healthy (SQL 0 ms, disk 35.92 GB free).
2026-08-07 09:05:52.067 +02:00 [INF] MRA EIS POST "https://dev-eis-api.mra.mw/api/v1/utilities/ping"
2026-08-07 09:05:52.084 +02:00 [INF] MRA POST /api/v1/utilities/ping status=200 success=true durationMs=15
2026-08-07 09:05:52.087 +02:00 [INF] MRA connectivity restored — waking offline sync worker.
2026-08-07 09:05:52.127 +02:00 [INF] ART Diagnostic WorkerHeartbeat SystemHealthMonitorService null null: All monitored subsystems healthy.
2026-08-07 09:06:01.606 +02:00 [INF] Inventory alert scan complete: 102 products, low=2, stockout=0, overstock=0, fast=0.
2026-08-07 09:06:11.160 +02:00 [INF] MRA EIS POST "https://dev-eis-api.mra.mw/api/v1/utilities/ping"
2026-08-07 09:06:11.179 +02:00 [INF] MRA POST /api/v1/utilities/ping status=200 success=true durationMs=16
2026-08-07 09:06:11.182 +02:00 [INF] MRA connectivity restored — waking offline sync worker.
2026-08-07 09:06:17.968 +02:00 [INF] ART Diagnostic DatabaseLatency SqlExpress 1 null: Performance profile sample (FPS 0.0)
2026-08-07 09:06:31.120 +02:00 [INF] MRA EIS POST "https://dev-eis-api.mra.mw/api/v1/utilities/ping"
2026-08-07 09:06:31.138 +02:00 [INF] MRA POST /api/v1/utilities/ping status=200 success=true durationMs=16
2026-08-07 09:06:31.141 +02:00 [INF] MRA connectivity restored — waking offline sync worker.
2026-08-07 09:06:35.600 +02:00 [INF] ART Diagnostic WorkerHeartbeat HealthCheckWorker null null: Heartbeat
2026-08-07 09:06:35.615 +02:00 [INF] ART Diagnostic DatabaseLatency SqlExpress 0 null: SQL round-trip 0 ms
2026-08-07 09:06:35.619 +02:00 [INF] MRA EIS POST "https://dev-eis-api.mra.mw/api/v1/utilities/ping"
2026-08-07 09:06:37.133 +02:00 [INF] ART Diagnostic DatabaseLatency SqlExpress 1 null: SQL round-trip 1 ms
2026-08-07 09:06:37.142 +02:00 [INF] MRA EIS POST "https://dev-eis-api.mra.mw/api/v1/utilities/ping"
2026-08-07 09:06:37.256 +02:00 [INF] MRA POST /api/v1/utilities/ping status=200 success=true durationMs=109
2026-08-07 09:06:37.262 +02:00 [INF] ART Diagnostic MraConnectivity MraEis 120 1: MRA ping ok in 120 ms.
2026-08-07 09:06:37.340 +02:00 [INF] MRA EIS POST "https://dev-eis-api.mra.mw/api/v1/utilities/ping"
2026-08-07 09:06:37.360 +02:00 [INF] MRA POST /api/v1/utilities/ping status=200 success=true durationMs=15
2026-08-07 09:06:37.598 +02:00 [INF] MRA connectivity restored — waking offline sync worker.
2026-08-07 09:06:37.599 +02:00 [INF] ART Diagnostic HealthCheck HealthCheckWorker 1 null: All subsystems healthy (SQL 1 ms, disk 35.93 GB free).
2026-08-07 09:06:37.682 +02:00 [INF] MRA EIS POST "https://dev-eis-api.mra.mw/api/v1/utilities/ping"
2026-08-07 09:06:37.701 +02:00 [INF] MRA POST /api/v1/utilities/ping status=200 success=true durationMs=15
2026-08-07 09:06:37.704 +02:00 [INF] MRA connectivity restored — waking offline sync worker.
2026-08-07 09:06:37.776 +02:00 [INF] ART Diagnostic WorkerHeartbeat SystemHealthMonitorService null null: All monitored subsystems healthy.
2026-08-07 09:06:38.726 +02:00 [INF] MRA POST /api/v1/utilities/ping status=200 success=true durationMs=3109
2026-08-07 09:06:38.732 +02:00 [INF] ART Diagnostic MraConnectivity MraEis 3113 1: MRA ping ok in 3113 ms.
2026-08-07 09:06:38.810 +02:00 [INF] MRA EIS POST "https://dev-eis-api.mra.mw/api/v1/utilities/ping"
2026-08-07 09:06:38.829 +02:00 [INF] MRA POST /api/v1/utilities/ping status=200 success=true durationMs=15
2026-08-07 09:06:38.832 +02:00 [INF] MRA connectivity restored — waking offline sync worker.
2026-08-07 09:06:38.832 +02:00 [INF] ART Diagnostic HealthCheck HealthCheckWorker 0 null: All subsystems healthy (SQL 0 ms, disk 35.93 GB free).
2026-08-07 09:06:48.032 +02:00 [INF] ART Diagnostic DatabaseLatency SqlExpress 1 null: Performance profile sample (FPS 0.0)
2026-08-07 09:06:51.142 +02:00 [INF] MRA EIS POST "https://dev-eis-api.mra.mw/api/v1/utilities/ping"
2026-08-07 09:06:51.157 +02:00 [INF] MRA POST /api/v1/utilities/ping status=200 success=true durationMs=15
2026-08-07 09:06:51.422 +02:00 [INF] MRA connectivity restored — waking offline sync worker.
2026-08-07 09:07:01.629 +02:00 [INF] Inventory alert scan complete: 102 products, low=2, stockout=0, overstock=0, fast=0.
2026-08-07 09:07:11.208 +02:00 [INF] MRA EIS POST "https://dev-eis-api.mra.mw/api/v1/utilities/ping"
2026-08-07 09:07:11.316 +02:00 [INF] MRA POST /api/v1/utilities/ping status=200 success=true durationMs=94
2026-08-07 09:07:11.432 +02:00 [INF] MRA connectivity restored — waking offline sync worker.
2026-08-07 09:07:18.080 +02:00 [INF] ART Diagnostic DatabaseLatency SqlExpress 1 null: Performance profile sample (FPS 0.0)
2026-08-07 09:07:22.786 +02:00 [INF] ART Diagnostic DatabaseLatency SqlExpress 1 null: SQL round-trip 1 ms
2026-08-07 09:07:22.819 +02:00 [INF] MRA EIS POST "https://dev-eis-api.mra.mw/api/v1/utilities/ping"
2026-08-07 09:07:22.852 +02:00 [INF] MRA POST /api/v1/utilities/ping status=200 success=true durationMs=31
2026-08-07 09:07:22.856 +02:00 [INF] ART Diagnostic MraConnectivity MraEis 36 1: MRA ping ok in 36 ms.
2026-08-07 09:07:22.900 +02:00 [INF] MRA EIS POST "https://dev-eis-api.mra.mw/api/v1/utilities/ping"
2026-08-07 09:07:22.923 +02:00 [INF] MRA POST /api/v1/utilities/ping status=200 success=true durationMs=16
2026-08-07 09:07:22.926 +02:00 [INF] MRA connectivity restored — waking offline sync worker.
2026-08-07 09:07:22.926 +02:00 [INF] ART Diagnostic HealthCheck HealthCheckWorker 1 null: All subsystems healthy (SQL 1 ms, disk 35.86 GB free).
2026-08-07 09:07:22.929 +02:00 [INF] MRA EIS POST "https://dev-eis-api.mra.mw/api/v1/sales/last-submitted-offline-transaction"
2026-08-07 09:07:22.972 +02:00 [INF] MRA EIS POST "https://dev-eis-api.mra.mw/api/v1/utilities/ping"
2026-08-07 09:07:23.847 +02:00 [INF] ART Diagnostic WorkerHeartbeat HealthCheckWorker null null: Heartbeat
2026-08-07 09:07:23.871 +02:00 [INF] ART Diagnostic DatabaseLatency SqlExpress 1 null: SQL round-trip 1 ms
2026-08-07 09:07:23.921 +02:00 [INF] MRA EIS POST "https://dev-eis-api.mra.mw/api/v1/utilities/ping"
2026-08-07 09:07:23.993 +02:00 [INF] MRA POST /api/v1/utilities/ping status=200 success=true durationMs=78
2026-08-07 09:07:23.996 +02:00 [INF] ART Diagnostic MraConnectivity MraEis 74 1: MRA ping ok in 74 ms.
2026-08-07 09:07:23.999 +02:00 [INF] ART Diagnostic HealthCheck HealthCheckWorker 1 null: All subsystems healthy (SQL 1 ms, disk 35.86 GB free).
2026-08-07 09:07:26.066 +02:00 [INF] MRA POST /api/v1/utilities/ping status=200 success=true durationMs=3079
2026-08-07 09:07:26.074 +02:00 [INF] MRA connectivity restored — waking offline sync worker.
2026-08-07 09:07:26.157 +02:00 [INF] ART Diagnostic WorkerHeartbeat SystemHealthMonitorService null null: All monitored subsystems healthy.
2026-08-07 09:07:26.512 +02:00 [INF] MRA POST /api/v1/sales/last-submitted-offline-transaction status=200 success=true durationMs=3578
2026-08-07 09:07:26.521 +02:00 [WRN] Unable to query last-submitted-offline-transaction for sequence check.
PointOfSale.Mra.Http.MraApiException: Invalid MRA EIS response JSON.
 ---> System.Text.Json.JsonException: The JSON value could not be converted to System.Decimal. Path: $.data.invoiceSummary.amountTendered | LineNumber: 0 | BytePositionInLine: 1361.
 ---> System.InvalidOperationException: Cannot get the value of a token type 'Null' as a number.
   at System.Text.Json.ThrowHelper.ThrowInvalidOperationException_ExpectedNumber(JsonTokenType tokenType)
   at System.Text.Json.Serialization.Metadata.JsonPropertyInfo`1.ReadJsonAndSetMember(Object obj, ReadStack& state, Utf8JsonReader& reader)
   at System.Text.Json.Serialization.Converters.ObjectDefaultConverter`1.OnTryRead(Utf8JsonReader& reader, Type typeToConvert, JsonSerializerOptions options, ReadStack& state, T& value)
   at System.Text.Json.Serialization.JsonConverter`1.TryRead(Utf8JsonReader& reader, Type typeToConvert, JsonSerializerOptions options, ReadStack& state, T& value, Boolean& isPopulatedValue)
   at System.Text.Json.Serialization.Metadata.JsonPropertyInfo`1.ReadJsonAndSetMember(Object obj, ReadStack& state, Utf8JsonReader& reader)
   at System.Text.Json.Serialization.Converters.ObjectDefaultConverter`1.OnTryRead(Utf8JsonReader& reader, Type typeToConvert, JsonSerializerOptions options, ReadStack& state, T& value)
   at System.Text.Json.Serialization.JsonConverter`1.TryRead(Utf8JsonReader& reader, Type typeToConvert, JsonSerializerOptions options, ReadStack& state, T& value, Boolean& isPopulatedValue)
   at System.Text.Json.Serialization.Metadata.JsonPropertyInfo`1.ReadJsonAndSetMember(Object obj, ReadStack& state, Utf8JsonReader& reader)
   at System.Text.Json.Serialization.Converters.ObjectDefaultConverter`1.OnTryRead(Utf8JsonReader& reader, Type typeToConvert, JsonSerializerOptions options, ReadStack& state, T& value)
   at System.Text.Json.Serialization.JsonConverter`1.TryRead(Utf8JsonReader& reader, Type typeToConvert, JsonSerializerOptions options, ReadStack& state, T& value, Boolean& isPopulatedValue)
   at System.Text.Json.Serialization.JsonConverter`1.ReadCore(Utf8JsonReader& reader, JsonSerializerOptions options, ReadStack& state)
   --- End of inner exception stack trace ---
   at System.Text.Json.ThrowHelper.ReThrowWithPath(ReadStack& state, Utf8JsonReader& reader, Exception ex)
   at System.Text.Json.Serialization.JsonConverter`1.ReadCore(Utf8JsonReader& reader, JsonSerializerOptions options, ReadStack& state)
   at System.Text.Json.JsonSerializer.ReadFromSpan[TValue](ReadOnlySpan`1 json, JsonTypeInfo`1 jsonTypeInfo)
   at System.Text.Json.JsonSerializer.Deserialize[TValue](String json, JsonSerializerOptions options)
   at PointOfSale.Infrastructure.Services.MraApiClient.SendAsync[TResponse](HttpRequestMessage request, String auditRequestBody, CancellationToken cancellationToken) in C:\Users\Albert Zee\Documents\Projects\Point Of Sale\src\PointOfSale.Infrastructure\Services\MraApiClient.cs:line 309
   --- End of inner exception stack trace ---
   at PointOfSale.Infrastructure.Services.MraApiClient.SendAsync[TResponse](HttpRequestMessage request, String auditRequestBody, CancellationToken cancellationToken) in C:\Users\Albert Zee\Documents\Projects\Point Of Sale\src\PointOfSale.Infrastructure\Services\MraApiClient.cs:line 323
   at PointOfSale.Infrastructure.Services.MraApiClient.PostEmptyAsync[TResponse](String relativePath, MraRequestContext context, CancellationToken cancellationToken) in C:\Users\Albert Zee\Documents\Projects\Point Of Sale\src\PointOfSale.Infrastructure\Services\MraApiClient.cs:line 249
   at PointOfSale.Infrastructure.Services.SalesTransactionService.GetLastSubmittedTransactionAsync(String relativePath, String channelLabel, CancellationToken cancellationToken) in C:\Users\Albert Zee\Documents\Projects\Point Of Sale\src\PointOfSale.Infrastructure\Services\SalesTransactionService.cs:line 86
   at PointOfSale.Infrastructure.Services.SalesTransactionService.VerifySequenceContinuityAsync(Func`2 lookupFactory, String channelLabel, CancellationToken cancellationToken) in C:\Users\Albert Zee\Documents\Projects\Point Of Sale\src\PointOfSale.Infrastructure\Services\SalesTransactionService.cs:line 153
2026-08-07 09:07:31.147 +02:00 [INF] MRA EIS POST "https://dev-eis-api.mra.mw/api/v1/utilities/ping"
2026-08-07 09:07:31.187 +02:00 [INF] MRA POST /api/v1/utilities/ping status=200 success=true durationMs=32
2026-08-07 09:07:31.190 +02:00 [INF] MRA connectivity restored — waking offline sync worker.
2026-08-07 09:07:48.130 +02:00 [INF] ART Diagnostic DatabaseLatency SqlExpress 1 null: Performance profile sample (FPS 0.0)
2026-08-07 09:07:51.129 +02:00 [INF] MRA EIS POST "https://dev-eis-api.mra.mw/api/v1/utilities/ping"
2026-08-07 09:07:51.160 +02:00 [INF] MRA POST /api/v1/utilities/ping status=200 success=true durationMs=15
2026-08-07 09:07:51.163 +02:00 [INF] MRA connectivity restored — waking offline sync worker.
2026-08-07 09:08:01.637 +02:00 [INF] Inventory alert scan complete: 102 products, low=2, stockout=0, overstock=0, fast=0.
2026-08-07 09:08:09.019 +02:00 [INF] ART Diagnostic WorkerHeartbeat HealthCheckWorker null null: Heartbeat
2026-08-07 09:08:09.026 +02:00 [INF] ART Diagnostic DatabaseLatency SqlExpress 1 null: SQL round-trip 1 ms
2026-08-07 09:08:09.035 +02:00 [INF] MRA EIS POST "https://dev-eis-api.mra.mw/api/v1/utilities/ping"
2026-08-07 09:08:09.069 +02:00 [INF] MRA POST /api/v1/utilities/ping status=200 success=true durationMs=31
2026-08-07 09:08:09.074 +02:00 [INF] ART Diagnostic MraConnectivity MraEis 38 1: MRA ping ok in 38 ms.
2026-08-07 09:08:09.137 +02:00 [INF] MRA EIS POST "https://dev-eis-api.mra.mw/api/v1/utilities/ping"
2026-08-07 09:08:11.145 +02:00 [INF] ART Diagnostic DatabaseLatency SqlExpress 1 null: SQL round-trip 1 ms
2026-08-07 09:08:11.154 +02:00 [INF] MRA EIS POST "https://dev-eis-api.mra.mw/api/v1/utilities/ping"
2026-08-07 09:08:11.174 +02:00 [INF] MRA POST /api/v1/utilities/ping status=200 success=true durationMs=16
2026-08-07 09:08:11.177 +02:00 [INF] ART Diagnostic MraConnectivity MraEis 23 1: MRA ping ok in 23 ms.
2026-08-07 09:08:11.180 +02:00 [INF] ART Diagnostic HealthCheck HealthCheckWorker 1 null: All subsystems healthy (SQL 1 ms, disk 35.83 GB free).
2026-08-07 09:08:11.234 +02:00 [INF] ART Diagnostic WorkerHeartbeat SystemHealthMonitorService null null: All monitored subsystems healthy.
2026-08-07 09:08:12.273 +02:00 [INF] MRA POST /api/v1/utilities/ping status=200 success=true durationMs=3140
2026-08-07 09:08:12.281 +02:00 [INF] MRA connectivity restored — waking offline sync worker.
2026-08-07 09:08:12.281 +02:00 [INF] ART Diagnostic HealthCheck HealthCheckWorker 1 null: All subsystems healthy (SQL 1 ms, disk 35.83 GB free).
2026-08-07 09:08:18.224 +02:00 [INF] ART Diagnostic DatabaseLatency SqlExpress 1 null: Performance profile sample (FPS 0.0)
2026-08-07 09:08:31.181 +02:00 [INF] MRA EIS POST "https://dev-eis-api.mra.mw/api/v1/utilities/ping"
2026-08-07 09:08:31.227 +02:00 [INF] MRA POST /api/v1/utilities/ping status=200 success=true durationMs=46
2026-08-07 09:08:31.230 +02:00 [INF] MRA connectivity restored — waking offline sync worker.
2026-08-07 09:08:48.285 +02:00 [INF] ART Diagnostic DatabaseLatency SqlExpress 1 null: Performance profile sample (FPS 0.0)
2026-08-07 09:08:51.163 +02:00 [INF] MRA EIS POST "https://dev-eis-api.mra.mw/api/v1/utilities/ping"
2026-08-07 09:08:51.472 +02:00 [INF] MRA POST /api/v1/utilities/ping status=200 success=true durationMs=313
2026-08-07 09:08:51.479 +02:00 [INF] MRA connectivity restored — waking offline sync worker.
2026-08-07 09:08:56.236 +02:00 [INF] ART Diagnostic DatabaseLatency SqlExpress 1 null: SQL round-trip 1 ms
2026-08-07 09:08:56.241 +02:00 [INF] MRA EIS POST "https://dev-eis-api.mra.mw/api/v1/utilities/ping"
2026-08-07 09:08:57.297 +02:00 [INF] ART Diagnostic WorkerHeartbeat HealthCheckWorker null null: Heartbeat
2026-08-07 09:08:57.300 +02:00 [INF] ART Diagnostic DatabaseLatency SqlExpress 0 null: SQL round-trip 0 ms
2026-08-07 09:08:57.304 +02:00 [INF] MRA EIS POST "https://dev-eis-api.mra.mw/api/v1/utilities/ping"
2026-08-07 09:08:57.324 +02:00 [INF] MRA POST /api/v1/utilities/ping status=200 success=true durationMs=16
2026-08-07 09:08:57.327 +02:00 [INF] ART Diagnostic MraConnectivity MraEis 23 1: MRA ping ok in 23 ms.
2026-08-07 09:08:57.379 +02:00 [INF] MRA EIS POST "https://dev-eis-api.mra.mw/api/v1/utilities/ping"
2026-08-07 09:08:57.400 +02:00 [INF] MRA POST /api/v1/utilities/ping status=200 success=true durationMs=16
2026-08-07 09:08:57.404 +02:00 [INF] MRA connectivity restored — waking offline sync worker.
2026-08-07 09:08:57.404 +02:00 [INF] ART Diagnostic HealthCheck HealthCheckWorker 0 null: All subsystems healthy (SQL 0 ms, disk 35.78 GB free).
2026-08-07 09:08:57.409 +02:00 [INF] MRA EIS POST "https://dev-eis-api.mra.mw/api/v1/sales/last-submitted-offline-transaction"
2026-08-07 09:08:59.641 +02:00 [INF] MRA POST /api/v1/utilities/ping status=200 success=true durationMs=3407
2026-08-07 09:08:59.674 +02:00 [INF] ART Diagnostic MraConnectivity MraEis 3433 1: MRA ping ok in 3433 ms.
2026-08-07 09:08:59.740 +02:00 [INF] MRA EIS POST "https://dev-eis-api.mra.mw/api/v1/utilities/ping"
2026-08-07 09:08:59.801 +02:00 [INF] MRA POST /api/v1/sales/last-submitted-offline-transaction status=200 success=true durationMs=2391
2026-08-07 09:08:59.829 +02:00 [WRN] Unable to query last-submitted-offline-transaction for sequence check.
PointOfSale.Mra.Http.MraApiException: Invalid MRA EIS response JSON.
 ---> System.Text.Json.JsonException: The JSON value could not be converted to System.Decimal. Path: $.data.invoiceSummary.amountTendered | LineNumber: 0 | BytePositionInLine: 1361.
 ---> System.InvalidOperationException: Cannot get the value of a token type 'Null' as a number.
   at System.Text.Json.ThrowHelper.ThrowInvalidOperationException_ExpectedNumber(JsonTokenType tokenType)
   at System.Text.Json.Serialization.Metadata.JsonPropertyInfo`1.ReadJsonAndSetMember(Object obj, ReadStack& state, Utf8JsonReader& reader)
   at System.Text.Json.Serialization.Converters.ObjectDefaultConverter`1.OnTryRead(Utf8JsonReader& reader, Type typeToConvert, JsonSerializerOptions options, ReadStack& state, T& value)
   at System.Text.Json.Serialization.JsonConverter`1.TryRead(Utf8JsonReader& reader, Type typeToConvert, JsonSerializerOptions options, ReadStack& state, T& value, Boolean& isPopulatedValue)
   at System.Text.Json.Serialization.Metadata.JsonPropertyInfo`1.ReadJsonAndSetMember(Object obj, ReadStack& state, Utf8JsonReader& reader)
   at System.Text.Json.Serialization.Converters.ObjectDefaultConverter`1.OnTryRead(Utf8JsonReader& reader, Type typeToConvert, JsonSerializerOptions options, ReadStack& state, T& value)
   at System.Text.Json.Serialization.JsonConverter`1.TryRead(Utf8JsonReader& reader, Type typeToConvert, JsonSerializerOptions options, ReadStack& state, T& value, Boolean& isPopulatedValue)
   at System.Text.Json.Serialization.Metadata.JsonPropertyInfo`1.ReadJsonAndSetMember(Object obj, ReadStack& state, Utf8JsonReader& reader)
   at System.Text.Json.Serialization.Converters.ObjectDefaultConverter`1.OnTryRead(Utf8JsonReader& reader, Type typeToConvert, JsonSerializerOptions options, ReadStack& state, T& value)
   at System.Text.Json.Serialization.JsonConverter`1.TryRead(Utf8JsonReader& reader, Type typeToConvert, JsonSerializerOptions options, ReadStack& state, T& value, Boolean& isPopulatedValue)
   at System.Text.Json.Serialization.JsonConverter`1.ReadCore(Utf8JsonReader& reader, JsonSerializerOptions options, ReadStack& state)
   --- End of inner exception stack trace ---
   at System.Text.Json.ThrowHelper.ReThrowWithPath(ReadStack& state, Utf8JsonReader& reader, Exception ex)
   at System.Text.Json.Serialization.JsonConverter`1.ReadCore(Utf8JsonReader& reader, JsonSerializerOptions options, ReadStack& state)
   at System.Text.Json.JsonSerializer.ReadFromSpan[TValue](ReadOnlySpan`1 json, JsonTypeInfo`1 jsonTypeInfo)
   at System.Text.Json.JsonSerializer.Deserialize[TValue](String json, JsonSerializerOptions options)
   at PointOfSale.Infrastructure.Services.MraApiClient.SendAsync[TResponse](HttpRequestMessage request, String auditRequestBody, CancellationToken cancellationToken) in C:\Users\Albert Zee\Documents\Projects\Point Of Sale\src\PointOfSale.Infrastructure\Services\MraApiClient.cs:line 309
   --- End of inner exception stack trace ---
   at PointOfSale.Infrastructure.Services.MraApiClient.SendAsync[TResponse](HttpRequestMessage request, String auditRequestBody, CancellationToken cancellationToken) in C:\Users\Albert Zee\Documents\Projects\Point Of Sale\src\PointOfSale.Infrastructure\Services\MraApiClient.cs:line 323
   at PointOfSale.Infrastructure.Services.MraApiClient.PostEmptyAsync[TResponse](String relativePath, MraRequestContext context, CancellationToken cancellationToken) in C:\Users\Albert Zee\Documents\Projects\Point Of Sale\src\PointOfSale.Infrastructure\Services\MraApiClient.cs:line 249
   at PointOfSale.Infrastructure.Services.SalesTransactionService.GetLastSubmittedTransactionAsync(String relativePath, String channelLabel, CancellationToken cancellationToken) in C:\Users\Albert Zee\Documents\Projects\Point Of Sale\src\PointOfSale.Infrastructure\Services\SalesTransactionService.cs:line 86
   at PointOfSale.Infrastructure.Services.SalesTransactionService.VerifySequenceContinuityAsync(Func`2 lookupFactory, String channelLabel, CancellationToken cancellationToken) in C:\Users\Albert Zee\Documents\Projects\Point Of Sale\src\PointOfSale.Infrastructure\Services\SalesTransactionService.cs:line 153
2026-08-07 09:09:00.075 +02:00 [INF] MRA POST /api/v1/utilities/ping status=200 success=true durationMs=329
2026-08-07 09:09:00.104 +02:00 [INF] MRA connectivity restored — waking offline sync worker.
2026-08-07 09:09:00.104 +02:00 [INF] ART Diagnostic HealthCheck HealthCheckWorker 1 null: All subsystems healthy (SQL 1 ms, disk 35.78 GB free).
2026-08-07 09:09:00.166 +02:00 [INF] MRA EIS POST "https://dev-eis-api.mra.mw/api/v1/utilities/ping"
2026-08-07 09:09:00.199 +02:00 [INF] MRA POST /api/v1/utilities/ping status=200 success=true durationMs=32
2026-08-07 09:09:00.233 +02:00 [INF] MRA connectivity restored — waking offline sync worker.
2026-08-07 09:09:00.275 +02:00 [INF] ART Diagnostic WorkerHeartbeat SystemHealthMonitorService null null: All monitored subsystems healthy.
2026-08-07 09:09:01.869 +02:00 [INF] Inventory alert scan complete: 102 products, low=2, stockout=0, overstock=0, fast=0.
2026-08-07 09:09:11.122 +02:00 [INF] MRA EIS POST "https://dev-eis-api.mra.mw/api/v1/utilities/ping"
2026-08-07 09:09:11.428 +02:00 [INF] MRA POST /api/v1/utilities/ping status=200 success=true durationMs=313
2026-08-07 09:09:11.437 +02:00 [INF] MRA connectivity restored — waking offline sync worker.
2026-08-07 09:09:18.321 +02:00 [INF] ART Diagnostic DatabaseLatency SqlExpress 0 null: Performance profile sample (FPS 0.0)
2026-08-07 09:09:31.144 +02:00 [INF] MRA EIS POST "https://dev-eis-api.mra.mw/api/v1/utilities/ping"
2026-08-07 09:09:31.286 +02:00 [INF] MRA POST /api/v1/utilities/ping status=200 success=true durationMs=140
2026-08-07 09:09:31.324 +02:00 [INF] MRA connectivity restored — waking offline sync worker.
2026-08-07 09:09:42.419 +02:00 [INF] ART Diagnostic WorkerHeartbeat HealthCheckWorker null null: Heartbeat
2026-08-07 09:09:42.423 +02:00 [INF] ART Diagnostic DatabaseLatency SqlExpress 0 null: SQL round-trip 0 ms
2026-08-07 09:09:42.428 +02:00 [INF] MRA EIS POST "https://dev-eis-api.mra.mw/api/v1/utilities/ping"
2026-08-07 09:09:42.712 +02:00 [INF] MRA POST /api/v1/utilities/ping status=200 success=true durationMs=281
2026-08-07 09:09:42.788 +02:00 [INF] ART Diagnostic MraConnectivity MraEis 359 1: MRA ping ok in 359 ms.
2026-08-07 09:09:42.922 +02:00 [INF] MRA EIS POST "https://dev-eis-api.mra.mw/api/v1/utilities/ping"
2026-08-07 09:09:43.217 +02:00 [INF] MRA POST /api/v1/utilities/ping status=200 success=true durationMs=297
2026-08-07 09:09:43.318 +02:00 [INF] MRA connectivity restored — waking offline sync worker.
2026-08-07 09:09:43.319 +02:00 [INF] ART Diagnostic HealthCheck HealthCheckWorker 0 null: All subsystems healthy (SQL 0 ms, disk 35.64 GB free).
2026-08-07 09:09:45.294 +02:00 [INF] ART Diagnostic DatabaseLatency SqlExpress 0 null: SQL round-trip 0 ms
2026-08-07 09:09:45.517 +02:00 [INF] MRA EIS POST "https://dev-eis-api.mra.mw/api/v1/utilities/ping"
2026-08-07 09:09:46.379 +02:00 [INF] MRA POST /api/v1/utilities/ping status=200 success=true durationMs=859
2026-08-07 09:09:46.597 +02:00 [INF] ART Diagnostic MraConnectivity MraEis 1079 1: MRA ping ok in 1079 ms.
2026-08-07 09:09:46.892 +02:00 [INF] MRA EIS POST "https://dev-eis-api.mra.mw/api/v1/utilities/ping"
2026-08-07 09:09:46.935 +02:00 [INF] MRA POST /api/v1/utilities/ping status=200 success=true durationMs=47
2026-08-07 09:09:47.519 +02:00 [INF] MRA connectivity restored — waking offline sync worker.
2026-08-07 09:09:47.519 +02:00 [INF] ART Diagnostic HealthCheck HealthCheckWorker 0 null: All subsystems healthy (SQL 0 ms, disk 35.64 GB free).
2026-08-07 09:09:47.640 +02:00 [INF] MRA EIS POST "https://dev-eis-api.mra.mw/api/v1/utilities/ping"
2026-08-07 09:09:47.692 +02:00 [INF] MRA POST /api/v1/utilities/ping status=200 success=true durationMs=47
2026-08-07 09:09:48.292 +02:00 [INF] MRA connectivity restored — waking offline sync worker.
2026-08-07 09:09:48.380 +02:00 [INF] ART Diagnostic DatabaseLatency SqlExpress 1 null: Performance profile sample (FPS 0.0)
2026-08-07 09:09:48.386 +02:00 [INF] ART Diagnostic WorkerHeartbeat SystemHealthMonitorService null null: All monitored subsystems healthy.
2026-08-07 09:09:51.147 +02:00 [INF] MRA EIS POST "https://dev-eis-api.mra.mw/api/v1/utilities/ping"
2026-08-07 09:09:51.172 +02:00 [INF] MRA POST /api/v1/utilities/ping status=200 success=true durationMs=31
2026-08-07 09:09:51.473 +02:00 [INF] MRA connectivity restored — waking offline sync worker.
2026-08-07 09:10:02.136 +02:00 [INF] Inventory alert scan complete: 102 products, low=2, stockout=0, overstock=0, fast=0.
2026-08-07 09:10:11.143 +02:00 [INF] MRA EIS POST "https://dev-eis-api.mra.mw/api/v1/utilities/ping"
2026-08-07 09:10:13.945 +02:00 [INF] MRA POST /api/v1/utilities/ping status=200 success=true durationMs=2797
2026-08-07 09:10:13.979 +02:00 [INF] MRA connectivity restored — waking offline sync worker.
2026-08-07 09:10:18.460 +02:00 [INF] ART Diagnostic DatabaseLatency SqlExpress 1 null: Performance profile sample (FPS 0.0)
2026-08-07 09:10:28.507 +02:00 [INF] ART Diagnostic WorkerHeartbeat HealthCheckWorker null null: Heartbeat
2026-08-07 09:10:28.521 +02:00 [INF] ART Diagnostic DatabaseLatency SqlExpress 1 null: SQL round-trip 1 ms
2026-08-07 09:10:28.534 +02:00 [INF] MRA EIS POST "https://dev-eis-api.mra.mw/api/v1/utilities/ping"
2026-08-07 09:10:28.607 +02:00 [INF] MRA POST /api/v1/utilities/ping status=200 success=true durationMs=78
2026-08-07 09:10:28.610 +02:00 [INF] ART Diagnostic MraConnectivity MraEis 76 1: MRA ping ok in 76 ms.
2026-08-07 09:10:28.660 +02:00 [INF] MRA EIS POST "https://dev-eis-api.mra.mw/api/v1/utilities/ping"
2026-08-07 09:10:28.685 +02:00 [INF] MRA POST /api/v1/utilities/ping status=200 success=true durationMs=32
2026-08-07 09:10:28.688 +02:00 [INF] MRA connectivity restored — waking offline sync worker.
2026-08-07 09:10:28.689 +02:00 [INF] ART Diagnostic HealthCheck HealthCheckWorker 1 null: All subsystems healthy (SQL 1 ms, disk 35.63 GB free).
2026-08-07 09:10:31.137 +02:00 [INF] MRA EIS POST "https://dev-eis-api.mra.mw/api/v1/utilities/ping"
2026-08-07 09:10:33.139 +02:00 [INF] MRA POST /api/v1/utilities/ping status=200 success=true durationMs=2000
2026-08-07 09:10:33.151 +02:00 [INF] MRA connectivity restored — waking offline sync worker.
2026-08-07 09:10:33.156 +02:00 [INF] MRA EIS POST "https://dev-eis-api.mra.mw/api/v1/sales/last-submitted-offline-transaction"
2026-08-07 09:10:33.397 +02:00 [INF] ART Diagnostic DatabaseLatency SqlExpress 0 null: SQL round-trip 0 ms
2026-08-07 09:10:33.405 +02:00 [INF] MRA EIS POST "https://dev-eis-api.mra.mw/api/v1/utilities/ping"
2026-08-07 09:10:33.430 +02:00 [INF] MRA POST /api/v1/utilities/ping status=200 success=true durationMs=32
2026-08-07 09:10:33.445 +02:00 [INF] ART Diagnostic MraConnectivity MraEis 39 1: MRA ping ok in 39 ms.
2026-08-07 09:10:33.492 +02:00 [INF] MRA EIS POST "https://dev-eis-api.mra.mw/api/v1/utilities/ping"
2026-08-07 09:10:33.510 +02:00 [INF] MRA POST /api/v1/utilities/ping status=200 success=true durationMs=16
2026-08-07 09:10:33.521 +02:00 [INF] MRA connectivity restored — waking offline sync worker.
2026-08-07 09:10:33.522 +02:00 [INF] ART Diagnostic HealthCheck HealthCheckWorker 0 null: All subsystems healthy (SQL 0 ms, disk 35.63 GB free).
2026-08-07 09:10:33.596 +02:00 [INF] MRA POST /api/v1/sales/last-submitted-offline-transaction status=200 success=true durationMs=438
2026-08-07 09:10:33.605 +02:00 [WRN] Unable to query last-submitted-offline-transaction for sequence check.
PointOfSale.Mra.Http.MraApiException: Invalid MRA EIS response JSON.
 ---> System.Text.Json.JsonException: The JSON value could not be converted to System.Decimal. Path: $.data.invoiceSummary.amountTendered | LineNumber: 0 | BytePositionInLine: 1361.
 ---> System.InvalidOperationException: Cannot get the value of a token type 'Null' as a number.
   at System.Text.Json.ThrowHelper.ThrowInvalidOperationException_ExpectedNumber(JsonTokenType tokenType)
   at System.Text.Json.Serialization.Metadata.JsonPropertyInfo`1.ReadJsonAndSetMember(Object obj, ReadStack& state, Utf8JsonReader& reader)
   at System.Text.Json.Serialization.Converters.ObjectDefaultConverter`1.OnTryRead(Utf8JsonReader& reader, Type typeToConvert, JsonSerializerOptions options, ReadStack& state, T& value)
   at System.Text.Json.Serialization.JsonConverter`1.TryRead(Utf8JsonReader& reader, Type typeToConvert, JsonSerializerOptions options, ReadStack& state, T& value, Boolean& isPopulatedValue)
   at System.Text.Json.Serialization.Metadata.JsonPropertyInfo`1.ReadJsonAndSetMember(Object obj, ReadStack& state, Utf8JsonReader& reader)
   at System.Text.Json.Serialization.Converters.ObjectDefaultConverter`1.OnTryRead(Utf8JsonReader& reader, Type typeToConvert, JsonSerializerOptions options, ReadStack& state, T& value)
   at System.Text.Json.Serialization.JsonConverter`1.TryRead(Utf8JsonReader& reader, Type typeToConvert, JsonSerializerOptions options, ReadStack& state, T& value, Boolean& isPopulatedValue)
   at System.Text.Json.Serialization.Metadata.JsonPropertyInfo`1.ReadJsonAndSetMember(Object obj, ReadStack& state, Utf8JsonReader& reader)
   at System.Text.Json.Serialization.Converters.ObjectDefaultConverter`1.OnTryRead(Utf8JsonReader& reader, Type typeToConvert, JsonSerializerOptions options, ReadStack& state, T& value)
   at System.Text.Json.Serialization.JsonConverter`1.TryRead(Utf8JsonReader& reader, Type typeToConvert, JsonSerializerOptions options, ReadStack& state, T& value, Boolean& isPopulatedValue)
   at System.Text.Json.Serialization.JsonConverter`1.ReadCore(Utf8JsonReader& reader, JsonSerializerOptions options, ReadStack& state)
   --- End of inner exception stack trace ---
   at System.Text.Json.ThrowHelper.ReThrowWithPath(ReadStack& state, Utf8JsonReader& reader, Exception ex)
   at System.Text.Json.Serialization.JsonConverter`1.ReadCore(Utf8JsonReader& reader, JsonSerializerOptions options, ReadStack& state)
   at System.Text.Json.JsonSerializer.ReadFromSpan[TValue](ReadOnlySpan`1 json, JsonTypeInfo`1 jsonTypeInfo)
   at System.Text.Json.JsonSerializer.Deserialize[TValue](String json, JsonSerializerOptions options)
   at PointOfSale.Infrastructure.Services.MraApiClient.SendAsync[TResponse](HttpRequestMessage request, String auditRequestBody, CancellationToken cancellationToken) in C:\Users\Albert Zee\Documents\Projects\Point Of Sale\src\PointOfSale.Infrastructure\Services\MraApiClient.cs:line 309
   --- End of inner exception stack trace ---
   at PointOfSale.Infrastructure.Services.MraApiClient.SendAsync[TResponse](HttpRequestMessage request, String auditRequestBody, CancellationToken cancellationToken) in C:\Users\Albert Zee\Documents\Projects\Point Of Sale\src\PointOfSale.Infrastructure\Services\MraApiClient.cs:line 323
   at PointOfSale.Infrastructure.Services.MraApiClient.PostEmptyAsync[TResponse](String relativePath, MraRequestContext context, CancellationToken cancellationToken) in C:\Users\Albert Zee\Documents\Projects\Point Of Sale\src\PointOfSale.Infrastructure\Services\MraApiClient.cs:line 249
   at PointOfSale.Infrastructure.Services.SalesTransactionService.GetLastSubmittedTransactionAsync(String relativePath, String channelLabel, CancellationToken cancellationToken) in C:\Users\Albert Zee\Documents\Projects\Point Of Sale\src\PointOfSale.Infrastructure\Services\SalesTransactionService.cs:line 86
   at PointOfSale.Infrastructure.Services.SalesTransactionService.VerifySequenceContinuityAsync(Func`2 lookupFactory, String channelLabel, CancellationToken cancellationToken) in C:\Users\Albert Zee\Documents\Projects\Point Of Sale\src\PointOfSale.Infrastructure\Services\SalesTransactionService.cs:line 153
2026-08-07 09:10:33.641 +02:00 [INF] MRA EIS POST "https://dev-eis-api.mra.mw/api/v1/utilities/ping"
2026-08-07 09:10:33.669 +02:00 [INF] MRA POST /api/v1/utilities/ping status=200 success=true durationMs=31
2026-08-07 09:10:33.688 +02:00 [INF] MRA connectivity restored — waking offline sync worker.
2026-08-07 09:10:33.726 +02:00 [INF] ART Diagnostic WorkerHeartbeat SystemHealthMonitorService null null: All monitored subsystems healthy.
2026-08-07 09:10:48.565 +02:00 [INF] ART Diagnostic DatabaseLatency SqlExpress 1 null: Performance profile sample (FPS 0.0)
2026-08-07 09:10:51.132 +02:00 [INF] MRA EIS POST "https://dev-eis-api.mra.mw/api/v1/utilities/ping"
2026-08-07 09:10:51.370 +02:00 [INF] MRA POST /api/v1/utilities/ping status=200 success=true durationMs=234
2026-08-07 09:10:58.105 +02:00 [INF] MRA connectivity restored — waking offline sync worker.
2026-08-07 09:11:02.152 +02:00 [INF] Inventory alert scan complete: 102 products, low=2, stockout=0, overstock=0, fast=0.
2026-08-07 09:11:11.131 +02:00 [INF] MRA EIS POST "https://dev-eis-api.mra.mw/api/v1/utilities/ping"
2026-08-07 09:11:11.852 +02:00 [INF] MRA POST /api/v1/utilities/ping status=200 success=true durationMs=718
2026-08-07 09:11:12.043 +02:00 [INF] MRA connectivity restored — waking offline sync worker.
2026-08-07 09:11:13.707 +02:00 [INF] ART Diagnostic WorkerHeartbeat HealthCheckWorker null null: Heartbeat
2026-08-07 09:11:13.776 +02:00 [INF] ART Diagnostic DatabaseLatency SqlExpress 0 null: SQL round-trip 0 ms
2026-08-07 09:11:13.780 +02:00 [INF] MRA EIS POST "https://dev-eis-api.mra.mw/api/v1/utilities/ping"
2026-08-07 09:11:18.739 +02:00 [INF] ART Diagnostic DatabaseLatency SqlExpress 1 null: SQL round-trip 1 ms
2026-08-07 09:11:18.782 +02:00 [INF] MRA EIS POST "https://dev-eis-api.mra.mw/api/v1/utilities/ping"
2026-08-07 09:11:24.875 +02:00 [INF] MRA POST /api/v1/utilities/ping status=200 success=true durationMs=11094
2026-08-07 09:11:24.878 +02:00 [INF] ART Diagnostic MraConnectivity MraEis 11098 1: MRA ping ok in 11098 ms.
2026-08-07 09:11:24.928 +02:00 [INF] MRA EIS POST "https://dev-eis-api.mra.mw/api/v1/utilities/ping"
2026-08-07 09:11:25.122 +02:00 [INF] MRA POST /api/v1/utilities/ping status=200 success=true durationMs=6344
2026-08-07 09:11:25.128 +02:00 [INF] ART Diagnostic MraConnectivity MraEis 6346 1: MRA ping ok in 6346 ms.
2026-08-07 09:11:25.135 +02:00 [INF] ART Diagnostic HealthCheck HealthCheckWorker 1 null: All subsystems healthy (SQL 1 ms, disk 35.37 GB free).
2026-08-07 09:11:25.211 +02:00 [INF] ART Diagnostic WorkerHeartbeat SystemHealthMonitorService null null: All monitored subsystems healthy.
2026-08-07 09:11:28.150 +02:00 [INF] ART Diagnostic DatabaseLatency SqlExpress 1 null: Performance profile sample (FPS 0.0)
2026-08-07 09:11:32.950 +02:00 [INF] MRA POST /api/v1/utilities/ping status=200 success=true durationMs=8015
2026-08-07 09:11:32.958 +02:00 [INF] MRA connectivity restored — waking offline sync worker.
2026-08-07 09:11:32.960 +02:00 [INF] ART Diagnostic HealthCheck HealthCheckWorker 0 null: All subsystems healthy (SQL 0 ms, disk 35.38 GB free).
2026-08-07 09:11:51.145 +02:00 [INF] MRA EIS POST "https://dev-eis-api.mra.mw/api/v1/utilities/ping"
2026-08-07 09:11:52.149 +02:00 [INF] MRA POST /api/v1/utilities/ping status=200 success=true durationMs=1000
2026-08-07 09:11:52.154 +02:00 [INF] MRA connectivity restored — waking offline sync worker.
2026-08-07 09:11:58.234 +02:00 [INF] ART Diagnostic DatabaseLatency SqlExpress 1 null: Performance profile sample (FPS 0.0)
2026-08-07 09:12:02.317 +02:00 [INF] Inventory alert scan complete: 102 products, low=2, stockout=0, overstock=0, fast=0.
2026-08-07 09:12:07.177 +02:00 [INF] MRA EIS POST "https://dev-eis-api.mra.mw/api/v1/sales/last-submitted-offline-transaction"
2026-08-07 09:12:09.675 +02:00 [INF] MRA POST /api/v1/sales/last-submitted-offline-transaction status=200 success=true durationMs=2500
2026-08-07 09:12:09.796 +02:00 [WRN] Unable to query last-submitted-offline-transaction for sequence check.
PointOfSale.Mra.Http.MraApiException: Invalid MRA EIS response JSON.
 ---> System.Text.Json.JsonException: The JSON value could not be converted to System.Decimal. Path: $.data.invoiceSummary.amountTendered | LineNumber: 0 | BytePositionInLine: 1361.
 ---> System.InvalidOperationException: Cannot get the value of a token type 'Null' as a number.
   at System.Text.Json.ThrowHelper.ThrowInvalidOperationException_ExpectedNumber(JsonTokenType tokenType)
   at System.Text.Json.Serialization.Metadata.JsonPropertyInfo`1.ReadJsonAndSetMember(Object obj, ReadStack& state, Utf8JsonReader& reader)
   at System.Text.Json.Serialization.Converters.ObjectDefaultConverter`1.OnTryRead(Utf8JsonReader& reader, Type typeToConvert, JsonSerializerOptions options, ReadStack& state, T& value)
   at System.Text.Json.Serialization.JsonConverter`1.TryRead(Utf8JsonReader& reader, Type typeToConvert, JsonSerializerOptions options, ReadStack& state, T& value, Boolean& isPopulatedValue)
   at System.Text.Json.Serialization.Metadata.JsonPropertyInfo`1.ReadJsonAndSetMember(Object obj, ReadStack& state, Utf8JsonReader& reader)
   at System.Text.Json.Serialization.Converters.ObjectDefaultConverter`1.OnTryRead(Utf8JsonReader& reader, Type typeToConvert, JsonSerializerOptions options, ReadStack& state, T& value)
   at System.Text.Json.Serialization.JsonConverter`1.TryRead(Utf8JsonReader& reader, Type typeToConvert, JsonSerializerOptions options, ReadStack& state, T& value, Boolean& isPopulatedValue)
   at System.Text.Json.Serialization.Metadata.JsonPropertyInfo`1.ReadJsonAndSetMember(Object obj, ReadStack& state, Utf8JsonReader& reader)
   at System.Text.Json.Serialization.Converters.ObjectDefaultConverter`1.OnTryRead(Utf8JsonReader& reader, Type typeToConvert, JsonSerializerOptions options, ReadStack& state, T& value)
   at System.Text.Json.Serialization.JsonConverter`1.TryRead(Utf8JsonReader& reader, Type typeToConvert, JsonSerializerOptions options, ReadStack& state, T& value, Boolean& isPopulatedValue)
   at System.Text.Json.Serialization.JsonConverter`1.ReadCore(Utf8JsonReader& reader, JsonSerializerOptions options, ReadStack& state)
   --- End of inner exception stack trace ---
   at System.Text.Json.ThrowHelper.ReThrowWithPath(ReadStack& state, Utf8JsonReader& reader, Exception ex)
   at System.Text.Json.Serialization.JsonConverter`1.ReadCore(Utf8JsonReader& reader, JsonSerializerOptions options, ReadStack& state)
   at System.Text.Json.JsonSerializer.ReadFromSpan[TValue](ReadOnlySpan`1 json, JsonTypeInfo`1 jsonTypeInfo)
   at System.Text.Json.JsonSerializer.Deserialize[TValue](String json, JsonSerializerOptions options)
   at PointOfSale.Infrastructure.Services.MraApiClient.SendAsync[TResponse](HttpRequestMessage request, String auditRequestBody, CancellationToken cancellationToken) in C:\Users\Albert Zee\Documents\Projects\Point Of Sale\src\PointOfSale.Infrastructure\Services\MraApiClient.cs:line 309
   --- End of inner exception stack trace ---
   at PointOfSale.Infrastructure.Services.MraApiClient.SendAsync[TResponse](HttpRequestMessage request, String auditRequestBody, CancellationToken cancellationToken) in C:\Users\Albert Zee\Documents\Projects\Point Of Sale\src\PointOfSale.Infrastructure\Services\MraApiClient.cs:line 323
   at PointOfSale.Infrastructure.Services.MraApiClient.PostEmptyAsync[TResponse](String relativePath, MraRequestContext context, CancellationToken cancellationToken) in C:\Users\Albert Zee\Documents\Projects\Point Of Sale\src\PointOfSale.Infrastructure\Services\MraApiClient.cs:line 249
   at PointOfSale.Infrastructure.Services.SalesTransactionService.GetLastSubmittedTransactionAsync(String relativePath, String channelLabel, CancellationToken cancellationToken) in C:\Users\Albert Zee\Documents\Projects\Point Of Sale\src\PointOfSale.Infrastructure\Services\SalesTransactionService.cs:line 86
   at PointOfSale.Infrastructure.Services.SalesTransactionService.VerifySequenceContinuityAsync(Func`2 lookupFactory, String channelLabel, CancellationToken cancellationToken) in C:\Users\Albert Zee\Documents\Projects\Point Of Sale\src\PointOfSale.Infrastructure\Services\SalesTransactionService.cs:line 153
2026-08-07 09:12:10.220 +02:00 [INF] ART Diagnostic DatabaseLatency SqlExpress 1 null: SQL round-trip 1 ms
2026-08-07 09:12:10.284 +02:00 [INF] MRA EIS POST "https://dev-eis-api.mra.mw/api/v1/utilities/ping"
2026-08-07 09:12:10.364 +02:00 [INF] MRA POST /api/v1/utilities/ping status=200 success=true durationMs=78
2026-08-07 09:12:10.374 +02:00 [INF] ART Diagnostic MraConnectivity MraEis 88 1: MRA ping ok in 88 ms.
2026-08-07 09:12:10.442 +02:00 [INF] MRA EIS POST "https://dev-eis-api.mra.mw/api/v1/utilities/ping"
2026-08-07 09:12:13.605 +02:00 [INF] MRA POST /api/v1/utilities/ping status=200 success=true durationMs=3156
2026-08-07 09:12:13.795 +02:00 [INF] MRA connectivity restored — waking offline sync worker.
2026-08-07 09:12:13.797 +02:00 [INF] ART Diagnostic HealthCheck HealthCheckWorker 1 null: All subsystems healthy (SQL 1 ms, disk 35.3 GB free).
2026-08-07 09:12:13.871 +02:00 [INF] MRA EIS POST "https://dev-eis-api.mra.mw/api/v1/utilities/ping"
2026-08-07 09:12:13.950 +02:00 [INF] MRA POST /api/v1/utilities/ping status=200 success=true durationMs=79
2026-08-07 09:12:14.143 +02:00 [INF] MRA connectivity restored — waking offline sync worker.
2026-08-07 09:12:14.226 +02:00 [INF] ART Diagnostic WorkerHeartbeat SystemHealthMonitorService null null: All monitored subsystems healthy.
2026-08-07 09:12:17.983 +02:00 [INF] ART Diagnostic WorkerHeartbeat HealthCheckWorker null null: Heartbeat
2026-08-07 09:12:18.049 +02:00 [INF] ART Diagnostic DatabaseLatency SqlExpress 0 null: SQL round-trip 0 ms
2026-08-07 09:12:18.101 +02:00 [INF] MRA EIS POST "https://dev-eis-api.mra.mw/api/v1/utilities/ping"
2026-08-07 09:12:18.238 +02:00 [INF] MRA POST /api/v1/utilities/ping status=200 success=true durationMs=140
2026-08-07 09:12:18.782 +02:00 [INF] ART Diagnostic MraConnectivity MraEis 681 1: MRA ping ok in 681 ms.
2026-08-07 09:12:18.837 +02:00 [INF] MRA EIS POST "https://dev-eis-api.mra.mw/api/v1/utilities/ping"
2026-08-07 09:12:18.855 +02:00 [INF] MRA POST /api/v1/utilities/ping status=200 success=true durationMs=16
2026-08-07 09:12:18.858 +02:00 [INF] MRA connectivity restored — waking offline sync worker.
2026-08-07 09:12:18.859 +02:00 [INF] ART Diagnostic HealthCheck HealthCheckWorker 0 null: All subsystems healthy (SQL 0 ms, disk 35.13 GB free).
2026-08-07 09:12:28.314 +02:00 [INF] ART Diagnostic DatabaseLatency SqlExpress 0 null: Performance profile sample (FPS 0.0)
2026-08-07 09:12:31.124 +02:00 [INF] MRA EIS POST "https://dev-eis-api.mra.mw/api/v1/utilities/ping"
2026-08-07 09:12:31.142 +02:00 [INF] MRA POST /api/v1/utilities/ping status=200 success=true durationMs=16
2026-08-07 09:12:31.145 +02:00 [INF] MRA connectivity restored — waking offline sync worker.
2026-08-07 09:12:51.116 +02:00 [INF] MRA EIS POST "https://dev-eis-api.mra.mw/api/v1/utilities/ping"
2026-08-07 09:12:51.370 +02:00 [INF] MRA POST /api/v1/utilities/ping status=200 success=true durationMs=250
2026-08-07 09:12:51.398 +02:00 [INF] MRA connectivity restored — waking offline sync worker.
2026-08-07 09:12:58.388 +02:00 [INF] ART Diagnostic DatabaseLatency SqlExpress 1 null: Performance profile sample (FPS 0.0)
2026-08-07 09:12:59.231 +02:00 [INF] ART Diagnostic DatabaseLatency SqlExpress 0 null: SQL round-trip 0 ms
2026-08-07 09:13:00.026 +02:00 [INF] MRA EIS POST "https://dev-eis-api.mra.mw/api/v1/utilities/ping"
2026-08-07 09:13:02.611 +02:00 [INF] Inventory alert scan complete: 102 products, low=2, stockout=0, overstock=0, fast=0.
2026-08-07 09:13:03.145 +02:00 [INF] MRA POST /api/v1/utilities/ping status=200 success=true durationMs=3125
2026-08-07 09:13:03.163 +02:00 [INF] ART Diagnostic MraConnectivity MraEis 3137 1: MRA ping ok in 3137 ms.
2026-08-07 09:13:03.235 +02:00 [INF] MRA EIS POST "https://dev-eis-api.mra.mw/api/v1/utilities/ping"
2026-08-07 09:13:03.254 +02:00 [INF] MRA POST /api/v1/utilities/ping status=200 success=true durationMs=16
2026-08-07 09:13:03.375 +02:00 [INF] MRA connectivity restored — waking offline sync worker.
2026-08-07 09:13:03.376 +02:00 [INF] ART Diagnostic HealthCheck HealthCheckWorker 0 null: All subsystems healthy (SQL 0 ms, disk 34.78 GB free).
2026-08-07 09:13:03.459 +02:00 [INF] MRA EIS POST "https://dev-eis-api.mra.mw/api/v1/utilities/ping"
2026-08-07 09:13:03.479 +02:00 [INF] MRA POST /api/v1/utilities/ping status=200 success=true durationMs=16
2026-08-07 09:13:03.496 +02:00 [INF] MRA connectivity restored — waking offline sync worker.
2026-08-07 09:13:03.871 +02:00 [INF] ART Diagnostic WorkerHeartbeat HealthCheckWorker null null: Heartbeat
2026-08-07 09:13:03.903 +02:00 [INF] ART Diagnostic DatabaseLatency SqlExpress 0 null: SQL round-trip 0 ms
2026-08-07 09:13:07.424 +02:00 [INF] MRA EIS POST "https://dev-eis-api.mra.mw/api/v1/utilities/ping"
2026-08-07 09:13:07.434 +02:00 [INF] ART Diagnostic WorkerHeartbeat SystemHealthMonitorService null null: All monitored subsystems healthy.
2026-08-07 09:13:07.465 +02:00 [INF] MRA POST /api/v1/utilities/ping status=200 success=true durationMs=47
2026-08-07 09:13:07.518 +02:00 [INF] ART Diagnostic MraConnectivity MraEis 93 1: MRA ping ok in 93 ms.
2026-08-07 09:13:07.614 +02:00 [INF] MRA EIS POST "https://dev-eis-api.mra.mw/api/v1/utilities/ping"
2026-08-07 09:13:07.633 +02:00 [INF] MRA POST /api/v1/utilities/ping status=200 success=true durationMs=16
2026-08-07 09:13:07.696 +02:00 [INF] MRA connectivity restored — waking offline sync worker.
2026-08-07 09:13:07.696 +02:00 [INF] ART Diagnostic HealthCheck HealthCheckWorker 0 null: All subsystems healthy (SQL 0 ms, disk 34.76 GB free).
2026-08-07 09:13:11.145 +02:00 [INF] MRA EIS POST "https://dev-eis-api.mra.mw/api/v1/utilities/ping"
2026-08-07 09:13:11.161 +02:00 [INF] MRA POST /api/v1/utilities/ping status=200 success=true durationMs=15
2026-08-07 09:13:11.722 +02:00 [INF] MRA connectivity restored — waking offline sync worker.
2026-08-07 09:13:28.432 +02:00 [INF] ART Diagnostic DatabaseLatency SqlExpress 0 null: Performance profile sample (FPS 0.0)
2026-08-07 09:13:31.135 +02:00 [INF] MRA EIS POST "https://dev-eis-api.mra.mw/api/v1/utilities/ping"
2026-08-07 09:13:31.152 +02:00 [INF] MRA POST /api/v1/utilities/ping status=200 success=true durationMs=15
2026-08-07 09:13:31.156 +02:00 [INF] MRA connectivity restored — waking offline sync worker.
2026-08-07 09:13:46.161 +02:00 [INF] MRA EIS POST "https://dev-eis-api.mra.mw/api/v1/sales/last-submitted-offline-transaction"
2026-08-07 09:13:46.603 +02:00 [INF] MRA POST /api/v1/sales/last-submitted-offline-transaction status=200 success=true durationMs=438
2026-08-07 09:13:47.222 +02:00 [WRN] Unable to query last-submitted-offline-transaction for sequence check.
PointOfSale.Mra.Http.MraApiException: Invalid MRA EIS response JSON.
 ---> System.Text.Json.JsonException: The JSON value could not be converted to System.Decimal. Path: $.data.invoiceSummary.amountTendered | LineNumber: 0 | BytePositionInLine: 1361.
 ---> System.InvalidOperationException: Cannot get the value of a token type 'Null' as a number.
   at System.Text.Json.ThrowHelper.ThrowInvalidOperationException_ExpectedNumber(JsonTokenType tokenType)
   at System.Text.Json.Serialization.Metadata.JsonPropertyInfo`1.ReadJsonAndSetMember(Object obj, ReadStack& state, Utf8JsonReader& reader)
   at System.Text.Json.Serialization.Converters.ObjectDefaultConverter`1.OnTryRead(Utf8JsonReader& reader, Type typeToConvert, JsonSerializerOptions options, ReadStack& state, T& value)
   at System.Text.Json.Serialization.JsonConverter`1.TryRead(Utf8JsonReader& reader, Type typeToConvert, JsonSerializerOptions options, ReadStack& state, T& value, Boolean& isPopulatedValue)
   at System.Text.Json.Serialization.Metadata.JsonPropertyInfo`1.ReadJsonAndSetMember(Object obj, ReadStack& state, Utf8JsonReader& reader)
   at System.Text.Json.Serialization.Converters.ObjectDefaultConverter`1.OnTryRead(Utf8JsonReader& reader, Type typeToConvert, JsonSerializerOptions options, ReadStack& state, T& value)
   at System.Text.Json.Serialization.JsonConverter`1.TryRead(Utf8JsonReader& reader, Type typeToConvert, JsonSerializerOptions options, ReadStack& state, T& value, Boolean& isPopulatedValue)
   at System.Text.Json.Serialization.Metadata.JsonPropertyInfo`1.ReadJsonAndSetMember(Object obj, ReadStack& state, Utf8JsonReader& reader)
   at System.Text.Json.Serialization.Converters.ObjectDefaultConverter`1.OnTryRead(Utf8JsonReader& reader, Type typeToConvert, JsonSerializerOptions options, ReadStack& state, T& value)
   at System.Text.Json.Serialization.JsonConverter`1.TryRead(Utf8JsonReader& reader, Type typeToConvert, JsonSerializerOptions options, ReadStack& state, T& value, Boolean& isPopulatedValue)
   at System.Text.Json.Serialization.JsonConverter`1.ReadCore(Utf8JsonReader& reader, JsonSerializerOptions options, ReadStack& state)
   --- End of inner exception stack trace ---
   at System.Text.Json.ThrowHelper.ReThrowWithPath(ReadStack& state, Utf8JsonReader& reader, Exception ex)
   at System.Text.Json.Serialization.JsonConverter`1.ReadCore(Utf8JsonReader& reader, JsonSerializerOptions options, ReadStack& state)
   at System.Text.Json.JsonSerializer.ReadFromSpan[TValue](ReadOnlySpan`1 json, JsonTypeInfo`1 jsonTypeInfo)
   at System.Text.Json.JsonSerializer.Deserialize[TValue](String json, JsonSerializerOptions options)
   at PointOfSale.Infrastructure.Services.MraApiClient.SendAsync[TResponse](HttpRequestMessage request, String auditRequestBody, CancellationToken cancellationToken) in C:\Users\Albert Zee\Documents\Projects\Point Of Sale\src\PointOfSale.Infrastructure\Services\MraApiClient.cs:line 309
   --- End of inner exception stack trace ---
   at PointOfSale.Infrastructure.Services.MraApiClient.SendAsync[TResponse](HttpRequestMessage request, String auditRequestBody, CancellationToken cancellationToken) in C:\Users\Albert Zee\Documents\Projects\Point Of Sale\src\PointOfSale.Infrastructure\Services\MraApiClient.cs:line 323
   at PointOfSale.Infrastructure.Services.MraApiClient.PostEmptyAsync[TResponse](String relativePath, MraRequestContext context, CancellationToken cancellationToken) in C:\Users\Albert Zee\Documents\Projects\Point Of Sale\src\PointOfSale.Infrastructure\Services\MraApiClient.cs:line 249
   at PointOfSale.Infrastructure.Services.SalesTransactionService.GetLastSubmittedTransactionAsync(String relativePath, String channelLabel, CancellationToken cancellationToken) in C:\Users\Albert Zee\Documents\Projects\Point Of Sale\src\PointOfSale.Infrastructure\Services\SalesTransactionService.cs:line 86
   at PointOfSale.Infrastructure.Services.SalesTransactionService.VerifySequenceContinuityAsync(Func`2 lookupFactory, String channelLabel, CancellationToken cancellationToken) in C:\Users\Albert Zee\Documents\Projects\Point Of Sale\src\PointOfSale.Infrastructure\Services\SalesTransactionService.cs:line 153
2026-08-07 09:13:51.135 +02:00 [INF] MRA EIS POST "https://dev-eis-api.mra.mw/api/v1/utilities/ping"
2026-08-07 09:13:52.485 +02:00 [INF] ART Diagnostic DatabaseLatency SqlExpress 1 null: SQL round-trip 1 ms
2026-08-07 09:13:52.550 +02:00 [INF] MRA POST /api/v1/utilities/ping status=200 success=true durationMs=1422
2026-08-07 09:13:52.733 +02:00 [INF] ART Diagnostic WorkerHeartbeat HealthCheckWorker null null: Heartbeat
2026-08-07 09:13:53.430 +02:00 [INF] MRA connectivity restored — waking offline sync worker.
2026-08-07 09:13:53.432 +02:00 [INF] MRA EIS POST "https://dev-eis-api.mra.mw/api/v1/utilities/ping"
2026-08-07 09:13:53.483 +02:00 [INF] ART Diagnostic DatabaseLatency SqlExpress 7 null: SQL round-trip 7 ms
2026-08-07 09:13:53.491 +02:00 [INF] MRA POST /api/v1/utilities/ping status=200 success=true durationMs=62
2026-08-07 09:13:53.567 +02:00 [INF] ART Diagnostic MraConnectivity MraEis 135 1: MRA ping ok in 135 ms.
2026-08-07 09:13:53.573 +02:00 [INF] MRA EIS POST "https://dev-eis-api.mra.mw/api/v1/utilities/ping"
2026-08-07 09:13:53.633 +02:00 [INF] MRA POST /api/v1/utilities/ping status=200 success=true durationMs=62
2026-08-07 09:13:54.871 +02:00 [INF] ART Diagnostic HealthCheck HealthCheckWorker 1 null: All subsystems healthy (SQL 1 ms, disk 34.69 GB free).
2026-08-07 09:13:58.733 +02:00 [INF] ART Diagnostic DatabaseLatency SqlExpress 1 null: Performance profile sample (FPS 0.0)
2026-08-07 09:13:59.596 +02:00 [INF] ART Diagnostic MraConnectivity MraEis 6022 1: MRA ping ok in 6022 ms.
2026-08-07 09:13:59.744 +02:00 [INF] ART Diagnostic WorkerHeartbeat SystemHealthMonitorService null null: All monitored subsystems healthy.
2026-08-07 09:13:59.748 +02:00 [INF] MRA EIS POST "https://dev-eis-api.mra.mw/api/v1/utilities/ping"
2026-08-07 09:13:59.770 +02:00 [INF] MRA POST /api/v1/utilities/ping status=200 success=true durationMs=16
2026-08-07 09:13:59.888 +02:00 [INF] MRA connectivity restored — waking offline sync worker.
2026-08-07 09:14:02.194 +02:00 [INF] ART Diagnostic HealthCheck HealthCheckWorker 7 null: All subsystems healthy (SQL 7 ms, disk 34.69 GB free).
2026-08-07 09:14:02.866 +02:00 [INF] Inventory alert scan complete: 102 products, low=2, stockout=0, overstock=0, fast=0.
2026-08-07 09:14:11.135 +02:00 [INF] MRA EIS POST "https://dev-eis-api.mra.mw/api/v1/utilities/ping"
2026-08-07 09:14:11.166 +02:00 [INF] MRA POST /api/v1/utilities/ping status=200 success=true durationMs=31
2026-08-07 09:14:11.257 +02:00 [INF] MRA connectivity restored — waking offline sync worker.
2026-08-07 09:14:19.389 +02:00 [INF] Hardware fault-tolerance loop stopped.
2026-08-07 09:58:28.568 +02:00 [INF] MRA EIS POST "https://dev-eis-api.mra.mw/api/v1/utilities/ping"
2026-08-07 09:58:28.979 +02:00 [INF] SQL Express schema ready (version 32).
2026-08-07 09:58:29.317 +02:00 [WRN] Phase 37 InitialSetup.sql apply skipped after error (schema already bootstrapped in-app).
Microsoft.Data.SqlClient.SqlException (0x80131904): Filtered index 'IX_OfflineInvoiceQueue_PendingFifo' cannot be created on table 'dbo.OfflineInvoiceQueue' because the column 'Status' in the filter expression is compared with a constant of higher data type precedence or of a different collation. Converting a column to the data type of a constant is not supported for filtered indexes. To resolve this error, explicitly convert the constant to the same data type and collation as the column 'Status'.
   at Microsoft.Data.SqlClient.SqlConnection.OnError(SqlException exception, Boolean breakConnection, Action`1 wrapCloseInAction)
   at Microsoft.Data.SqlClient.SqlInternalConnection.OnError(SqlException exception, Boolean breakConnection, Action`1 wrapCloseInAction)
   at Microsoft.Data.SqlClient.TdsParser.ThrowExceptionAndWarning(TdsParserStateObject stateObj, SqlCommand command, Boolean callerHasConnectionLock, Boolean asyncClose)
   at Microsoft.Data.SqlClient.TdsParser.TryRun(RunBehavior runBehavior, SqlCommand cmdHandler, SqlDataReader dataStream, BulkCopySimpleResultSet bulkCopyHandler, TdsParserStateObject stateObj, Boolean& dataReady)
   at Microsoft.Data.SqlClient.SqlCommand.InternalEndExecuteNonQuery(IAsyncResult asyncResult, Boolean isInternal, String endMethod)
   at Microsoft.Data.SqlClient.SqlCommand.EndExecuteNonQueryInternal(IAsyncResult asyncResult)
   at Microsoft.Data.SqlClient.SqlCommand.EndExecuteNonQueryAsync(IAsyncResult asyncResult)
   at Microsoft.Data.SqlClient.SqlCommand.<>c.<InternalExecuteNonQueryAsync>b__193_1(IAsyncResult asyncResult)
   at System.Threading.Tasks.TaskFactory`1.FromAsyncCoreLogic(IAsyncResult iar, Func`2 endFunction, Action`1 endAction, Task`1 promise, Boolean requiresSynchronization)
--- End of stack trace from previous location ---
   at PointOfSale.App.Services.FirstRunBootstrapService.TryApplyInitialSetupScriptAsync(CancellationToken cancellationToken) in C:\Users\Albert Zee\Documents\Projects\Point Of Sale\src\PointOfSale.App\Services\FirstRunBootstrapService.cs:line 411
   at PointOfSale.App.Services.FirstRunBootstrapService.TryApplyInitialSetupScriptAsync(CancellationToken cancellationToken) in C:\Users\Albert Zee\Documents\Projects\Point Of Sale\src\PointOfSale.App\Services\FirstRunBootstrapService.cs:line 411
   at PointOfSale.App.Services.FirstRunBootstrapService.TryApplyInitialSetupScriptAsync(CancellationToken cancellationToken) in C:\Users\Albert Zee\Documents\Projects\Point Of Sale\src\PointOfSale.App\Services\FirstRunBootstrapService.cs:line 414
ClientConnectionId:8802b216-703f-469f-9dd0-d0ec0133a035
Error Number:10611,State:1,Class:16
2026-08-07 09:58:30.193 +02:00 [INF] Offline invoice FIFO sync worker started (interval 15s, requireConnectivity=true).
2026-08-07 09:58:30.203 +02:00 [INF] Hardware fault-tolerance loop started (probe every 20s).
2026-08-07 09:58:30.207 +02:00 [INF] ArchivalCompressionBackgroundService is disabled.
2026-08-07 09:58:30.214 +02:00 [INF] Inventory alert scanner started (interval 60s).
2026-08-07 09:58:30.278 +02:00 [INF] HealthCheckWorker started (interval 45s).
2026-08-07 09:58:30.280 +02:00 [INF] System health monitor started (interval 45s).
2026-08-07 09:58:30.282 +02:00 [INF] PerformanceProfilingBackgroundService started (sample 30s, flush 300s).
2026-08-07 09:58:30.285 +02:00 [INF] DatabaseMaintenanceBackgroundService started (interval 24h).
2026-08-07 09:58:30.387 +02:00 [INF] MRA POST /api/v1/utilities/ping status=200 success=true durationMs=1375
2026-08-07 09:58:31.140 +02:00 [ERR] Failed to start offline receipt QR bridge on http://10.10.46.135:18787/ReceiptValidation/Validate/. QR scans may still hit MRA portal ISE.
System.Net.HttpListenerException (5): Access is denied.
   at System.Net.HttpListener.AddPrefixCore(String registeredPrefix)
   at System.Net.HttpListener.AddAllPrefixes()
   at System.Net.HttpListener.Start()
   at PointOfSale.App.Services.OfflineReceiptQrBridgeService.ExecuteAsync(CancellationToken stoppingToken) in C:\Users\Albert Zee\Documents\Projects\Point Of Sale\src\PointOfSale.App\Services\OfflineReceiptQrBridgeService.cs:line 103
2026-08-07 09:58:31.385 +02:00 [INF] MRA connectivity restored — waking offline sync worker.
2026-08-07 09:58:31.530 +02:00 [INF] SQL Express schema ready (version 32).
2026-08-07 09:58:31.538 +02:00 [WRN] Phase 37 InitialSetup.sql apply skipped after error (schema already bootstrapped in-app).
Microsoft.Data.SqlClient.SqlException (0x80131904): Filtered index 'IX_OfflineInvoiceQueue_PendingFifo' cannot be created on table 'dbo.OfflineInvoiceQueue' because the column 'Status' in the filter expression is compared with a constant of higher data type precedence or of a different collation. Converting a column to the data type of a constant is not supported for filtered indexes. To resolve this error, explicitly convert the constant to the same data type and collation as the column 'Status'.
   at Microsoft.Data.SqlClient.SqlConnection.OnError(SqlException exception, Boolean breakConnection, Action`1 wrapCloseInAction)
   at Microsoft.Data.SqlClient.SqlInternalConnection.OnError(SqlException exception, Boolean breakConnection, Action`1 wrapCloseInAction)
   at Microsoft.Data.SqlClient.TdsParser.ThrowExceptionAndWarning(TdsParserStateObject stateObj, SqlCommand command, Boolean callerHasConnectionLock, Boolean asyncClose)
   at Microsoft.Data.SqlClient.TdsParser.TryRun(RunBehavior runBehavior, SqlCommand cmdHandler, SqlDataReader dataStream, BulkCopySimpleResultSet bulkCopyHandler, TdsParserStateObject stateObj, Boolean& dataReady)
   at Microsoft.Data.SqlClient.SqlCommand.InternalEndExecuteNonQuery(IAsyncResult asyncResult, Boolean isInternal, String endMethod)
   at Microsoft.Data.SqlClient.SqlCommand.EndExecuteNonQueryInternal(IAsyncResult asyncResult)
   at Microsoft.Data.SqlClient.SqlCommand.EndExecuteNonQueryAsync(IAsyncResult asyncResult)
   at Microsoft.Data.SqlClient.SqlCommand.<>c.<InternalExecuteNonQueryAsync>b__193_1(IAsyncResult asyncResult)
   at System.Threading.Tasks.TaskFactory`1.FromAsyncCoreLogic(IAsyncResult iar, Func`2 endFunction, Action`1 endAction, Task`1 promise, Boolean requiresSynchronization)
--- End of stack trace from previous location ---
   at PointOfSale.App.Services.FirstRunBootstrapService.TryApplyInitialSetupScriptAsync(CancellationToken cancellationToken) in C:\Users\Albert Zee\Documents\Projects\Point Of Sale\src\PointOfSale.App\Services\FirstRunBootstrapService.cs:line 411
   at PointOfSale.App.Services.FirstRunBootstrapService.TryApplyInitialSetupScriptAsync(CancellationToken cancellationToken) in C:\Users\Albert Zee\Documents\Projects\Point Of Sale\src\PointOfSale.App\Services\FirstRunBootstrapService.cs:line 411
   at PointOfSale.App.Services.FirstRunBootstrapService.TryApplyInitialSetupScriptAsync(CancellationToken cancellationToken) in C:\Users\Albert Zee\Documents\Projects\Point Of Sale\src\PointOfSale.App\Services\FirstRunBootstrapService.cs:line 414
ClientConnectionId:8802b216-703f-469f-9dd0-d0ec0133a035
Error Number:10611,State:1,Class:16
2026-08-07 09:58:31.835 +02:00 [INF] MRA EIS POST "https://dev-eis-api.mra.mw/api/v1/sales/last-submitted-offline-transaction"
2026-08-07 09:58:31.874 +02:00 [INF] Inventory alert scan complete: 102 products, low=2, stockout=0, overstock=0, fast=0.
2026-08-07 09:58:32.384 +02:00 [INF] MRA POST /api/v1/sales/last-submitted-offline-transaction status=200 success=true durationMs=516
2026-08-07 09:58:32.450 +02:00 [WRN] Unable to query last-submitted-offline-transaction for sequence check.
PointOfSale.Mra.Http.MraApiException: Invalid MRA EIS response JSON.
 ---> System.Text.Json.JsonException: The JSON value could not be converted to System.Decimal. Path: $.data.invoiceSummary.amountTendered | LineNumber: 0 | BytePositionInLine: 1361.
 ---> System.InvalidOperationException: Cannot get the value of a token type 'Null' as a number.
   at System.Text.Json.ThrowHelper.ThrowInvalidOperationException_ExpectedNumber(JsonTokenType tokenType)
   at System.Text.Json.Utf8JsonReader.TryGetDecimal(Decimal& value)
   at System.Text.Json.Utf8JsonReader.GetDecimal()
   at System.Text.Json.Serialization.JsonConverter`1.TryRead(Utf8JsonReader& reader, Type typeToConvert, JsonSerializerOptions options, ReadStack& state, T& value, Boolean& isPopulatedValue)
   at System.Text.Json.Serialization.Metadata.JsonPropertyInfo`1.ReadJsonAndSetMember(Object obj, ReadStack& state, Utf8JsonReader& reader)
   at System.Text.Json.Serialization.Converters.ObjectDefaultConverter`1.OnTryRead(Utf8JsonReader& reader, Type typeToConvert, JsonSerializerOptions options, ReadStack& state, T& value)
   at System.Text.Json.Serialization.JsonConverter`1.TryRead(Utf8JsonReader& reader, Type typeToConvert, JsonSerializerOptions options, ReadStack& state, T& value, Boolean& isPopulatedValue)
   at System.Text.Json.Serialization.Metadata.JsonPropertyInfo`1.ReadJsonAndSetMember(Object obj, ReadStack& state, Utf8JsonReader& reader)
   at System.Text.Json.Serialization.Converters.ObjectDefaultConverter`1.OnTryRead(Utf8JsonReader& reader, Type typeToConvert, JsonSerializerOptions options, ReadStack& state, T& value)
   at System.Text.Json.Serialization.JsonConverter`1.TryRead(Utf8JsonReader& reader, Type typeToConvert, JsonSerializerOptions options, ReadStack& state, T& value, Boolean& isPopulatedValue)
   at System.Text.Json.Serialization.Metadata.JsonPropertyInfo`1.ReadJsonAndSetMember(Object obj, ReadStack& state, Utf8JsonReader& reader)
   at System.Text.Json.Serialization.Converters.ObjectDefaultConverter`1.OnTryRead(Utf8JsonReader& reader, Type typeToConvert, JsonSerializerOptions options, ReadStack& state, T& value)
   at System.Text.Json.Serialization.JsonConverter`1.TryRead(Utf8JsonReader& reader, Type typeToConvert, JsonSerializerOptions options, ReadStack& state, T& value, Boolean& isPopulatedValue)
   at System.Text.Json.Serialization.JsonConverter`1.ReadCore(Utf8JsonReader& reader, JsonSerializerOptions options, ReadStack& state)
   --- End of inner exception stack trace ---
   at System.Text.Json.ThrowHelper.ReThrowWithPath(ReadStack& state, Utf8JsonReader& reader, Exception ex)
   at System.Text.Json.Serialization.JsonConverter`1.ReadCore(Utf8JsonReader& reader, JsonSerializerOptions options, ReadStack& state)
   at System.Text.Json.JsonSerializer.ReadFromSpan[TValue](ReadOnlySpan`1 utf8Json, JsonTypeInfo`1 jsonTypeInfo, Nullable`1 actualByteCount)
   at System.Text.Json.JsonSerializer.ReadFromSpan[TValue](ReadOnlySpan`1 json, JsonTypeInfo`1 jsonTypeInfo)
   at System.Text.Json.JsonSerializer.Deserialize[TValue](String json, JsonSerializerOptions options)
   at PointOfSale.Infrastructure.Services.MraApiClient.SendAsync[TResponse](HttpRequestMessage request, String auditRequestBody, CancellationToken cancellationToken) in C:\Users\Albert Zee\Documents\Projects\Point Of Sale\src\PointOfSale.Infrastructure\Services\MraApiClient.cs:line 309
   --- End of inner exception stack trace ---
   at PointOfSale.Infrastructure.Services.MraApiClient.SendAsync[TResponse](HttpRequestMessage request, String auditRequestBody, CancellationToken cancellationToken) in C:\Users\Albert Zee\Documents\Projects\Point Of Sale\src\PointOfSale.Infrastructure\Services\MraApiClient.cs:line 323
   at PointOfSale.Infrastructure.Services.MraApiClient.PostEmptyAsync[TResponse](String relativePath, MraRequestContext context, CancellationToken cancellationToken) in C:\Users\Albert Zee\Documents\Projects\Point Of Sale\src\PointOfSale.Infrastructure\Services\MraApiClient.cs:line 249
   at PointOfSale.Infrastructure.Services.SalesTransactionService.GetLastSubmittedTransactionAsync(String relativePath, String channelLabel, CancellationToken cancellationToken) in C:\Users\Albert Zee\Documents\Projects\Point Of Sale\src\PointOfSale.Infrastructure\Services\SalesTransactionService.cs:line 86
   at PointOfSale.Infrastructure.Services.SalesTransactionService.VerifySequenceContinuityAsync(Func`2 lookupFactory, String channelLabel, CancellationToken cancellationToken) in C:\Users\Albert Zee\Documents\Projects\Point Of Sale\src\PointOfSale.Infrastructure\Services\SalesTransactionService.cs:line 153
2026-08-07 09:58:38.355 +02:00 [INF] ART Diagnostic WorkerHeartbeat HealthCheckWorker null null: Heartbeat
2026-08-07 09:58:38.705 +02:00 [INF] ART Diagnostic DatabaseLatency SqlExpress 2 null: SQL round-trip 2 ms
2026-08-07 09:58:38.924 +02:00 [INF] MRA EIS POST "https://dev-eis-api.mra.mw/api/v1/utilities/ping"
2026-08-07 09:58:38.989 +02:00 [INF] MRA POST /api/v1/utilities/ping status=200 success=true durationMs=62
2026-08-07 09:58:39.005 +02:00 [INF] ART Diagnostic MraConnectivity MraEis 71 1: MRA ping ok in 71 ms.
2026-08-07 09:58:39.104 +02:00 [INF] MRA EIS POST "https://dev-eis-api.mra.mw/api/v1/utilities/ping"
2026-08-07 09:58:39.135 +02:00 [INF] MRA POST /api/v1/utilities/ping status=200 success=true durationMs=32
2026-08-07 09:58:39.172 +02:00 [INF] MRA connectivity restored — waking offline sync worker.
2026-08-07 09:58:39.202 +02:00 [INF] ART Diagnostic HealthCheck HealthCheckWorker 2 null: All subsystems healthy (SQL 2 ms, disk 33.79 GB free).
2026-08-07 09:58:42.291 +02:00 [INF] ART Diagnostic DatabaseLatency SqlExpress 1 null: SQL round-trip 1 ms
2026-08-07 09:58:42.474 +02:00 [INF] MRA EIS POST "https://dev-eis-api.mra.mw/api/v1/utilities/ping"
2026-08-07 09:58:42.655 +02:00 [INF] MRA EIS POST "https://dev-eis-api.mra.mw/api/v1/utilities/ping"
2026-08-07 09:58:42.729 +02:00 [INF] MRA POST /api/v1/utilities/ping status=200 success=true durationMs=235
2026-08-07 09:58:42.740 +02:00 [INF] MRA connectivity restored — waking offline sync worker.
2026-08-07 09:58:42.905 +02:00 [INF] MRA POST /api/v1/utilities/ping status=200 success=true durationMs=250
2026-08-07 09:58:42.942 +02:00 [INF] ART Diagnostic MraConnectivity MraEis 287 1: MRA ping ok in 287 ms.
2026-08-07 09:58:43.002 +02:00 [INF] MRA EIS POST "https://dev-eis-api.mra.mw/api/v1/utilities/ping"
2026-08-07 09:59:07.856 +02:00 [INF] Inventory refresh returned 102 items.
2026-08-07 09:59:07.883 +02:00 [INF] MRA POST /api/v1/utilities/ping status=200 success=true durationMs=24891
2026-08-07 09:59:07.896 +02:00 [INF] MRA connectivity restored — waking offline sync worker.
2026-08-07 09:59:07.896 +02:00 [INF] ART Diagnostic HealthCheck HealthCheckWorker 1 null: All subsystems healthy (SQL 1 ms, disk 33.79 GB free).
2026-08-07 09:59:07.955 +02:00 [INF] MRA EIS POST "https://dev-eis-api.mra.mw/api/v1/utilities/ping"
2026-08-07 09:59:07.980 +02:00 [INF] MRA POST /api/v1/utilities/ping status=200 success=true durationMs=15
2026-08-07 09:59:08.005 +02:00 [INF] MRA connectivity restored — waking offline sync worker.
2026-08-07 09:59:08.092 +02:00 [INF] ART Diagnostic WorkerHeartbeat SystemHealthMonitorService null null: All monitored subsystems healthy.
2026-08-07 09:59:09.517 +02:00 [INF] ART Diagnostic DatabaseLatency SqlExpress 2 null: Performance profile sample (FPS 0.0)
2026-08-07 09:59:22.510 +02:00 [INF] MRA EIS POST "https://dev-eis-api.mra.mw/api/v1/utilities/ping"
2026-08-07 09:59:22.632 +02:00 [INF] MRA POST /api/v1/utilities/ping status=200 success=true durationMs=125
2026-08-07 09:59:22.648 +02:00 [INF] MRA connectivity restored — waking offline sync worker.
2026-08-07 09:59:24.236 +02:00 [INF] ART Diagnostic WorkerHeartbeat HealthCheckWorker null null: Heartbeat
2026-08-07 09:59:24.247 +02:00 [INF] ART Diagnostic DatabaseLatency SqlExpress 1 null: SQL round-trip 1 ms
2026-08-07 09:59:24.257 +02:00 [INF] MRA EIS POST "https://dev-eis-api.mra.mw/api/v1/utilities/ping"
2026-08-07 09:59:24.286 +02:00 [INF] MRA POST /api/v1/utilities/ping status=200 success=true durationMs=31
2026-08-07 09:59:24.294 +02:00 [INF] ART Diagnostic MraConnectivity MraEis 37 1: MRA ping ok in 37 ms.
2026-08-07 09:59:24.358 +02:00 [INF] MRA EIS POST "https://dev-eis-api.mra.mw/api/v1/utilities/ping"
2026-08-07 09:59:24.381 +02:00 [INF] MRA POST /api/v1/utilities/ping status=200 success=true durationMs=32
2026-08-07 09:59:24.433 +02:00 [INF] MRA connectivity restored — waking offline sync worker.
2026-08-07 09:59:24.434 +02:00 [INF] ART Diagnostic HealthCheck HealthCheckWorker 1 null: All subsystems healthy (SQL 1 ms, disk 33.79 GB free).
2026-08-07 09:59:31.983 +02:00 [INF] Inventory alert scan complete: 102 products, low=2, stockout=0, overstock=0, fast=0.
2026-08-07 09:59:35.898 +02:00 [INF] Inventory refresh returned 102 items.
2026-08-07 09:59:42.492 +02:00 [INF] MRA EIS POST "https://dev-eis-api.mra.mw/api/v1/utilities/ping"
2026-08-07 09:59:53.088 +02:00 [INF] ART Diagnostic DatabaseLatency SqlExpress 1 null: SQL round-trip 1 ms
2026-08-07 09:59:53.107 +02:00 [INF] MRA EIS POST "https://dev-eis-api.mra.mw/api/v1/utilities/ping"
2026-08-07 10:00:04.906 +02:00 [INF] ART Diagnostic DatabaseLatency SqlExpress 0 null: Performance profile sample (FPS 0.0)
2026-08-07 10:00:04.932 +02:00 [INF] MRA POST /api/v1/utilities/ping status=200 success=true durationMs=22422
2026-08-07 10:00:04.938 +02:00 [INF] MRA POST /api/v1/utilities/ping status=200 success=true durationMs=11829
2026-08-07 10:00:04.944 +02:00 [INF] MRA connectivity restored — waking offline sync worker.
2026-08-07 10:00:04.954 +02:00 [INF] MRA EIS POST "https://dev-eis-api.mra.mw/api/v1/sales/last-submitted-offline-transaction"
2026-08-07 10:00:04.963 +02:00 [INF] ART Diagnostic MraConnectivity MraEis 11856 1: MRA ping ok in 11856 ms.
2026-08-07 10:00:05.026 +02:00 [INF] MRA EIS POST "https://dev-eis-api.mra.mw/api/v1/utilities/ping"
2026-08-07 10:00:05.049 +02:00 [INF] MRA POST /api/v1/utilities/ping status=200 success=true durationMs=31
2026-08-07 10:00:05.076 +02:00 [INF] MRA connectivity restored — waking offline sync worker.
2026-08-07 10:00:05.077 +02:00 [INF] ART Diagnostic HealthCheck HealthCheckWorker 1 null: All subsystems healthy (SQL 1 ms, disk 33.79 GB free).
2026-08-07 10:00:05.145 +02:00 [INF] MRA EIS POST "https://dev-eis-api.mra.mw/api/v1/utilities/ping"
2026-08-07 10:00:05.399 +02:00 [INF] MRA POST /api/v1/sales/last-submitted-offline-transaction status=200 success=true durationMs=438
2026-08-07 10:00:05.427 +02:00 [WRN] Unable to query last-submitted-offline-transaction for sequence check.
PointOfSale.Mra.Http.MraApiException: Invalid MRA EIS response JSON.
 ---> System.Text.Json.JsonException: The JSON value could not be converted to System.Decimal. Path: $.data.invoiceSummary.amountTendered | LineNumber: 0 | BytePositionInLine: 1361.
 ---> System.InvalidOperationException: Cannot get the value of a token type 'Null' as a number.
   at System.Text.Json.ThrowHelper.ThrowInvalidOperationException_ExpectedNumber(JsonTokenType tokenType)
   at System.Text.Json.Utf8JsonReader.TryGetDecimal(Decimal& value)
   at System.Text.Json.Utf8JsonReader.GetDecimal()
   at System.Text.Json.Serialization.JsonConverter`1.TryRead(Utf8JsonReader& reader, Type typeToConvert, JsonSerializerOptions options, ReadStack& state, T& value, Boolean& isPopulatedValue)
   at System.Text.Json.Serialization.Metadata.JsonPropertyInfo`1.ReadJsonAndSetMember(Object obj, ReadStack& state, Utf8JsonReader& reader)
   at System.Text.Json.Serialization.Converters.ObjectDefaultConverter`1.OnTryRead(Utf8JsonReader& reader, Type typeToConvert, JsonSerializerOptions options, ReadStack& state, T& value)
   at System.Text.Json.Serialization.JsonConverter`1.TryRead(Utf8JsonReader& reader, Type typeToConvert, JsonSerializerOptions options, ReadStack& state, T& value, Boolean& isPopulatedValue)
   at System.Text.Json.Serialization.Metadata.JsonPropertyInfo`1.ReadJsonAndSetMember(Object obj, ReadStack& state, Utf8JsonReader& reader)
   at System.Text.Json.Serialization.Converters.ObjectDefaultConverter`1.OnTryRead(Utf8JsonReader& reader, Type typeToConvert, JsonSerializerOptions options, ReadStack& state, T& value)
   at System.Text.Json.Serialization.JsonConverter`1.TryRead(Utf8JsonReader& reader, Type typeToConvert, JsonSerializerOptions options, ReadStack& state, T& value, Boolean& isPopulatedValue)
   at System.Text.Json.Serialization.Metadata.JsonPropertyInfo`1.ReadJsonAndSetMember(Object obj, ReadStack& state, Utf8JsonReader& reader)
   at System.Text.Json.Serialization.Converters.ObjectDefaultConverter`1.OnTryRead(Utf8JsonReader& reader, Type typeToConvert, JsonSerializerOptions options, ReadStack& state, T& value)
   at System.Text.Json.Serialization.JsonConverter`1.TryRead(Utf8JsonReader& reader, Type typeToConvert, JsonSerializerOptions options, ReadStack& state, T& value, Boolean& isPopulatedValue)
   at System.Text.Json.Serialization.JsonConverter`1.ReadCore(Utf8JsonReader& reader, JsonSerializerOptions options, ReadStack& state)
   --- End of inner exception stack trace ---
   at System.Text.Json.ThrowHelper.ReThrowWithPath(ReadStack& state, Utf8JsonReader& reader, Exception ex)
   at System.Text.Json.Serialization.JsonConverter`1.ReadCore(Utf8JsonReader& reader, JsonSerializerOptions options, ReadStack& state)
   at System.Text.Json.JsonSerializer.ReadFromSpan[TValue](ReadOnlySpan`1 utf8Json, JsonTypeInfo`1 jsonTypeInfo, Nullable`1 actualByteCount)
   at System.Text.Json.JsonSerializer.ReadFromSpan[TValue](ReadOnlySpan`1 json, JsonTypeInfo`1 jsonTypeInfo)
   at System.Text.Json.JsonSerializer.Deserialize[TValue](String json, JsonSerializerOptions options)
   at PointOfSale.Infrastructure.Services.MraApiClient.SendAsync[TResponse](HttpRequestMessage request, String auditRequestBody, CancellationToken cancellationToken) in C:\Users\Albert Zee\Documents\Projects\Point Of Sale\src\PointOfSale.Infrastructure\Services\MraApiClient.cs:line 309
   --- End of inner exception stack trace ---
   at PointOfSale.Infrastructure.Services.MraApiClient.SendAsync[TResponse](HttpRequestMessage request, String auditRequestBody, CancellationToken cancellationToken) in C:\Users\Albert Zee\Documents\Projects\Point Of Sale\src\PointOfSale.Infrastructure\Services\MraApiClient.cs:line 323
   at PointOfSale.Infrastructure.Services.MraApiClient.PostEmptyAsync[TResponse](String relativePath, MraRequestContext context, CancellationToken cancellationToken) in C:\Users\Albert Zee\Documents\Projects\Point Of Sale\src\PointOfSale.Infrastructure\Services\MraApiClient.cs:line 249
   at PointOfSale.Infrastructure.Services.SalesTransactionService.GetLastSubmittedTransactionAsync(String relativePath, String channelLabel, CancellationToken cancellationToken) in C:\Users\Albert Zee\Documents\Projects\Point Of Sale\src\PointOfSale.Infrastructure\Services\SalesTransactionService.cs:line 86
   at PointOfSale.Infrastructure.Services.SalesTransactionService.VerifySequenceContinuityAsync(Func`2 lookupFactory, String channelLabel, CancellationToken cancellationToken) in C:\Users\Albert Zee\Documents\Projects\Point Of Sale\src\PointOfSale.Infrastructure\Services\SalesTransactionService.cs:line 153
2026-08-07 10:00:07.624 +02:00 [INF] MRA POST /api/v1/utilities/ping status=200 success=true durationMs=2484
2026-08-07 10:00:07.637 +02:00 [INF] MRA connectivity restored — waking offline sync worker.
2026-08-07 10:00:07.681 +02:00 [INF] ART Diagnostic WorkerHeartbeat SystemHealthMonitorService null null: All monitored subsystems healthy.
2026-08-07 10:00:09.487 +02:00 [INF] ART Diagnostic WorkerHeartbeat HealthCheckWorker null null: Heartbeat
2026-08-07 10:00:09.500 +02:00 [INF] ART Diagnostic DatabaseLatency SqlExpress 1 null: SQL round-trip 1 ms
2026-08-07 10:00:09.515 +02:00 [INF] MRA EIS POST "https://dev-eis-api.mra.mw/api/v1/utilities/ping"
2026-08-07 10:00:09.543 +02:00 [INF] MRA POST /api/v1/utilities/ping status=200 success=true durationMs=31
2026-08-07 10:00:09.572 +02:00 [INF] ART Diagnostic MraConnectivity MraEis 56 1: MRA ping ok in 56 ms.
2026-08-07 10:00:09.647 +02:00 [INF] MRA EIS POST "https://dev-eis-api.mra.mw/api/v1/utilities/ping"
2026-08-07 10:00:09.727 +02:00 [INF] MRA POST /api/v1/utilities/ping status=200 success=true durationMs=78
2026-08-07 10:00:09.738 +02:00 [INF] MRA connectivity restored — waking offline sync worker.
2026-08-07 10:00:09.739 +02:00 [INF] ART Diagnostic HealthCheck HealthCheckWorker 1 null: All subsystems healthy (SQL 1 ms, disk 33.79 GB free).
2026-08-07 10:00:16.267 +02:00 [WRN] Admin factory reset completed — terminal identity, receipts, and products cleared.
2026-08-07 10:00:22.524 +02:00 [INF] MRA connectivity restored — waking offline sync worker.
2026-08-07 10:00:32.001 +02:00 [INF] Inventory alert scan complete: 0 products, low=0, stockout=0, overstock=0, fast=0.
2026-08-07 10:00:34.925 +02:00 [INF] ART Diagnostic DatabaseLatency SqlExpress 1 null: Performance profile sample (FPS 0.0)
2026-08-07 10:00:42.520 +02:00 [INF] MRA connectivity restored — waking offline sync worker.
2026-08-07 10:00:52.710 +02:00 [INF] ART Diagnostic DatabaseLatency SqlExpress 2 null: SQL round-trip 2 ms
2026-08-07 10:00:52.788 +02:00 [INF] ART Diagnostic MraConnectivity MraEis 62 404: MRA reachable (404) in 62 ms.
2026-08-07 10:00:52.920 +02:00 [INF] MRA connectivity restored — waking offline sync worker.
2026-08-07 10:00:52.921 +02:00 [INF] ART Diagnostic HealthCheck HealthCheckWorker 2 null: All subsystems healthy (SQL 2 ms, disk 33.79 GB free).
2026-08-07 10:00:53.626 +02:00 [INF] MRA connectivity restored — waking offline sync worker.
2026-08-07 10:00:53.707 +02:00 [INF] ART Diagnostic WorkerHeartbeat SystemHealthMonitorService null null: All monitored subsystems healthy.
2026-08-07 10:00:54.760 +02:00 [INF] ART Diagnostic WorkerHeartbeat HealthCheckWorker null null: Heartbeat
2026-08-07 10:00:54.768 +02:00 [INF] ART Diagnostic DatabaseLatency SqlExpress 0 null: SQL round-trip 0 ms
2026-08-07 10:00:54.835 +02:00 [INF] ART Diagnostic MraConnectivity MraEis 51 404: MRA reachable (404) in 51 ms.
2026-08-07 10:00:54.944 +02:00 [INF] MRA connectivity restored — waking offline sync worker.
2026-08-07 10:00:54.944 +02:00 [INF] ART Diagnostic HealthCheck HealthCheckWorker 0 null: All subsystems healthy (SQL 0 ms, disk 33.79 GB free).
2026-08-07 10:01:02.532 +02:00 [INF] MRA connectivity restored — waking offline sync worker.
2026-08-07 10:01:05.201 +02:00 [INF] ART Diagnostic DatabaseLatency SqlExpress 1 null: Performance profile sample (FPS 0.0)
2026-08-07 10:01:22.496 +02:00 [INF] MRA connectivity restored — waking offline sync worker.
2026-08-07 10:01:32.034 +02:00 [INF] Inventory alert scan complete: 0 products, low=0, stockout=0, overstock=0, fast=0.
2026-08-07 10:01:35.261 +02:00 [INF] ART Diagnostic DatabaseLatency SqlExpress 0 null: Performance profile sample (FPS 0.0)
2026-08-07 10:01:37.548 +02:00 [WRN] Unable to query last-submitted-offline-transaction for sequence check.
System.InvalidOperationException: No activated terminal is registered for Albert Retail Terminal.
   at PointOfSale.Infrastructure.Services.MraTerminalAuthProvider.GetActiveTerminalIdAsync(CancellationToken cancellationToken) in C:\Users\Albert Zee\Documents\Projects\Point Of Sale\src\PointOfSale.Infrastructure\Services\MraTerminalAuthProvider.cs:line 35
   at PointOfSale.Infrastructure.Services.MraTerminalAuthProvider.GetJwtContextAsync(CancellationToken cancellationToken) in C:\Users\Albert Zee\Documents\Projects\Point Of Sale\src\PointOfSale.Infrastructure\Services\MraTerminalAuthProvider.cs:line 43
   at PointOfSale.Infrastructure.Services.SalesTransactionService.GetLastSubmittedTransactionAsync(String relativePath, String channelLabel, CancellationToken cancellationToken) in C:\Users\Albert Zee\Documents\Projects\Point Of Sale\src\PointOfSale.Infrastructure\Services\SalesTransactionService.cs:line 85
   at PointOfSale.Infrastructure.Services.SalesTransactionService.VerifySequenceContinuityAsync(Func`2 lookupFactory, String channelLabel, CancellationToken cancellationToken) in C:\Users\Albert Zee\Documents\Projects\Point Of Sale\src\PointOfSale.Infrastructure\Services\SalesTransactionService.cs:line 153
2026-08-07 10:01:38.713 +02:00 [INF] ART Diagnostic DatabaseLatency SqlExpress 1 null: SQL round-trip 1 ms
2026-08-07 10:01:38.758 +02:00 [INF] ART Diagnostic MraConnectivity MraEis 30 404: MRA reachable (404) in 30 ms.
2026-08-07 10:01:38.869 +02:00 [INF] MRA connectivity restored — waking offline sync worker.
2026-08-07 10:01:38.870 +02:00 [INF] ART Diagnostic HealthCheck HealthCheckWorker 1 null: All subsystems healthy (SQL 1 ms, disk 33.79 GB free).
2026-08-07 10:01:40.231 +02:00 [INF] ART Diagnostic WorkerHeartbeat HealthCheckWorker null null: Heartbeat
2026-08-07 10:01:40.244 +02:00 [INF] ART Diagnostic DatabaseLatency SqlExpress 0 null: SQL round-trip 0 ms
2026-08-07 10:01:40.290 +02:00 [INF] ART Diagnostic MraConnectivity MraEis 23 404: MRA reachable (404) in 23 ms.
2026-08-07 10:01:40.305 +02:00 [INF] ART Diagnostic HealthCheck HealthCheckWorker 0 null: All subsystems healthy (SQL 0 ms, disk 33.79 GB free).
2026-08-07 10:01:42.093 +02:00 [INF] MRA connectivity restored — waking offline sync worker.
2026-08-07 10:01:42.155 +02:00 [INF] ART Diagnostic WorkerHeartbeat SystemHealthMonitorService null null: All monitored subsystems healthy.
2026-08-07 10:01:42.528 +02:00 [INF] MRA connectivity restored — waking offline sync worker.
2026-08-07 10:02:02.529 +02:00 [INF] MRA connectivity restored — waking offline sync worker.
2026-08-07 10:02:05.286 +02:00 [INF] ART Diagnostic DatabaseLatency SqlExpress 1 null: Performance profile sample (FPS 0.0)
2026-08-07 10:02:22.527 +02:00 [INF] MRA connectivity restored — waking offline sync worker.
2026-08-07 10:02:25.315 +02:00 [INF] ART Diagnostic WorkerHeartbeat HealthCheckWorker null null: Heartbeat
2026-08-07 10:02:25.429 +02:00 [INF] ART Diagnostic DatabaseLatency SqlExpress 0 null: SQL round-trip 0 ms
2026-08-07 10:02:27.169 +02:00 [INF] ART Diagnostic DatabaseLatency SqlExpress 2 null: SQL round-trip 2 ms
2026-08-07 10:02:27.247 +02:00 [INF] ART Diagnostic MraConnectivity MraEis 52 404: MRA reachable (404) in 52 ms.
2026-08-07 10:02:27.379 +02:00 [INF] MRA connectivity restored — waking offline sync worker.
2026-08-07 10:02:27.379 +02:00 [INF] ART Diagnostic HealthCheck HealthCheckWorker 2 null: All subsystems healthy (SQL 2 ms, disk 33.78 GB free).
2026-08-07 10:02:28.574 +02:00 [INF] ART Diagnostic MraConnectivity MraEis 3130 404: MRA reachable (404) in 3130 ms.
2026-08-07 10:02:28.592 +02:00 [INF] MRA connectivity restored — waking offline sync worker.
2026-08-07 10:02:28.793 +02:00 [INF] ART Diagnostic WorkerHeartbeat SystemHealthMonitorService null null: All monitored subsystems healthy.
2026-08-07 10:02:28.829 +02:00 [INF] MRA connectivity restored — waking offline sync worker.
2026-08-07 10:02:28.829 +02:00 [INF] ART Diagnostic HealthCheck HealthCheckWorker 0 null: All subsystems healthy (SQL 0 ms, disk 33.79 GB free).
2026-08-07 10:02:32.071 +02:00 [INF] Inventory alert scan complete: 0 products, low=0, stockout=0, overstock=0, fast=0.
2026-08-07 10:02:35.331 +02:00 [INF] ART Diagnostic DatabaseLatency SqlExpress 1 null: Performance profile sample (FPS 0.0)
2026-08-07 10:02:42.573 +02:00 [INF] MRA connectivity restored — waking offline sync worker.
2026-08-07 10:03:02.530 +02:00 [INF] MRA connectivity restored — waking offline sync worker.
2026-08-07 10:03:05.356 +02:00 [INF] ART Diagnostic DatabaseLatency SqlExpress 0 null: Performance profile sample (FPS 0.0)
2026-08-07 10:03:13.891 +02:00 [INF] ART Diagnostic DatabaseLatency SqlExpress 2 null: SQL round-trip 2 ms
2026-08-07 10:03:13.904 +02:00 [INF] ART Diagnostic WorkerHeartbeat HealthCheckWorker null null: Heartbeat
2026-08-07 10:03:13.910 +02:00 [INF] ART Diagnostic DatabaseLatency SqlExpress 1 null: SQL round-trip 1 ms
2026-08-07 10:03:14.417 +02:00 [INF] ART Diagnostic MraConnectivity MraEis 514 404: MRA reachable (404) in 514 ms.
2026-08-07 10:03:15.775 +02:00 [INF] ART Diagnostic MraConnectivity MraEis 1862 404: MRA reachable (404) in 1862 ms.
2026-08-07 10:03:15.784 +02:00 [INF] ART Diagnostic HealthCheck HealthCheckWorker 1 null: All subsystems healthy (SQL 1 ms, disk 33.78 GB free).
2026-08-07 10:03:17.568 +02:00 [WRN] Unable to query last-submitted-offline-transaction for sequence check.
System.InvalidOperationException: No activated terminal is registered for Albert Retail Terminal.
   at PointOfSale.Infrastructure.Services.MraTerminalAuthProvider.GetActiveTerminalIdAsync(CancellationToken cancellationToken) in C:\Users\Albert Zee\Documents\Projects\Point Of Sale\src\PointOfSale.Infrastructure\Services\MraTerminalAuthProvider.cs:line 35
   at PointOfSale.Infrastructure.Services.MraTerminalAuthProvider.GetJwtContextAsync(CancellationToken cancellationToken) in C:\Users\Albert Zee\Documents\Projects\Point Of Sale\src\PointOfSale.Infrastructure\Services\MraTerminalAuthProvider.cs:line 43
   at PointOfSale.Infrastructure.Services.SalesTransactionService.GetLastSubmittedTransactionAsync(String relativePath, String channelLabel, CancellationToken cancellationToken) in C:\Users\Albert Zee\Documents\Projects\Point Of Sale\src\PointOfSale.Infrastructure\Services\SalesTransactionService.cs:line 85
   at PointOfSale.Infrastructure.Services.SalesTransactionService.VerifySequenceContinuityAsync(Func`2 lookupFactory, String channelLabel, CancellationToken cancellationToken) in C:\Users\Albert Zee\Documents\Projects\Point Of Sale\src\PointOfSale.Infrastructure\Services\SalesTransactionService.cs:line 153
2026-08-07 10:03:17.666 +02:00 [INF] MRA connectivity restored — waking offline sync worker.
2026-08-07 10:03:17.667 +02:00 [INF] ART Diagnostic HealthCheck HealthCheckWorker 2 null: All subsystems healthy (SQL 2 ms, disk 33.78 GB free).
2026-08-07 10:03:17.811 +02:00 [INF] MRA connectivity restored — waking offline sync worker.
2026-08-07 10:03:17.868 +02:00 [INF] ART Diagnostic WorkerHeartbeat SystemHealthMonitorService null null: All monitored subsystems healthy.
2026-08-07 10:03:22.517 +02:00 [INF] MRA connectivity restored — waking offline sync worker.
2026-08-07 10:03:32.084 +02:00 [INF] Inventory alert scan complete: 0 products, low=0, stockout=0, overstock=0, fast=0.
2026-08-07 10:03:35.382 +02:00 [INF] ART Diagnostic DatabaseLatency SqlExpress 0 null: Performance profile sample (FPS 0.0)
2026-08-07 10:03:42.544 +02:00 [INF] MRA connectivity restored — waking offline sync worker.
2026-08-07 10:04:00.793 +02:00 [INF] ART Diagnostic WorkerHeartbeat HealthCheckWorker null null: Heartbeat
2026-08-07 10:04:00.835 +02:00 [INF] ART Diagnostic DatabaseLatency SqlExpress 0 null: SQL round-trip 0 ms
2026-08-07 10:04:00.939 +02:00 [INF] ART Diagnostic MraConnectivity MraEis 58 404: MRA reachable (404) in 58 ms.
2026-08-07 10:04:01.041 +02:00 [INF] MRA connectivity restored — waking offline sync worker.
2026-08-07 10:04:01.041 +02:00 [INF] ART Diagnostic HealthCheck HealthCheckWorker 0 null: All subsystems healthy (SQL 0 ms, disk 33.78 GB free).
2026-08-07 10:04:02.544 +02:00 [INF] MRA connectivity restored — waking offline sync worker.
2026-08-07 10:04:02.884 +02:00 [INF] ART Diagnostic DatabaseLatency SqlExpress 6 null: SQL round-trip 6 ms
2026-08-07 10:04:02.941 +02:00 [INF] ART Diagnostic MraConnectivity MraEis 31 404: MRA reachable (404) in 31 ms.
2026-08-07 10:04:04.369 +02:00 [INF] MRA connectivity restored — waking offline sync worker.
2026-08-07 10:04:04.369 +02:00 [INF] ART Diagnostic HealthCheck HealthCheckWorker 6 null: All subsystems healthy (SQL 6 ms, disk 33.78 GB free).
2026-08-07 10:04:04.526 +02:00 [INF] MRA connectivity restored — waking offline sync worker.
2026-08-07 10:04:04.590 +02:00 [INF] ART Diagnostic WorkerHeartbeat SystemHealthMonitorService null null: All monitored subsystems healthy.
2026-08-07 10:04:05.432 +02:00 [INF] ART Diagnostic DatabaseLatency SqlExpress 0 null: Performance profile sample (FPS 0.0)
2026-08-07 10:04:22.517 +02:00 [INF] MRA connectivity restored — waking offline sync worker.
2026-08-07 10:04:32.124 +02:00 [INF] Inventory alert scan complete: 0 products, low=0, stockout=0, overstock=0, fast=0.
2026-08-07 10:04:35.448 +02:00 [INF] ART Diagnostic DatabaseLatency SqlExpress 0 null: Performance profile sample (FPS 0.0)
2026-08-07 10:04:42.551 +02:00 [INF] MRA connectivity restored — waking offline sync worker.
2026-08-07 10:04:46.060 +02:00 [INF] ART Diagnostic WorkerHeartbeat HealthCheckWorker null null: Heartbeat
2026-08-07 10:04:46.080 +02:00 [INF] ART Diagnostic DatabaseLatency SqlExpress 2 null: SQL round-trip 2 ms
2026-08-07 10:04:46.278 +02:00 [INF] ART Diagnostic MraConnectivity MraEis 28 404: MRA reachable (404) in 28 ms.
2026-08-07 10:04:49.575 +02:00 [INF] MRA connectivity restored — waking offline sync worker.
2026-08-07 10:04:49.576 +02:00 [INF] ART Diagnostic HealthCheck HealthCheckWorker 2 null: All subsystems healthy (SQL 2 ms, disk 33.78 GB free).
2026-08-07 10:04:49.799 +02:00 [INF] ART Diagnostic DatabaseLatency SqlExpress 0 null: SQL round-trip 0 ms
2026-08-07 10:04:49.890 +02:00 [WRN] Unable to query last-submitted-offline-transaction for sequence check.
System.InvalidOperationException: No activated terminal is registered for Albert Retail Terminal.
   at PointOfSale.Infrastructure.Services.MraTerminalAuthProvider.GetActiveTerminalIdAsync(CancellationToken cancellationToken) in C:\Users\Albert Zee\Documents\Projects\Point Of Sale\src\PointOfSale.Infrastructure\Services\MraTerminalAuthProvider.cs:line 35
   at PointOfSale.Infrastructure.Services.MraTerminalAuthProvider.GetJwtContextAsync(CancellationToken cancellationToken) in C:\Users\Albert Zee\Documents\Projects\Point Of Sale\src\PointOfSale.Infrastructure\Services\MraTerminalAuthProvider.cs:line 43
   at PointOfSale.Infrastructure.Services.SalesTransactionService.GetLastSubmittedTransactionAsync(String relativePath, String channelLabel, CancellationToken cancellationToken) in C:\Users\Albert Zee\Documents\Projects\Point Of Sale\src\PointOfSale.Infrastructure\Services\SalesTransactionService.cs:line 85
   at PointOfSale.Infrastructure.Services.SalesTransactionService.VerifySequenceContinuityAsync(Func`2 lookupFactory, String channelLabel, CancellationToken cancellationToken) in C:\Users\Albert Zee\Documents\Projects\Point Of Sale\src\PointOfSale.Infrastructure\Services\SalesTransactionService.cs:line 153
2026-08-07 10:04:49.992 +02:00 [INF] ART Diagnostic MraConnectivity MraEis 22 404: MRA reachable (404) in 22 ms.
2026-08-07 10:04:50.088 +02:00 [INF] MRA connectivity restored — waking offline sync worker.
2026-08-07 10:04:50.089 +02:00 [INF] ART Diagnostic HealthCheck HealthCheckWorker 0 null: All subsystems healthy (SQL 0 ms, disk 33.78 GB free).
2026-08-07 10:04:50.291 +02:00 [INF] MRA connectivity restored — waking offline sync worker.
2026-08-07 10:04:50.337 +02:00 [INF] ART Diagnostic WorkerHeartbeat SystemHealthMonitorService null null: All monitored subsystems healthy.
2026-08-07 10:05:02.547 +02:00 [INF] MRA connectivity restored — waking offline sync worker.
2026-08-07 10:05:05.553 +02:00 [INF] ART Diagnostic DatabaseLatency SqlExpress 0 null: Performance profile sample (FPS 0.0)
2026-08-07 10:05:22.503 +02:00 [INF] MRA connectivity restored — waking offline sync worker.
2026-08-07 10:05:32.156 +02:00 [INF] Inventory alert scan complete: 0 products, low=0, stockout=0, overstock=0, fast=0.
2026-08-07 10:05:34.906 +02:00 [INF] ART Diagnostic WorkerHeartbeat HealthCheckWorker null null: Heartbeat
2026-08-07 10:05:34.918 +02:00 [INF] ART Diagnostic DatabaseLatency SqlExpress 0 null: SQL round-trip 0 ms
2026-08-07 10:05:35.017 +02:00 [INF] ART Diagnostic MraConnectivity MraEis 45 404: MRA reachable (404) in 45 ms.
2026-08-07 10:05:35.115 +02:00 [INF] MRA connectivity restored — waking offline sync worker.
2026-08-07 10:05:35.115 +02:00 [INF] ART Diagnostic HealthCheck HealthCheckWorker 0 null: All subsystems healthy (SQL 0 ms, disk 33.78 GB free).
2026-08-07 10:05:35.422 +02:00 [INF] ART Diagnostic DatabaseLatency SqlExpress 0 null: SQL round-trip 0 ms
2026-08-07 10:05:35.464 +02:00 [INF] ART Diagnostic MraConnectivity MraEis 28 404: MRA reachable (404) in 28 ms.
2026-08-07 10:05:35.587 +02:00 [INF] ART Diagnostic DatabaseLatency SqlExpress 0 null: Performance profile sample (FPS 0.0)
2026-08-07 10:05:38.653 +02:00 [INF] MRA connectivity restored — waking offline sync worker.
2026-08-07 10:05:38.654 +02:00 [INF] ART Diagnostic HealthCheck HealthCheckWorker 0 null: All subsystems healthy (SQL 0 ms, disk 33.78 GB free).
2026-08-07 10:05:38.771 +02:00 [INF] MRA connectivity restored — waking offline sync worker.
2026-08-07 10:05:38.836 +02:00 [INF] ART Diagnostic WorkerHeartbeat SystemHealthMonitorService null null: All monitored subsystems healthy.
2026-08-07 10:05:42.530 +02:00 [INF] MRA connectivity restored — waking offline sync worker.
2026-08-07 10:06:02.526 +02:00 [INF] MRA connectivity restored — waking offline sync worker.
2026-08-07 10:06:05.614 +02:00 [INF] ART Diagnostic DatabaseLatency SqlExpress 0 null: Performance profile sample (FPS 0.0)
2026-08-07 10:06:20.133 +02:00 [INF] ART Diagnostic WorkerHeartbeat HealthCheckWorker null null: Heartbeat
2026-08-07 10:06:20.140 +02:00 [INF] ART Diagnostic DatabaseLatency SqlExpress 0 null: SQL round-trip 0 ms
2026-08-07 10:06:20.216 +02:00 [INF] ART Diagnostic MraConnectivity MraEis 26 404: MRA reachable (404) in 26 ms.
2026-08-07 10:06:20.311 +02:00 [INF] MRA connectivity restored — waking offline sync worker.
2026-08-07 10:06:20.311 +02:00 [INF] ART Diagnostic HealthCheck HealthCheckWorker 0 null: All subsystems healthy (SQL 0 ms, disk 33.78 GB free).
2026-08-07 10:06:20.331 +02:00 [WRN] Unable to query last-submitted-offline-transaction for sequence check.
System.InvalidOperationException: No activated terminal is registered for Albert Retail Terminal.
   at PointOfSale.Infrastructure.Services.MraTerminalAuthProvider.GetActiveTerminalIdAsync(CancellationToken cancellationToken) in C:\Users\Albert Zee\Documents\Projects\Point Of Sale\src\PointOfSale.Infrastructure\Services\MraTerminalAuthProvider.cs:line 35
   at PointOfSale.Infrastructure.Services.MraTerminalAuthProvider.GetJwtContextAsync(CancellationToken cancellationToken) in C:\Users\Albert Zee\Documents\Projects\Point Of Sale\src\PointOfSale.Infrastructure\Services\MraTerminalAuthProvider.cs:line 43
   at PointOfSale.Infrastructure.Services.SalesTransactionService.GetLastSubmittedTransactionAsync(String relativePath, String channelLabel, CancellationToken cancellationToken) in C:\Users\Albert Zee\Documents\Projects\Point Of Sale\src\PointOfSale.Infrastructure\Services\SalesTransactionService.cs:line 85
   at PointOfSale.Infrastructure.Services.SalesTransactionService.VerifySequenceContinuityAsync(Func`2 lookupFactory, String channelLabel, CancellationToken cancellationToken) in C:\Users\Albert Zee\Documents\Projects\Point Of Sale\src\PointOfSale.Infrastructure\Services\SalesTransactionService.cs:line 153
2026-08-07 10:06:23.855 +02:00 [INF] ART Diagnostic DatabaseLatency SqlExpress 2 null: SQL round-trip 2 ms
2026-08-07 10:06:23.912 +02:00 [INF] ART Diagnostic MraConnectivity MraEis 27 404: MRA reachable (404) in 27 ms.
2026-08-07 10:06:23.920 +02:00 [INF] ART Diagnostic HealthCheck HealthCheckWorker 2 null: All subsystems healthy (SQL 2 ms, disk 33.78 GB free).
2026-08-07 10:06:23.985 +02:00 [INF] ART Diagnostic WorkerHeartbeat SystemHealthMonitorService null null: All monitored subsystems healthy.
2026-08-07 10:06:24.488 +02:00 [INF] MRA connectivity restored — waking offline sync worker.
2026-08-07 10:06:32.191 +02:00 [INF] Inventory alert scan complete: 0 products, low=0, stockout=0, overstock=0, fast=0.
2026-08-07 10:06:35.640 +02:00 [INF] ART Diagnostic DatabaseLatency SqlExpress 0 null: Performance profile sample (FPS 0.0)
2026-08-07 10:06:42.832 +02:00 [INF] MRA connectivity restored — waking offline sync worker.
2026-08-07 10:07:02.499 +02:00 [INF] MRA connectivity restored — waking offline sync worker.
2026-08-07 10:07:05.357 +02:00 [INF] ART Diagnostic WorkerHeartbeat HealthCheckWorker null null: Heartbeat
2026-08-07 10:07:05.364 +02:00 [INF] ART Diagnostic DatabaseLatency SqlExpress 0 null: SQL round-trip 0 ms
2026-08-07 10:07:05.398 +02:00 [INF] ART Diagnostic MraConnectivity MraEis 29 404: MRA reachable (404) in 29 ms.
2026-08-07 10:07:05.669 +02:00 [INF] ART Diagnostic DatabaseLatency SqlExpress 0 null: Performance profile sample (FPS 0.0)
2026-08-07 10:07:05.830 +02:00 [INF] MRA connectivity restored — waking offline sync worker.
2026-08-07 10:07:05.831 +02:00 [INF] ART Diagnostic HealthCheck HealthCheckWorker 0 null: All subsystems healthy (SQL 0 ms, disk 33.79 GB free).
2026-08-07 10:07:09.000 +02:00 [INF] ART Diagnostic DatabaseLatency SqlExpress 0 null: SQL round-trip 0 ms
2026-08-07 10:07:09.053 +02:00 [INF] ART Diagnostic MraConnectivity MraEis 20 404: MRA reachable (404) in 20 ms.
2026-08-07 10:07:12.209 +02:00 [INF] MRA connectivity restored — waking offline sync worker.
2026-08-07 10:07:12.210 +02:00 [INF] ART Diagnostic HealthCheck HealthCheckWorker 0 null: All subsystems healthy (SQL 0 ms, disk 33.79 GB free).
2026-08-07 10:07:12.486 +02:00 [INF] MRA connectivity restored — waking offline sync worker.
2026-08-07 10:07:12.539 +02:00 [INF] ART Diagnostic WorkerHeartbeat SystemHealthMonitorService null null: All monitored subsystems healthy.
2026-08-07 10:07:22.521 +02:00 [INF] MRA connectivity restored — waking offline sync worker.
2026-08-07 10:07:32.498 +02:00 [INF] Inventory alert scan complete: 0 products, low=0, stockout=0, overstock=0, fast=0.
2026-08-07 10:07:35.714 +02:00 [INF] ART Diagnostic DatabaseLatency SqlExpress 1 null: Performance profile sample (FPS 0.0)
2026-08-07 10:07:42.526 +02:00 [INF] MRA connectivity restored — waking offline sync worker.
2026-08-07 10:07:50.854 +02:00 [INF] ART Diagnostic WorkerHeartbeat HealthCheckWorker null null: Heartbeat
2026-08-07 10:07:50.862 +02:00 [INF] ART Diagnostic DatabaseLatency SqlExpress 1 null: SQL round-trip 1 ms
2026-08-07 10:07:50.892 +02:00 [INF] ART Diagnostic MraConnectivity MraEis 22 404: MRA reachable (404) in 22 ms.
2026-08-07 10:07:54.061 +02:00 [INF] MRA connectivity restored — waking offline sync worker.
2026-08-07 10:07:54.063 +02:00 [INF] ART Diagnostic HealthCheck HealthCheckWorker 1 null: All subsystems healthy (SQL 1 ms, disk 33.79 GB free).
2026-08-07 10:07:54.079 +02:00 [WRN] Unable to query last-submitted-offline-transaction for sequence check.
System.InvalidOperationException: No activated terminal is registered for Albert Retail Terminal.
   at PointOfSale.Infrastructure.Services.MraTerminalAuthProvider.GetActiveTerminalIdAsync(CancellationToken cancellationToken) in C:\Users\Albert Zee\Documents\Projects\Point Of Sale\src\PointOfSale.Infrastructure\Services\MraTerminalAuthProvider.cs:line 35
   at PointOfSale.Infrastructure.Services.MraTerminalAuthProvider.GetJwtContextAsync(CancellationToken cancellationToken) in C:\Users\Albert Zee\Documents\Projects\Point Of Sale\src\PointOfSale.Infrastructure\Services\MraTerminalAuthProvider.cs:line 43
   at PointOfSale.Infrastructure.Services.SalesTransactionService.GetLastSubmittedTransactionAsync(String relativePath, String channelLabel, CancellationToken cancellationToken) in C:\Users\Albert Zee\Documents\Projects\Point Of Sale\src\PointOfSale.Infrastructure\Services\SalesTransactionService.cs:line 85
   at PointOfSale.Infrastructure.Services.SalesTransactionService.VerifySequenceContinuityAsync(Func`2 lookupFactory, String channelLabel, CancellationToken cancellationToken) in C:\Users\Albert Zee\Documents\Projects\Point Of Sale\src\PointOfSale.Infrastructure\Services\SalesTransactionService.cs:line 153
2026-08-07 10:07:57.553 +02:00 [INF] ART Diagnostic DatabaseLatency SqlExpress 1 null: SQL round-trip 1 ms
2026-08-07 10:07:57.585 +02:00 [INF] ART Diagnostic MraConnectivity MraEis 23 404: MRA reachable (404) in 23 ms.
2026-08-07 10:07:57.654 +02:00 [INF] MRA connectivity restored — waking offline sync worker.
2026-08-07 10:07:57.655 +02:00 [INF] ART Diagnostic HealthCheck HealthCheckWorker 1 null: All subsystems healthy (SQL 1 ms, disk 33.79 GB free).
2026-08-07 10:07:57.723 +02:00 [INF] MRA connectivity restored — waking offline sync worker.
2026-08-07 10:07:57.762 +02:00 [INF] ART Diagnostic WorkerHeartbeat SystemHealthMonitorService null null: All monitored subsystems healthy.
2026-08-07 10:08:02.579 +02:00 [INF] MRA connectivity restored — waking offline sync worker.
2026-08-07 10:08:05.746 +02:00 [INF] ART Diagnostic DatabaseLatency SqlExpress 1 null: Performance profile sample (FPS 0.0)
2026-08-07 10:08:22.538 +02:00 [INF] MRA connectivity restored — waking offline sync worker.
2026-08-07 10:08:32.543 +02:00 [INF] Inventory alert scan complete: 0 products, low=0, stockout=0, overstock=0, fast=0.
2026-08-07 10:08:35.774 +02:00 [INF] ART Diagnostic DatabaseLatency SqlExpress 0 null: Performance profile sample (FPS 0.0)
2026-08-07 10:08:39.092 +02:00 [INF] ART Diagnostic WorkerHeartbeat HealthCheckWorker null null: Heartbeat
2026-08-07 10:08:39.182 +02:00 [INF] ART Diagnostic DatabaseLatency SqlExpress 0 null: SQL round-trip 0 ms
2026-08-07 10:08:39.250 +02:00 [INF] ART Diagnostic MraConnectivity MraEis 57 404: MRA reachable (404) in 57 ms.
2026-08-07 10:08:39.329 +02:00 [INF] MRA connectivity restored — waking offline sync worker.
2026-08-07 10:08:42.786 +02:00 [INF] ART Diagnostic DatabaseLatency SqlExpress 12 null: SQL round-trip 12 ms
2026-08-07 10:08:42.883 +02:00 [INF] ART Diagnostic MraConnectivity MraEis 25 404: MRA reachable (404) in 25 ms.
2026-08-07 10:08:43.178 +02:00 [INF] ART Diagnostic HealthCheck HealthCheckWorker 0 null: All subsystems healthy (SQL 0 ms, disk 33.79 GB free).
2026-08-07 10:08:43.178 +02:00 [INF] ART Diagnostic HealthCheck HealthCheckWorker 12 null: All subsystems healthy (SQL 12 ms, disk 33.79 GB free).
2026-08-07 10:08:43.242 +02:00 [INF] ART Diagnostic WorkerHeartbeat SystemHealthMonitorService null null: All monitored subsystems healthy.
2026-08-07 10:08:45.773 +02:00 [INF] MRA connectivity restored — waking offline sync worker.
2026-08-07 10:09:02.510 +02:00 [INF] MRA connectivity restored — waking offline sync worker.
2026-08-07 10:09:05.818 +02:00 [INF] ART Diagnostic DatabaseLatency SqlExpress 1 null: Performance profile sample (FPS 0.0)
2026-08-07 10:09:22.523 +02:00 [INF] MRA connectivity restored — waking offline sync worker.
2026-08-07 10:09:28.196 +02:00 [INF] ART Diagnostic WorkerHeartbeat HealthCheckWorker null null: Heartbeat
2026-08-07 10:09:28.259 +02:00 [INF] ART Diagnostic DatabaseLatency SqlExpress 0 null: SQL round-trip 0 ms
2026-08-07 10:09:28.309 +02:00 [INF] ART Diagnostic DatabaseLatency SqlExpress 16 null: SQL round-trip 16 ms
2026-08-07 10:09:28.332 +02:00 [INF] ART Diagnostic MraConnectivity MraEis 23 404: MRA reachable (404) in 23 ms.
2026-08-07 10:09:28.931 +02:00 [INF] ART Diagnostic MraConnectivity MraEis 618 404: MRA reachable (404) in 618 ms.
2026-08-07 10:09:28.934 +02:00 [INF] ART Diagnostic HealthCheck HealthCheckWorker 16 null: All subsystems healthy (SQL 16 ms, disk 33.78 GB free).
2026-08-07 10:09:28.947 +02:00 [INF] MRA connectivity restored — waking offline sync worker.
2026-08-07 10:09:28.948 +02:00 [INF] ART Diagnostic HealthCheck HealthCheckWorker 0 null: All subsystems healthy (SQL 0 ms, disk 33.78 GB free).
2026-08-07 10:09:28.952 +02:00 [WRN] Unable to query last-submitted-offline-transaction for sequence check.
System.InvalidOperationException: No activated terminal is registered for Albert Retail Terminal.
   at PointOfSale.Infrastructure.Services.MraTerminalAuthProvider.GetActiveTerminalIdAsync(CancellationToken cancellationToken) in C:\Users\Albert Zee\Documents\Projects\Point Of Sale\src\PointOfSale.Infrastructure\Services\MraTerminalAuthProvider.cs:line 35
   at PointOfSale.Infrastructure.Services.MraTerminalAuthProvider.GetJwtContextAsync(CancellationToken cancellationToken) in C:\Users\Albert Zee\Documents\Projects\Point Of Sale\src\PointOfSale.Infrastructure\Services\MraTerminalAuthProvider.cs:line 43
   at PointOfSale.Infrastructure.Services.SalesTransactionService.GetLastSubmittedTransactionAsync(String relativePath, String channelLabel, CancellationToken cancellationToken) in C:\Users\Albert Zee\Documents\Projects\Point Of Sale\src\PointOfSale.Infrastructure\Services\SalesTransactionService.cs:line 85
   at PointOfSale.Infrastructure.Services.SalesTransactionService.VerifySequenceContinuityAsync(Func`2 lookupFactory, String channelLabel, CancellationToken cancellationToken) in C:\Users\Albert Zee\Documents\Projects\Point Of Sale\src\PointOfSale.Infrastructure\Services\SalesTransactionService.cs:line 153
2026-08-07 10:09:29.036 +02:00 [INF] MRA connectivity restored — waking offline sync worker.
2026-08-07 10:09:29.097 +02:00 [INF] ART Diagnostic WorkerHeartbeat SystemHealthMonitorService null null: All monitored subsystems healthy.
2026-08-07 10:09:32.585 +02:00 [INF] Inventory alert scan complete: 0 products, low=0, stockout=0, overstock=0, fast=0.
2026-08-07 10:09:35.891 +02:00 [INF] ART Diagnostic DatabaseLatency SqlExpress 0 null: Performance profile sample (FPS 0.0)
2026-08-07 10:09:42.514 +02:00 [INF] MRA connectivity restored — waking offline sync worker.
2026-08-07 10:10:02.494 +02:00 [INF] MRA connectivity restored — waking offline sync worker.
2026-08-07 10:10:05.914 +02:00 [INF] ART Diagnostic DatabaseLatency SqlExpress 0 null: Performance profile sample (FPS 0.0)
2026-08-07 10:10:13.954 +02:00 [INF] ART Diagnostic WorkerHeartbeat HealthCheckWorker null null: Heartbeat
2026-08-07 10:10:13.990 +02:00 [INF] ART Diagnostic DatabaseLatency SqlExpress 0 null: SQL round-trip 0 ms
2026-08-07 10:10:14.011 +02:00 [INF] ART Diagnostic MraConnectivity MraEis 16 404: MRA reachable (404) in 16 ms.
2026-08-07 10:10:14.092 +02:00 [INF] MRA connectivity restored — waking offline sync worker.
2026-08-07 10:10:14.093 +02:00 [INF] ART Diagnostic HealthCheck HealthCheckWorker 0 null: All subsystems healthy (SQL 0 ms, disk 33.77 GB free).
2026-08-07 10:10:14.111 +02:00 [INF] ART Diagnostic DatabaseLatency SqlExpress 0 null: SQL round-trip 0 ms
2026-08-07 10:10:14.131 +02:00 [INF] ART Diagnostic MraConnectivity MraEis 16 404: MRA reachable (404) in 16 ms.
2026-08-07 10:10:17.286 +02:00 [INF] MRA connectivity restored — waking offline sync worker.
2026-08-07 10:10:17.287 +02:00 [INF] ART Diagnostic HealthCheck HealthCheckWorker 0 null: All subsystems healthy (SQL 0 ms, disk 33.77 GB free).
2026-08-07 10:10:17.400 +02:00 [INF] MRA connectivity restored — waking offline sync worker.
2026-08-07 10:10:17.446 +02:00 [INF] ART Diagnostic WorkerHeartbeat SystemHealthMonitorService null null: All monitored subsystems healthy.
2026-08-07 10:10:22.519 +02:00 [INF] MRA connectivity restored — waking offline sync worker.
2026-08-07 10:10:32.623 +02:00 [INF] Inventory alert scan complete: 0 products, low=0, stockout=0, overstock=0, fast=0.
2026-08-07 10:10:35.945 +02:00 [INF] ART Diagnostic DatabaseLatency SqlExpress 0 null: Performance profile sample (FPS 0.0)
2026-08-07 10:10:42.506 +02:00 [INF] MRA connectivity restored — waking offline sync worker.
2026-08-07 10:10:59.099 +02:00 [INF] ART Diagnostic WorkerHeartbeat HealthCheckWorker null null: Heartbeat
2026-08-07 10:10:59.105 +02:00 [INF] ART Diagnostic DatabaseLatency SqlExpress 1 null: SQL round-trip 1 ms
2026-08-07 10:10:59.126 +02:00 [INF] ART Diagnostic MraConnectivity MraEis 15 404: MRA reachable (404) in 15 ms.
2026-08-07 10:10:59.205 +02:00 [INF] MRA connectivity restored — waking offline sync worker.
2026-08-07 10:10:59.205 +02:00 [INF] ART Diagnostic HealthCheck HealthCheckWorker 1 null: All subsystems healthy (SQL 1 ms, disk 33.76 GB free).
2026-08-07 10:10:59.241 +02:00 [WRN] Unable to query last-submitted-offline-transaction for sequence check.
System.InvalidOperationException: No activated terminal is registered for Albert Retail Terminal.
   at PointOfSale.Infrastructure.Services.MraTerminalAuthProvider.GetActiveTerminalIdAsync(CancellationToken cancellationToken) in C:\Users\Albert Zee\Documents\Projects\Point Of Sale\src\PointOfSale.Infrastructure\Services\MraTerminalAuthProvider.cs:line 35
   at PointOfSale.Infrastructure.Services.MraTerminalAuthProvider.GetJwtContextAsync(CancellationToken cancellationToken) in C:\Users\Albert Zee\Documents\Projects\Point Of Sale\src\PointOfSale.Infrastructure\Services\MraTerminalAuthProvider.cs:line 43
   at PointOfSale.Infrastructure.Services.SalesTransactionService.GetLastSubmittedTransactionAsync(String relativePath, String channelLabel, CancellationToken cancellationToken) in C:\Users\Albert Zee\Documents\Projects\Point Of Sale\src\PointOfSale.Infrastructure\Services\SalesTransactionService.cs:line 85
   at PointOfSale.Infrastructure.Services.SalesTransactionService.VerifySequenceContinuityAsync(Func`2 lookupFactory, String channelLabel, CancellationToken cancellationToken) in C:\Users\Albert Zee\Documents\Projects\Point Of Sale\src\PointOfSale.Infrastructure\Services\SalesTransactionService.cs:line 153
2026-08-07 10:11:02.464 +02:00 [INF] ART Diagnostic DatabaseLatency SqlExpress 1 null: SQL round-trip 1 ms
2026-08-07 10:11:02.486 +02:00 [INF] ART Diagnostic MraConnectivity MraEis 16 404: MRA reachable (404) in 16 ms.
2026-08-07 10:11:02.490 +02:00 [INF] ART Diagnostic HealthCheck HealthCheckWorker 1 null: All subsystems healthy (SQL 1 ms, disk 33.76 GB free).
2026-08-07 10:11:02.545 +02:00 [INF] MRA connectivity restored — waking offline sync worker.
2026-08-07 10:11:02.556 +02:00 [INF] ART Diagnostic WorkerHeartbeat SystemHealthMonitorService null null: All monitored subsystems healthy.
2026-08-07 10:11:05.971 +02:00 [INF] ART Diagnostic DatabaseLatency SqlExpress 0 null: Performance profile sample (FPS 0.0)
2026-08-07 10:11:22.493 +02:00 [INF] MRA connectivity restored — waking offline sync worker.
2026-08-07 10:11:32.646 +02:00 [INF] Inventory alert scan complete: 0 products, low=0, stockout=0, overstock=0, fast=0.
2026-08-07 10:11:35.989 +02:00 [INF] ART Diagnostic DatabaseLatency SqlExpress 0 null: Performance profile sample (FPS 0.0)
2026-08-07 10:11:42.512 +02:00 [INF] MRA connectivity restored — waking offline sync worker.
2026-08-07 10:11:44.214 +02:00 [INF] ART Diagnostic WorkerHeartbeat HealthCheckWorker null null: Heartbeat
2026-08-07 10:11:44.220 +02:00 [INF] ART Diagnostic DatabaseLatency SqlExpress 1 null: SQL round-trip 1 ms
2026-08-07 10:11:44.245 +02:00 [INF] ART Diagnostic MraConnectivity MraEis 15 404: MRA reachable (404) in 15 ms.
2026-08-07 10:11:47.397 +02:00 [INF] MRA connectivity restored — waking offline sync worker.
2026-08-07 10:11:47.397 +02:00 [INF] ART Diagnostic HealthCheck HealthCheckWorker 1 null: All subsystems healthy (SQL 1 ms, disk 33.76 GB free).
2026-08-07 10:11:47.565 +02:00 [INF] ART Diagnostic DatabaseLatency SqlExpress 0 null: SQL round-trip 0 ms
2026-08-07 10:11:47.584 +02:00 [INF] ART Diagnostic MraConnectivity MraEis 15 404: MRA reachable (404) in 15 ms.
2026-08-07 10:11:47.657 +02:00 [INF] MRA connectivity restored — waking offline sync worker.
2026-08-07 10:11:47.657 +02:00 [INF] ART Diagnostic HealthCheck HealthCheckWorker 0 null: All subsystems healthy (SQL 0 ms, disk 33.76 GB free).
2026-08-07 10:11:47.865 +02:00 [INF] MRA connectivity restored — waking offline sync worker.
2026-08-07 10:11:47.910 +02:00 [INF] ART Diagnostic WorkerHeartbeat SystemHealthMonitorService null null: All monitored subsystems healthy.
2026-08-07 10:12:03.074 +02:00 [INF] MRA connectivity restored — waking offline sync worker.
2026-08-07 10:12:06.019 +02:00 [INF] ART Diagnostic DatabaseLatency SqlExpress 0 null: Performance profile sample (FPS 0.0)
2026-08-07 10:12:22.503 +02:00 [INF] MRA connectivity restored — waking offline sync worker.
2026-08-07 10:12:32.403 +02:00 [INF] ART Diagnostic WorkerHeartbeat HealthCheckWorker null null: Heartbeat
2026-08-07 10:12:32.410 +02:00 [INF] ART Diagnostic DatabaseLatency SqlExpress 0 null: SQL round-trip 0 ms
2026-08-07 10:12:32.434 +02:00 [INF] ART Diagnostic MraConnectivity MraEis 16 404: MRA reachable (404) in 16 ms.
2026-08-07 10:12:32.570 +02:00 [INF] MRA connectivity restored — waking offline sync worker.
2026-08-07 10:12:32.571 +02:00 [INF] ART Diagnostic HealthCheck HealthCheckWorker 0 null: All subsystems healthy (SQL 0 ms, disk 33.76 GB free).
2026-08-07 10:12:32.581 +02:00 [WRN] Unable to query last-submitted-offline-transaction for sequence check.
System.InvalidOperationException: No activated terminal is registered for Albert Retail Terminal.
   at PointOfSale.Infrastructure.Services.MraTerminalAuthProvider.GetActiveTerminalIdAsync(CancellationToken cancellationToken) in C:\Users\Albert Zee\Documents\Projects\Point Of Sale\src\PointOfSale.Infrastructure\Services\MraTerminalAuthProvider.cs:line 35
   at PointOfSale.Infrastructure.Services.MraTerminalAuthProvider.GetJwtContextAsync(CancellationToken cancellationToken) in C:\Users\Albert Zee\Documents\Projects\Point Of Sale\src\PointOfSale.Infrastructure\Services\MraTerminalAuthProvider.cs:line 43
   at PointOfSale.Infrastructure.Services.SalesTransactionService.GetLastSubmittedTransactionAsync(String relativePath, String channelLabel, CancellationToken cancellationToken) in C:\Users\Albert Zee\Documents\Projects\Point Of Sale\src\PointOfSale.Infrastructure\Services\SalesTransactionService.cs:line 85
   at PointOfSale.Infrastructure.Services.SalesTransactionService.VerifySequenceContinuityAsync(Func`2 lookupFactory, String channelLabel, CancellationToken cancellationToken) in C:\Users\Albert Zee\Documents\Projects\Point Of Sale\src\PointOfSale.Infrastructure\Services\SalesTransactionService.cs:line 153
2026-08-07 10:12:32.666 +02:00 [INF] Inventory alert scan complete: 0 products, low=0, stockout=0, overstock=0, fast=0.
2026-08-07 10:12:32.912 +02:00 [INF] ART Diagnostic DatabaseLatency SqlExpress 0 null: SQL round-trip 0 ms
2026-08-07 10:12:32.958 +02:00 [INF] ART Diagnostic MraConnectivity MraEis 17 404: MRA reachable (404) in 17 ms.
2026-08-07 10:12:33.104 +02:00 [INF] MRA connectivity restored — waking offline sync worker.
2026-08-07 10:12:33.104 +02:00 [INF] ART Diagnostic HealthCheck HealthCheckWorker 0 null: All subsystems healthy (SQL 0 ms, disk 33.76 GB free).
2026-08-07 10:12:33.203 +02:00 [INF] MRA connectivity restored — waking offline sync worker.
2026-08-07 10:12:33.246 +02:00 [INF] ART Diagnostic WorkerHeartbeat SystemHealthMonitorService null null: All monitored subsystems healthy.
2026-08-07 10:12:36.056 +02:00 [INF] ART Diagnostic DatabaseLatency SqlExpress 0 null: Performance profile sample (FPS 0.0)
2026-08-07 10:12:42.486 +02:00 [INF] MRA connectivity restored — waking offline sync worker.
2026-08-07 10:13:02.484 +02:00 [INF] MRA connectivity restored — waking offline sync worker.
2026-08-07 10:13:06.109 +02:00 [INF] ART Diagnostic DatabaseLatency SqlExpress 0 null: Performance profile sample (FPS 0.0)
2026-08-07 10:13:17.596 +02:00 [INF] ART Diagnostic WorkerHeartbeat HealthCheckWorker null null: Heartbeat
2026-08-07 10:13:17.608 +02:00 [INF] ART Diagnostic DatabaseLatency SqlExpress 1 null: SQL round-trip 1 ms
2026-08-07 10:13:17.628 +02:00 [INF] ART Diagnostic MraConnectivity MraEis 15 404: MRA reachable (404) in 15 ms.
2026-08-07 10:13:17.734 +02:00 [INF] MRA connectivity restored — waking offline sync worker.
2026-08-07 10:13:17.736 +02:00 [INF] ART Diagnostic HealthCheck HealthCheckWorker 1 null: All subsystems healthy (SQL 1 ms, disk 33.75 GB free).
2026-08-07 10:13:18.264 +02:00 [INF] ART Diagnostic DatabaseLatency SqlExpress 0 null: SQL round-trip 0 ms
2026-08-07 10:13:18.659 +02:00 [INF] ART Diagnostic MraConnectivity MraEis 79 404: MRA reachable (404) in 79 ms.
2026-08-07 10:13:21.932 +02:00 [INF] MRA connectivity restored — waking offline sync worker.
2026-08-07 10:13:21.933 +02:00 [INF] ART Diagnostic HealthCheck HealthCheckWorker 0 null: All subsystems healthy (SQL 0 ms, disk 33.75 GB free).
2026-08-07 10:13:22.053 +02:00 [INF] MRA connectivity restored — waking offline sync worker.
2026-08-07 10:13:22.127 +02:00 [INF] ART Diagnostic WorkerHeartbeat SystemHealthMonitorService null null: All monitored subsystems healthy.
2026-08-07 10:13:22.603 +02:00 [INF] MRA connectivity restored — waking offline sync worker.
2026-08-07 10:13:32.709 +02:00 [INF] Inventory alert scan complete: 0 products, low=0, stockout=0, overstock=0, fast=0.
2026-08-07 10:13:36.142 +02:00 [INF] ART Diagnostic DatabaseLatency SqlExpress 1 null: Performance profile sample (FPS 0.0)
2026-08-07 10:13:42.526 +02:00 [INF] MRA connectivity restored — waking offline sync worker.
2026-08-07 10:14:02.516 +02:00 [INF] MRA connectivity restored — waking offline sync worker.
2026-08-07 10:14:02.756 +02:00 [INF] ART Diagnostic WorkerHeartbeat HealthCheckWorker null null: Heartbeat
2026-08-07 10:14:02.764 +02:00 [INF] ART Diagnostic DatabaseLatency SqlExpress 0 null: SQL round-trip 0 ms
2026-08-07 10:14:05.887 +02:00 [INF] ART Diagnostic MraConnectivity MraEis 3119 404: MRA reachable (404) in 3119 ms.
2026-08-07 10:14:06.270 +02:00 [INF] ART Diagnostic DatabaseLatency SqlExpress 0 null: Performance profile sample (FPS 0.0)
2026-08-07 10:14:07.140 +02:00 [INF] ART Diagnostic DatabaseLatency SqlExpress 2 null: SQL round-trip 2 ms
2026-08-07 10:14:07.211 +02:00 [INF] ART Diagnostic MraConnectivity MraEis 18 404: MRA reachable (404) in 18 ms.
2026-08-07 10:14:07.214 +02:00 [INF] ART Diagnostic HealthCheck HealthCheckWorker 2 null: All subsystems healthy (SQL 2 ms, disk 33.74 GB free).
2026-08-07 10:14:07.277 +02:00 [INF] ART Diagnostic WorkerHeartbeat SystemHealthMonitorService null null: All monitored subsystems healthy.
2026-08-07 10:14:09.027 +02:00 [INF] MRA connectivity restored — waking offline sync worker.
2026-08-07 10:14:09.027 +02:00 [INF] ART Diagnostic HealthCheck HealthCheckWorker 0 null: All subsystems healthy (SQL 0 ms, disk 33.74 GB free).
2026-08-07 10:14:09.034 +02:00 [WRN] Unable to query last-submitted-offline-transaction for sequence check.
System.InvalidOperationException: No activated terminal is registered for Albert Retail Terminal.
   at PointOfSale.Infrastructure.Services.MraTerminalAuthProvider.GetActiveTerminalIdAsync(CancellationToken cancellationToken) in C:\Users\Albert Zee\Documents\Projects\Point Of Sale\src\PointOfSale.Infrastructure\Services\MraTerminalAuthProvider.cs:line 35
   at PointOfSale.Infrastructure.Services.MraTerminalAuthProvider.GetJwtContextAsync(CancellationToken cancellationToken) in C:\Users\Albert Zee\Documents\Projects\Point Of Sale\src\PointOfSale.Infrastructure\Services\MraTerminalAuthProvider.cs:line 43
   at PointOfSale.Infrastructure.Services.SalesTransactionService.GetLastSubmittedTransactionAsync(String relativePath, String channelLabel, CancellationToken cancellationToken) in C:\Users\Albert Zee\Documents\Projects\Point Of Sale\src\PointOfSale.Infrastructure\Services\SalesTransactionService.cs:line 85
   at PointOfSale.Infrastructure.Services.SalesTransactionService.VerifySequenceContinuityAsync(Func`2 lookupFactory, String channelLabel, CancellationToken cancellationToken) in C:\Users\Albert Zee\Documents\Projects\Point Of Sale\src\PointOfSale.Infrastructure\Services\SalesTransactionService.cs:line 153
2026-08-07 10:14:22.491 +02:00 [INF] MRA connectivity restored — waking offline sync worker.
2026-08-07 10:14:32.732 +02:00 [INF] Inventory alert scan complete: 0 products, low=0, stockout=0, overstock=0, fast=0.
2026-08-07 10:14:36.291 +02:00 [INF] ART Diagnostic DatabaseLatency SqlExpress 0 null: Performance profile sample (FPS 0.0)
2026-08-07 10:14:42.488 +02:00 [INF] MRA connectivity restored — waking offline sync worker.
2026-08-07 10:14:52.291 +02:00 [INF] ART Diagnostic DatabaseLatency SqlExpress 0 null: SQL round-trip 0 ms
2026-08-07 10:14:52.323 +02:00 [INF] ART Diagnostic MraConnectivity MraEis 16 404: MRA reachable (404) in 16 ms.
2026-08-07 10:14:54.039 +02:00 [INF] ART Diagnostic WorkerHeartbeat HealthCheckWorker null null: Heartbeat
2026-08-07 10:14:54.042 +02:00 [INF] ART Diagnostic DatabaseLatency SqlExpress 0 null: SQL round-trip 0 ms
2026-08-07 10:14:54.062 +02:00 [INF] ART Diagnostic MraConnectivity MraEis 16 404: MRA reachable (404) in 16 ms.
2026-08-07 10:14:54.240 +02:00 [INF] ART Diagnostic HealthCheck HealthCheckWorker 0 null: All subsystems healthy (SQL 0 ms, disk 33.76 GB free).
2026-08-07 10:14:55.492 +02:00 [INF] MRA connectivity restored — waking offline sync worker.
2026-08-07 10:14:55.492 +02:00 [INF] ART Diagnostic HealthCheck HealthCheckWorker 0 null: All subsystems healthy (SQL 0 ms, disk 33.76 GB free).
2026-08-07 10:14:55.603 +02:00 [INF] MRA connectivity restored — waking offline sync worker.
2026-08-07 10:14:55.650 +02:00 [INF] ART Diagnostic WorkerHeartbeat SystemHealthMonitorService null null: All monitored subsystems healthy.
2026-08-07 10:15:02.516 +02:00 [INF] MRA connectivity restored — waking offline sync worker.
2026-08-07 10:15:06.347 +02:00 [INF] ART Diagnostic DatabaseLatency SqlExpress 1 null: Performance profile sample (FPS 0.0)
2026-08-07 10:15:22.516 +02:00 [INF] MRA connectivity restored — waking offline sync worker.
2026-08-07 10:15:23.555 +02:00 [INF] MRA EIS POST "https://dev-eis-api.mra.mw/api/v1/onboarding/activate-terminal"
2026-08-07 10:15:23.555 +02:00 [INF] MRA EIS request payload for "https://dev-eis-api.mra.mw/api/v1/onboarding/activate-terminal": {"terminalActivationCode":"EDTQ-M61J-XXZ6-9UTC","environment":{"platform":{"osName":"Windows 10","osVersion":"Windows 10","osBuild":"10.0.19045.0","macAddress":"44-A8-42-F7-4C-BA"},"pos":{"productID":"MRA-desktop/AlbertRetailTerminal","productVersion":"1.0.0"}}}
2026-08-07 10:15:23.684 +02:00 [INF] MRA POST /api/v1/onboarding/activate-terminal status=200 success=true durationMs=125
2026-08-07 10:15:24.026 +02:00 [INF] Terminal 7f578f46-0775-49bd-8749-226942412378 activated pending MRA confirmation (productionAccessKey=false).
2026-08-07 10:15:24.027 +02:00 [INF] MRA activate-terminal returned terminal 7f578f46-0775-49bd-8749-226942412378; TerminalCredentials stored encrypted pending confirmation.
2026-08-07 10:15:24.133 +02:00 [INF] Confirmation headers for "onboarding/terminal-activated-confirmation": Authorization=true, x-signature=true, bearer=true
2026-08-07 10:15:24.140 +02:00 [INF] MRA EIS POST "https://dev-eis-api.mra.mw/api/v1/onboarding/terminal-activated-confirmation"
2026-08-07 10:15:24.140 +02:00 [INF] MRA EIS request payload for "https://dev-eis-api.mra.mw/api/v1/onboarding/terminal-activated-confirmation": {"terminalId":"7f578f46-0775-49bd-8749-226942412378"}
2026-08-07 10:15:24.172 +02:00 [INF] MRA POST /api/v1/onboarding/terminal-activated-confirmation status=200 success=true durationMs=31
2026-08-07 10:15:24.342 +02:00 [INF] MRA EIS POST "https://dev-eis-api.mra.mw/api/v1/configuration/get-latest-configs"
2026-08-07 10:15:24.342 +02:00 [INF] MRA EIS request payload for "https://dev-eis-api.mra.mw/api/v1/configuration/get-latest-configs": {}
2026-08-07 10:15:24.398 +02:00 [INF] MRA POST /api/v1/configuration/get-latest-configs status=200 success=true durationMs=62
2026-08-07 10:15:24.414 +02:00 [INF] Cached get-latest-configs for 7f578f46-0775-49bd-8749-226942412378. sellerTIN=31018345, siteId=BLc4f27da3-6c8e-4014-84b1-140886944c25, versions g/t/tp=1/1/1
2026-08-07 10:15:24.415 +02:00 [INF] Terminal 7f578f46-0775-49bd-8749-226942412378 confirmed with MRA.
2026-08-07 10:15:24.424 +02:00 [INF] MRA EIS POST "https://dev-eis-api.mra.mw/api/v1/configuration/get-latest-configs"
2026-08-07 10:15:24.424 +02:00 [INF] MRA EIS request payload for "https://dev-eis-api.mra.mw/api/v1/configuration/get-latest-configs": {}
2026-08-07 10:15:24.475 +02:00 [INF] MRA POST /api/v1/configuration/get-latest-configs status=200 success=true durationMs=46
2026-08-07 10:15:24.485 +02:00 [INF] Cached get-latest-configs for 7f578f46-0775-49bd-8749-226942412378. sellerTIN=31018345, siteId=BLc4f27da3-6c8e-4014-84b1-140886944c25, versions g/t/tp=1/1/1
2026-08-07 10:15:24.593 +02:00 [INF] MRA EIS POST "https://dev-eis-api.mra.mw/api/v1/utilities/get-terminal-site-products"
2026-08-07 10:15:24.593 +02:00 [INF] MRA EIS request payload for "https://dev-eis-api.mra.mw/api/v1/utilities/get-terminal-site-products": {"tin":"31018345","siteId":"BLc4f27da3-6c8e-4014-84b1-140886944c25"}
2026-08-07 10:15:24.791 +02:00 [INF] MRA POST /api/v1/utilities/get-terminal-site-products status=200 success=true durationMs=203
2026-08-07 10:15:24.945 +02:00 [WRN] Post-activation get-terminal-site-products sync failed.
PointOfSale.Mra.Http.MraApiException: Invalid MRA EIS response JSON.
 ---> System.Text.Json.JsonException: The JSON value could not be converted to System.Decimal. Path: $.data[100].minimumStockLevel | LineNumber: 0 | BytePositionInLine: 30968.
 ---> System.InvalidOperationException: Cannot get the value of a token type 'Null' as a number.
   at System.Text.Json.ThrowHelper.ThrowInvalidOperationException_ExpectedNumber(JsonTokenType tokenType)
   at System.Text.Json.Utf8JsonReader.TryGetDecimal(Decimal& value)
   at System.Text.Json.Utf8JsonReader.GetDecimal()
   at System.Text.Json.Serialization.JsonConverter`1.TryRead(Utf8JsonReader& reader, Type typeToConvert, JsonSerializerOptions options, ReadStack& state, T& value, Boolean& isPopulatedValue)
   at System.Text.Json.Serialization.Metadata.JsonPropertyInfo`1.ReadJsonAndSetMember(Object obj, ReadStack& state, Utf8JsonReader& reader)
   at System.Text.Json.Serialization.Converters.ObjectDefaultConverter`1.OnTryRead(Utf8JsonReader& reader, Type typeToConvert, JsonSerializerOptions options, ReadStack& state, T& value)
   at System.Text.Json.Serialization.JsonConverter`1.TryRead(Utf8JsonReader& reader, Type typeToConvert, JsonSerializerOptions options, ReadStack& state, T& value, Boolean& isPopulatedValue)
   at System.Text.Json.Serialization.JsonCollectionConverter`2.OnTryRead(Utf8JsonReader& reader, Type typeToConvert, JsonSerializerOptions options, ReadStack& state, TCollection& value)
   at System.Text.Json.Serialization.JsonConverter`1.TryRead(Utf8JsonReader& reader, Type typeToConvert, JsonSerializerOptions options, ReadStack& state, T& value, Boolean& isPopulatedValue)
   at System.Text.Json.Serialization.Metadata.JsonPropertyInfo`1.ReadJsonAndSetMember(Object obj, ReadStack& state, Utf8JsonReader& reader)
   at System.Text.Json.Serialization.Converters.ObjectDefaultConverter`1.OnTryRead(Utf8JsonReader& reader, Type typeToConvert, JsonSerializerOptions options, ReadStack& state, T& value)
   at System.Text.Json.Serialization.JsonConverter`1.TryRead(Utf8JsonReader& reader, Type typeToConvert, JsonSerializerOptions options, ReadStack& state, T& value, Boolean& isPopulatedValue)
   at System.Text.Json.Serialization.JsonConverter`1.ReadCore(Utf8JsonReader& reader, JsonSerializerOptions options, ReadStack& state)
   --- End of inner exception stack trace ---
   at System.Text.Json.ThrowHelper.ReThrowWithPath(ReadStack& state, Utf8JsonReader& reader, Exception ex)
   at System.Text.Json.Serialization.JsonConverter`1.ReadCore(Utf8JsonReader& reader, JsonSerializerOptions options, ReadStack& state)
   at System.Text.Json.JsonSerializer.ReadFromSpan[TValue](ReadOnlySpan`1 json, JsonTypeInfo`1 jsonTypeInfo)
   at System.Text.Json.JsonSerializer.Deserialize[TValue](String json, JsonSerializerOptions options)
   at PointOfSale.Infrastructure.Services.MraApiClient.SendAsync[TResponse](HttpRequestMessage request, String auditRequestBody, CancellationToken cancellationToken) in C:\Users\Albert Zee\Documents\Projects\Point Of Sale\src\PointOfSale.Infrastructure\Services\MraApiClient.cs:line 309
   --- End of inner exception stack trace ---
   at PointOfSale.Infrastructure.Services.MraApiClient.SendAsync[TResponse](HttpRequestMessage request, String auditRequestBody, CancellationToken cancellationToken) in C:\Users\Albert Zee\Documents\Projects\Point Of Sale\src\PointOfSale.Infrastructure\Services\MraApiClient.cs:line 323
   at PointOfSale.Infrastructure.Services.MraApiClient.PostAsync[TRequest,TResponse](String relativePath, TRequest body, MraRequestContext context, CancellationToken cancellationToken) in C:\Users\Albert Zee\Documents\Projects\Point Of Sale\src\PointOfSale.Infrastructure\Services\MraApiClient.cs:line 84
   at PointOfSale.Infrastructure.Services.StockManagementService.GetTerminalSiteProductsAsync(GetTerminalSiteProductsRequest request, Boolean reconcileLocalInventory, Boolean preserveLocalStock, CancellationToken cancellationToken) in C:\Users\Albert Zee\Documents\Projects\Point Of Sale\src\PointOfSale.Infrastructure\Services\StockManagementService.cs:line 163
   at PointOfSale.App.Services.TerminalConnectivityActionsService.SyncTerminalSiteProductsDetailedAsync(IServiceScope scope, CancellationToken cancellationToken) in C:\Users\Albert Zee\Documents\Projects\Point Of Sale\src\PointOfSale.App\Services\TerminalConnectivityActionsService.cs:line 339
   at PointOfSale.App.Services.TerminalConnectivityActionsService.SyncTerminalSiteProductsAsync(IServiceScope scope, CancellationToken cancellationToken) in C:\Users\Albert Zee\Documents\Projects\Point Of Sale\src\PointOfSale.App\Services\TerminalConnectivityActionsService.cs:line 282
   at PointOfSale.App.Services.MraOnboardingService.CompleteConfirmationAsync(IServiceScope scope, TerminalOnboardingService onboarding, String terminalId, String normalizedTac, CancellationToken cancellationToken) in C:\Users\Albert Zee\Documents\Projects\Point Of Sale\src\PointOfSale.App\Services\MraOnboardingService.cs:line 430
2026-08-07 10:15:32.628 +02:00 [INF] Terminal license activated (EDTQ-****-****-9UTC).
2026-08-07 10:15:32.743 +02:00 [INF] Inventory alert scan complete: 0 products, low=0, stockout=0, overstock=0, fast=0.
2026-08-07 10:15:36.402 +02:00 [INF] ART Diagnostic DatabaseLatency SqlExpress 1 null: Performance profile sample (FPS 0.0)
2026-08-07 10:15:39.251 +02:00 [INF] ART Diagnostic WorkerHeartbeat HealthCheckWorker null null: Heartbeat
2026-08-07 10:15:39.259 +02:00 [INF] ART Diagnostic DatabaseLatency SqlExpress 1 null: SQL round-trip 1 ms
2026-08-07 10:15:39.269 +02:00 [INF] MRA EIS POST "https://dev-eis-api.mra.mw/api/v1/utilities/ping"
2026-08-07 10:15:39.296 +02:00 [INF] MRA POST /api/v1/utilities/ping status=200 success=true durationMs=16
2026-08-07 10:15:39.300 +02:00 [INF] ART Diagnostic MraConnectivity MraEis 31 1: MRA ping ok in 31 ms.
2026-08-07 10:15:39.390 +02:00 [INF] MRA EIS POST "https://dev-eis-api.mra.mw/api/v1/utilities/ping"
2026-08-07 10:15:40.660 +02:00 [INF] ART Diagnostic DatabaseLatency SqlExpress 3 null: SQL round-trip 3 ms
2026-08-07 10:15:40.688 +02:00 [INF] MRA EIS POST "https://dev-eis-api.mra.mw/api/v1/utilities/ping"
2026-08-07 10:15:40.730 +02:00 [INF] MRA POST /api/v1/utilities/ping status=200 success=true durationMs=46
2026-08-07 10:15:40.733 +02:00 [INF] ART Diagnostic MraConnectivity MraEis 45 1: MRA ping ok in 45 ms.
2026-08-07 10:15:40.736 +02:00 [INF] ART Diagnostic HealthCheck HealthCheckWorker 3 null: All subsystems healthy (SQL 3 ms, disk 33.76 GB free).
2026-08-07 10:15:40.785 +02:00 [INF] ART Diagnostic WorkerHeartbeat SystemHealthMonitorService null null: All monitored subsystems healthy.
2026-08-07 10:15:42.596 +02:00 [INF] MRA POST /api/v1/utilities/ping status=200 success=true durationMs=3218
2026-08-07 10:15:42.602 +02:00 [INF] MRA connectivity restored — waking offline sync worker.
2026-08-07 10:15:42.603 +02:00 [INF] ART Diagnostic HealthCheck HealthCheckWorker 1 null: All subsystems healthy (SQL 1 ms, disk 33.76 GB free).
2026-08-07 10:15:42.610 +02:00 [INF] MRA EIS POST "https://dev-eis-api.mra.mw/api/v1/sales/last-submitted-offline-transaction"
2026-08-07 10:15:42.711 +02:00 [INF] MRA POST /api/v1/sales/last-submitted-offline-transaction status=200 success=true durationMs=110
2026-08-07 10:15:42.716 +02:00 [WRN] MRA EIS last-submitted-offline-transaction returned success=false. Remark=Invoice details not found. Errors=[]. statusCode=1
2026-08-07 10:16:02.503 +02:00 [INF] MRA EIS POST "https://dev-eis-api.mra.mw/api/v1/utilities/ping"
2026-08-07 10:16:02.534 +02:00 [INF] MRA POST /api/v1/utilities/ping status=200 success=true durationMs=31
2026-08-07 10:16:02.552 +02:00 [INF] MRA connectivity restored — waking offline sync worker.
2026-08-07 10:16:06.448 +02:00 [INF] ART Diagnostic DatabaseLatency SqlExpress 1 null: Performance profile sample (FPS 0.0)
2026-08-07 10:16:22.480 +02:00 [INF] MRA EIS POST "https://dev-eis-api.mra.mw/api/v1/utilities/ping"
2026-08-07 10:16:22.504 +02:00 [INF] MRA POST /api/v1/utilities/ping status=200 success=true durationMs=32
2026-08-07 10:16:22.514 +02:00 [INF] MRA connectivity restored — waking offline sync worker.
2026-08-07 10:16:25.789 +02:00 [INF] ART Diagnostic DatabaseLatency SqlExpress 1 null: SQL round-trip 1 ms
2026-08-07 10:16:25.796 +02:00 [INF] MRA EIS POST "https://dev-eis-api.mra.mw/api/v1/utilities/ping"
2026-08-07 10:16:27.001 +02:00 [INF] MRA POST /api/v1/utilities/ping status=200 success=true durationMs=1219
2026-08-07 10:16:27.021 +02:00 [INF] ART Diagnostic MraConnectivity MraEis 1224 1: MRA ping ok in 1224 ms.
2026-08-07 10:16:27.093 +02:00 [INF] MRA EIS POST "https://dev-eis-api.mra.mw/api/v1/utilities/ping"
2026-08-07 10:16:27.118 +02:00 [INF] MRA POST /api/v1/utilities/ping status=200 success=true durationMs=31
2026-08-07 10:16:27.122 +02:00 [INF] MRA connectivity restored — waking offline sync worker.
2026-08-07 10:16:27.123 +02:00 [INF] ART Diagnostic HealthCheck HealthCheckWorker 1 null: All subsystems healthy (SQL 1 ms, disk 33.75 GB free).
2026-08-07 10:16:27.206 +02:00 [INF] MRA EIS POST "https://dev-eis-api.mra.mw/api/v1/utilities/ping"
2026-08-07 10:16:27.236 +02:00 [INF] MRA POST /api/v1/utilities/ping status=200 success=true durationMs=31
2026-08-07 10:16:27.239 +02:00 [INF] MRA connectivity restored — waking offline sync worker.
2026-08-07 10:16:27.281 +02:00 [INF] ART Diagnostic WorkerHeartbeat SystemHealthMonitorService null null: All monitored subsystems healthy.
2026-08-07 10:16:27.615 +02:00 [INF] ART Diagnostic WorkerHeartbeat HealthCheckWorker null null: Heartbeat
2026-08-07 10:16:27.622 +02:00 [INF] ART Diagnostic DatabaseLatency SqlExpress 1 null: SQL round-trip 1 ms
2026-08-07 10:16:27.631 +02:00 [INF] MRA EIS POST "https://dev-eis-api.mra.mw/api/v1/utilities/ping"
2026-08-07 10:16:27.657 +02:00 [INF] MRA POST /api/v1/utilities/ping status=200 success=true durationMs=31
2026-08-07 10:16:27.661 +02:00 [INF] ART Diagnostic MraConnectivity MraEis 30 1: MRA ping ok in 30 ms.
2026-08-07 10:16:27.708 +02:00 [INF] MRA EIS POST "https://dev-eis-api.mra.mw/api/v1/utilities/ping"
2026-08-07 10:16:27.730 +02:00 [INF] MRA POST /api/v1/utilities/ping status=200 success=true durationMs=15
2026-08-07 10:16:27.733 +02:00 [INF] MRA connectivity restored — waking offline sync worker.
2026-08-07 10:16:27.733 +02:00 [INF] ART Diagnostic HealthCheck HealthCheckWorker 1 null: All subsystems healthy (SQL 1 ms, disk 33.75 GB free).
2026-08-07 10:16:32.766 +02:00 [INF] Inventory alert scan complete: 0 products, low=0, stockout=0, overstock=0, fast=0.
2026-08-07 10:16:36.477 +02:00 [INF] ART Diagnostic DatabaseLatency SqlExpress 1 null: Performance profile sample (FPS 0.0)
2026-08-07 10:16:42.476 +02:00 [INF] MRA EIS POST "https://dev-eis-api.mra.mw/api/v1/utilities/ping"
2026-08-07 10:16:42.501 +02:00 [INF] MRA POST /api/v1/utilities/ping status=200 success=true durationMs=32
2026-08-07 10:16:42.511 +02:00 [INF] MRA connectivity restored — waking offline sync worker.
2026-08-07 10:16:49.648 +02:00 [INF] MRA EIS POST "https://dev-eis-api.mra.mw/api/v1/utilities/ping"
2026-08-07 10:16:49.675 +02:00 [INF] MRA POST /api/v1/utilities/ping status=200 success=true durationMs=32
2026-08-07 10:16:49.727 +02:00 [INF] MRA EIS POST "https://dev-eis-api.mra.mw/api/v1/utilities/ping"
2026-08-07 10:16:52.803 +02:00 [INF] MRA POST /api/v1/utilities/ping status=200 success=true durationMs=3079
2026-08-07 10:16:52.813 +02:00 [INF] MRA connectivity restored — waking offline sync worker.
2026-08-07 10:16:52.820 +02:00 [INF] MRA EIS POST "https://dev-eis-api.mra.mw/api/v1/configuration/get-latest-configs"
2026-08-07 10:16:52.820 +02:00 [INF] MRA EIS request payload for "https://dev-eis-api.mra.mw/api/v1/configuration/get-latest-configs": {}
2026-08-07 10:16:52.865 +02:00 [INF] MRA POST /api/v1/configuration/get-latest-configs status=200 success=true durationMs=47
2026-08-07 10:16:52.895 +02:00 [INF] Cached get-latest-configs for 7f578f46-0775-49bd-8749-226942412378. sellerTIN=31018345, siteId=BLc4f27da3-6c8e-4014-84b1-140886944c25, versions g/t/tp=1/1/1
2026-08-07 10:16:52.945 +02:00 [INF] Receipt ID batch repair finished: scanned=0, rewritten=0, unchanged=0, failed=0.
2026-08-07 10:16:52.955 +02:00 [INF] VerifyAndSyncApis: pulling EIS site products into local inventory.
2026-08-07 10:16:53.009 +02:00 [INF] MRA EIS POST "https://dev-eis-api.mra.mw/api/v1/utilities/get-terminal-site-products"
2026-08-07 10:16:53.009 +02:00 [INF] MRA EIS request payload for "https://dev-eis-api.mra.mw/api/v1/utilities/get-terminal-site-products": {"tin":"31018345","siteId":"BLc4f27da3-6c8e-4014-84b1-140886944c25"}
2026-08-07 10:16:53.068 +02:00 [INF] MRA POST /api/v1/utilities/get-terminal-site-products status=200 success=true durationMs=62
2026-08-07 10:16:53.084 +02:00 [WRN] VerifyAndSyncApis site products sync failed.
PointOfSale.Mra.Http.MraApiException: Invalid MRA EIS response JSON.
 ---> System.Text.Json.JsonException: The JSON value could not be converted to System.Decimal. Path: $.data[100].minimumStockLevel | LineNumber: 0 | BytePositionInLine: 30968.
 ---> System.InvalidOperationException: Cannot get the value of a token type 'Null' as a number.
   at System.Text.Json.ThrowHelper.ThrowInvalidOperationException_ExpectedNumber(JsonTokenType tokenType)
   at System.Text.Json.Utf8JsonReader.TryGetDecimal(Decimal& value)
   at System.Text.Json.Serialization.Converters.DecimalConverter.ReadNumberWithCustomHandling(Utf8JsonReader& reader, JsonNumberHandling handling, JsonSerializerOptions options)
   at System.Text.Json.Serialization.JsonConverter`1.TryRead(Utf8JsonReader& reader, Type typeToConvert, JsonSerializerOptions options, ReadStack& state, T& value, Boolean& isPopulatedValue)
   at System.Text.Json.Serialization.Metadata.JsonPropertyInfo`1.ReadJsonAndSetMember(Object obj, ReadStack& state, Utf8JsonReader& reader)
   at System.Text.Json.Serialization.Converters.ObjectDefaultConverter`1.OnTryRead(Utf8JsonReader& reader, Type typeToConvert, JsonSerializerOptions options, ReadStack& state, T& value)
   at System.Text.Json.Serialization.JsonConverter`1.TryRead(Utf8JsonReader& reader, Type typeToConvert, JsonSerializerOptions options, ReadStack& state, T& value, Boolean& isPopulatedValue)
   at System.Text.Json.Serialization.JsonCollectionConverter`2.OnTryRead(Utf8JsonReader& reader, Type typeToConvert, JsonSerializerOptions options, ReadStack& state, TCollection& value)
   at System.Text.Json.Serialization.JsonConverter`1.TryRead(Utf8JsonReader& reader, Type typeToConvert, JsonSerializerOptions options, ReadStack& state, T& value, Boolean& isPopulatedValue)
   at System.Text.Json.Serialization.Metadata.JsonPropertyInfo`1.ReadJsonAndSetMember(Object obj, ReadStack& state, Utf8JsonReader& reader)
   at System.Text.Json.Serialization.Converters.ObjectDefaultConverter`1.OnTryRead(Utf8JsonReader& reader, Type typeToConvert, JsonSerializerOptions options, ReadStack& state, T& value)
   at System.Text.Json.Serialization.JsonConverter`1.TryRead(Utf8JsonReader& reader, Type typeToConvert, JsonSerializerOptions options, ReadStack& state, T& value, Boolean& isPopulatedValue)
   at System.Text.Json.Serialization.JsonConverter`1.ReadCore(Utf8JsonReader& reader, JsonSerializerOptions options, ReadStack& state)
   --- End of inner exception stack trace ---
   at System.Text.Json.ThrowHelper.ReThrowWithPath(ReadStack& state, Utf8JsonReader& reader, Exception ex)
   at System.Text.Json.Serialization.JsonConverter`1.ReadCore(Utf8JsonReader& reader, JsonSerializerOptions options, ReadStack& state)
   at System.Text.Json.JsonSerializer.ReadFromSpan[TValue](ReadOnlySpan`1 json, JsonTypeInfo`1 jsonTypeInfo)
   at System.Text.Json.JsonSerializer.Deserialize[TValue](String json, JsonSerializerOptions options)
   at PointOfSale.Infrastructure.Services.MraApiClient.SendAsync[TResponse](HttpRequestMessage request, String auditRequestBody, CancellationToken cancellationToken) in C:\Users\Albert Zee\Documents\Projects\Point Of Sale\src\PointOfSale.Infrastructure\Services\MraApiClient.cs:line 309
   --- End of inner exception stack trace ---
   at PointOfSale.Infrastructure.Services.MraApiClient.SendAsync[TResponse](HttpRequestMessage request, String auditRequestBody, CancellationToken cancellationToken) in C:\Users\Albert Zee\Documents\Projects\Point Of Sale\src\PointOfSale.Infrastructure\Services\MraApiClient.cs:line 323
   at PointOfSale.Infrastructure.Services.MraApiClient.PostAsync[TRequest,TResponse](String relativePath, TRequest body, MraRequestContext context, CancellationToken cancellationToken) in C:\Users\Albert Zee\Documents\Projects\Point Of Sale\src\PointOfSale.Infrastructure\Services\MraApiClient.cs:line 84
   at PointOfSale.Infrastructure.Services.StockManagementService.GetTerminalSiteProductsAsync(GetTerminalSiteProductsRequest request, Boolean reconcileLocalInventory, Boolean preserveLocalStock, CancellationToken cancellationToken) in C:\Users\Albert Zee\Documents\Projects\Point Of Sale\src\PointOfSale.Infrastructure\Services\StockManagementService.cs:line 163
   at PointOfSale.App.Services.TerminalConnectivityActionsService.SyncTerminalSiteProductsDetailedAsync(IServiceScope scope, CancellationToken cancellationToken) in C:\Users\Albert Zee\Documents\Projects\Point Of Sale\src\PointOfSale.App\Services\TerminalConnectivityActionsService.cs:line 339
   at PointOfSale.App.Services.TerminalConnectivityActionsService.VerifyAndSyncApisAsync(CancellationToken cancellationToken) in C:\Users\Albert Zee\Documents\Projects\Point Of Sale\src\PointOfSale.App\Services\TerminalConnectivityActionsService.cs:line 208
2026-08-07 10:16:56.334 +02:00 [INF] MRA EIS POST "https://dev-eis-api.mra.mw/api/v1/utilities/ping"
2026-08-07 10:16:56.371 +02:00 [INF] MRA POST /api/v1/utilities/ping status=200 success=true durationMs=31
2026-08-07 10:16:56.421 +02:00 [INF] MRA EIS POST "https://dev-eis-api.mra.mw/api/v1/utilities/ping"
2026-08-07 10:16:56.441 +02:00 [INF] MRA POST /api/v1/utilities/ping status=200 success=true durationMs=31
2026-08-07 10:16:56.466 +02:00 [INF] MRA connectivity restored — waking offline sync worker.
2026-08-07 10:16:56.475 +02:00 [INF] MRA EIS POST "https://dev-eis-api.mra.mw/api/v1/configuration/get-latest-configs"
2026-08-07 10:16:56.475 +02:00 [INF] MRA EIS request payload for "https://dev-eis-api.mra.mw/api/v1/configuration/get-latest-configs": {}
2026-08-07 10:16:56.529 +02:00 [INF] MRA POST /api/v1/configuration/get-latest-configs status=200 success=true durationMs=47
2026-08-07 10:16:56.614 +02:00 [INF] Cached get-latest-configs for 7f578f46-0775-49bd-8749-226942412378. sellerTIN=31018345, siteId=BLc4f27da3-6c8e-4014-84b1-140886944c25, versions g/t/tp=1/1/1
2026-08-07 10:16:56.618 +02:00 [INF] Receipt ID batch repair finished: scanned=0, rewritten=0, unchanged=0, failed=0.
2026-08-07 10:16:56.622 +02:00 [INF] VerifyAndSyncApis: pulling EIS site products into local inventory.
2026-08-07 10:16:56.636 +02:00 [INF] MRA EIS POST "https://dev-eis-api.mra.mw/api/v1/utilities/get-terminal-site-products"
2026-08-07 10:16:56.636 +02:00 [INF] MRA EIS request payload for "https://dev-eis-api.mra.mw/api/v1/utilities/get-terminal-site-products": {"tin":"31018345","siteId":"BLc4f27da3-6c8e-4014-84b1-140886944c25"}
2026-08-07 10:16:56.699 +02:00 [INF] MRA POST /api/v1/utilities/get-terminal-site-products status=200 success=true durationMs=62
2026-08-07 10:16:56.719 +02:00 [WRN] VerifyAndSyncApis site products sync failed.
PointOfSale.Mra.Http.MraApiException: Invalid MRA EIS response JSON.
 ---> System.Text.Json.JsonException: The JSON value could not be converted to System.Decimal. Path: $.data[100].minimumStockLevel | LineNumber: 0 | BytePositionInLine: 30968.
 ---> System.InvalidOperationException: Cannot get the value of a token type 'Null' as a number.
   at System.Text.Json.ThrowHelper.ThrowInvalidOperationException_ExpectedNumber(JsonTokenType tokenType)
   at System.Text.Json.Serialization.Metadata.JsonPropertyInfo`1.ReadJsonAndSetMember(Object obj, ReadStack& state, Utf8JsonReader& reader)
   at System.Text.Json.Serialization.Converters.ObjectDefaultConverter`1.OnTryRead(Utf8JsonReader& reader, Type typeToConvert, JsonSerializerOptions options, ReadStack& state, T& value)
   at System.Text.Json.Serialization.JsonConverter`1.TryRead(Utf8JsonReader& reader, Type typeToConvert, JsonSerializerOptions options, ReadStack& state, T& value, Boolean& isPopulatedValue)
   at System.Text.Json.Serialization.JsonCollectionConverter`2.OnTryRead(Utf8JsonReader& reader, Type typeToConvert, JsonSerializerOptions options, ReadStack& state, TCollection& value)
   at System.Text.Json.Serialization.JsonConverter`1.TryRead(Utf8JsonReader& reader, Type typeToConvert, JsonSerializerOptions options, ReadStack& state, T& value, Boolean& isPopulatedValue)
   at System.Text.Json.Serialization.Metadata.JsonPropertyInfo`1.ReadJsonAndSetMember(Object obj, ReadStack& state, Utf8JsonReader& reader)
   at System.Text.Json.Serialization.Converters.ObjectDefaultConverter`1.OnTryRead(Utf8JsonReader& reader, Type typeToConvert, JsonSerializerOptions options, ReadStack& state, T& value)
   at System.Text.Json.Serialization.JsonConverter`1.TryRead(Utf8JsonReader& reader, Type typeToConvert, JsonSerializerOptions options, ReadStack& state, T& value, Boolean& isPopulatedValue)
   at System.Text.Json.Serialization.JsonConverter`1.ReadCore(Utf8JsonReader& reader, JsonSerializerOptions options, ReadStack& state)
   --- End of inner exception stack trace ---
   at System.Text.Json.ThrowHelper.ReThrowWithPath(ReadStack& state, Utf8JsonReader& reader, Exception ex)
   at System.Text.Json.Serialization.JsonConverter`1.ReadCore(Utf8JsonReader& reader, JsonSerializerOptions options, ReadStack& state)
   at System.Text.Json.JsonSerializer.ReadFromSpan[TValue](ReadOnlySpan`1 json, JsonTypeInfo`1 jsonTypeInfo)
   at System.Text.Json.JsonSerializer.Deserialize[TValue](String json, JsonSerializerOptions options)
   at PointOfSale.Infrastructure.Services.MraApiClient.SendAsync[TResponse](HttpRequestMessage request, String auditRequestBody, CancellationToken cancellationToken) in C:\Users\Albert Zee\Documents\Projects\Point Of Sale\src\PointOfSale.Infrastructure\Services\MraApiClient.cs:line 309
   --- End of inner exception stack trace ---
   at PointOfSale.Infrastructure.Services.MraApiClient.SendAsync[TResponse](HttpRequestMessage request, String auditRequestBody, CancellationToken cancellationToken) in C:\Users\Albert Zee\Documents\Projects\Point Of Sale\src\PointOfSale.Infrastructure\Services\MraApiClient.cs:line 323
   at PointOfSale.Infrastructure.Services.MraApiClient.PostAsync[TRequest,TResponse](String relativePath, TRequest body, MraRequestContext context, CancellationToken cancellationToken) in C:\Users\Albert Zee\Documents\Projects\Point Of Sale\src\PointOfSale.Infrastructure\Services\MraApiClient.cs:line 84
   at PointOfSale.Infrastructure.Services.StockManagementService.GetTerminalSiteProductsAsync(GetTerminalSiteProductsRequest request, Boolean reconcileLocalInventory, Boolean preserveLocalStock, CancellationToken cancellationToken) in C:\Users\Albert Zee\Documents\Projects\Point Of Sale\src\PointOfSale.Infrastructure\Services\StockManagementService.cs:line 163
   at PointOfSale.App.Services.TerminalConnectivityActionsService.SyncTerminalSiteProductsDetailedAsync(IServiceScope scope, CancellationToken cancellationToken) in C:\Users\Albert Zee\Documents\Projects\Point Of Sale\src\PointOfSale.App\Services\TerminalConnectivityActionsService.cs:line 339
   at PointOfSale.App.Services.TerminalConnectivityActionsService.VerifyAndSyncApisAsync(CancellationToken cancellationToken) in C:\Users\Albert Zee\Documents\Projects\Point Of Sale\src\PointOfSale.App\Services\TerminalConnectivityActionsService.cs:line 208
2026-08-07 10:17:02.501 +02:00 [INF] MRA EIS POST "https://dev-eis-api.mra.mw/api/v1/utilities/ping"
2026-08-07 10:17:02.541 +02:00 [INF] MRA POST /api/v1/utilities/ping status=200 success=true durationMs=31
2026-08-07 10:17:02.571 +02:00 [INF] MRA connectivity restored — waking offline sync worker.
2026-08-07 10:17:02.585 +02:00 [INF] MRA EIS POST "https://dev-eis-api.mra.mw/api/v1/utilities/ping"
2026-08-07 10:17:02.610 +02:00 [INF] MRA POST /api/v1/utilities/ping status=200 success=true durationMs=15
2026-08-07 10:17:02.653 +02:00 [INF] MRA EIS POST "https://dev-eis-api.mra.mw/api/v1/utilities/ping"
2026-08-07 10:17:02.678 +02:00 [INF] MRA POST /api/v1/utilities/ping status=200 success=true durationMs=32
2026-08-07 10:17:02.681 +02:00 [INF] MRA connectivity restored — waking offline sync worker.
2026-08-07 10:17:02.683 +02:00 [INF] MRA EIS POST "https://dev-eis-api.mra.mw/api/v1/configuration/get-latest-configs"
2026-08-07 10:17:02.683 +02:00 [INF] MRA EIS request payload for "https://dev-eis-api.mra.mw/api/v1/configuration/get-latest-configs": {}
2026-08-07 10:17:02.968 +02:00 [INF] MRA POST /api/v1/configuration/get-latest-configs status=200 success=true durationMs=281
2026-08-07 10:17:03.005 +02:00 [INF] Cached get-latest-configs for 7f578f46-0775-49bd-8749-226942412378. sellerTIN=31018345, siteId=BLc4f27da3-6c8e-4014-84b1-140886944c25, versions g/t/tp=1/1/1
2026-08-07 10:17:03.007 +02:00 [INF] Receipt ID batch repair finished: scanned=0, rewritten=0, unchanged=0, failed=0.
2026-08-07 10:17:03.012 +02:00 [INF] VerifyAndSyncApis: pulling EIS site products into local inventory.
2026-08-07 10:17:03.022 +02:00 [INF] MRA EIS POST "https://dev-eis-api.mra.mw/api/v1/utilities/get-terminal-site-products"
2026-08-07 10:17:03.022 +02:00 [INF] MRA EIS request payload for "https://dev-eis-api.mra.mw/api/v1/utilities/get-terminal-site-products": {"tin":"31018345","siteId":"BLc4f27da3-6c8e-4014-84b1-140886944c25"}
2026-08-07 10:17:03.091 +02:00 [INF] MRA POST /api/v1/utilities/get-terminal-site-products status=200 success=true durationMs=63
2026-08-07 10:17:03.104 +02:00 [WRN] VerifyAndSyncApis site products sync failed.
PointOfSale.Mra.Http.MraApiException: Invalid MRA EIS response JSON.
 ---> System.Text.Json.JsonException: The JSON value could not be converted to System.Decimal. Path: $.data[100].minimumStockLevel | LineNumber: 0 | BytePositionInLine: 30968.
 ---> System.InvalidOperationException: Cannot get the value of a token type 'Null' as a number.
   at System.Text.Json.ThrowHelper.ThrowInvalidOperationException_ExpectedNumber(JsonTokenType tokenType)
   at System.Text.Json.Serialization.Metadata.JsonPropertyInfo`1.ReadJsonAndSetMember(Object obj, ReadStack& state, Utf8JsonReader& reader)
   at System.Text.Json.Serialization.Converters.ObjectDefaultConverter`1.OnTryRead(Utf8JsonReader& reader, Type typeToConvert, JsonSerializerOptions options, ReadStack& state, T& value)
   at System.Text.Json.Serialization.JsonConverter`1.TryRead(Utf8JsonReader& reader, Type typeToConvert, JsonSerializerOptions options, ReadStack& state, T& value, Boolean& isPopulatedValue)
   at System.Text.Json.Serialization.JsonCollectionConverter`2.OnTryRead(Utf8JsonReader& reader, Type typeToConvert, JsonSerializerOptions options, ReadStack& state, TCollection& value)
   at System.Text.Json.Serialization.JsonConverter`1.TryRead(Utf8JsonReader& reader, Type typeToConvert, JsonSerializerOptions options, ReadStack& state, T& value, Boolean& isPopulatedValue)
   at System.Text.Json.Serialization.Metadata.JsonPropertyInfo`1.ReadJsonAndSetMember(Object obj, ReadStack& state, Utf8JsonReader& reader)
   at System.Text.Json.Serialization.Converters.ObjectDefaultConverter`1.OnTryRead(Utf8JsonReader& reader, Type typeToConvert, JsonSerializerOptions options, ReadStack& state, T& value)
   at System.Text.Json.Serialization.JsonConverter`1.TryRead(Utf8JsonReader& reader, Type typeToConvert, JsonSerializerOptions options, ReadStack& state, T& value, Boolean& isPopulatedValue)
   at System.Text.Json.Serialization.JsonConverter`1.ReadCore(Utf8JsonReader& reader, JsonSerializerOptions options, ReadStack& state)
   --- End of inner exception stack trace ---
   at System.Text.Json.ThrowHelper.ReThrowWithPath(ReadStack& state, Utf8JsonReader& reader, Exception ex)
   at System.Text.Json.Serialization.JsonConverter`1.ReadCore(Utf8JsonReader& reader, JsonSerializerOptions options, ReadStack& state)
   at System.Text.Json.JsonSerializer.ReadFromSpan[TValue](ReadOnlySpan`1 json, JsonTypeInfo`1 jsonTypeInfo)
   at System.Text.Json.JsonSerializer.Deserialize[TValue](String json, JsonSerializerOptions options)
   at PointOfSale.Infrastructure.Services.MraApiClient.SendAsync[TResponse](HttpRequestMessage request, String auditRequestBody, CancellationToken cancellationToken) in C:\Users\Albert Zee\Documents\Projects\Point Of Sale\src\PointOfSale.Infrastructure\Services\MraApiClient.cs:line 309
   --- End of inner exception stack trace ---
   at PointOfSale.Infrastructure.Services.MraApiClient.SendAsync[TResponse](HttpRequestMessage request, String auditRequestBody, CancellationToken cancellationToken) in C:\Users\Albert Zee\Documents\Projects\Point Of Sale\src\PointOfSale.Infrastructure\Services\MraApiClient.cs:line 323
   at PointOfSale.Infrastructure.Services.MraApiClient.PostAsync[TRequest,TResponse](String relativePath, TRequest body, MraRequestContext context, CancellationToken cancellationToken) in C:\Users\Albert Zee\Documents\Projects\Point Of Sale\src\PointOfSale.Infrastructure\Services\MraApiClient.cs:line 84
   at PointOfSale.Infrastructure.Services.StockManagementService.GetTerminalSiteProductsAsync(GetTerminalSiteProductsRequest request, Boolean reconcileLocalInventory, Boolean preserveLocalStock, CancellationToken cancellationToken) in C:\Users\Albert Zee\Documents\Projects\Point Of Sale\src\PointOfSale.Infrastructure\Services\StockManagementService.cs:line 163
   at PointOfSale.App.Services.TerminalConnectivityActionsService.SyncTerminalSiteProductsDetailedAsync(IServiceScope scope, CancellationToken cancellationToken) in C:\Users\Albert Zee\Documents\Projects\Point Of Sale\src\PointOfSale.App\Services\TerminalConnectivityActionsService.cs:line 339
   at PointOfSale.App.Services.TerminalConnectivityActionsService.VerifyAndSyncApisAsync(CancellationToken cancellationToken) in C:\Users\Albert Zee\Documents\Projects\Point Of Sale\src\PointOfSale.App\Services\TerminalConnectivityActionsService.cs:line 208
2026-08-07 10:17:06.524 +02:00 [INF] ART Diagnostic DatabaseLatency SqlExpress 1 null: Performance profile sample (FPS 0.0)
2026-08-07 10:17:12.298 +02:00 [INF] ART Diagnostic DatabaseLatency SqlExpress 1 null: SQL round-trip 1 ms
2026-08-07 10:17:12.308 +02:00 [INF] MRA EIS POST "https://dev-eis-api.mra.mw/api/v1/utilities/ping"
2026-08-07 10:17:12.334 +02:00 [INF] MRA POST /api/v1/utilities/ping status=200 success=true durationMs=31
2026-08-07 10:17:12.338 +02:00 [INF] ART Diagnostic MraConnectivity MraEis 30 1: MRA ping ok in 30 ms.
2026-08-07 10:17:12.391 +02:00 [INF] MRA EIS POST "https://dev-eis-api.mra.mw/api/v1/utilities/ping"
2026-08-07 10:17:12.416 +02:00 [INF] MRA POST /api/v1/utilities/ping status=200 success=true durationMs=31
2026-08-07 10:17:12.420 +02:00 [INF] MRA connectivity restored — waking offline sync worker.
2026-08-07 10:17:12.420 +02:00 [INF] ART Diagnostic HealthCheck HealthCheckWorker 1 null: All subsystems healthy (SQL 1 ms, disk 33.75 GB free).
2026-08-07 10:17:12.473 +02:00 [INF] MRA EIS POST "https://dev-eis-api.mra.mw/api/v1/utilities/ping"
2026-08-07 10:17:12.748 +02:00 [INF] ART Diagnostic WorkerHeartbeat HealthCheckWorker null null: Heartbeat
2026-08-07 10:17:12.752 +02:00 [INF] ART Diagnostic DatabaseLatency SqlExpress 0 null: SQL round-trip 0 ms
2026-08-07 10:17:12.758 +02:00 [INF] MRA EIS POST "https://dev-eis-api.mra.mw/api/v1/utilities/ping"
2026-08-07 10:17:12.786 +02:00 [INF] MRA POST /api/v1/utilities/ping status=200 success=true durationMs=31
2026-08-07 10:17:12.790 +02:00 [INF] ART Diagnostic MraConnectivity MraEis 31 1: MRA ping ok in 31 ms.
2026-08-07 10:17:12.793 +02:00 [INF] ART Diagnostic HealthCheck HealthCheckWorker 0 null: All subsystems healthy (SQL 0 ms, disk 33.75 GB free).
2026-08-07 10:17:15.591 +02:00 [INF] MRA POST /api/v1/utilities/ping status=200 success=true durationMs=3110
2026-08-07 10:17:15.600 +02:00 [INF] MRA connectivity restored — waking offline sync worker.
2026-08-07 10:17:15.607 +02:00 [INF] MRA EIS POST "https://dev-eis-api.mra.mw/api/v1/sales/last-submitted-offline-transaction"
2026-08-07 10:17:15.663 +02:00 [INF] ART Diagnostic WorkerHeartbeat SystemHealthMonitorService null null: All monitored subsystems healthy.
2026-08-07 10:17:15.706 +02:00 [INF] MRA POST /api/v1/sales/last-submitted-offline-transaction status=200 success=true durationMs=110
2026-08-07 10:17:15.709 +02:00 [WRN] MRA EIS last-submitted-offline-transaction returned success=false. Remark=Invoice details not found. Errors=[]. statusCode=1
2026-08-07 10:17:16.066 +02:00 [INF] MRA EIS POST "https://dev-eis-api.mra.mw/api/v1/utilities/ping"
2026-08-07 10:17:16.088 +02:00 [INF] MRA POST /api/v1/utilities/ping status=200 success=true durationMs=16
2026-08-07 10:17:16.132 +02:00 [INF] MRA EIS POST "https://dev-eis-api.mra.mw/api/v1/utilities/ping"
2026-08-07 10:17:16.152 +02:00 [INF] MRA POST /api/v1/utilities/ping status=200 success=true durationMs=15
2026-08-07 10:17:16.155 +02:00 [INF] MRA connectivity restored — waking offline sync worker.
2026-08-07 10:17:16.157 +02:00 [INF] MRA EIS POST "https://dev-eis-api.mra.mw/api/v1/configuration/get-latest-configs"
2026-08-07 10:17:16.157 +02:00 [INF] MRA EIS request payload for "https://dev-eis-api.mra.mw/api/v1/configuration/get-latest-configs": {}
2026-08-07 10:17:16.209 +02:00 [INF] MRA POST /api/v1/configuration/get-latest-configs status=200 success=true durationMs=47
2026-08-07 10:17:16.222 +02:00 [INF] Cached get-latest-configs for 7f578f46-0775-49bd-8749-226942412378. sellerTIN=31018345, siteId=BLc4f27da3-6c8e-4014-84b1-140886944c25, versions g/t/tp=1/1/1
2026-08-07 10:17:16.225 +02:00 [INF] Receipt ID batch repair finished: scanned=0, rewritten=0, unchanged=0, failed=0.
2026-08-07 10:17:16.231 +02:00 [INF] VerifyAndSyncApis: pulling EIS site products into local inventory.
2026-08-07 10:17:16.259 +02:00 [INF] MRA EIS POST "https://dev-eis-api.mra.mw/api/v1/utilities/get-terminal-site-products"
2026-08-07 10:17:16.259 +02:00 [INF] MRA EIS request payload for "https://dev-eis-api.mra.mw/api/v1/utilities/get-terminal-site-products": {"tin":"31018345","siteId":"BLc4f27da3-6c8e-4014-84b1-140886944c25"}
2026-08-07 10:17:16.305 +02:00 [INF] MRA POST /api/v1/utilities/get-terminal-site-products status=200 success=true durationMs=47
2026-08-07 10:17:16.312 +02:00 [WRN] VerifyAndSyncApis site products sync failed.
PointOfSale.Mra.Http.MraApiException: Invalid MRA EIS response JSON.
 ---> System.Text.Json.JsonException: The JSON value could not be converted to System.Decimal. Path: $.data[100].minimumStockLevel | LineNumber: 0 | BytePositionInLine: 30968.
 ---> System.InvalidOperationException: Cannot get the value of a token type 'Null' as a number.
   at System.Text.Json.ThrowHelper.ThrowInvalidOperationException_ExpectedNumber(JsonTokenType tokenType)
   at System.Text.Json.Serialization.Metadata.JsonPropertyInfo`1.ReadJsonAndSetMember(Object obj, ReadStack& state, Utf8JsonReader& reader)
   at System.Text.Json.Serialization.Converters.ObjectDefaultConverter`1.OnTryRead(Utf8JsonReader& reader, Type typeToConvert, JsonSerializerOptions options, ReadStack& state, T& value)
   at System.Text.Json.Serialization.JsonConverter`1.TryRead(Utf8JsonReader& reader, Type typeToConvert, JsonSerializerOptions options, ReadStack& state, T& value, Boolean& isPopulatedValue)
   at System.Text.Json.Serialization.JsonCollectionConverter`2.OnTryRead(Utf8JsonReader& reader, Type typeToConvert, JsonSerializerOptions options, ReadStack& state, TCollection& value)
   at System.Text.Json.Serialization.JsonConverter`1.TryRead(Utf8JsonReader& reader, Type typeToConvert, JsonSerializerOptions options, ReadStack& state, T& value, Boolean& isPopulatedValue)
   at System.Text.Json.Serialization.Metadata.JsonPropertyInfo`1.ReadJsonAndSetMember(Object obj, ReadStack& state, Utf8JsonReader& reader)
   at System.Text.Json.Serialization.Converters.ObjectDefaultConverter`1.OnTryRead(Utf8JsonReader& reader, Type typeToConvert, JsonSerializerOptions options, ReadStack& state, T& value)
   at System.Text.Json.Serialization.JsonConverter`1.TryRead(Utf8JsonReader& reader, Type typeToConvert, JsonSerializerOptions options, ReadStack& state, T& value, Boolean& isPopulatedValue)
   at System.Text.Json.Serialization.JsonConverter`1.ReadCore(Utf8JsonReader& reader, JsonSerializerOptions options, ReadStack& state)
   --- End of inner exception stack trace ---
   at System.Text.Json.ThrowHelper.ReThrowWithPath(ReadStack& state, Utf8JsonReader& reader, Exception ex)
   at System.Text.Json.Serialization.JsonConverter`1.ReadCore(Utf8JsonReader& reader, JsonSerializerOptions options, ReadStack& state)
   at System.Text.Json.JsonSerializer.ReadFromSpan[TValue](ReadOnlySpan`1 json, JsonTypeInfo`1 jsonTypeInfo)
   at System.Text.Json.JsonSerializer.Deserialize[TValue](String json, JsonSerializerOptions options)
   at PointOfSale.Infrastructure.Services.MraApiClient.SendAsync[TResponse](HttpRequestMessage request, String auditRequestBody, CancellationToken cancellationToken) in C:\Users\Albert Zee\Documents\Projects\Point Of Sale\src\PointOfSale.Infrastructure\Services\MraApiClient.cs:line 309
   --- End of inner exception stack trace ---
   at PointOfSale.Infrastructure.Services.MraApiClient.SendAsync[TResponse](HttpRequestMessage request, String auditRequestBody, CancellationToken cancellationToken) in C:\Users\Albert Zee\Documents\Projects\Point Of Sale\src\PointOfSale.Infrastructure\Services\MraApiClient.cs:line 323
   at PointOfSale.Infrastructure.Services.MraApiClient.PostAsync[TRequest,TResponse](String relativePath, TRequest body, MraRequestContext context, CancellationToken cancellationToken) in C:\Users\Albert Zee\Documents\Projects\Point Of Sale\src\PointOfSale.Infrastructure\Services\MraApiClient.cs:line 84
   at PointOfSale.Infrastructure.Services.StockManagementService.GetTerminalSiteProductsAsync(GetTerminalSiteProductsRequest request, Boolean reconcileLocalInventory, Boolean preserveLocalStock, CancellationToken cancellationToken) in C:\Users\Albert Zee\Documents\Projects\Point Of Sale\src\PointOfSale.Infrastructure\Services\StockManagementService.cs:line 163
   at PointOfSale.App.Services.TerminalConnectivityActionsService.SyncTerminalSiteProductsDetailedAsync(IServiceScope scope, CancellationToken cancellationToken) in C:\Users\Albert Zee\Documents\Projects\Point Of Sale\src\PointOfSale.App\Services\TerminalConnectivityActionsService.cs:line 339
   at PointOfSale.App.Services.TerminalConnectivityActionsService.VerifyAndSyncApisAsync(CancellationToken cancellationToken) in C:\Users\Albert Zee\Documents\Projects\Point Of Sale\src\PointOfSale.App\Services\TerminalConnectivityActionsService.cs:line 208
2026-08-07 10:17:22.497 +02:00 [INF] MRA EIS POST "https://dev-eis-api.mra.mw/api/v1/utilities/ping"
2026-08-07 10:17:22.526 +02:00 [INF] MRA POST /api/v1/utilities/ping status=200 success=true durationMs=31
2026-08-07 10:17:22.530 +02:00 [INF] MRA connectivity restored — waking offline sync worker.
2026-08-07 10:17:28.163 +02:00 [INF] MRA EIS POST "https://dev-eis-api.mra.mw/api/v1/utilities/ping"
2026-08-07 10:17:28.203 +02:00 [INF] MRA POST /api/v1/utilities/ping status=200 success=true durationMs=31
2026-08-07 10:17:28.255 +02:00 [INF] MRA EIS POST "https://dev-eis-api.mra.mw/api/v1/utilities/ping"
2026-08-07 10:17:28.278 +02:00 [INF] MRA POST /api/v1/utilities/ping status=200 success=true durationMs=15
2026-08-07 10:17:28.281 +02:00 [INF] MRA connectivity restored — waking offline sync worker.
2026-08-07 10:17:31.802 +02:00 [INF] MRA EIS POST "https://dev-eis-api.mra.mw/api/v1/utilities/ping"
2026-08-07 10:17:31.827 +02:00 [INF] MRA POST /api/v1/utilities/ping status=200 success=true durationMs=15
2026-08-07 10:17:31.880 +02:00 [INF] MRA EIS POST "https://dev-eis-api.mra.mw/api/v1/utilities/ping"
2026-08-07 10:17:31.904 +02:00 [INF] MRA POST /api/v1/utilities/ping status=200 success=true durationMs=15
2026-08-07 10:17:31.908 +02:00 [INF] MRA connectivity restored — waking offline sync worker.
2026-08-07 10:17:31.910 +02:00 [INF] MRA EIS POST "https://dev-eis-api.mra.mw/api/v1/configuration/get-latest-configs"
2026-08-07 10:17:31.910 +02:00 [INF] MRA EIS request payload for "https://dev-eis-api.mra.mw/api/v1/configuration/get-latest-configs": {}
2026-08-07 10:17:31.958 +02:00 [INF] MRA POST /api/v1/configuration/get-latest-configs status=200 success=true durationMs=47
2026-08-07 10:17:31.966 +02:00 [INF] Cached get-latest-configs for 7f578f46-0775-49bd-8749-226942412378. sellerTIN=31018345, siteId=BLc4f27da3-6c8e-4014-84b1-140886944c25, versions g/t/tp=1/1/1
2026-08-07 10:17:31.967 +02:00 [INF] Receipt ID batch repair finished: scanned=0, rewritten=0, unchanged=0, failed=0.
2026-08-07 10:17:31.970 +02:00 [INF] VerifyAndSyncApis: pulling EIS site products into local inventory.
2026-08-07 10:17:31.979 +02:00 [INF] MRA EIS POST "https://dev-eis-api.mra.mw/api/v1/utilities/get-terminal-site-products"
2026-08-07 10:17:31.979 +02:00 [INF] MRA EIS request payload for "https://dev-eis-api.mra.mw/api/v1/utilities/get-terminal-site-products": {"tin":"31018345","siteId":"BLc4f27da3-6c8e-4014-84b1-140886944c25"}
2026-08-07 10:17:32.283 +02:00 [INF] MRA POST /api/v1/utilities/get-terminal-site-products status=200 success=true durationMs=313
2026-08-07 10:17:32.329 +02:00 [WRN] VerifyAndSyncApis site products sync failed.
PointOfSale.Mra.Http.MraApiException: Invalid MRA EIS response JSON.
 ---> System.Text.Json.JsonException: The JSON value could not be converted to System.Decimal. Path: $.data[100].minimumStockLevel | LineNumber: 0 | BytePositionInLine: 30968.
 ---> System.InvalidOperationException: Cannot get the value of a token type 'Null' as a number.
   at System.Text.Json.ThrowHelper.ThrowInvalidOperationException_ExpectedNumber(JsonTokenType tokenType)
   at System.Text.Json.Serialization.Metadata.JsonPropertyInfo`1.ReadJsonAndSetMember(Object obj, ReadStack& state, Utf8JsonReader& reader)
   at System.Text.Json.Serialization.Converters.ObjectDefaultConverter`1.OnTryRead(Utf8JsonReader& reader, Type typeToConvert, JsonSerializerOptions options, ReadStack& state, T& value)
   at System.Text.Json.Serialization.JsonConverter`1.TryRead(Utf8JsonReader& reader, Type typeToConvert, JsonSerializerOptions options, ReadStack& state, T& value, Boolean& isPopulatedValue)
   at System.Text.Json.Serialization.JsonCollectionConverter`2.OnTryRead(Utf8JsonReader& reader, Type typeToConvert, JsonSerializerOptions options, ReadStack& state, TCollection& value)
   at System.Text.Json.Serialization.JsonConverter`1.TryRead(Utf8JsonReader& reader, Type typeToConvert, JsonSerializerOptions options, ReadStack& state, T& value, Boolean& isPopulatedValue)
   at System.Text.Json.Serialization.Metadata.JsonPropertyInfo`1.ReadJsonAndSetMember(Object obj, ReadStack& state, Utf8JsonReader& reader)
   at System.Text.Json.Serialization.Converters.ObjectDefaultConverter`1.OnTryRead(Utf8JsonReader& reader, Type typeToConvert, JsonSerializerOptions options, ReadStack& state, T& value)
   at System.Text.Json.Serialization.JsonConverter`1.TryRead(Utf8JsonReader& reader, Type typeToConvert, JsonSerializerOptions options, ReadStack& state, T& value, Boolean& isPopulatedValue)
   at System.Text.Json.Serialization.JsonConverter`1.ReadCore(Utf8JsonReader& reader, JsonSerializerOptions options, ReadStack& state)
   --- End of inner exception stack trace ---
   at System.Text.Json.ThrowHelper.ReThrowWithPath(ReadStack& state, Utf8JsonReader& reader, Exception ex)
   at System.Text.Json.Serialization.JsonConverter`1.ReadCore(Utf8JsonReader& reader, JsonSerializerOptions options, ReadStack& state)
   at System.Text.Json.JsonSerializer.ReadFromSpan[TValue](ReadOnlySpan`1 json, JsonTypeInfo`1 jsonTypeInfo)
   at System.Text.Json.JsonSerializer.Deserialize[TValue](String json, JsonSerializerOptions options)
   at PointOfSale.Infrastructure.Services.MraApiClient.SendAsync[TResponse](HttpRequestMessage request, String auditRequestBody, CancellationToken cancellationToken) in C:\Users\Albert Zee\Documents\Projects\Point Of Sale\src\PointOfSale.Infrastructure\Services\MraApiClient.cs:line 309
   --- End of inner exception stack trace ---
   at PointOfSale.Infrastructure.Services.MraApiClient.SendAsync[TResponse](HttpRequestMessage request, String auditRequestBody, CancellationToken cancellationToken) in C:\Users\Albert Zee\Documents\Projects\Point Of Sale\src\PointOfSale.Infrastructure\Services\MraApiClient.cs:line 323
   at PointOfSale.Infrastructure.Services.MraApiClient.PostAsync[TRequest,TResponse](String relativePath, TRequest body, MraRequestContext context, CancellationToken cancellationToken) in C:\Users\Albert Zee\Documents\Projects\Point Of Sale\src\PointOfSale.Infrastructure\Services\MraApiClient.cs:line 84
   at PointOfSale.Infrastructure.Services.StockManagementService.GetTerminalSiteProductsAsync(GetTerminalSiteProductsRequest request, Boolean reconcileLocalInventory, Boolean preserveLocalStock, CancellationToken cancellationToken) in C:\Users\Albert Zee\Documents\Projects\Point Of Sale\src\PointOfSale.Infrastructure\Services\StockManagementService.cs:line 163
   at PointOfSale.App.Services.TerminalConnectivityActionsService.SyncTerminalSiteProductsDetailedAsync(IServiceScope scope, CancellationToken cancellationToken) in C:\Users\Albert Zee\Documents\Projects\Point Of Sale\src\PointOfSale.App\Services\TerminalConnectivityActionsService.cs:line 339
   at PointOfSale.App.Services.TerminalConnectivityActionsService.VerifyAndSyncApisAsync(CancellationToken cancellationToken) in C:\Users\Albert Zee\Documents\Projects\Point Of Sale\src\PointOfSale.App\Services\TerminalConnectivityActionsService.cs:line 208
2026-08-07 10:17:32.790 +02:00 [INF] Inventory alert scan complete: 0 products, low=0, stockout=0, overstock=0, fast=0.
2026-08-07 10:17:36.559 +02:00 [INF] ART Diagnostic DatabaseLatency SqlExpress 0 null: Performance profile sample (FPS 0.0)
2026-08-07 10:17:42.490 +02:00 [INF] MRA EIS POST "https://dev-eis-api.mra.mw/api/v1/utilities/ping"
2026-08-07 10:17:42.528 +02:00 [INF] MRA POST /api/v1/utilities/ping status=200 success=true durationMs=31
2026-08-07 10:17:42.536 +02:00 [INF] MRA connectivity restored — waking offline sync worker.
2026-08-07 10:17:57.814 +02:00 [INF] ART Diagnostic WorkerHeartbeat HealthCheckWorker null null: Heartbeat
2026-08-07 10:17:57.821 +02:00 [INF] ART Diagnostic DatabaseLatency SqlExpress 1 null: SQL round-trip 1 ms
2026-08-07 10:17:57.831 +02:00 [INF] MRA EIS POST "https://dev-eis-api.mra.mw/api/v1/utilities/ping"
2026-08-07 10:17:57.857 +02:00 [INF] MRA POST /api/v1/utilities/ping status=200 success=true durationMs=15
2026-08-07 10:17:57.860 +02:00 [INF] ART Diagnostic MraConnectivity MraEis 28 1: MRA ping ok in 28 ms.
2026-08-07 10:17:57.912 +02:00 [INF] MRA EIS POST "https://dev-eis-api.mra.mw/api/v1/utilities/ping"
2026-08-07 10:18:00.671 +02:00 [INF] ART Diagnostic DatabaseLatency SqlExpress 1 null: SQL round-trip 1 ms
2026-08-07 10:18:00.680 +02:00 [INF] MRA EIS POST "https://dev-eis-api.mra.mw/api/v1/utilities/ping"
2026-08-07 10:18:00.756 +02:00 [INF] MRA POST /api/v1/utilities/ping status=200 success=true durationMs=78
2026-08-07 10:18:00.762 +02:00 [INF] ART Diagnostic MraConnectivity MraEis 82 1: MRA ping ok in 82 ms.
2026-08-07 10:18:00.765 +02:00 [INF] ART Diagnostic HealthCheck HealthCheckWorker 1 null: All subsystems healthy (SQL 1 ms, disk 33.74 GB free).
2026-08-07 10:18:00.836 +02:00 [INF] ART Diagnostic WorkerHeartbeat SystemHealthMonitorService null null: All monitored subsystems healthy.
2026-08-07 10:18:01.271 +02:00 [INF] MRA POST /api/v1/utilities/ping status=200 success=true durationMs=3359
2026-08-07 10:18:01.279 +02:00 [INF] MRA connectivity restored — waking offline sync worker.
2026-08-07 10:18:01.279 +02:00 [INF] ART Diagnostic HealthCheck HealthCheckWorker 1 null: All subsystems healthy (SQL 1 ms, disk 33.74 GB free).
2026-08-07 10:18:02.475 +02:00 [INF] MRA EIS POST "https://dev-eis-api.mra.mw/api/v1/utilities/ping"
2026-08-07 10:18:02.505 +02:00 [INF] MRA POST /api/v1/utilities/ping status=200 success=true durationMs=32
2026-08-07 10:18:02.517 +02:00 [INF] MRA connectivity restored — waking offline sync worker.
2026-08-07 10:18:06.600 +02:00 [INF] ART Diagnostic DatabaseLatency SqlExpress 1 null: Performance profile sample (FPS 0.0)
2026-08-07 10:18:22.465 +02:00 [INF] MRA EIS POST "https://dev-eis-api.mra.mw/api/v1/utilities/ping"
2026-08-07 10:18:22.502 +02:00 [INF] MRA POST /api/v1/utilities/ping status=200 success=true durationMs=47
2026-08-07 10:18:22.510 +02:00 [INF] MRA connectivity restored — waking offline sync worker.
2026-08-07 10:18:32.825 +02:00 [INF] Inventory alert scan complete: 0 products, low=0, stockout=0, overstock=0, fast=0.
2026-08-07 10:18:36.631 +02:00 [INF] ART Diagnostic DatabaseLatency SqlExpress 1 null: Performance profile sample (FPS 0.0)
2026-08-07 10:18:42.485 +02:00 [INF] MRA EIS POST "https://dev-eis-api.mra.mw/api/v1/utilities/ping"
2026-08-07 10:18:42.515 +02:00 [INF] MRA POST /api/v1/utilities/ping status=200 success=true durationMs=32
2026-08-07 10:18:42.518 +02:00 [INF] MRA connectivity restored — waking offline sync worker.
2026-08-07 10:18:45.850 +02:00 [INF] ART Diagnostic DatabaseLatency SqlExpress 0 null: SQL round-trip 0 ms
2026-08-07 10:18:45.937 +02:00 [INF] MRA EIS POST "https://dev-eis-api.mra.mw/api/v1/utilities/ping"
2026-08-07 10:18:46.301 +02:00 [INF] ART Diagnostic WorkerHeartbeat HealthCheckWorker null null: Heartbeat
2026-08-07 10:18:46.304 +02:00 [INF] ART Diagnostic DatabaseLatency SqlExpress 0 null: SQL round-trip 0 ms
2026-08-07 10:18:46.308 +02:00 [INF] MRA EIS POST "https://dev-eis-api.mra.mw/api/v1/utilities/ping"
2026-08-07 10:18:46.340 +02:00 [INF] MRA POST /api/v1/utilities/ping status=200 success=true durationMs=31
2026-08-07 10:18:46.343 +02:00 [INF] ART Diagnostic MraConnectivity MraEis 34 1: MRA ping ok in 34 ms.
2026-08-07 10:18:46.394 +02:00 [INF] MRA EIS POST "https://dev-eis-api.mra.mw/api/v1/utilities/ping"
2026-08-07 10:18:49.028 +02:00 [INF] MRA POST /api/v1/utilities/ping status=200 success=true durationMs=3093
2026-08-07 10:18:49.028 +02:00 [INF] MRA POST /api/v1/utilities/ping status=200 success=true durationMs=2625
2026-08-07 10:18:49.036 +02:00 [INF] ART Diagnostic MraConnectivity MraEis 3099 1: MRA ping ok in 3099 ms.
2026-08-07 10:18:49.042 +02:00 [INF] MRA connectivity restored — waking offline sync worker.
2026-08-07 10:18:49.042 +02:00 [INF] ART Diagnostic HealthCheck HealthCheckWorker 0 null: All subsystems healthy (SQL 0 ms, disk 33.74 GB free).
2026-08-07 10:18:49.056 +02:00 [INF] MRA EIS POST "https://dev-eis-api.mra.mw/api/v1/sales/last-submitted-offline-transaction"
2026-08-07 10:18:49.111 +02:00 [INF] MRA EIS POST "https://dev-eis-api.mra.mw/api/v1/utilities/ping"
2026-08-07 10:18:49.138 +02:00 [INF] MRA POST /api/v1/utilities/ping status=200 success=true durationMs=16
2026-08-07 10:18:49.142 +02:00 [INF] MRA connectivity restored — waking offline sync worker.
2026-08-07 10:18:49.142 +02:00 [INF] ART Diagnostic HealthCheck HealthCheckWorker 0 null: All subsystems healthy (SQL 0 ms, disk 33.74 GB free).
2026-08-07 10:18:49.156 +02:00 [INF] MRA POST /api/v1/sales/last-submitted-offline-transaction status=200 success=true durationMs=93
2026-08-07 10:18:49.160 +02:00 [WRN] MRA EIS last-submitted-offline-transaction returned success=false. Remark=Invoice details not found. Errors=[]. statusCode=1
2026-08-07 10:18:49.196 +02:00 [INF] MRA EIS POST "https://dev-eis-api.mra.mw/api/v1/utilities/ping"
2026-08-07 10:18:49.218 +02:00 [INF] MRA POST /api/v1/utilities/ping status=200 success=true durationMs=16
2026-08-07 10:18:49.221 +02:00 [INF] MRA connectivity restored — waking offline sync worker.
2026-08-07 10:18:49.266 +02:00 [INF] ART Diagnostic WorkerHeartbeat SystemHealthMonitorService null null: All monitored subsystems healthy.
2026-08-07 10:19:02.481 +02:00 [INF] MRA EIS POST "https://dev-eis-api.mra.mw/api/v1/utilities/ping"
2026-08-07 10:19:02.503 +02:00 [INF] MRA POST /api/v1/utilities/ping status=200 success=true durationMs=32
2026-08-07 10:19:02.508 +02:00 [INF] MRA connectivity restored — waking offline sync worker.
2026-08-07 10:19:06.663 +02:00 [INF] ART Diagnostic DatabaseLatency SqlExpress 1 null: Performance profile sample (FPS 0.0)
2026-08-07 10:19:22.490 +02:00 [INF] MRA EIS POST "https://dev-eis-api.mra.mw/api/v1/utilities/ping"
2026-08-07 10:19:22.524 +02:00 [INF] MRA POST /api/v1/utilities/ping status=200 success=true durationMs=31
2026-08-07 10:19:22.533 +02:00 [INF] MRA connectivity restored — waking offline sync worker.
2026-08-07 10:19:32.851 +02:00 [INF] Inventory alert scan complete: 0 products, low=0, stockout=0, overstock=0, fast=0.
2026-08-07 10:19:34.084 +02:00 [INF] ART Diagnostic WorkerHeartbeat HealthCheckWorker null null: Heartbeat
2026-08-07 10:19:34.093 +02:00 [INF] ART Diagnostic DatabaseLatency SqlExpress 1 null: SQL round-trip 1 ms
2026-08-07 10:19:34.098 +02:00 [INF] MRA EIS POST "https://dev-eis-api.mra.mw/api/v1/utilities/ping"
2026-08-07 10:19:34.125 +02:00 [INF] MRA POST /api/v1/utilities/ping status=200 success=true durationMs=16
2026-08-07 10:19:34.129 +02:00 [INF] ART Diagnostic MraConnectivity MraEis 30 1: MRA ping ok in 30 ms.
2026-08-07 10:19:34.182 +02:00 [INF] MRA EIS POST "https://dev-eis-api.mra.mw/api/v1/utilities/ping"
2026-08-07 10:19:34.199 +02:00 [INF] MRA POST /api/v1/utilities/ping status=200 success=true durationMs=15
2026-08-07 10:19:34.216 +02:00 [INF] MRA connectivity restored — waking offline sync worker.
2026-08-07 10:19:34.216 +02:00 [INF] ART Diagnostic HealthCheck HealthCheckWorker 1 null: All subsystems healthy (SQL 1 ms, disk 33.73 GB free).
2026-08-07 10:19:34.286 +02:00 [INF] ART Diagnostic DatabaseLatency SqlExpress 1 null: SQL round-trip 1 ms
2026-08-07 10:19:34.292 +02:00 [INF] MRA EIS POST "https://dev-eis-api.mra.mw/api/v1/utilities/ping"
2026-08-07 10:19:34.315 +02:00 [INF] MRA POST /api/v1/utilities/ping status=200 success=true durationMs=31
2026-08-07 10:19:34.320 +02:00 [INF] ART Diagnostic MraConnectivity MraEis 28 1: MRA ping ok in 28 ms.
2026-08-07 10:19:34.369 +02:00 [INF] MRA EIS POST "https://dev-eis-api.mra.mw/api/v1/utilities/ping"
2026-08-07 10:19:34.386 +02:00 [INF] MRA POST /api/v1/utilities/ping status=200 success=true durationMs=16
2026-08-07 10:19:34.391 +02:00 [INF] MRA connectivity restored — waking offline sync worker.
2026-08-07 10:19:34.392 +02:00 [INF] ART Diagnostic HealthCheck HealthCheckWorker 1 null: All subsystems healthy (SQL 1 ms, disk 33.73 GB free).
2026-08-07 10:19:34.463 +02:00 [INF] MRA EIS POST "https://dev-eis-api.mra.mw/api/v1/utilities/ping"
2026-08-07 10:19:36.692 +02:00 [INF] ART Diagnostic DatabaseLatency SqlExpress 0 null: Performance profile sample (FPS 0.0)
2026-08-07 10:19:37.532 +02:00 [INF] MRA POST /api/v1/utilities/ping status=200 success=true durationMs=3078
2026-08-07 10:19:37.545 +02:00 [INF] MRA connectivity restored — waking offline sync worker.
2026-08-07 10:19:37.623 +02:00 [INF] ART Diagnostic WorkerHeartbeat SystemHealthMonitorService null null: All monitored subsystems healthy.
2026-08-07 10:19:42.479 +02:00 [INF] MRA EIS POST "https://dev-eis-api.mra.mw/api/v1/utilities/ping"
2026-08-07 10:19:42.498 +02:00 [INF] MRA POST /api/v1/utilities/ping status=200 success=true durationMs=16
2026-08-07 10:19:42.511 +02:00 [INF] MRA connectivity restored — waking offline sync worker.
2026-08-07 10:20:02.481 +02:00 [INF] MRA EIS POST "https://dev-eis-api.mra.mw/api/v1/utilities/ping"
2026-08-07 10:20:02.501 +02:00 [INF] MRA POST /api/v1/utilities/ping status=200 success=true durationMs=16
2026-08-07 10:20:02.510 +02:00 [INF] MRA connectivity restored — waking offline sync worker.
2026-08-07 10:20:06.737 +02:00 [INF] ART Diagnostic DatabaseLatency SqlExpress 0 null: Performance profile sample (FPS 0.0)
2026-08-07 10:20:19.235 +02:00 [INF] ART Diagnostic WorkerHeartbeat HealthCheckWorker null null: Heartbeat
2026-08-07 10:20:19.242 +02:00 [INF] ART Diagnostic DatabaseLatency SqlExpress 0 null: SQL round-trip 0 ms
2026-08-07 10:20:19.247 +02:00 [INF] MRA EIS POST "https://dev-eis-api.mra.mw/api/v1/utilities/ping"
2026-08-07 10:20:19.278 +02:00 [INF] MRA POST /api/v1/utilities/ping status=200 success=true durationMs=31
2026-08-07 10:20:19.285 +02:00 [INF] ART Diagnostic MraConnectivity MraEis 38 1: MRA ping ok in 38 ms.
2026-08-07 10:20:19.330 +02:00 [INF] MRA EIS POST "https://dev-eis-api.mra.mw/api/v1/utilities/ping"
2026-08-07 10:20:19.348 +02:00 [INF] MRA POST /api/v1/utilities/ping status=200 success=true durationMs=15
2026-08-07 10:20:19.353 +02:00 [INF] MRA connectivity restored — waking offline sync worker.
2026-08-07 10:20:19.354 +02:00 [INF] ART Diagnostic HealthCheck HealthCheckWorker 0 null: All subsystems healthy (SQL 0 ms, disk 33.72 GB free).
2026-08-07 10:20:19.356 +02:00 [INF] MRA EIS POST "https://dev-eis-api.mra.mw/api/v1/sales/last-submitted-offline-transaction"
2026-08-07 10:20:20.883 +02:00 [INF] Hardware fault-tolerance loop stopped.
2026-08-07 10:20:20.927 +02:00 [ERR] MRA EIS transport failure for "https://dev-eis-api.mra.mw/api/v1/sales/last-submitted-offline-transaction": MRA EIS request failed for https://dev-eis-api.mra.mw/api/v1/sales/last-submitted-offline-transaction: SocketException: The I/O operation has been aborted because of either a thread exit or an application request.
System.Threading.Tasks.TaskCanceledException: The operation was canceled.
 ---> System.Threading.Tasks.TaskCanceledException: The operation was canceled.
 ---> System.IO.IOException: Unable to read data from the transport connection: The I/O operation has been aborted because of either a thread exit or an application request..
 ---> System.Net.Sockets.SocketException (995): The I/O operation has been aborted because of either a thread exit or an application request.
   --- End of inner exception stack trace ---
   at System.Net.Sockets.Socket.AwaitableSocketAsyncEventArgs.ThrowException(SocketError error, CancellationToken cancellationToken)
   at System.Net.Sockets.Socket.AwaitableSocketAsyncEventArgs.System.Threading.Tasks.Sources.IValueTaskSource<System.Int32>.GetResult(Int16 token)
   at System.Net.Security.SslStream.EnsureFullTlsFrameAsync[TIOAdapter](CancellationToken cancellationToken, Int32 estimatedSize)
   at System.Runtime.CompilerServices.PoolingAsyncValueTaskMethodBuilder`1.StateMachineBox`1.System.Threading.Tasks.Sources.IValueTaskSource<TResult>.GetResult(Int16 token)
   at System.Net.Security.SslStream.ReadAsyncInternal[TIOAdapter](Memory`1 buffer, CancellationToken cancellationToken)
   at System.Runtime.CompilerServices.PoolingAsyncValueTaskMethodBuilder`1.StateMachineBox`1.System.Threading.Tasks.Sources.IValueTaskSource<TResult>.GetResult(Int16 token)
   at System.Net.Http.HttpConnection.SendAsync(HttpRequestMessage request, Boolean async, CancellationToken cancellationToken)
   --- End of inner exception stack trace ---
   at System.Net.Http.HttpConnection.SendAsync(HttpRequestMessage request, Boolean async, CancellationToken cancellationToken)
   at System.Net.Http.HttpConnectionPool.SendWithVersionDetectionAndRetryAsync(HttpRequestMessage request, Boolean async, Boolean doRequestAuth, CancellationToken cancellationToken)
   at System.Net.Http.RedirectHandler.SendAsync(HttpRequestMessage request, Boolean async, CancellationToken cancellationToken)
   at Microsoft.Extensions.Http.Logging.LoggingHttpMessageHandler.<SendCoreAsync>g__Core|5_0(HttpRequestMessage request, Boolean useAsync, CancellationToken cancellationToken)
   at PointOfSale.Infrastructure.Http.MraEisMessageHashHandler.SendAsync(HttpRequestMessage request, CancellationToken cancellationToken) in C:\Users\Albert Zee\Documents\Projects\Point Of Sale\src\PointOfSale.Infrastructure\Http\MraEisMessageHashHandler.cs:line 68
   at Microsoft.Extensions.Http.Logging.LoggingScopeHttpMessageHandler.<SendCoreAsync>g__Core|5_0(HttpRequestMessage request, Boolean useAsync, CancellationToken cancellationToken)
   at System.Net.Http.HttpClient.<SendAsync>g__Core|83_0(HttpRequestMessage request, HttpCompletionOption completionOption, CancellationTokenSource cts, Boolean disposeCts, CancellationTokenSource pendingRequestsCts, CancellationToken originalCancellationToken)
   --- End of inner exception stack trace ---
   at System.Net.Http.HttpClient.HandleFailure(Exception e, Boolean telemetryStarted, HttpResponseMessage response, CancellationTokenSource cts, CancellationToken cancellationToken, CancellationTokenSource pendingRequestsCts)
   at System.Net.Http.HttpClient.<SendAsync>g__Core|83_0(HttpRequestMessage request, HttpCompletionOption completionOption, CancellationTokenSource cts, Boolean disposeCts, CancellationTokenSource pendingRequestsCts, CancellationToken originalCancellationToken)
   at PointOfSale.Infrastructure.Services.MraApiClient.SendAsync[TResponse](HttpRequestMessage request, String auditRequestBody, CancellationToken cancellationToken) in C:\Users\Albert Zee\Documents\Projects\Point Of Sale\src\PointOfSale.Infrastructure\Services\MraApiClient.cs:line 278
2026-08-07 10:20:21.078 +02:00 [INF] MRA POST /api/v1/sales/last-submitted-offline-transaction status=null success=false durationMs=1563
2026-08-07 10:20:21.078 +02:00 [WRN] Unable to query last-submitted-offline-transaction for sequence check.
System.Threading.Tasks.TaskCanceledException: A task was canceled.
   at PointOfSale.Infrastructure.Services.AuditLoggingService.WriteRollingFileAsync(String httpMethod, String requestPath, Nullable`1 httpStatusCode, Int32 durationMs, String requestBody, String responseBody, Boolean isSuccess, String errorMessage, CancellationToken cancellationToken) in C:\Users\Albert Zee\Documents\Projects\Point Of Sale\src\PointOfSale.Infrastructure\Services\AuditLoggingService.cs:line 151
   at PointOfSale.Infrastructure.Services.AuditLoggingService.LogMraExchangeAsync(String httpMethod, String requestPath, Nullable`1 httpStatusCode, Int32 durationMs, String requestBody, String responseBody, Boolean isSuccess, String errorMessage, CancellationToken cancellationToken) in C:\Users\Albert Zee\Documents\Projects\Point Of Sale\src\PointOfSale.Infrastructure\Services\AuditLoggingService.cs:line 67
   at PointOfSale.Infrastructure.Services.MraApiClient.SendAsync[TResponse](HttpRequestMessage request, String auditRequestBody, CancellationToken cancellationToken) in C:\Users\Albert Zee\Documents\Projects\Point Of Sale\src\PointOfSale.Infrastructure\Services\MraApiClient.cs:line 359
   at PointOfSale.Infrastructure.Services.MraApiClient.PostEmptyAsync[TResponse](String relativePath, MraRequestContext context, CancellationToken cancellationToken) in C:\Users\Albert Zee\Documents\Projects\Point Of Sale\src\PointOfSale.Infrastructure\Services\MraApiClient.cs:line 249
   at PointOfSale.Infrastructure.Services.SalesTransactionService.GetLastSubmittedTransactionAsync(String relativePath, String channelLabel, CancellationToken cancellationToken) in C:\Users\Albert Zee\Documents\Projects\Point Of Sale\src\PointOfSale.Infrastructure\Services\SalesTransactionService.cs:line 86
   at PointOfSale.Infrastructure.Services.SalesTransactionService.VerifySequenceContinuityAsync(Func`2 lookupFactory, String channelLabel, CancellationToken cancellationToken) in C:\Users\Albert Zee\Documents\Projects\Point Of Sale\src\PointOfSale.Infrastructure\Services\SalesTransactionService.cs:line 153
2026-08-07 10:26:52.187 +02:00 [INF] MRA EIS POST "https://dev-eis-api.mra.mw/api/v1/utilities/ping"
2026-08-07 10:26:52.408 +02:00 [INF] SQL Express schema ready (version 32).
2026-08-07 10:26:52.424 +02:00 [WRN] Phase 37 InitialSetup.sql apply skipped after error (schema already bootstrapped in-app).
Microsoft.Data.SqlClient.SqlException (0x80131904): Filtered index 'IX_OfflineInvoiceQueue_PendingFifo' cannot be created on table 'dbo.OfflineInvoiceQueue' because the column 'Status' in the filter expression is compared with a constant of higher data type precedence or of a different collation. Converting a column to the data type of a constant is not supported for filtered indexes. To resolve this error, explicitly convert the constant to the same data type and collation as the column 'Status'.
   at Microsoft.Data.SqlClient.SqlConnection.OnError(SqlException exception, Boolean breakConnection, Action`1 wrapCloseInAction)
   at Microsoft.Data.SqlClient.SqlInternalConnection.OnError(SqlException exception, Boolean breakConnection, Action`1 wrapCloseInAction)
   at Microsoft.Data.SqlClient.TdsParser.ThrowExceptionAndWarning(TdsParserStateObject stateObj, SqlCommand command, Boolean callerHasConnectionLock, Boolean asyncClose)
   at Microsoft.Data.SqlClient.TdsParser.TryRun(RunBehavior runBehavior, SqlCommand cmdHandler, SqlDataReader dataStream, BulkCopySimpleResultSet bulkCopyHandler, TdsParserStateObject stateObj, Boolean& dataReady)
   at Microsoft.Data.SqlClient.SqlCommand.InternalEndExecuteNonQuery(IAsyncResult asyncResult, Boolean isInternal, String endMethod)
   at Microsoft.Data.SqlClient.SqlCommand.EndExecuteNonQueryInternal(IAsyncResult asyncResult)
   at Microsoft.Data.SqlClient.SqlCommand.EndExecuteNonQueryAsync(IAsyncResult asyncResult)
   at Microsoft.Data.SqlClient.SqlCommand.<>c.<InternalExecuteNonQueryAsync>b__193_1(IAsyncResult asyncResult)
   at System.Threading.Tasks.TaskFactory`1.FromAsyncCoreLogic(IAsyncResult iar, Func`2 endFunction, Action`1 endAction, Task`1 promise, Boolean requiresSynchronization)
--- End of stack trace from previous location ---
   at PointOfSale.App.Services.FirstRunBootstrapService.TryApplyInitialSetupScriptAsync(CancellationToken cancellationToken) in C:\Users\Albert Zee\Documents\Projects\Point Of Sale\src\PointOfSale.App\Services\FirstRunBootstrapService.cs:line 411
   at PointOfSale.App.Services.FirstRunBootstrapService.TryApplyInitialSetupScriptAsync(CancellationToken cancellationToken) in C:\Users\Albert Zee\Documents\Projects\Point Of Sale\src\PointOfSale.App\Services\FirstRunBootstrapService.cs:line 411
   at PointOfSale.App.Services.FirstRunBootstrapService.TryApplyInitialSetupScriptAsync(CancellationToken cancellationToken) in C:\Users\Albert Zee\Documents\Projects\Point Of Sale\src\PointOfSale.App\Services\FirstRunBootstrapService.cs:line 414
ClientConnectionId:d7809ec6-f201-4c40-8602-f980c071fb22
Error Number:10611,State:1,Class:16
2026-08-07 10:26:52.501 +02:00 [INF] MRA POST /api/v1/utilities/ping status=200 success=true durationMs=219
2026-08-07 10:26:52.583 +02:00 [INF] Offline invoice FIFO sync worker started (interval 15s, requireConnectivity=true).
2026-08-07 10:26:52.590 +02:00 [INF] Hardware fault-tolerance loop started (probe every 20s).
2026-08-07 10:26:52.593 +02:00 [INF] ArchivalCompressionBackgroundService is disabled.
2026-08-07 10:26:52.597 +02:00 [INF] Inventory alert scanner started (interval 60s).
2026-08-07 10:26:52.623 +02:00 [INF] HealthCheckWorker started (interval 45s).
2026-08-07 10:26:52.625 +02:00 [INF] System health monitor started (interval 45s).
2026-08-07 10:26:52.627 +02:00 [INF] PerformanceProfilingBackgroundService started (sample 30s, flush 300s).
2026-08-07 10:26:52.630 +02:00 [INF] DatabaseMaintenanceBackgroundService started (interval 24h).
2026-08-07 10:26:52.693 +02:00 [ERR] Failed to start offline receipt QR bridge on http://10.10.46.135:18787/ReceiptValidation/Validate/. QR scans may still hit MRA portal ISE.
System.Net.HttpListenerException (5): Access is denied.
   at System.Net.HttpListener.AddPrefixCore(String registeredPrefix)
   at System.Net.HttpListener.AddAllPrefixes()
   at System.Net.HttpListener.Start()
   at PointOfSale.App.Services.OfflineReceiptQrBridgeService.ExecuteAsync(CancellationToken stoppingToken) in C:\Users\Albert Zee\Documents\Projects\Point Of Sale\src\PointOfSale.App\Services\OfflineReceiptQrBridgeService.cs:line 103
2026-08-07 10:26:52.724 +02:00 [INF] MRA connectivity restored — waking offline sync worker.
2026-08-07 10:26:52.733 +02:00 [INF] SQL Express schema ready (version 32).
2026-08-07 10:26:52.739 +02:00 [WRN] Phase 37 InitialSetup.sql apply skipped after error (schema already bootstrapped in-app).
Microsoft.Data.SqlClient.SqlException (0x80131904): Filtered index 'IX_OfflineInvoiceQueue_PendingFifo' cannot be created on table 'dbo.OfflineInvoiceQueue' because the column 'Status' in the filter expression is compared with a constant of higher data type precedence or of a different collation. Converting a column to the data type of a constant is not supported for filtered indexes. To resolve this error, explicitly convert the constant to the same data type and collation as the column 'Status'.
   at Microsoft.Data.SqlClient.SqlConnection.OnError(SqlException exception, Boolean breakConnection, Action`1 wrapCloseInAction)
   at Microsoft.Data.SqlClient.SqlInternalConnection.OnError(SqlException exception, Boolean breakConnection, Action`1 wrapCloseInAction)
   at Microsoft.Data.SqlClient.TdsParser.ThrowExceptionAndWarning(TdsParserStateObject stateObj, SqlCommand command, Boolean callerHasConnectionLock, Boolean asyncClose)
   at Microsoft.Data.SqlClient.TdsParser.TryRun(RunBehavior runBehavior, SqlCommand cmdHandler, SqlDataReader dataStream, BulkCopySimpleResultSet bulkCopyHandler, TdsParserStateObject stateObj, Boolean& dataReady)
   at Microsoft.Data.SqlClient.SqlCommand.InternalEndExecuteNonQuery(IAsyncResult asyncResult, Boolean isInternal, String endMethod)
   at Microsoft.Data.SqlClient.SqlCommand.EndExecuteNonQueryInternal(IAsyncResult asyncResult)
   at Microsoft.Data.SqlClient.SqlCommand.EndExecuteNonQueryAsync(IAsyncResult asyncResult)
   at Microsoft.Data.SqlClient.SqlCommand.<>c.<InternalExecuteNonQueryAsync>b__193_1(IAsyncResult asyncResult)
   at System.Threading.Tasks.TaskFactory`1.FromAsyncCoreLogic(IAsyncResult iar, Func`2 endFunction, Action`1 endAction, Task`1 promise, Boolean requiresSynchronization)
--- End of stack trace from previous location ---
   at PointOfSale.App.Services.FirstRunBootstrapService.TryApplyInitialSetupScriptAsync(CancellationToken cancellationToken) in C:\Users\Albert Zee\Documents\Projects\Point Of Sale\src\PointOfSale.App\Services\FirstRunBootstrapService.cs:line 411
   at PointOfSale.App.Services.FirstRunBootstrapService.TryApplyInitialSetupScriptAsync(CancellationToken cancellationToken) in C:\Users\Albert Zee\Documents\Projects\Point Of Sale\src\PointOfSale.App\Services\FirstRunBootstrapService.cs:line 411
   at PointOfSale.App.Services.FirstRunBootstrapService.TryApplyInitialSetupScriptAsync(CancellationToken cancellationToken) in C:\Users\Albert Zee\Documents\Projects\Point Of Sale\src\PointOfSale.App\Services\FirstRunBootstrapService.cs:line 414
ClientConnectionId:b5dbed44-e12e-41dd-95ab-e5d4eab1514c
Error Number:10611,State:1,Class:16
2026-08-07 10:26:52.768 +02:00 [INF] MRA EIS POST "https://dev-eis-api.mra.mw/api/v1/sales/last-submitted-offline-transaction"
2026-08-07 10:26:52.810 +02:00 [INF] Inventory alert scan complete: 0 products, low=0, stockout=0, overstock=0, fast=0.
2026-08-07 10:26:52.866 +02:00 [INF] MRA POST /api/v1/sales/last-submitted-offline-transaction status=200 success=true durationMs=109
2026-08-07 10:26:52.889 +02:00 [WRN] MRA EIS last-submitted-offline-transaction returned success=false. Remark=Invoice details not found. Errors=[]. statusCode=1
2026-08-07 10:27:00.640 +02:00 [INF] ART Diagnostic WorkerHeartbeat HealthCheckWorker null null: Heartbeat
2026-08-07 10:27:00.775 +02:00 [INF] ART Diagnostic DatabaseLatency SqlExpress 3 null: SQL round-trip 3 ms
2026-08-07 10:27:00.789 +02:00 [INF] MRA EIS POST "https://dev-eis-api.mra.mw/api/v1/utilities/ping"
2026-08-07 10:27:00.816 +02:00 [INF] MRA POST /api/v1/utilities/ping status=200 success=true durationMs=16
2026-08-07 10:27:00.827 +02:00 [INF] ART Diagnostic MraConnectivity MraEis 30 1: MRA ping ok in 30 ms.
2026-08-07 10:27:00.872 +02:00 [INF] MRA EIS POST "https://dev-eis-api.mra.mw/api/v1/utilities/ping"
2026-08-07 10:27:00.895 +02:00 [INF] MRA POST /api/v1/utilities/ping status=200 success=true durationMs=16
2026-08-07 10:27:00.899 +02:00 [INF] MRA connectivity restored — waking offline sync worker.
2026-08-07 10:27:00.912 +02:00 [INF] ART Diagnostic HealthCheck HealthCheckWorker 3 null: All subsystems healthy (SQL 3 ms, disk 33.66 GB free).
2026-08-07 10:27:04.620 +02:00 [INF] ART Diagnostic DatabaseLatency SqlExpress 0 null: SQL round-trip 0 ms
2026-08-07 10:27:04.634 +02:00 [INF] MRA EIS POST "https://dev-eis-api.mra.mw/api/v1/utilities/ping"
2026-08-07 10:27:04.662 +02:00 [INF] MRA POST /api/v1/utilities/ping status=200 success=true durationMs=31
2026-08-07 10:27:04.665 +02:00 [INF] ART Diagnostic MraConnectivity MraEis 30 1: MRA ping ok in 30 ms.
2026-08-07 10:27:04.689 +02:00 [INF] ART Diagnostic DatabaseLatency SqlExpress 1 null: Performance profile sample (FPS 0.0)
2026-08-07 10:27:04.727 +02:00 [INF] MRA EIS POST "https://dev-eis-api.mra.mw/api/v1/utilities/ping"
2026-08-07 10:27:04.752 +02:00 [INF] MRA POST /api/v1/utilities/ping status=200 success=true durationMs=32
2026-08-07 10:27:04.757 +02:00 [INF] MRA connectivity restored — waking offline sync worker.
2026-08-07 10:27:04.757 +02:00 [INF] ART Diagnostic HealthCheck HealthCheckWorker 0 null: All subsystems healthy (SQL 0 ms, disk 33.66 GB free).
2026-08-07 10:27:04.844 +02:00 [INF] MRA EIS POST "https://dev-eis-api.mra.mw/api/v1/utilities/ping"
2026-08-07 10:27:04.869 +02:00 [INF] MRA POST /api/v1/utilities/ping status=200 success=true durationMs=31
2026-08-07 10:27:04.872 +02:00 [INF] MRA connectivity restored — waking offline sync worker.
2026-08-07 10:27:04.940 +02:00 [INF] ART Diagnostic WorkerHeartbeat SystemHealthMonitorService null null: All monitored subsystems healthy.
2026-08-07 10:27:11.447 +02:00 [INF] MRA EIS POST "https://dev-eis-api.mra.mw/api/v1/utilities/ping"
2026-08-07 10:27:11.640 +02:00 [INF] MRA POST /api/v1/utilities/ping status=200 success=true durationMs=188
2026-08-07 10:27:11.663 +02:00 [INF] MRA connectivity restored — waking offline sync worker.
2026-08-07 10:27:31.296 +02:00 [INF] MRA EIS POST "https://dev-eis-api.mra.mw/api/v1/utilities/ping"
2026-08-07 10:27:31.321 +02:00 [INF] MRA POST /api/v1/utilities/ping status=200 success=true durationMs=31
2026-08-07 10:27:31.326 +02:00 [INF] MRA connectivity restored — waking offline sync worker.
2026-08-07 10:27:33.067 +02:00 [INF] MRA EIS POST "https://dev-eis-api.mra.mw/api/v1/utilities/ping"
2026-08-07 10:27:34.731 +02:00 [INF] ART Diagnostic DatabaseLatency SqlExpress 1 null: Performance profile sample (FPS 0.0)
2026-08-07 10:27:36.187 +02:00 [INF] MRA POST /api/v1/utilities/ping status=200 success=true durationMs=3110
2026-08-07 10:27:36.259 +02:00 [INF] MRA EIS POST "https://dev-eis-api.mra.mw/api/v1/utilities/ping"
2026-08-07 10:27:36.283 +02:00 [INF] MRA POST /api/v1/utilities/ping status=200 success=true durationMs=15
2026-08-07 10:27:36.287 +02:00 [INF] MRA connectivity restored — waking offline sync worker.
2026-08-07 10:27:36.297 +02:00 [INF] MRA EIS POST "https://dev-eis-api.mra.mw/api/v1/configuration/get-latest-configs"
2026-08-07 10:27:36.297 +02:00 [INF] MRA EIS request payload for "https://dev-eis-api.mra.mw/api/v1/configuration/get-latest-configs": {}
2026-08-07 10:27:36.351 +02:00 [INF] MRA POST /api/v1/configuration/get-latest-configs status=200 success=true durationMs=62
2026-08-07 10:27:36.424 +02:00 [INF] Cached get-latest-configs for 7f578f46-0775-49bd-8749-226942412378. sellerTIN=31018345, siteId=BLc4f27da3-6c8e-4014-84b1-140886944c25, versions g/t/tp=1/1/1
2026-08-07 10:27:36.432 +02:00 [INF] Receipt ID batch repair finished: scanned=0, rewritten=0, unchanged=0, failed=0.
2026-08-07 10:27:36.441 +02:00 [INF] VerifyAndSyncApis: pulling EIS site products into local inventory.
2026-08-07 10:27:36.474 +02:00 [INF] MRA EIS POST "https://dev-eis-api.mra.mw/api/v1/utilities/get-terminal-site-products"
2026-08-07 10:27:36.474 +02:00 [INF] MRA EIS request payload for "https://dev-eis-api.mra.mw/api/v1/utilities/get-terminal-site-products": {"tin":"31018345","siteId":"BLc4f27da3-6c8e-4014-84b1-140886944c25"}
2026-08-07 10:27:36.534 +02:00 [INF] MRA POST /api/v1/utilities/get-terminal-site-products status=200 success=true durationMs=47
2026-08-07 10:27:36.597 +02:00 [INF] Parsed get-terminal-site-products catalog items=102 usable=102 skipped=0
2026-08-07 10:27:37.010 +02:00 [INF] Synced MRA site catalog tin=31018345 siteId=BLc4f27da3-6c8e-4014-84b1-140886944c25 upserted=102 products=100 services=2 preserveStock=true
2026-08-07 10:27:37.011 +02:00 [INF] Cached/synced 102 MRA site product(s) for tin=31018345 siteId=BLc4f27da3-6c8e-4014-84b1-140886944c25; upserted=102
2026-08-07 10:27:37.012 +02:00 [INF] VerifyAndSyncApis site products sync OK — 102 product(s).
2026-08-07 10:27:45.926 +02:00 [INF] ART Diagnostic WorkerHeartbeat HealthCheckWorker null null: Heartbeat
2026-08-07 10:27:45.950 +02:00 [INF] ART Diagnostic DatabaseLatency SqlExpress 1 null: SQL round-trip 1 ms
2026-08-07 10:27:45.958 +02:00 [INF] MRA EIS POST "https://dev-eis-api.mra.mw/api/v1/utilities/ping"
2026-08-07 10:27:46.077 +02:00 [INF] MRA POST /api/v1/utilities/ping status=200 success=true durationMs=109
2026-08-07 10:27:46.084 +02:00 [INF] ART Diagnostic MraConnectivity MraEis 126 1: MRA ping ok in 126 ms.
2026-08-07 10:27:46.159 +02:00 [INF] MRA EIS POST "https://dev-eis-api.mra.mw/api/v1/utilities/ping"
2026-08-07 10:27:46.265 +02:00 [INF] MRA POST /api/v1/utilities/ping status=200 success=true durationMs=110
2026-08-07 10:27:46.269 +02:00 [INF] MRA connectivity restored — waking offline sync worker.
2026-08-07 10:27:46.269 +02:00 [INF] ART Diagnostic HealthCheck HealthCheckWorker 1 null: All subsystems healthy (SQL 1 ms, disk 33.66 GB free).
2026-08-07 10:27:49.979 +02:00 [INF] ART Diagnostic DatabaseLatency SqlExpress 1 null: SQL round-trip 1 ms
2026-08-07 10:27:49.989 +02:00 [INF] MRA EIS POST "https://dev-eis-api.mra.mw/api/v1/utilities/ping"
2026-08-07 10:27:50.095 +02:00 [INF] MRA POST /api/v1/utilities/ping status=200 success=true durationMs=110
2026-08-07 10:27:50.101 +02:00 [INF] ART Diagnostic MraConnectivity MraEis 112 1: MRA ping ok in 112 ms.
2026-08-07 10:27:50.168 +02:00 [INF] MRA EIS POST "https://dev-eis-api.mra.mw/api/v1/utilities/ping"
2026-08-07 10:27:50.262 +02:00 [INF] MRA POST /api/v1/utilities/ping status=200 success=true durationMs=94
2026-08-07 10:27:50.265 +02:00 [INF] MRA connectivity restored — waking offline sync worker.
2026-08-07 10:27:50.266 +02:00 [INF] ART Diagnostic HealthCheck HealthCheckWorker 1 null: All subsystems healthy (SQL 1 ms, disk 33.66 GB free).
2026-08-07 10:27:50.321 +02:00 [INF] MRA EIS POST "https://dev-eis-api.mra.mw/api/v1/utilities/ping"
2026-08-07 10:27:52.985 +02:00 [INF] Inventory alert scan complete: 102 products, low=2, stockout=0, overstock=0, fast=0.
2026-08-07 10:27:53.515 +02:00 [INF] MRA POST /api/v1/utilities/ping status=200 success=true durationMs=3188
2026-08-07 10:27:53.529 +02:00 [INF] MRA connectivity restored — waking offline sync worker.
2026-08-07 10:27:53.627 +02:00 [INF] ART Diagnostic WorkerHeartbeat SystemHealthMonitorService null null: All monitored subsystems healthy.
2026-08-07 10:28:04.766 +02:00 [INF] ART Diagnostic DatabaseLatency SqlExpress 1 null: Performance profile sample (FPS 0.0)
2026-08-07 10:28:11.290 +02:00 [INF] MRA EIS POST "https://dev-eis-api.mra.mw/api/v1/utilities/ping"
2026-08-07 10:28:11.318 +02:00 [INF] MRA POST /api/v1/utilities/ping status=200 success=true durationMs=31
2026-08-07 10:28:11.326 +02:00 [INF] MRA connectivity restored — waking offline sync worker.
2026-08-07 10:28:26.336 +02:00 [INF] MRA EIS POST "https://dev-eis-api.mra.mw/api/v1/sales/last-submitted-offline-transaction"
2026-08-07 10:28:26.439 +02:00 [INF] MRA POST /api/v1/sales/last-submitted-offline-transaction status=200 success=true durationMs=94
2026-08-07 10:28:26.446 +02:00 [WRN] MRA EIS last-submitted-offline-transaction returned success=false. Remark=Invoice details not found. Errors=[]. statusCode=1
2026-08-07 10:28:31.284 +02:00 [INF] ART Diagnostic WorkerHeartbeat HealthCheckWorker null null: Heartbeat
2026-08-07 10:28:31.289 +02:00 [INF] ART Diagnostic DatabaseLatency SqlExpress 0 null: SQL round-trip 0 ms
2026-08-07 10:28:31.294 +02:00 [INF] MRA EIS POST "https://dev-eis-api.mra.mw/api/v1/utilities/ping"
2026-08-07 10:28:31.314 +02:00 [INF] MRA EIS POST "https://dev-eis-api.mra.mw/api/v1/utilities/ping"
2026-08-07 10:28:31.343 +02:00 [INF] MRA POST /api/v1/utilities/ping status=200 success=true durationMs=31
2026-08-07 10:28:31.346 +02:00 [INF] MRA connectivity restored — waking offline sync worker.
2026-08-07 10:28:34.418 +02:00 [INF] MRA POST /api/v1/utilities/ping status=200 success=true durationMs=3125
2026-08-07 10:28:34.422 +02:00 [INF] ART Diagnostic MraConnectivity MraEis 3127 1: MRA ping ok in 3127 ms.
2026-08-07 10:28:34.475 +02:00 [INF] MRA EIS POST "https://dev-eis-api.mra.mw/api/v1/utilities/ping"
2026-08-07 10:28:34.504 +02:00 [INF] MRA POST /api/v1/utilities/ping status=200 success=true durationMs=32
2026-08-07 10:28:34.508 +02:00 [INF] MRA connectivity restored — waking offline sync worker.
2026-08-07 10:28:34.508 +02:00 [INF] ART Diagnostic HealthCheck HealthCheckWorker 0 null: All subsystems healthy (SQL 0 ms, disk 33.66 GB free).
2026-08-07 10:28:34.803 +02:00 [INF] ART Diagnostic DatabaseLatency SqlExpress 1 null: Performance profile sample (FPS 0.0)
2026-08-07 10:28:38.645 +02:00 [INF] ART Diagnostic DatabaseLatency SqlExpress 1 null: SQL round-trip 1 ms
2026-08-07 10:28:38.706 +02:00 [INF] MRA EIS POST "https://dev-eis-api.mra.mw/api/v1/utilities/ping"
2026-08-07 10:28:38.737 +02:00 [INF] MRA POST /api/v1/utilities/ping status=200 success=true durationMs=15
2026-08-07 10:28:38.743 +02:00 [INF] ART Diagnostic MraConnectivity MraEis 36 1: MRA ping ok in 36 ms.
2026-08-07 10:28:38.805 +02:00 [INF] MRA EIS POST "https://dev-eis-api.mra.mw/api/v1/utilities/ping"
2026-08-07 10:28:38.834 +02:00 [INF] MRA POST /api/v1/utilities/ping status=200 success=true durationMs=31
2026-08-07 10:28:38.838 +02:00 [INF] MRA connectivity restored — waking offline sync worker.
2026-08-07 10:28:38.839 +02:00 [INF] ART Diagnostic HealthCheck HealthCheckWorker 1 null: All subsystems healthy (SQL 1 ms, disk 33.65 GB free).
2026-08-07 10:28:38.891 +02:00 [INF] MRA EIS POST "https://dev-eis-api.mra.mw/api/v1/utilities/ping"
2026-08-07 10:28:38.919 +02:00 [INF] MRA POST /api/v1/utilities/ping status=200 success=true durationMs=31
2026-08-07 10:28:38.922 +02:00 [INF] MRA connectivity restored — waking offline sync worker.
2026-08-07 10:28:38.966 +02:00 [INF] ART Diagnostic WorkerHeartbeat SystemHealthMonitorService null null: All monitored subsystems healthy.
2026-08-07 10:28:51.299 +02:00 [INF] MRA EIS POST "https://dev-eis-api.mra.mw/api/v1/utilities/ping"
2026-08-07 10:28:51.326 +02:00 [INF] MRA POST /api/v1/utilities/ping status=200 success=true durationMs=31
2026-08-07 10:28:51.329 +02:00 [INF] MRA connectivity restored — waking offline sync worker.
2026-08-07 10:28:53.024 +02:00 [INF] Inventory alert scan complete: 102 products, low=2, stockout=0, overstock=0, fast=0.
2026-08-07 10:29:04.837 +02:00 [INF] ART Diagnostic DatabaseLatency SqlExpress 1 null: Performance profile sample (FPS 0.0)
2026-08-07 10:29:09.533 +02:00 [INF] MRA EIS POST "https://dev-eis-api.mra.mw/api/v1/utilities/ping"
2026-08-07 10:29:09.614 +02:00 [INF] MRA POST /api/v1/utilities/ping status=200 success=true durationMs=94
2026-08-07 10:29:09.661 +02:00 [INF] MRA EIS POST "https://dev-eis-api.mra.mw/api/v1/utilities/ping"
2026-08-07 10:29:09.684 +02:00 [INF] MRA POST /api/v1/utilities/ping status=200 success=true durationMs=16
2026-08-07 10:29:09.689 +02:00 [INF] MRA connectivity restored — waking offline sync worker.
2026-08-07 10:29:09.691 +02:00 [INF] MRA EIS POST "https://dev-eis-api.mra.mw/api/v1/configuration/get-latest-configs"
2026-08-07 10:29:09.691 +02:00 [INF] MRA EIS request payload for "https://dev-eis-api.mra.mw/api/v1/configuration/get-latest-configs": {}
2026-08-07 10:29:09.739 +02:00 [INF] MRA POST /api/v1/configuration/get-latest-configs status=200 success=true durationMs=62
2026-08-07 10:29:09.762 +02:00 [INF] Cached get-latest-configs for 7f578f46-0775-49bd-8749-226942412378. sellerTIN=31018345, siteId=BLc4f27da3-6c8e-4014-84b1-140886944c25, versions g/t/tp=1/1/1
2026-08-07 10:29:09.764 +02:00 [INF] Receipt ID batch repair finished: scanned=0, rewritten=0, unchanged=0, failed=0.
2026-08-07 10:29:09.769 +02:00 [INF] VerifyAndSyncApis: pulling EIS site products into local inventory.
2026-08-07 10:29:09.779 +02:00 [INF] MRA EIS POST "https://dev-eis-api.mra.mw/api/v1/utilities/get-terminal-site-products"
2026-08-07 10:29:09.779 +02:00 [INF] MRA EIS request payload for "https://dev-eis-api.mra.mw/api/v1/utilities/get-terminal-site-products": {"tin":"31018345","siteId":"BLc4f27da3-6c8e-4014-84b1-140886944c25"}
2026-08-07 10:29:09.844 +02:00 [INF] MRA POST /api/v1/utilities/get-terminal-site-products status=200 success=true durationMs=63
2026-08-07 10:29:09.851 +02:00 [INF] Parsed get-terminal-site-products catalog items=102 usable=102 skipped=0
2026-08-07 10:29:10.358 +02:00 [INF] Synced MRA site catalog tin=31018345 siteId=BLc4f27da3-6c8e-4014-84b1-140886944c25 upserted=102 products=100 services=2 preserveStock=true
2026-08-07 10:29:10.358 +02:00 [INF] Cached/synced 102 MRA site product(s) for tin=31018345 siteId=BLc4f27da3-6c8e-4014-84b1-140886944c25; upserted=102
2026-08-07 10:29:10.358 +02:00 [INF] VerifyAndSyncApis site products sync OK — 102 product(s).
2026-08-07 10:29:11.282 +02:00 [INF] MRA EIS POST "https://dev-eis-api.mra.mw/api/v1/utilities/ping"
2026-08-07 10:29:11.306 +02:00 [INF] MRA POST /api/v1/utilities/ping status=200 success=true durationMs=32
2026-08-07 10:29:11.309 +02:00 [INF] MRA connectivity restored — waking offline sync worker.
2026-08-07 10:29:14.867 +02:00 [INF] MRA EIS POST "https://dev-eis-api.mra.mw/api/v1/utilities/ping"
2026-08-07 10:29:14.890 +02:00 [INF] MRA POST /api/v1/utilities/ping status=200 success=true durationMs=16
2026-08-07 10:29:14.933 +02:00 [INF] MRA EIS POST "https://dev-eis-api.mra.mw/api/v1/utilities/ping"
2026-08-07 10:29:14.956 +02:00 [INF] MRA POST /api/v1/utilities/ping status=200 success=true durationMs=15
2026-08-07 10:29:14.959 +02:00 [INF] MRA connectivity restored — waking offline sync worker.
2026-08-07 10:29:14.961 +02:00 [INF] MRA EIS POST "https://dev-eis-api.mra.mw/api/v1/configuration/get-latest-configs"
2026-08-07 10:29:14.961 +02:00 [INF] MRA EIS request payload for "https://dev-eis-api.mra.mw/api/v1/configuration/get-latest-configs": {}
2026-08-07 10:29:15.012 +02:00 [INF] MRA POST /api/v1/configuration/get-latest-configs status=200 success=true durationMs=47
2026-08-07 10:29:15.019 +02:00 [INF] Cached get-latest-configs for 7f578f46-0775-49bd-8749-226942412378. sellerTIN=31018345, siteId=BLc4f27da3-6c8e-4014-84b1-140886944c25, versions g/t/tp=1/1/1
2026-08-07 10:29:15.021 +02:00 [INF] Receipt ID batch repair finished: scanned=0, rewritten=0, unchanged=0, failed=0.
2026-08-07 10:29:15.025 +02:00 [INF] VerifyAndSyncApis: pulling EIS site products into local inventory.
2026-08-07 10:29:15.037 +02:00 [INF] MRA EIS POST "https://dev-eis-api.mra.mw/api/v1/utilities/get-terminal-site-products"
2026-08-07 10:29:15.037 +02:00 [INF] MRA EIS request payload for "https://dev-eis-api.mra.mw/api/v1/utilities/get-terminal-site-products": {"tin":"31018345","siteId":"BLc4f27da3-6c8e-4014-84b1-140886944c25"}
2026-08-07 10:29:15.086 +02:00 [INF] MRA POST /api/v1/utilities/get-terminal-site-products status=200 success=true durationMs=47
2026-08-07 10:29:15.095 +02:00 [INF] Parsed get-terminal-site-products catalog items=102 usable=102 skipped=0
2026-08-07 10:29:15.280 +02:00 [INF] Synced MRA site catalog tin=31018345 siteId=BLc4f27da3-6c8e-4014-84b1-140886944c25 upserted=102 products=100 services=2 preserveStock=true
2026-08-07 10:29:15.280 +02:00 [INF] Cached/synced 102 MRA site product(s) for tin=31018345 siteId=BLc4f27da3-6c8e-4014-84b1-140886944c25; upserted=102
2026-08-07 10:29:15.280 +02:00 [INF] VerifyAndSyncApis site products sync OK — 102 product(s).
2026-08-07 10:29:19.506 +02:00 [INF] ART Diagnostic WorkerHeartbeat HealthCheckWorker null null: Heartbeat
2026-08-07 10:29:19.515 +02:00 [INF] ART Diagnostic DatabaseLatency SqlExpress 1 null: SQL round-trip 1 ms
2026-08-07 10:29:19.534 +02:00 [INF] MRA EIS POST "https://dev-eis-api.mra.mw/api/v1/utilities/ping"
2026-08-07 10:29:19.566 +02:00 [INF] MRA POST /api/v1/utilities/ping status=200 success=true durationMs=32
2026-08-07 10:29:19.570 +02:00 [INF] ART Diagnostic MraConnectivity MraEis 35 1: MRA ping ok in 35 ms.
2026-08-07 10:29:19.626 +02:00 [INF] MRA EIS POST "https://dev-eis-api.mra.mw/api/v1/utilities/ping"
2026-08-07 10:29:19.651 +02:00 [INF] MRA POST /api/v1/utilities/ping status=200 success=true durationMs=31
2026-08-07 10:29:19.654 +02:00 [INF] MRA connectivity restored — waking offline sync worker.
2026-08-07 10:29:19.654 +02:00 [INF] ART Diagnostic HealthCheck HealthCheckWorker 1 null: All subsystems healthy (SQL 1 ms, disk 33.65 GB free).
2026-08-07 10:29:23.971 +02:00 [INF] ART Diagnostic DatabaseLatency SqlExpress 1 null: SQL round-trip 1 ms
2026-08-07 10:29:23.981 +02:00 [INF] MRA EIS POST "https://dev-eis-api.mra.mw/api/v1/utilities/ping"
2026-08-07 10:29:24.008 +02:00 [INF] MRA POST /api/v1/utilities/ping status=200 success=true durationMs=32
2026-08-07 10:29:24.011 +02:00 [INF] ART Diagnostic MraConnectivity MraEis 29 1: MRA ping ok in 29 ms.
2026-08-07 10:29:24.065 +02:00 [INF] MRA EIS POST "https://dev-eis-api.mra.mw/api/v1/utilities/ping"
2026-08-07 10:29:24.105 +02:00 [INF] MRA POST /api/v1/utilities/ping status=200 success=true durationMs=31
2026-08-07 10:29:24.108 +02:00 [INF] MRA connectivity restored — waking offline sync worker.
2026-08-07 10:29:24.109 +02:00 [INF] ART Diagnostic HealthCheck HealthCheckWorker 1 null: All subsystems healthy (SQL 1 ms, disk 33.65 GB free).
2026-08-07 10:29:24.161 +02:00 [INF] MRA EIS POST "https://dev-eis-api.mra.mw/api/v1/utilities/ping"
2026-08-07 10:29:27.243 +02:00 [INF] MRA POST /api/v1/utilities/ping status=200 success=true durationMs=3078
2026-08-07 10:29:27.251 +02:00 [INF] MRA connectivity restored — waking offline sync worker.
2026-08-07 10:29:27.318 +02:00 [INF] ART Diagnostic WorkerHeartbeat SystemHealthMonitorService null null: All monitored subsystems healthy.
2026-08-07 10:29:31.288 +02:00 [INF] MRA EIS POST "https://dev-eis-api.mra.mw/api/v1/utilities/ping"
2026-08-07 10:29:31.318 +02:00 [INF] MRA POST /api/v1/utilities/ping status=200 success=true durationMs=31
2026-08-07 10:29:31.323 +02:00 [INF] MRA connectivity restored — waking offline sync worker.
2026-08-07 10:29:34.863 +02:00 [INF] ART Diagnostic DatabaseLatency SqlExpress 1 null: Performance profile sample (FPS 0.0)
2026-08-07 10:29:51.282 +02:00 [INF] MRA EIS POST "https://dev-eis-api.mra.mw/api/v1/utilities/ping"
2026-08-07 10:29:51.317 +02:00 [INF] MRA POST /api/v1/utilities/ping status=200 success=true durationMs=47
2026-08-07 10:29:51.321 +02:00 [INF] MRA connectivity restored — waking offline sync worker.
2026-08-07 10:29:53.112 +02:00 [INF] Inventory alert scan complete: 102 products, low=2, stockout=0, overstock=0, fast=0.
2026-08-07 10:30:04.650 +02:00 [INF] ART Diagnostic WorkerHeartbeat HealthCheckWorker null null: Heartbeat
2026-08-07 10:30:04.659 +02:00 [INF] ART Diagnostic DatabaseLatency SqlExpress 0 null: SQL round-trip 0 ms
2026-08-07 10:30:04.665 +02:00 [INF] MRA EIS POST "https://dev-eis-api.mra.mw/api/v1/utilities/ping"
2026-08-07 10:30:04.733 +02:00 [INF] MRA POST /api/v1/utilities/ping status=200 success=true durationMs=78
2026-08-07 10:30:04.741 +02:00 [INF] ART Diagnostic MraConnectivity MraEis 76 1: MRA ping ok in 76 ms.
2026-08-07 10:30:04.798 +02:00 [INF] MRA EIS POST "https://dev-eis-api.mra.mw/api/v1/utilities/ping"
2026-08-07 10:30:04.899 +02:00 [INF] ART Diagnostic DatabaseLatency SqlExpress 0 null: Performance profile sample (FPS 0.0)
2026-08-07 10:30:06.024 +02:00 [INF] MRA POST /api/v1/utilities/ping status=200 success=true durationMs=1218
2026-08-07 10:30:06.036 +02:00 [INF] MRA connectivity restored — waking offline sync worker.
2026-08-07 10:30:06.036 +02:00 [INF] ART Diagnostic HealthCheck HealthCheckWorker 0 null: All subsystems healthy (SQL 0 ms, disk 33.65 GB free).
2026-08-07 10:30:06.050 +02:00 [INF] MRA EIS POST "https://dev-eis-api.mra.mw/api/v1/sales/last-submitted-offline-transaction"
2026-08-07 10:30:06.159 +02:00 [INF] MRA POST /api/v1/sales/last-submitted-offline-transaction status=200 success=true durationMs=109
2026-08-07 10:30:06.168 +02:00 [WRN] MRA EIS last-submitted-offline-transaction returned success=false. Remark=Invoice details not found. Errors=[]. statusCode=1
2026-08-07 10:30:11.315 +02:00 [INF] MRA EIS POST "https://dev-eis-api.mra.mw/api/v1/utilities/ping"
2026-08-07 10:30:11.348 +02:00 [INF] MRA POST /api/v1/utilities/ping status=200 success=true durationMs=31
2026-08-07 10:30:11.606 +02:00 [INF] MRA connectivity restored — waking offline sync worker.
2026-08-07 10:30:12.331 +02:00 [INF] ART Diagnostic DatabaseLatency SqlExpress 2 null: SQL round-trip 2 ms
2026-08-07 10:30:12.351 +02:00 [INF] MRA EIS POST "https://dev-eis-api.mra.mw/api/v1/utilities/ping"
2026-08-07 10:30:12.385 +02:00 [INF] MRA POST /api/v1/utilities/ping status=200 success=true durationMs=31
2026-08-07 10:30:12.388 +02:00 [INF] ART Diagnostic MraConnectivity MraEis 37 1: MRA ping ok in 37 ms.
2026-08-07 10:30:12.436 +02:00 [INF] MRA EIS POST "https://dev-eis-api.mra.mw/api/v1/utilities/ping"
2026-08-07 10:30:12.461 +02:00 [INF] MRA POST /api/v1/utilities/ping status=200 success=true durationMs=31
2026-08-07 10:30:12.464 +02:00 [INF] MRA connectivity restored — waking offline sync worker.
2026-08-07 10:30:12.465 +02:00 [INF] ART Diagnostic HealthCheck HealthCheckWorker 2 null: All subsystems healthy (SQL 2 ms, disk 33.65 GB free).
2026-08-07 10:30:12.516 +02:00 [INF] MRA EIS POST "https://dev-eis-api.mra.mw/api/v1/utilities/ping"
2026-08-07 10:30:12.543 +02:00 [INF] MRA POST /api/v1/utilities/ping status=200 success=true durationMs=15
2026-08-07 10:30:12.552 +02:00 [INF] MRA connectivity restored — waking offline sync worker.
2026-08-07 10:30:12.602 +02:00 [INF] ART Diagnostic WorkerHeartbeat SystemHealthMonitorService null null: All monitored subsystems healthy.
2026-08-07 10:30:31.266 +02:00 [INF] MRA EIS POST "https://dev-eis-api.mra.mw/api/v1/utilities/ping"
2026-08-07 10:30:31.290 +02:00 [INF] MRA POST /api/v1/utilities/ping status=200 success=true durationMs=31
2026-08-07 10:30:31.294 +02:00 [INF] MRA connectivity restored — waking offline sync worker.
2026-08-07 10:30:34.935 +02:00 [INF] ART Diagnostic DatabaseLatency SqlExpress 1 null: Performance profile sample (FPS 0.0)
2026-08-07 10:30:51.047 +02:00 [INF] ART Diagnostic WorkerHeartbeat HealthCheckWorker null null: Heartbeat
2026-08-07 10:30:51.058 +02:00 [INF] ART Diagnostic DatabaseLatency SqlExpress 1 null: SQL round-trip 1 ms
2026-08-07 10:30:51.066 +02:00 [INF] MRA EIS POST "https://dev-eis-api.mra.mw/api/v1/utilities/ping"
2026-08-07 10:30:51.093 +02:00 [INF] MRA POST /api/v1/utilities/ping status=200 success=true durationMs=16
2026-08-07 10:30:51.097 +02:00 [INF] ART Diagnostic MraConnectivity MraEis 31 1: MRA ping ok in 31 ms.
2026-08-07 10:30:51.149 +02:00 [INF] MRA EIS POST "https://dev-eis-api.mra.mw/api/v1/utilities/ping"
2026-08-07 10:30:51.442 +02:00 [INF] MRA POST /api/v1/utilities/ping status=200 success=true durationMs=297
2026-08-07 10:30:51.451 +02:00 [INF] MRA connectivity restored — waking offline sync worker.
2026-08-07 10:30:51.452 +02:00 [INF] ART Diagnostic HealthCheck HealthCheckWorker 1 null: All subsystems healthy (SQL 1 ms, disk 33.65 GB free).
2026-08-07 10:30:53.177 +02:00 [INF] Inventory alert scan complete: 102 products, low=2, stockout=0, overstock=0, fast=0.
2026-08-07 10:30:57.611 +02:00 [INF] ART Diagnostic DatabaseLatency SqlExpress 1 null: SQL round-trip 1 ms
2026-08-07 10:30:57.620 +02:00 [INF] MRA EIS POST "https://dev-eis-api.mra.mw/api/v1/utilities/ping"
2026-08-07 10:30:57.696 +02:00 [INF] MRA POST /api/v1/utilities/ping status=200 success=true durationMs=79
2026-08-07 10:30:57.699 +02:00 [INF] ART Diagnostic MraConnectivity MraEis 78 1: MRA ping ok in 78 ms.
2026-08-07 10:30:57.750 +02:00 [INF] MRA EIS POST "https://dev-eis-api.mra.mw/api/v1/utilities/ping"
2026-08-07 10:30:57.774 +02:00 [INF] MRA POST /api/v1/utilities/ping status=200 success=true durationMs=16
2026-08-07 10:30:57.777 +02:00 [INF] MRA connectivity restored — waking offline sync worker.
2026-08-07 10:30:57.777 +02:00 [INF] ART Diagnostic HealthCheck HealthCheckWorker 1 null: All subsystems healthy (SQL 1 ms, disk 33.65 GB free).
2026-08-07 10:30:57.828 +02:00 [INF] MRA EIS POST "https://dev-eis-api.mra.mw/api/v1/utilities/ping"
2026-08-07 10:31:00.978 +02:00 [INF] MRA POST /api/v1/utilities/ping status=200 success=true durationMs=3156
2026-08-07 10:31:00.988 +02:00 [INF] MRA connectivity restored — waking offline sync worker.
2026-08-07 10:31:01.049 +02:00 [INF] ART Diagnostic WorkerHeartbeat SystemHealthMonitorService null null: All monitored subsystems healthy.
2026-08-07 10:31:04.950 +02:00 [INF] ART Diagnostic DatabaseLatency SqlExpress 2 null: Performance profile sample (FPS 0.0)
2026-08-07 10:31:11.274 +02:00 [INF] MRA EIS POST "https://dev-eis-api.mra.mw/api/v1/utilities/ping"
2026-08-07 10:31:11.337 +02:00 [INF] MRA POST /api/v1/utilities/ping status=200 success=true durationMs=63
2026-08-07 10:31:11.387 +02:00 [INF] MRA connectivity restored — waking offline sync worker.
2026-08-07 10:31:31.285 +02:00 [INF] MRA EIS POST "https://dev-eis-api.mra.mw/api/v1/utilities/ping"
2026-08-07 10:31:31.316 +02:00 [INF] MRA POST /api/v1/utilities/ping status=200 success=true durationMs=31
2026-08-07 10:31:31.326 +02:00 [INF] MRA connectivity restored — waking offline sync worker.
2026-08-07 10:31:34.989 +02:00 [INF] ART Diagnostic DatabaseLatency SqlExpress 1 null: Performance profile sample (FPS 0.0)
2026-08-07 10:31:36.463 +02:00 [INF] ART Diagnostic WorkerHeartbeat HealthCheckWorker null null: Heartbeat
2026-08-07 10:31:36.470 +02:00 [INF] ART Diagnostic DatabaseLatency SqlExpress 1 null: SQL round-trip 1 ms
2026-08-07 10:31:36.479 +02:00 [INF] MRA EIS POST "https://dev-eis-api.mra.mw/api/v1/utilities/ping"
2026-08-07 10:31:36.508 +02:00 [INF] MRA POST /api/v1/utilities/ping status=200 success=true durationMs=32
2026-08-07 10:31:36.512 +02:00 [INF] ART Diagnostic MraConnectivity MraEis 32 1: MRA ping ok in 32 ms.
2026-08-07 10:31:36.571 +02:00 [INF] MRA EIS POST "https://dev-eis-api.mra.mw/api/v1/utilities/ping"
2026-08-07 10:31:39.709 +02:00 [INF] MRA POST /api/v1/utilities/ping status=200 success=true durationMs=3141
2026-08-07 10:31:39.718 +02:00 [INF] MRA connectivity restored — waking offline sync worker.
2026-08-07 10:31:39.718 +02:00 [INF] ART Diagnostic HealthCheck HealthCheckWorker 1 null: All subsystems healthy (SQL 1 ms, disk 33.65 GB free).
2026-08-07 10:31:39.726 +02:00 [INF] MRA EIS POST "https://dev-eis-api.mra.mw/api/v1/sales/last-submitted-offline-transaction"
2026-08-07 10:31:39.836 +02:00 [INF] MRA POST /api/v1/sales/last-submitted-offline-transaction status=200 success=true durationMs=110
2026-08-07 10:31:39.839 +02:00 [WRN] MRA EIS last-submitted-offline-transaction returned success=false. Remark=Invoice details not found. Errors=[]. statusCode=1
2026-08-07 10:31:46.052 +02:00 [INF] ART Diagnostic DatabaseLatency SqlExpress 1 null: SQL round-trip 1 ms
2026-08-07 10:31:46.062 +02:00 [INF] MRA EIS POST "https://dev-eis-api.mra.mw/api/v1/utilities/ping"
2026-08-07 10:31:46.088 +02:00 [INF] MRA POST /api/v1/utilities/ping status=200 success=true durationMs=31
2026-08-07 10:31:46.106 +02:00 [INF] ART Diagnostic MraConnectivity MraEis 43 1: MRA ping ok in 43 ms.
2026-08-07 10:31:46.176 +02:00 [INF] MRA EIS POST "https://dev-eis-api.mra.mw/api/v1/utilities/ping"
2026-08-07 10:31:46.201 +02:00 [INF] MRA POST /api/v1/utilities/ping status=200 success=true durationMs=15
2026-08-07 10:31:46.205 +02:00 [INF] MRA connectivity restored — waking offline sync worker.
2026-08-07 10:31:46.205 +02:00 [INF] ART Diagnostic HealthCheck HealthCheckWorker 1 null: All subsystems healthy (SQL 1 ms, disk 33.65 GB free).
2026-08-07 10:31:46.263 +02:00 [INF] MRA EIS POST "https://dev-eis-api.mra.mw/api/v1/utilities/ping"
2026-08-07 10:31:46.286 +02:00 [INF] MRA POST /api/v1/utilities/ping status=200 success=true durationMs=31
2026-08-07 10:31:46.290 +02:00 [INF] MRA connectivity restored — waking offline sync worker.
2026-08-07 10:31:46.333 +02:00 [INF] ART Diagnostic WorkerHeartbeat SystemHealthMonitorService null null: All monitored subsystems healthy.
2026-08-07 10:31:51.279 +02:00 [INF] MRA EIS POST "https://dev-eis-api.mra.mw/api/v1/utilities/ping"
2026-08-07 10:31:51.301 +02:00 [INF] MRA POST /api/v1/utilities/ping status=200 success=true durationMs=32
2026-08-07 10:31:51.305 +02:00 [INF] MRA connectivity restored — waking offline sync worker.
2026-08-07 10:31:53.226 +02:00 [INF] Inventory alert scan complete: 102 products, low=2, stockout=0, overstock=0, fast=0.
2026-08-07 10:32:05.012 +02:00 [INF] ART Diagnostic DatabaseLatency SqlExpress 1 null: Performance profile sample (FPS 0.0)
2026-08-07 10:32:11.286 +02:00 [INF] MRA EIS POST "https://dev-eis-api.mra.mw/api/v1/utilities/ping"
2026-08-07 10:32:11.314 +02:00 [INF] MRA POST /api/v1/utilities/ping status=200 success=true durationMs=31
2026-08-07 10:32:11.318 +02:00 [INF] MRA connectivity restored — waking offline sync worker.
2026-08-07 10:32:24.761 +02:00 [INF] ART Diagnostic WorkerHeartbeat HealthCheckWorker null null: Heartbeat
2026-08-07 10:32:24.778 +02:00 [INF] ART Diagnostic DatabaseLatency SqlExpress 1 null: SQL round-trip 1 ms
2026-08-07 10:32:24.788 +02:00 [INF] MRA EIS POST "https://dev-eis-api.mra.mw/api/v1/utilities/ping"
2026-08-07 10:32:26.785 +02:00 [INF] MRA EIS POST "https://dev-eis-api.mra.mw/api/v1/configuration/get-latest-configs"
2026-08-07 10:32:26.785 +02:00 [INF] MRA EIS request payload for "https://dev-eis-api.mra.mw/api/v1/configuration/get-latest-configs": {}
2026-08-07 10:32:26.841 +02:00 [INF] MRA POST /api/v1/configuration/get-latest-configs status=200 success=true durationMs=47
2026-08-07 10:32:26.872 +02:00 [INF] Cached get-latest-configs for 7f578f46-0775-49bd-8749-226942412378. sellerTIN=31018345, siteId=BLc4f27da3-6c8e-4014-84b1-140886944c25, versions g/t/tp=1/1/1
2026-08-07 10:32:26.909 +02:00 [INF] Checkout fiscal identity ready. sellerTIN=31018345 siteId=BLc4f27da3-6c8e-4014-84b1-140886944c25 taxRateId=A versions g/t/tp=1/1/1 invoiceTinDigits=31018345
2026-08-07 10:32:26.958 +02:00 [INF] MRA EIS POST "https://dev-eis-api.mra.mw/api/v1/utilities/ping"
2026-08-07 10:32:26.976 +02:00 [INF] MRA POST /api/v1/utilities/ping status=200 success=true durationMs=15
2026-08-07 10:32:26.982 +02:00 [INF] MRA connectivity restored — waking offline sync worker.
2026-08-07 10:32:27.020 +02:00 [INF] MRA EIS POST "https://dev-eis-api.mra.mw/api/v1/configuration/get-latest-configs"
2026-08-07 10:32:27.020 +02:00 [INF] MRA EIS request payload for "https://dev-eis-api.mra.mw/api/v1/configuration/get-latest-configs": {}
2026-08-07 10:32:27.062 +02:00 [INF] MRA POST /api/v1/configuration/get-latest-configs status=200 success=true durationMs=32
2026-08-07 10:32:27.069 +02:00 [INF] Cached get-latest-configs for 7f578f46-0775-49bd-8749-226942412378. sellerTIN=31018345, siteId=BLc4f27da3-6c8e-4014-84b1-140886944c25, versions g/t/tp=1/1/1
2026-08-07 10:32:27.070 +02:00 [INF] Refreshed fiscal identity from get-latest-configs. sellerTIN=31018345 siteId=BLc4f27da3-6c8e-4014-84b1-140886944c25 taxRateId=A vatReg=true activated=[PIT,CGT,NRT,VAT,WHT] versions g/t/tp=1/1/1
2026-08-07 10:32:27.146 +02:00 [INF] Generated offline ValidationURL signature for invoice Cvp-D-JY5M-B (N=4, julian=2461260).
2026-08-07 10:32:27.553 +02:00 [INF] MRA EIS POST "https://dev-eis-api.mra.mw/api/v1/sales/submit-sales-transaction"
2026-08-07 10:32:27.554 +02:00 [INF] MRA EIS request payload for "https://dev-eis-api.mra.mw/api/v1/sales/submit-sales-transaction": {"invoiceHeader":{"invoiceNumber":"Cvp-D-JY5M-B","invoiceDateTime":"2026-08-07T08:32:26.989Z","sellerTIN":"31018345","buyerTIN":"20202020","siteId":"BLc4f27da3-6c8e-4014-84b1-140886944c25","globalConfigVersion":1,"taxpayerConfigVersion":1,"terminalConfigVersion":1,"isExport":false,"isReliefSupply":false,"paymentMethod":"Cash"},"invoiceLineItems":[{"id":1,"productCode":"990663831995","description":"Air Cleaner  13780-58B00","unitPrice":25850.00,"quantity":2,"discount":0,"total":44000.00,"totalVAT":7700.00,"taxRateId":"A","isProduct":true},{"id":2,"productCode":"456076017395","description":"Air Cleaner  13780-67 F01","unitPrice":25850.00,"quantity":1,"discount":0,"total":22000.00,"totalVAT":3850.00,"taxRateId":"A","isProduct":true},{"id":3,"productCode":"747157490635","description":"Air Cleaner  13780-58JF02","unitPrice":25850.00,"quantity":1,"discount":0,"total":22000.00,"totalVAT":3850.00,"taxRateId":"A","isProduct":true},{"id":4,"productCode":"990356104763","description":"Air Cleaner  13780-77A00","unitPrice":25850.00,"quantity":1,"discount":0,"total":22000.00,"totalVAT":3850.00,"taxRateId":"A","isProduct":true}],"invoiceSummary":{"taxBreakDown":[{"rateId":"A","taxableAmount":110000.00,"taxAmount":19250.00}],"totalVAT":19250.00,"offlineSignature":"UoSSqaLCvntMoXaRvjNKMz8Acp8uIMJXLew1wBYITeU","invoiceTotal":129250.00,"amountTendered":129250.00}}
2026-08-07 10:32:27.667 +02:00 [INF] MRA POST /api/v1/sales/submit-sales-transaction status=200 success=true durationMs=109
2026-08-07 10:32:27.679 +02:00 [WRN] MRA EIS logical failure for POST "https://dev-eis-api.mra.mw/api/v1/sales/submit-sales-transaction". statusCode=-2, remark=B2B transaction for this buyer requires a Purchase Authorization Code., errors=(none). RequestPayload={"invoiceHeader":{"invoiceNumber":"Cvp-D-JY5M-B","invoiceDateTime":"2026-08-07T08:32:26.989Z","sellerTIN":"31018345","buyerTIN":"20202020","siteId":"BLc4f27da3-6c8e-4014-84b1-140886944c25","globalConfigVersion":1,"taxpayerConfigVersion":1,"terminalConfigVersion":1,"isExport":false,"isReliefSupply":false,"paymentMethod":"Cash"},"invoiceLineItems":[{"id":1,"productCode":"990663831995","description":"Air Cleaner  13780-58B00","unitPrice":25850.00,"quantity":2,"discount":0,"total":44000.00,"totalVAT":7700.00,"taxRateId":"A","isProduct":true},{"id":2,"productCode":"456076017395","description":"Air Cleaner  13780-67 F01","unitPrice":25850.00,"quantity":1,"discount":0,"total":22000.00,"totalVAT":3850.00,"taxRateId":"A","isProduct":true},{"id":3,"productCode":"747157490635","description":"Air Cleaner  13780-58JF02","unitPrice":25850.00,"quantity":1,"discount":0,"total":22000.00,"totalVAT":3850.00,"taxRateId":"A","isProduct":true},{"id":4,"productCode":"990356104763","description":"Air Cleaner  13780-77A00","unitPrice":25850.00,"quantity":1,"discount":0,"total":22000.00,"totalVAT":3850.00,"taxRateId":"A","isProduct":true}],"invoiceSummary":{"taxBreakDown":[{"rateId":"A","taxableAmount":110000.00,"taxAmount":19250.00}],"totalVAT":19250.00,"offlineSignature":"UoSSqaLCvntMoXaRvjNKMz8Acp8uIMJXLew1wBYITeU","invoiceTotal":129250.00,"amountTendered":129250.00}}. ResponseBody={"statusCode":-2,"remark":"B2B transaction for this buyer requires a Purchase Authorization Code.","data":null,"errors":[]}
2026-08-07 10:32:27.679 +02:00 [WRN] MRA EIS sales/submit-sales-transaction returned success=false. Remark=B2B transaction for this buyer requires a Purchase Authorization Code.. Errors=[]. statusCode=-2
2026-08-07 10:32:27.697 +02:00 [WRN] MRA EIS failure classified. category="Unknown" action="RetryLater" statusCode=-2 primaryCode=-2 remark=B2B transaction for this buyer requires a Purchase Authorization Code. detail=statusCode=-2; primaryCode=-2; remark=B2B transaction for this buyer requires a Purchase Authorization Code.
2026-08-07 10:32:27.698 +02:00 [WRN] MRA EIS submission returned success=false for queue 1 invoice Cvp-D-JY5M-B. category="Unknown" action="RetryLater" detail=statusCode=-2; primaryCode=-2; remark=B2B transaction for this buyer requires a Purchase Authorization Code.
2026-08-07 10:32:27.741 +02:00 [INF] Generated offline ValidationURL signature for invoice Cvp-D-JY5M-B (N=4, julian=2461260).
2026-08-07 10:32:27.910 +02:00 [INF] MRA POST /api/v1/utilities/ping status=200 success=true durationMs=3125
2026-08-07 10:32:27.913 +02:00 [INF] ART Diagnostic MraConnectivity MraEis 3125 1: MRA ping ok in 3125 ms.
2026-08-07 10:32:27.977 +02:00 [INF] MRA EIS POST "https://dev-eis-api.mra.mw/api/v1/utilities/ping"
2026-08-07 10:32:28.003 +02:00 [INF] MRA POST /api/v1/utilities/ping status=200 success=true durationMs=16
2026-08-07 10:32:28.087 +02:00 [INF] MRA connectivity restored — waking offline sync worker.
2026-08-07 10:32:31.355 +02:00 [INF] ART Diagnostic DatabaseLatency SqlExpress 1 null: SQL round-trip 1 ms
2026-08-07 10:32:31.359 +02:00 [INF] MRA EIS POST "https://dev-eis-api.mra.mw/api/v1/utilities/ping"
2026-08-07 10:32:31.396 +02:00 [INF] MRA POST /api/v1/utilities/ping status=200 success=true durationMs=32
2026-08-07 10:32:31.398 +02:00 [INF] ART Diagnostic MraConnectivity MraEis 39 1: MRA ping ok in 39 ms.
2026-08-07 10:32:33.277 +02:00 [INF] ART Diagnostic HealthCheck HealthCheckWorker 1 null: All subsystems healthy (SQL 1 ms, disk 33.65 GB free).
2026-08-07 10:32:33.282 +02:00 [INF] ART Diagnostic HealthCheck HealthCheckWorker 1 null: All subsystems healthy (SQL 1 ms, disk 33.65 GB free).
2026-08-07 10:32:33.372 +02:00 [INF] MRA EIS POST "https://dev-eis-api.mra.mw/api/v1/utilities/ping"
2026-08-07 10:32:33.403 +02:00 [INF] MRA POST /api/v1/utilities/ping status=200 success=true durationMs=31
2026-08-07 10:32:33.407 +02:00 [INF] MRA connectivity restored — waking offline sync worker.
2026-08-07 10:32:33.456 +02:00 [INF] ART Diagnostic WorkerHeartbeat SystemHealthMonitorService null null: All monitored subsystems healthy.
2026-08-07 10:32:35.053 +02:00 [INF] ART Diagnostic DatabaseLatency SqlExpress 0 null: Performance profile sample (FPS 0.0)
2026-08-07 10:32:51.315 +02:00 [INF] MRA EIS POST "https://dev-eis-api.mra.mw/api/v1/utilities/ping"
2026-08-07 10:32:51.606 +02:00 [INF] MRA POST /api/v1/utilities/ping status=200 success=true durationMs=296
2026-08-07 10:32:51.614 +02:00 [INF] MRA connectivity restored — waking offline sync worker.
2026-08-07 10:32:53.311 +02:00 [INF] Inventory alert scan complete: 102 products, low=2, stockout=0, overstock=0, fast=0.
2026-08-07 10:33:05.091 +02:00 [INF] ART Diagnostic DatabaseLatency SqlExpress 1 null: Performance profile sample (FPS 0.0)
2026-08-07 10:33:06.734 +02:00 [INF] Generated offline ValidationURL signature for invoice Cvp-D-JY5M-B (N=4, julian=2461260).
2026-08-07 10:33:06.739 +02:00 [INF] Generated offline ValidationURL signature for invoice Cvp-D-JY5M-B (N=4, julian=2461260).
2026-08-07 10:33:06.768 +02:00 [INF] MRA EIS POST "https://dev-eis-api.mra.mw/api/v1/sales/submit-sales-transaction"
2026-08-07 10:33:06.768 +02:00 [INF] MRA EIS request payload for "https://dev-eis-api.mra.mw/api/v1/sales/submit-sales-transaction": {"invoiceHeader":{"invoiceNumber":"Cvp-D-JY5M-B","invoiceDateTime":"2026-08-07T08:32:26.989Z","sellerTIN":"31018345","buyerTIN":"20202020","siteId":"BLc4f27da3-6c8e-4014-84b1-140886944c25","globalConfigVersion":1,"taxpayerConfigVersion":1,"terminalConfigVersion":1,"isExport":false,"isReliefSupply":false,"paymentMethod":"Cash"},"invoiceLineItems":[{"id":1,"productCode":"990663831995","description":"Air Cleaner  13780-58B00","unitPrice":25850.00,"quantity":2,"discount":0,"total":44000.00,"totalVAT":7700.00,"taxRateId":"A","isProduct":true},{"id":2,"productCode":"456076017395","description":"Air Cleaner  13780-67 F01","unitPrice":25850.00,"quantity":1,"discount":0,"total":22000.00,"totalVAT":3850.00,"taxRateId":"A","isProduct":true},{"id":3,"productCode":"747157490635","description":"Air Cleaner  13780-58JF02","unitPrice":25850.00,"quantity":1,"discount":0,"total":22000.00,"totalVAT":3850.00,"taxRateId":"A","isProduct":true},{"id":4,"productCode":"990356104763","description":"Air Cleaner  13780-77A00","unitPrice":25850.00,"quantity":1,"discount":0,"total":22000.00,"totalVAT":3850.00,"taxRateId":"A","isProduct":true}],"invoiceSummary":{"taxBreakDown":[{"rateId":"A","taxableAmount":110000.00,"taxAmount":19250.00}],"totalVAT":19250.00,"offlineSignature":"UoSSqaLCvntMoXaRvjNKMz8Acp8uIMJXLew1wBYITeU","invoiceTotal":129250.00,"amountTendered":129250.00}}
2026-08-07 10:33:06.850 +02:00 [INF] MRA POST /api/v1/sales/submit-sales-transaction status=200 success=true durationMs=78
2026-08-07 10:33:06.857 +02:00 [WRN] MRA EIS logical failure for POST "https://dev-eis-api.mra.mw/api/v1/sales/submit-sales-transaction". statusCode=-2, remark=B2B transaction for this buyer requires a Purchase Authorization Code., errors=(none). RequestPayload={"invoiceHeader":{"invoiceNumber":"Cvp-D-JY5M-B","invoiceDateTime":"2026-08-07T08:32:26.989Z","sellerTIN":"31018345","buyerTIN":"20202020","siteId":"BLc4f27da3-6c8e-4014-84b1-140886944c25","globalConfigVersion":1,"taxpayerConfigVersion":1,"terminalConfigVersion":1,"isExport":false,"isReliefSupply":false,"paymentMethod":"Cash"},"invoiceLineItems":[{"id":1,"productCode":"990663831995","description":"Air Cleaner  13780-58B00","unitPrice":25850.00,"quantity":2,"discount":0,"total":44000.00,"totalVAT":7700.00,"taxRateId":"A","isProduct":true},{"id":2,"productCode":"456076017395","description":"Air Cleaner  13780-67 F01","unitPrice":25850.00,"quantity":1,"discount":0,"total":22000.00,"totalVAT":3850.00,"taxRateId":"A","isProduct":true},{"id":3,"productCode":"747157490635","description":"Air Cleaner  13780-58JF02","unitPrice":25850.00,"quantity":1,"discount":0,"total":22000.00,"totalVAT":3850.00,"taxRateId":"A","isProduct":true},{"id":4,"productCode":"990356104763","description":"Air Cleaner  13780-77A00","unitPrice":25850.00,"quantity":1,"discount":0,"total":22000.00,"totalVAT":3850.00,"taxRateId":"A","isProduct":true}],"invoiceSummary":{"taxBreakDown":[{"rateId":"A","taxableAmount":110000.00,"taxAmount":19250.00}],"totalVAT":19250.00,"offlineSignature":"UoSSqaLCvntMoXaRvjNKMz8Acp8uIMJXLew1wBYITeU","invoiceTotal":129250.00,"amountTendered":129250.00}}. ResponseBody={"statusCode":-2,"remark":"B2B transaction for this buyer requires a Purchase Authorization Code.","data":null,"errors":[]}
2026-08-07 10:33:06.858 +02:00 [WRN] MRA EIS sales/submit-sales-transaction returned success=false. Remark=B2B transaction for this buyer requires a Purchase Authorization Code.. Errors=[]. statusCode=-2
2026-08-07 10:33:06.858 +02:00 [WRN] MRA EIS failure classified. category="Unknown" action="RetryLater" statusCode=-2 primaryCode=-2 remark=B2B transaction for this buyer requires a Purchase Authorization Code. detail=statusCode=-2; primaryCode=-2; remark=B2B transaction for this buyer requires a Purchase Authorization Code.
2026-08-07 10:33:06.858 +02:00 [WRN] MRA EIS submission returned success=false for queue 1 invoice Cvp-D-JY5M-B. category="Unknown" action="RetryLater" detail=statusCode=-2; primaryCode=-2; remark=B2B transaction for this buyer requires a Purchase Authorization Code.
2026-08-07 10:33:06.870 +02:00 [INF] Offline sync drained 1 item(s) (submitted=0, quarantined=0).
2026-08-07 10:33:11.303 +02:00 [INF] MRA EIS POST "https://dev-eis-api.mra.mw/api/v1/utilities/ping"
2026-08-07 10:33:11.344 +02:00 [INF] MRA POST /api/v1/utilities/ping status=200 success=true durationMs=47
2026-08-07 10:33:11.372 +02:00 [INF] MRA connectivity restored — waking offline sync worker.
2026-08-07 10:33:11.376 +02:00 [INF] MRA EIS POST "https://dev-eis-api.mra.mw/api/v1/sales/last-submitted-offline-transaction"
2026-08-07 10:33:11.472 +02:00 [INF] MRA POST /api/v1/sales/last-submitted-offline-transaction status=200 success=true durationMs=94
2026-08-07 10:33:11.479 +02:00 [WRN] MRA EIS last-submitted-offline-transaction returned success=false. Remark=Invoice details not found. Errors=[]. statusCode=1
2026-08-07 10:33:18.321 +02:00 [INF] ART Diagnostic WorkerHeartbeat HealthCheckWorker null null: Heartbeat
2026-08-07 10:33:18.333 +02:00 [INF] ART Diagnostic DatabaseLatency SqlExpress 1 null: SQL round-trip 1 ms
2026-08-07 10:33:18.344 +02:00 [INF] MRA EIS POST "https://dev-eis-api.mra.mw/api/v1/utilities/ping"
2026-08-07 10:33:18.374 +02:00 [INF] MRA POST /api/v1/utilities/ping status=200 success=true durationMs=31
2026-08-07 10:33:18.378 +02:00 [INF] ART Diagnostic MraConnectivity MraEis 34 1: MRA ping ok in 34 ms.
2026-08-07 10:33:18.444 +02:00 [INF] MRA EIS POST "https://dev-eis-api.mra.mw/api/v1/utilities/ping"
2026-08-07 10:33:18.471 +02:00 [INF] MRA POST /api/v1/utilities/ping status=200 success=true durationMs=31
2026-08-07 10:33:18.474 +02:00 [INF] MRA connectivity restored — waking offline sync worker.
2026-08-07 10:33:18.474 +02:00 [INF] ART Diagnostic HealthCheck HealthCheckWorker 1 null: All subsystems healthy (SQL 1 ms, disk 33.65 GB free).
2026-08-07 10:33:18.635 +02:00 [INF] ART Diagnostic DatabaseLatency SqlExpress 1 null: SQL round-trip 1 ms
2026-08-07 10:33:18.643 +02:00 [INF] MRA EIS POST "https://dev-eis-api.mra.mw/api/v1/utilities/ping"
2026-08-07 10:33:18.670 +02:00 [INF] MRA POST /api/v1/utilities/ping status=200 success=true durationMs=31
2026-08-07 10:33:18.673 +02:00 [INF] ART Diagnostic MraConnectivity MraEis 30 1: MRA ping ok in 30 ms.
2026-08-07 10:33:18.719 +02:00 [INF] MRA EIS POST "https://dev-eis-api.mra.mw/api/v1/utilities/ping"
2026-08-07 10:33:18.743 +02:00 [INF] MRA POST /api/v1/utilities/ping status=200 success=true durationMs=31
2026-08-07 10:33:18.746 +02:00 [INF] MRA connectivity restored — waking offline sync worker.
2026-08-07 10:33:18.746 +02:00 [INF] ART Diagnostic HealthCheck HealthCheckWorker 1 null: All subsystems healthy (SQL 1 ms, disk 33.65 GB free).
2026-08-07 10:33:18.802 +02:00 [INF] MRA EIS POST "https://dev-eis-api.mra.mw/api/v1/utilities/ping"
2026-08-07 10:33:18.824 +02:00 [INF] MRA POST /api/v1/utilities/ping status=200 success=true durationMs=31
2026-08-07 10:33:18.827 +02:00 [INF] MRA connectivity restored — waking offline sync worker.
2026-08-07 10:33:18.868 +02:00 [INF] ART Diagnostic WorkerHeartbeat SystemHealthMonitorService null null: All monitored subsystems healthy.
2026-08-07 10:33:31.296 +02:00 [INF] MRA EIS POST "https://dev-eis-api.mra.mw/api/v1/utilities/ping"
2026-08-07 10:33:31.341 +02:00 [INF] MRA POST /api/v1/utilities/ping status=200 success=true durationMs=47
2026-08-07 10:33:31.347 +02:00 [INF] MRA connectivity restored — waking offline sync worker.
2026-08-07 10:33:35.156 +02:00 [INF] ART Diagnostic DatabaseLatency SqlExpress 1 null: Performance profile sample (FPS 0.0)
2026-08-07 10:33:51.306 +02:00 [INF] MRA EIS POST "https://dev-eis-api.mra.mw/api/v1/utilities/ping"
2026-08-07 10:33:51.351 +02:00 [INF] MRA POST /api/v1/utilities/ping status=200 success=true durationMs=46
2026-08-07 10:33:51.354 +02:00 [INF] MRA connectivity restored — waking offline sync worker.
2026-08-07 10:33:53.401 +02:00 [INF] Inventory alert scan complete: 102 products, low=2, stockout=0, overstock=0, fast=0.
2026-08-07 10:34:03.491 +02:00 [INF] ART Diagnostic WorkerHeartbeat HealthCheckWorker null null: Heartbeat
2026-08-07 10:34:03.500 +02:00 [INF] ART Diagnostic DatabaseLatency SqlExpress 1 null: SQL round-trip 1 ms
2026-08-07 10:34:03.509 +02:00 [INF] MRA EIS POST "https://dev-eis-api.mra.mw/api/v1/utilities/ping"
2026-08-07 10:34:03.883 +02:00 [INF] ART Diagnostic DatabaseLatency SqlExpress 1 null: SQL round-trip 1 ms
2026-08-07 10:34:03.896 +02:00 [INF] MRA EIS POST "https://dev-eis-api.mra.mw/api/v1/utilities/ping"
2026-08-07 10:34:03.948 +02:00 [INF] MRA POST /api/v1/utilities/ping status=200 success=true durationMs=62
2026-08-07 10:34:03.951 +02:00 [INF] ART Diagnostic MraConnectivity MraEis 55 1: MRA ping ok in 55 ms.
2026-08-07 10:34:04.005 +02:00 [INF] MRA EIS POST "https://dev-eis-api.mra.mw/api/v1/utilities/ping"
2026-08-07 10:34:04.026 +02:00 [INF] MRA POST /api/v1/utilities/ping status=200 success=true durationMs=515
2026-08-07 10:34:04.028 +02:00 [INF] ART Diagnostic MraConnectivity MraEis 519 1: MRA ping ok in 519 ms.
2026-08-07 10:34:04.030 +02:00 [INF] MRA POST /api/v1/utilities/ping status=200 success=true durationMs=31
2026-08-07 10:34:04.032 +02:00 [INF] ART Diagnostic HealthCheck HealthCheckWorker 1 null: All subsystems healthy (SQL 1 ms, disk 33.65 GB free).
2026-08-07 10:34:04.034 +02:00 [INF] MRA connectivity restored — waking offline sync worker.
2026-08-07 10:34:04.034 +02:00 [INF] ART Diagnostic HealthCheck HealthCheckWorker 1 null: All subsystems healthy (SQL 1 ms, disk 33.65 GB free).
2026-08-07 10:34:04.087 +02:00 [INF] MRA EIS POST "https://dev-eis-api.mra.mw/api/v1/utilities/ping"
2026-08-07 10:34:04.122 +02:00 [INF] MRA POST /api/v1/utilities/ping status=200 success=true durationMs=31
2026-08-07 10:34:04.124 +02:00 [INF] MRA connectivity restored — waking offline sync worker.
2026-08-07 10:34:04.165 +02:00 [INF] ART Diagnostic WorkerHeartbeat SystemHealthMonitorService null null: All monitored subsystems healthy.
2026-08-07 10:34:05.258 +02:00 [INF] ART Diagnostic DatabaseLatency SqlExpress 1 null: Performance profile sample (FPS 0.0)
2026-08-07 10:34:11.308 +02:00 [INF] MRA EIS POST "https://dev-eis-api.mra.mw/api/v1/utilities/ping"
2026-08-07 10:34:11.361 +02:00 [INF] MRA POST /api/v1/utilities/ping status=200 success=true durationMs=46
2026-08-07 10:34:11.364 +02:00 [INF] MRA connectivity restored — waking offline sync worker.
2026-08-07 10:34:11.378 +02:00 [INF] MRA EIS POST "https://dev-eis-api.mra.mw/api/v1/configuration/get-latest-configs"
2026-08-07 10:34:11.378 +02:00 [INF] MRA EIS request payload for "https://dev-eis-api.mra.mw/api/v1/configuration/get-latest-configs": {}
2026-08-07 10:34:11.427 +02:00 [INF] MRA POST /api/v1/configuration/get-latest-configs status=200 success=true durationMs=47
2026-08-07 10:34:11.444 +02:00 [INF] Cached get-latest-configs for 7f578f46-0775-49bd-8749-226942412378. sellerTIN=31018345, siteId=BLc4f27da3-6c8e-4014-84b1-140886944c25, versions g/t/tp=1/1/1
2026-08-07 10:34:11.445 +02:00 [INF] Refreshed fiscal identity from get-latest-configs. sellerTIN=31018345 siteId=BLc4f27da3-6c8e-4014-84b1-140886944c25 taxRateId=A vatReg=true activated=[PIT,CGT,NRT,VAT,WHT] versions g/t/tp=1/1/1
2026-08-07 10:34:11.449 +02:00 [INF] Generated offline ValidationURL signature for invoice Cvp-D-JY5M-B (N=4, julian=2461260).
2026-08-07 10:34:11.456 +02:00 [INF] Generated offline ValidationURL signature for invoice Cvp-D-JY5M-B (N=4, julian=2461260).
2026-08-07 10:34:11.463 +02:00 [INF] MRA EIS POST "https://dev-eis-api.mra.mw/api/v1/sales/submit-sales-transaction"
2026-08-07 10:34:11.463 +02:00 [INF] MRA EIS request payload for "https://dev-eis-api.mra.mw/api/v1/sales/submit-sales-transaction": {"invoiceHeader":{"invoiceNumber":"Cvp-D-JY5M-B","invoiceDateTime":"2026-08-07T08:32:26.989Z","sellerTIN":"31018345","buyerTIN":"20202020","siteId":"BLc4f27da3-6c8e-4014-84b1-140886944c25","globalConfigVersion":1,"taxpayerConfigVersion":1,"terminalConfigVersion":1,"isExport":false,"isReliefSupply":false,"paymentMethod":"Cash"},"invoiceLineItems":[{"id":1,"productCode":"990663831995","description":"Air Cleaner  13780-58B00","unitPrice":25850.00,"quantity":2,"discount":0,"total":44000.00,"totalVAT":7700.00,"taxRateId":"A","isProduct":true},{"id":2,"productCode":"456076017395","description":"Air Cleaner  13780-67 F01","unitPrice":25850.00,"quantity":1,"discount":0,"total":22000.00,"totalVAT":3850.00,"taxRateId":"A","isProduct":true},{"id":3,"productCode":"747157490635","description":"Air Cleaner  13780-58JF02","unitPrice":25850.00,"quantity":1,"discount":0,"total":22000.00,"totalVAT":3850.00,"taxRateId":"A","isProduct":true},{"id":4,"productCode":"990356104763","description":"Air Cleaner  13780-77A00","unitPrice":25850.00,"quantity":1,"discount":0,"total":22000.00,"totalVAT":3850.00,"taxRateId":"A","isProduct":true}],"invoiceSummary":{"taxBreakDown":[{"rateId":"A","taxableAmount":110000.00,"taxAmount":19250.00}],"totalVAT":19250.00,"offlineSignature":"UoSSqaLCvntMoXaRvjNKMz8Acp8uIMJXLew1wBYITeU","invoiceTotal":129250.00,"amountTendered":129250.00}}
2026-08-07 10:34:11.536 +02:00 [INF] MRA POST /api/v1/sales/submit-sales-transaction status=200 success=true durationMs=62
2026-08-07 10:34:11.539 +02:00 [WRN] MRA EIS logical failure for POST "https://dev-eis-api.mra.mw/api/v1/sales/submit-sales-transaction". statusCode=-2, remark=B2B transaction for this buyer requires a Purchase Authorization Code., errors=(none). RequestPayload={"invoiceHeader":{"invoiceNumber":"Cvp-D-JY5M-B","invoiceDateTime":"2026-08-07T08:32:26.989Z","sellerTIN":"31018345","buyerTIN":"20202020","siteId":"BLc4f27da3-6c8e-4014-84b1-140886944c25","globalConfigVersion":1,"taxpayerConfigVersion":1,"terminalConfigVersion":1,"isExport":false,"isReliefSupply":false,"paymentMethod":"Cash"},"invoiceLineItems":[{"id":1,"productCode":"990663831995","description":"Air Cleaner  13780-58B00","unitPrice":25850.00,"quantity":2,"discount":0,"total":44000.00,"totalVAT":7700.00,"taxRateId":"A","isProduct":true},{"id":2,"productCode":"456076017395","description":"Air Cleaner  13780-67 F01","unitPrice":25850.00,"quantity":1,"discount":0,"total":22000.00,"totalVAT":3850.00,"taxRateId":"A","isProduct":true},{"id":3,"productCode":"747157490635","description":"Air Cleaner  13780-58JF02","unitPrice":25850.00,"quantity":1,"discount":0,"total":22000.00,"totalVAT":3850.00,"taxRateId":"A","isProduct":true},{"id":4,"productCode":"990356104763","description":"Air Cleaner  13780-77A00","unitPrice":25850.00,"quantity":1,"discount":0,"total":22000.00,"totalVAT":3850.00,"taxRateId":"A","isProduct":true}],"invoiceSummary":{"taxBreakDown":[{"rateId":"A","taxableAmount":110000.00,"taxAmount":19250.00}],"totalVAT":19250.00,"offlineSignature":"UoSSqaLCvntMoXaRvjNKMz8Acp8uIMJXLew1wBYITeU","invoiceTotal":129250.00,"amountTendered":129250.00}}. ResponseBody={"statusCode":-2,"remark":"B2B transaction for this buyer requires a Purchase Authorization Code.","data":null,"errors":[]}
2026-08-07 10:34:11.539 +02:00 [WRN] MRA EIS sales/submit-sales-transaction returned success=false. Remark=B2B transaction for this buyer requires a Purchase Authorization Code.. Errors=[]. statusCode=-2
2026-08-07 10:34:11.539 +02:00 [WRN] MRA EIS failure classified. category="Unknown" action="RetryLater" statusCode=-2 primaryCode=-2 remark=B2B transaction for this buyer requires a Purchase Authorization Code. detail=statusCode=-2; primaryCode=-2; remark=B2B transaction for this buyer requires a Purchase Authorization Code.
2026-08-07 10:34:11.539 +02:00 [WRN] MRA EIS submission returned success=false for queue 1 invoice Cvp-D-JY5M-B. category="Unknown" action="RetryLater" detail=statusCode=-2; primaryCode=-2; remark=B2B transaction for this buyer requires a Purchase Authorization Code.
2026-08-07 10:34:11.695 +02:00 [INF] Offline sync drained 1 item(s) (submitted=0, quarantined=0).
2026-08-07 10:34:31.285 +02:00 [INF] MRA EIS POST "https://dev-eis-api.mra.mw/api/v1/utilities/ping"
2026-08-07 10:34:31.323 +02:00 [INF] MRA POST /api/v1/utilities/ping status=200 success=true durationMs=47
2026-08-07 10:34:31.332 +02:00 [INF] MRA connectivity restored — waking offline sync worker.
2026-08-07 10:34:35.318 +02:00 [INF] ART Diagnostic DatabaseLatency SqlExpress 1 null: Performance profile sample (FPS 0.0)
2026-08-07 10:34:46.373 +02:00 [INF] MRA EIS POST "https://dev-eis-api.mra.mw/api/v1/sales/last-submitted-offline-transaction"
2026-08-07 10:34:46.885 +02:00 [INF] MRA POST /api/v1/sales/last-submitted-offline-transaction status=200 success=true durationMs=516
2026-08-07 10:34:46.898 +02:00 [WRN] MRA EIS last-submitted-offline-transaction returned success=false. Remark=Invoice details not found. Errors=[]. statusCode=1
2026-08-07 10:34:49.053 +02:00 [INF] ART Diagnostic WorkerHeartbeat HealthCheckWorker null null: Heartbeat
2026-08-07 10:34:49.060 +02:00 [INF] ART Diagnostic DatabaseLatency SqlExpress 1 null: SQL round-trip 1 ms
2026-08-07 10:34:49.069 +02:00 [INF] MRA EIS POST "https://dev-eis-api.mra.mw/api/v1/utilities/ping"
2026-08-07 10:34:49.179 +02:00 [INF] ART Diagnostic DatabaseLatency SqlExpress 1 null: SQL round-trip 1 ms
2026-08-07 10:34:49.187 +02:00 [INF] MRA EIS POST "https://dev-eis-api.mra.mw/api/v1/utilities/ping"
2026-08-07 10:34:49.221 +02:00 [INF] MRA POST /api/v1/utilities/ping status=200 success=true durationMs=31
2026-08-07 10:34:49.224 +02:00 [INF] ART Diagnostic MraConnectivity MraEis 36 1: MRA ping ok in 36 ms.
2026-08-07 10:34:49.266 +02:00 [INF] MRA EIS POST "https://dev-eis-api.mra.mw/api/v1/utilities/ping"
2026-08-07 10:34:49.289 +02:00 [INF] MRA POST /api/v1/utilities/ping status=200 success=true durationMs=31
2026-08-07 10:34:49.292 +02:00 [INF] MRA connectivity restored — waking offline sync worker.
2026-08-07 10:34:49.292 +02:00 [INF] ART Diagnostic HealthCheck HealthCheckWorker 1 null: All subsystems healthy (SQL 1 ms, disk 33.65 GB free).
2026-08-07 10:34:49.338 +02:00 [INF] MRA EIS POST "https://dev-eis-api.mra.mw/api/v1/utilities/ping"
2026-08-07 10:34:52.151 +02:00 [INF] MRA POST /api/v1/utilities/ping status=200 success=true durationMs=2812
2026-08-07 10:34:52.155 +02:00 [INF] MRA POST /api/v1/utilities/ping status=200 success=true durationMs=3078
2026-08-07 10:34:52.163 +02:00 [INF] ART Diagnostic MraConnectivity MraEis 3094 1: MRA ping ok in 3094 ms.
2026-08-07 10:34:52.165 +02:00 [INF] MRA connectivity restored — waking offline sync worker.
2026-08-07 10:34:52.259 +02:00 [INF] ART Diagnostic WorkerHeartbeat SystemHealthMonitorService null null: All monitored subsystems healthy.
2026-08-07 10:34:52.269 +02:00 [INF] MRA EIS POST "https://dev-eis-api.mra.mw/api/v1/utilities/ping"
2026-08-07 10:34:52.300 +02:00 [INF] MRA POST /api/v1/utilities/ping status=200 success=true durationMs=31
2026-08-07 10:34:52.303 +02:00 [INF] MRA connectivity restored — waking offline sync worker.
2026-08-07 10:34:52.304 +02:00 [INF] ART Diagnostic HealthCheck HealthCheckWorker 1 null: All subsystems healthy (SQL 1 ms, disk 33.65 GB free).
2026-08-07 10:34:53.478 +02:00 [INF] Inventory alert scan complete: 102 products, low=2, stockout=0, overstock=0, fast=0.
2026-08-07 10:35:05.351 +02:00 [INF] ART Diagnostic DatabaseLatency SqlExpress 1 null: Performance profile sample (FPS 0.0)
2026-08-07 10:35:11.322 +02:00 [INF] MRA EIS POST "https://dev-eis-api.mra.mw/api/v1/utilities/ping"
2026-08-07 10:35:11.429 +02:00 [INF] MRA POST /api/v1/utilities/ping status=200 success=true durationMs=110
2026-08-07 10:35:11.450 +02:00 [INF] MRA connectivity restored — waking offline sync worker.
2026-08-07 10:35:21.950 +02:00 [INF] MRA EIS POST "https://dev-eis-api.mra.mw/api/v1/configuration/get-latest-configs"
2026-08-07 10:35:21.950 +02:00 [INF] MRA EIS request payload for "https://dev-eis-api.mra.mw/api/v1/configuration/get-latest-configs": {}
2026-08-07 10:35:22.028 +02:00 [INF] MRA POST /api/v1/configuration/get-latest-configs status=200 success=true durationMs=78
2026-08-07 10:35:22.067 +02:00 [INF] Cached get-latest-configs for 7f578f46-0775-49bd-8749-226942412378. sellerTIN=31018345, siteId=BLc4f27da3-6c8e-4014-84b1-140886944c25, versions g/t/tp=1/1/1
2026-08-07 10:35:22.077 +02:00 [INF] Checkout fiscal identity ready. sellerTIN=31018345 siteId=BLc4f27da3-6c8e-4014-84b1-140886944c25 taxRateId=A versions g/t/tp=1/1/1 invoiceTinDigits=31018345
2026-08-07 10:35:22.127 +02:00 [INF] MRA EIS POST "https://dev-eis-api.mra.mw/api/v1/utilities/ping"
2026-08-07 10:35:22.159 +02:00 [INF] MRA POST /api/v1/utilities/ping status=200 success=true durationMs=31
2026-08-07 10:35:22.162 +02:00 [INF] MRA connectivity restored — waking offline sync worker.
2026-08-07 10:35:22.182 +02:00 [INF] Generated offline ValidationURL signature for invoice Cvp-D-JY5M-C (N=5, julian=2461260).
2026-08-07 10:35:22.270 +02:00 [INF] MRA EIS POST "https://dev-eis-api.mra.mw/api/v1/sales/submit-sales-transaction"
2026-08-07 10:35:22.270 +02:00 [INF] MRA EIS request payload for "https://dev-eis-api.mra.mw/api/v1/sales/submit-sales-transaction": {"invoiceHeader":{"invoiceNumber":"Cvp-D-JY5M-C","invoiceDateTime":"2026-08-07T08:35:22.163Z","sellerTIN":"31018345","siteId":"BLc4f27da3-6c8e-4014-84b1-140886944c25","globalConfigVersion":1,"taxpayerConfigVersion":1,"terminalConfigVersion":1,"isExport":false,"isReliefSupply":false,"paymentMethod":"Cash"},"invoiceLineItems":[{"id":1,"productCode":"456076017395","description":"Air Cleaner  13780-67 F01","unitPrice":25850.00,"quantity":1,"discount":0,"total":22000.00,"totalVAT":3850.00,"taxRateId":"A","isProduct":true},{"id":2,"productCode":"747157490635","description":"Air Cleaner  13780-58JF02","unitPrice":25850.00,"quantity":1,"discount":0,"total":22000.00,"totalVAT":3850.00,"taxRateId":"A","isProduct":true},{"id":3,"productCode":"460521238790","description":"Air Cleaner  17801-54170","unitPrice":25850.00,"quantity":1,"discount":0,"total":22000.00,"totalVAT":3850.00,"taxRateId":"A","isProduct":true},{"id":4,"productCode":"689408544536","description":"Air Cleaner  17801-54180","unitPrice":25850.00,"quantity":1,"discount":0,"total":22000.00,"totalVAT":3850.00,"taxRateId":"A","isProduct":true},{"id":5,"productCode":"115777330647","description":"Air Cleaner  740 20","unitPrice":25850.00,"quantity":1,"discount":0,"total":22000.00,"totalVAT":3850.00,"taxRateId":"A","isProduct":true}],"invoiceSummary":{"taxBreakDown":[{"rateId":"A","taxableAmount":110000.00,"taxAmount":19250.00}],"totalVAT":19250.00,"offlineSignature":"WX1qrO3J5CCl_sNQT576vcsBlkAywJ8zXWc-DQkgdR0","invoiceTotal":129250.00,"amountTendered":129250.00}}
2026-08-07 10:35:25.538 +02:00 [INF] MRA POST /api/v1/sales/submit-sales-transaction status=200 success=true durationMs=3266
2026-08-07 10:35:31.287 +02:00 [INF] MRA EIS POST "https://dev-eis-api.mra.mw/api/v1/utilities/ping"
2026-08-07 10:35:31.326 +02:00 [INF] MRA POST /api/v1/utilities/ping status=200 success=true durationMs=31
2026-08-07 10:35:31.332 +02:00 [INF] MRA connectivity restored — waking offline sync worker.
2026-08-07 10:35:35.406 +02:00 [INF] ART Diagnostic DatabaseLatency SqlExpress 1 null: Performance profile sample (FPS 0.0)
2026-08-07 10:35:37.271 +02:00 [INF] ART Diagnostic DatabaseLatency SqlExpress 1 null: SQL round-trip 1 ms
2026-08-07 10:35:37.293 +02:00 [INF] MRA EIS POST "https://dev-eis-api.mra.mw/api/v1/utilities/ping"
2026-08-07 10:35:37.317 +02:00 [INF] ART Diagnostic WorkerHeartbeat HealthCheckWorker null null: Heartbeat
2026-08-07 10:35:37.320 +02:00 [INF] ART Diagnostic DatabaseLatency SqlExpress 0 null: SQL round-trip 0 ms
2026-08-07 10:35:37.324 +02:00 [INF] MRA EIS POST "https://dev-eis-api.mra.mw/api/v1/utilities/ping"
2026-08-07 10:35:37.333 +02:00 [INF] MRA POST /api/v1/utilities/ping status=200 success=true durationMs=47
2026-08-07 10:35:37.341 +02:00 [INF] ART Diagnostic MraConnectivity MraEis 47 1: MRA ping ok in 47 ms.
2026-08-07 10:35:37.358 +02:00 [INF] MRA POST /api/v1/utilities/ping status=200 success=true durationMs=31
2026-08-07 10:35:37.374 +02:00 [INF] ART Diagnostic MraConnectivity MraEis 49 1: MRA ping ok in 49 ms.
2026-08-07 10:35:37.378 +02:00 [INF] ART Diagnostic HealthCheck HealthCheckWorker 0 null: All subsystems healthy (SQL 0 ms, disk 33.65 GB free).
2026-08-07 10:35:37.403 +02:00 [INF] MRA EIS POST "https://dev-eis-api.mra.mw/api/v1/utilities/ping"
2026-08-07 10:35:40.538 +02:00 [INF] MRA POST /api/v1/utilities/ping status=200 success=true durationMs=3141
2026-08-07 10:35:40.549 +02:00 [INF] MRA connectivity restored — waking offline sync worker.
2026-08-07 10:35:40.550 +02:00 [INF] ART Diagnostic HealthCheck HealthCheckWorker 1 null: All subsystems healthy (SQL 1 ms, disk 33.65 GB free).
2026-08-07 10:35:40.624 +02:00 [INF] MRA EIS POST "https://dev-eis-api.mra.mw/api/v1/utilities/ping"
2026-08-07 10:35:40.651 +02:00 [INF] MRA POST /api/v1/utilities/ping status=200 success=true durationMs=31
2026-08-07 10:35:40.654 +02:00 [INF] MRA connectivity restored — waking offline sync worker.
2026-08-07 10:35:40.696 +02:00 [INF] ART Diagnostic WorkerHeartbeat SystemHealthMonitorService null null: All monitored subsystems healthy.
2026-08-07 10:35:51.285 +02:00 [INF] MRA EIS POST "https://dev-eis-api.mra.mw/api/v1/utilities/ping"
2026-08-07 10:35:51.320 +02:00 [INF] MRA POST /api/v1/utilities/ping status=200 success=true durationMs=31
2026-08-07 10:35:51.350 +02:00 [INF] MRA connectivity restored — waking offline sync worker.
2026-08-07 10:35:53.551 +02:00 [INF] Inventory alert scan complete: 102 products, low=2, stockout=0, overstock=0, fast=0.
2026-08-07 10:36:05.451 +02:00 [INF] ART Diagnostic DatabaseLatency SqlExpress 1 null: Performance profile sample (FPS 0.0)
2026-08-07 10:36:11.298 +02:00 [INF] MRA EIS POST "https://dev-eis-api.mra.mw/api/v1/utilities/ping"
2026-08-07 10:36:11.320 +02:00 [INF] MRA POST /api/v1/utilities/ping status=200 success=true durationMs=31
2026-08-07 10:36:11.327 +02:00 [INF] MRA connectivity restored — waking offline sync worker.
2026-08-07 10:36:22.393 +02:00 [INF] ART Diagnostic WorkerHeartbeat HealthCheckWorker null null: Heartbeat
2026-08-07 10:36:22.402 +02:00 [INF] ART Diagnostic DatabaseLatency SqlExpress 1 null: SQL round-trip 1 ms
2026-08-07 10:36:22.412 +02:00 [INF] MRA EIS POST "https://dev-eis-api.mra.mw/api/v1/utilities/ping"
2026-08-07 10:36:22.645 +02:00 [INF] MRA POST /api/v1/utilities/ping status=200 success=true durationMs=234
2026-08-07 10:36:22.651 +02:00 [INF] ART Diagnostic MraConnectivity MraEis 239 1: MRA ping ok in 239 ms.
2026-08-07 10:36:22.724 +02:00 [INF] MRA EIS POST "https://dev-eis-api.mra.mw/api/v1/utilities/ping"
2026-08-07 10:36:22.745 +02:00 [INF] MRA POST /api/v1/utilities/ping status=200 success=true durationMs=16
2026-08-07 10:36:22.748 +02:00 [INF] MRA connectivity restored — waking offline sync worker.
2026-08-07 10:36:22.749 +02:00 [INF] ART Diagnostic HealthCheck HealthCheckWorker 1 null: All subsystems healthy (SQL 1 ms, disk 33.65 GB free).
2026-08-07 10:36:22.755 +02:00 [INF] MRA EIS POST "https://dev-eis-api.mra.mw/api/v1/sales/last-submitted-offline-transaction"
2026-08-07 10:36:23.198 +02:00 [INF] MRA POST /api/v1/sales/last-submitted-offline-transaction status=200 success=true durationMs=437
2026-08-07 10:36:23.238 +02:00 [WRN] Unable to query last-submitted-offline-transaction for sequence check.
PointOfSale.Mra.Http.MraApiException: Invalid MRA EIS response JSON.
 ---> System.Text.Json.JsonException: The JSON value could not be converted to System.Decimal. Path: $.data.invoiceSummary.amountTendered | LineNumber: 0 | BytePositionInLine: 1764.
 ---> System.InvalidOperationException: Cannot get the value of a token type 'Null' as a number.
   at System.Text.Json.ThrowHelper.ThrowInvalidOperationException_ExpectedNumber(JsonTokenType tokenType)
   at System.Text.Json.Serialization.Metadata.JsonPropertyInfo`1.ReadJsonAndSetMember(Object obj, ReadStack& state, Utf8JsonReader& reader)
   at System.Text.Json.Serialization.Converters.ObjectDefaultConverter`1.OnTryRead(Utf8JsonReader& reader, Type typeToConvert, JsonSerializerOptions options, ReadStack& state, T& value)
   at System.Text.Json.Serialization.JsonConverter`1.TryRead(Utf8JsonReader& reader, Type typeToConvert, JsonSerializerOptions options, ReadStack& state, T& value, Boolean& isPopulatedValue)
   at System.Text.Json.Serialization.Metadata.JsonPropertyInfo`1.ReadJsonAndSetMember(Object obj, ReadStack& state, Utf8JsonReader& reader)
   at System.Text.Json.Serialization.Converters.ObjectDefaultConverter`1.OnTryRead(Utf8JsonReader& reader, Type typeToConvert, JsonSerializerOptions options, ReadStack& state, T& value)
   at System.Text.Json.Serialization.JsonConverter`1.TryRead(Utf8JsonReader& reader, Type typeToConvert, JsonSerializerOptions options, ReadStack& state, T& value, Boolean& isPopulatedValue)
   at System.Text.Json.Serialization.Metadata.JsonPropertyInfo`1.ReadJsonAndSetMember(Object obj, ReadStack& state, Utf8JsonReader& reader)
   at System.Text.Json.Serialization.Converters.ObjectDefaultConverter`1.OnTryRead(Utf8JsonReader& reader, Type typeToConvert, JsonSerializerOptions options, ReadStack& state, T& value)
   at System.Text.Json.Serialization.JsonConverter`1.TryRead(Utf8JsonReader& reader, Type typeToConvert, JsonSerializerOptions options, ReadStack& state, T& value, Boolean& isPopulatedValue)
   at System.Text.Json.Serialization.JsonConverter`1.ReadCore(Utf8JsonReader& reader, JsonSerializerOptions options, ReadStack& state)
   --- End of inner exception stack trace ---
   at System.Text.Json.ThrowHelper.ReThrowWithPath(ReadStack& state, Utf8JsonReader& reader, Exception ex)
   at System.Text.Json.Serialization.JsonConverter`1.ReadCore(Utf8JsonReader& reader, JsonSerializerOptions options, ReadStack& state)
   at System.Text.Json.JsonSerializer.ReadFromSpan[TValue](ReadOnlySpan`1 json, JsonTypeInfo`1 jsonTypeInfo)
   at System.Text.Json.JsonSerializer.Deserialize[TValue](String json, JsonSerializerOptions options)
   at PointOfSale.Infrastructure.Services.MraApiClient.SendAsync[TResponse](HttpRequestMessage request, String auditRequestBody, CancellationToken cancellationToken) in C:\Users\Albert Zee\Documents\Projects\Point Of Sale\src\PointOfSale.Infrastructure\Services\MraApiClient.cs:line 309
   --- End of inner exception stack trace ---
   at PointOfSale.Infrastructure.Services.MraApiClient.SendAsync[TResponse](HttpRequestMessage request, String auditRequestBody, CancellationToken cancellationToken) in C:\Users\Albert Zee\Documents\Projects\Point Of Sale\src\PointOfSale.Infrastructure\Services\MraApiClient.cs:line 323
   at PointOfSale.Infrastructure.Services.MraApiClient.PostEmptyAsync[TResponse](String relativePath, MraRequestContext context, CancellationToken cancellationToken) in C:\Users\Albert Zee\Documents\Projects\Point Of Sale\src\PointOfSale.Infrastructure\Services\MraApiClient.cs:line 249
   at PointOfSale.Infrastructure.Services.SalesTransactionService.GetLastSubmittedTransactionAsync(String relativePath, String channelLabel, CancellationToken cancellationToken) in C:\Users\Albert Zee\Documents\Projects\Point Of Sale\src\PointOfSale.Infrastructure\Services\SalesTransactionService.cs:line 86
   at PointOfSale.Infrastructure.Services.SalesTransactionService.VerifySequenceContinuityAsync(Func`2 lookupFactory, String channelLabel, CancellationToken cancellationToken) in C:\Users\Albert Zee\Documents\Projects\Point Of Sale\src\PointOfSale.Infrastructure\Services\SalesTransactionService.cs:line 153
2026-08-07 10:36:23.308 +02:00 [INF] MRA EIS POST "https://dev-eis-api.mra.mw/api/v1/configuration/get-latest-configs"
2026-08-07 10:36:23.308 +02:00 [INF] MRA EIS request payload for "https://dev-eis-api.mra.mw/api/v1/configuration/get-latest-configs": {}
2026-08-07 10:36:23.362 +02:00 [INF] MRA POST /api/v1/configuration/get-latest-configs status=200 success=true durationMs=62
2026-08-07 10:36:23.377 +02:00 [INF] Cached get-latest-configs for 7f578f46-0775-49bd-8749-226942412378. sellerTIN=31018345, siteId=BLc4f27da3-6c8e-4014-84b1-140886944c25, versions g/t/tp=1/1/1
2026-08-07 10:36:23.377 +02:00 [INF] Refreshed fiscal identity from get-latest-configs. sellerTIN=31018345 siteId=BLc4f27da3-6c8e-4014-84b1-140886944c25 taxRateId=A vatReg=true activated=[PIT,CGT,NRT,VAT,WHT] versions g/t/tp=1/1/1
2026-08-07 10:36:23.380 +02:00 [INF] Generated offline ValidationURL signature for invoice Cvp-D-JY5M-B (N=4, julian=2461260).
2026-08-07 10:36:23.383 +02:00 [INF] Generated offline ValidationURL signature for invoice Cvp-D-JY5M-B (N=4, julian=2461260).
2026-08-07 10:36:23.388 +02:00 [INF] MRA EIS POST "https://dev-eis-api.mra.mw/api/v1/sales/submit-sales-transaction"
2026-08-07 10:36:23.388 +02:00 [INF] MRA EIS request payload for "https://dev-eis-api.mra.mw/api/v1/sales/submit-sales-transaction": {"invoiceHeader":{"invoiceNumber":"Cvp-D-JY5M-B","invoiceDateTime":"2026-08-07T08:32:26.989Z","sellerTIN":"31018345","buyerTIN":"20202020","siteId":"BLc4f27da3-6c8e-4014-84b1-140886944c25","globalConfigVersion":1,"taxpayerConfigVersion":1,"terminalConfigVersion":1,"isExport":false,"isReliefSupply":false,"paymentMethod":"Cash"},"invoiceLineItems":[{"id":1,"productCode":"990663831995","description":"Air Cleaner  13780-58B00","unitPrice":25850.00,"quantity":2,"discount":0,"total":44000.00,"totalVAT":7700.00,"taxRateId":"A","isProduct":true},{"id":2,"productCode":"456076017395","description":"Air Cleaner  13780-67 F01","unitPrice":25850.00,"quantity":1,"discount":0,"total":22000.00,"totalVAT":3850.00,"taxRateId":"A","isProduct":true},{"id":3,"productCode":"747157490635","description":"Air Cleaner  13780-58JF02","unitPrice":25850.00,"quantity":1,"discount":0,"total":22000.00,"totalVAT":3850.00,"taxRateId":"A","isProduct":true},{"id":4,"productCode":"990356104763","description":"Air Cleaner  13780-77A00","unitPrice":25850.00,"quantity":1,"discount":0,"total":22000.00,"totalVAT":3850.00,"taxRateId":"A","isProduct":true}],"invoiceSummary":{"taxBreakDown":[{"rateId":"A","taxableAmount":110000.00,"taxAmount":19250.00}],"totalVAT":19250.00,"offlineSignature":"UoSSqaLCvntMoXaRvjNKMz8Acp8uIMJXLew1wBYITeU","invoiceTotal":129250.00,"amountTendered":129250.00}}
2026-08-07 10:36:23.479 +02:00 [INF] MRA POST /api/v1/sales/submit-sales-transaction status=200 success=true durationMs=93
2026-08-07 10:36:23.486 +02:00 [WRN] MRA EIS logical failure for POST "https://dev-eis-api.mra.mw/api/v1/sales/submit-sales-transaction". statusCode=-2, remark=B2B transaction for this buyer requires a Purchase Authorization Code., errors=(none). RequestPayload={"invoiceHeader":{"invoiceNumber":"Cvp-D-JY5M-B","invoiceDateTime":"2026-08-07T08:32:26.989Z","sellerTIN":"31018345","buyerTIN":"20202020","siteId":"BLc4f27da3-6c8e-4014-84b1-140886944c25","globalConfigVersion":1,"taxpayerConfigVersion":1,"terminalConfigVersion":1,"isExport":false,"isReliefSupply":false,"paymentMethod":"Cash"},"invoiceLineItems":[{"id":1,"productCode":"990663831995","description":"Air Cleaner  13780-58B00","unitPrice":25850.00,"quantity":2,"discount":0,"total":44000.00,"totalVAT":7700.00,"taxRateId":"A","isProduct":true},{"id":2,"productCode":"456076017395","description":"Air Cleaner  13780-67 F01","unitPrice":25850.00,"quantity":1,"discount":0,"total":22000.00,"totalVAT":3850.00,"taxRateId":"A","isProduct":true},{"id":3,"productCode":"747157490635","description":"Air Cleaner  13780-58JF02","unitPrice":25850.00,"quantity":1,"discount":0,"total":22000.00,"totalVAT":3850.00,"taxRateId":"A","isProduct":true},{"id":4,"productCode":"990356104763","description":"Air Cleaner  13780-77A00","unitPrice":25850.00,"quantity":1,"discount":0,"total":22000.00,"totalVAT":3850.00,"taxRateId":"A","isProduct":true}],"invoiceSummary":{"taxBreakDown":[{"rateId":"A","taxableAmount":110000.00,"taxAmount":19250.00}],"totalVAT":19250.00,"offlineSignature":"UoSSqaLCvntMoXaRvjNKMz8Acp8uIMJXLew1wBYITeU","invoiceTotal":129250.00,"amountTendered":129250.00}}. ResponseBody={"statusCode":-2,"remark":"B2B transaction for this buyer requires a Purchase Authorization Code.","data":null,"errors":[]}
2026-08-07 10:36:23.486 +02:00 [WRN] MRA EIS sales/submit-sales-transaction returned success=false. Remark=B2B transaction for this buyer requires a Purchase Authorization Code.. Errors=[]. statusCode=-2
2026-08-07 10:36:23.486 +02:00 [WRN] MRA EIS failure classified. category="Unknown" action="RetryLater" statusCode=-2 primaryCode=-2 remark=B2B transaction for this buyer requires a Purchase Authorization Code. detail=statusCode=-2; primaryCode=-2; remark=B2B transaction for this buyer requires a Purchase Authorization Code.
2026-08-07 10:36:23.486 +02:00 [WRN] MRA EIS submission returned success=false for queue 1 invoice Cvp-D-JY5M-B. category="Unknown" action="RetryLater" detail=statusCode=-2; primaryCode=-2; remark=B2B transaction for this buyer requires a Purchase Authorization Code.
2026-08-07 10:36:23.581 +02:00 [INF] Offline sync drained 1 item(s) (submitted=0, quarantined=0).
2026-08-07 10:36:25.707 +02:00 [INF] ART Diagnostic DatabaseLatency SqlExpress 1 null: SQL round-trip 1 ms
2026-08-07 10:36:25.716 +02:00 [INF] MRA EIS POST "https://dev-eis-api.mra.mw/api/v1/utilities/ping"
2026-08-07 10:36:26.606 +02:00 [INF] MRA POST /api/v1/utilities/ping status=200 success=true durationMs=890
2026-08-07 10:36:26.620 +02:00 [INF] ART Diagnostic MraConnectivity MraEis 903 1: MRA ping ok in 903 ms.
2026-08-07 10:36:26.673 +02:00 [INF] MRA EIS POST "https://dev-eis-api.mra.mw/api/v1/utilities/ping"
2026-08-07 10:36:26.697 +02:00 [INF] MRA POST /api/v1/utilities/ping status=200 success=true durationMs=31
2026-08-07 10:36:26.700 +02:00 [INF] MRA connectivity restored — waking offline sync worker.
2026-08-07 10:36:26.701 +02:00 [INF] ART Diagnostic HealthCheck HealthCheckWorker 1 null: All subsystems healthy (SQL 1 ms, disk 33.65 GB free).
2026-08-07 10:36:26.756 +02:00 [INF] MRA EIS POST "https://dev-eis-api.mra.mw/api/v1/utilities/ping"
2026-08-07 10:36:26.805 +02:00 [INF] MRA POST /api/v1/utilities/ping status=200 success=true durationMs=47
2026-08-07 10:36:26.812 +02:00 [INF] MRA connectivity restored — waking offline sync worker.
2026-08-07 10:36:26.884 +02:00 [INF] ART Diagnostic WorkerHeartbeat SystemHealthMonitorService null null: All monitored subsystems healthy.
2026-08-07 10:36:31.293 +02:00 [INF] MRA EIS POST "https://dev-eis-api.mra.mw/api/v1/utilities/ping"
2026-08-07 10:36:31.316 +02:00 [INF] MRA POST /api/v1/utilities/ping status=200 success=true durationMs=31
2026-08-07 10:36:31.319 +02:00 [INF] MRA connectivity restored — waking offline sync worker.
2026-08-07 10:36:35.543 +02:00 [INF] ART Diagnostic DatabaseLatency SqlExpress 0 null: Performance profile sample (FPS 0.0)
2026-08-07 10:36:51.323 +02:00 [INF] MRA EIS POST "https://dev-eis-api.mra.mw/api/v1/utilities/ping"
2026-08-07 10:36:51.352 +02:00 [INF] MRA POST /api/v1/utilities/ping status=200 success=true durationMs=31
2026-08-07 10:36:51.359 +02:00 [INF] MRA connectivity restored — waking offline sync worker.
2026-08-07 10:36:53.637 +02:00 [INF] Inventory alert scan complete: 102 products, low=2, stockout=0, overstock=0, fast=0.
2026-08-07 10:37:05.568 +02:00 [INF] ART Diagnostic DatabaseLatency SqlExpress 0 null: Performance profile sample (FPS 0.0)
2026-08-07 10:37:07.768 +02:00 [INF] ART Diagnostic WorkerHeartbeat HealthCheckWorker null null: Heartbeat
2026-08-07 10:37:07.836 +02:00 [INF] ART Diagnostic DatabaseLatency SqlExpress 0 null: SQL round-trip 0 ms
2026-08-07 10:37:07.840 +02:00 [INF] MRA EIS POST "https://dev-eis-api.mra.mw/api/v1/utilities/ping"
2026-08-07 10:37:07.864 +02:00 [INF] MRA POST /api/v1/utilities/ping status=200 success=true durationMs=31
2026-08-07 10:37:07.867 +02:00 [INF] ART Diagnostic MraConnectivity MraEis 26 1: MRA ping ok in 26 ms.
2026-08-07 10:37:07.914 +02:00 [INF] MRA EIS POST "https://dev-eis-api.mra.mw/api/v1/utilities/ping"
2026-08-07 10:37:11.030 +02:00 [INF] MRA POST /api/v1/utilities/ping status=200 success=true durationMs=3109
2026-08-07 10:37:11.240 +02:00 [INF] MRA connectivity restored — waking offline sync worker.
2026-08-07 10:37:11.241 +02:00 [INF] ART Diagnostic HealthCheck HealthCheckWorker 0 null: All subsystems healthy (SQL 0 ms, disk 33.65 GB free).
2026-08-07 10:37:11.894 +02:00 [INF] ART Diagnostic DatabaseLatency SqlExpress 2 null: SQL round-trip 2 ms
2026-08-07 10:37:11.929 +02:00 [INF] MRA EIS POST "https://dev-eis-api.mra.mw/api/v1/utilities/ping"
2026-08-07 10:37:11.956 +02:00 [INF] MRA POST /api/v1/utilities/ping status=200 success=true durationMs=31
2026-08-07 10:37:12.004 +02:00 [INF] ART Diagnostic MraConnectivity MraEis 75 1: MRA ping ok in 75 ms.
2026-08-07 10:37:12.069 +02:00 [INF] MRA EIS POST "https://dev-eis-api.mra.mw/api/v1/utilities/ping"
2026-08-07 10:37:12.088 +02:00 [INF] MRA POST /api/v1/utilities/ping status=200 success=true durationMs=16
2026-08-07 10:37:12.091 +02:00 [INF] MRA connectivity restored — waking offline sync worker.
2026-08-07 10:37:12.092 +02:00 [INF] ART Diagnostic HealthCheck HealthCheckWorker 2 null: All subsystems healthy (SQL 2 ms, disk 33.65 GB free).
2026-08-07 10:37:12.144 +02:00 [INF] MRA EIS POST "https://dev-eis-api.mra.mw/api/v1/utilities/ping"
2026-08-07 10:37:12.161 +02:00 [INF] MRA POST /api/v1/utilities/ping status=200 success=true durationMs=16
2026-08-07 10:37:12.164 +02:00 [INF] MRA connectivity restored — waking offline sync worker.
2026-08-07 10:37:12.209 +02:00 [INF] ART Diagnostic WorkerHeartbeat SystemHealthMonitorService null null: All monitored subsystems healthy.
2026-08-07 10:37:31.306 +02:00 [INF] MRA EIS POST "https://dev-eis-api.mra.mw/api/v1/utilities/ping"
2026-08-07 10:37:31.324 +02:00 [INF] MRA POST /api/v1/utilities/ping status=200 success=true durationMs=16
2026-08-07 10:37:31.327 +02:00 [INF] MRA connectivity restored — waking offline sync worker.
2026-08-07 10:37:35.660 +02:00 [INF] ART Diagnostic DatabaseLatency SqlExpress 1 null: Performance profile sample (FPS 0.0)
2026-08-07 10:37:51.283 +02:00 [INF] MRA EIS POST "https://dev-eis-api.mra.mw/api/v1/utilities/ping"
2026-08-07 10:37:51.305 +02:00 [INF] MRA POST /api/v1/utilities/ping status=200 success=true durationMs=16
2026-08-07 10:37:51.317 +02:00 [INF] MRA connectivity restored — waking offline sync worker.
2026-08-07 10:37:53.695 +02:00 [INF] Inventory alert scan complete: 102 products, low=2, stockout=0, overstock=0, fast=0.
2026-08-07 10:37:56.344 +02:00 [INF] ART Diagnostic WorkerHeartbeat HealthCheckWorker null null: Heartbeat
2026-08-07 10:37:56.425 +02:00 [INF] ART Diagnostic DatabaseLatency SqlExpress 0 null: SQL round-trip 0 ms
2026-08-07 10:37:56.429 +02:00 [INF] MRA EIS POST "https://dev-eis-api.mra.mw/api/v1/utilities/ping"
2026-08-07 10:37:57.220 +02:00 [INF] ART Diagnostic DatabaseLatency SqlExpress 0 null: SQL round-trip 0 ms
2026-08-07 10:37:57.224 +02:00 [INF] MRA EIS POST "https://dev-eis-api.mra.mw/api/v1/utilities/ping"
2026-08-07 10:37:59.539 +02:00 [INF] MRA POST /api/v1/utilities/ping status=200 success=true durationMs=3125
2026-08-07 10:37:59.542 +02:00 [INF] ART Diagnostic MraConnectivity MraEis 3113 1: MRA ping ok in 3113 ms.
2026-08-07 10:37:59.561 +02:00 [INF] MRA POST /api/v1/utilities/ping status=200 success=true durationMs=2329
2026-08-07 10:37:59.565 +02:00 [INF] ART Diagnostic MraConnectivity MraEis 2341 1: MRA ping ok in 2341 ms.
2026-08-07 10:37:59.571 +02:00 [INF] ART Diagnostic HealthCheck HealthCheckWorker 0 null: All subsystems healthy (SQL 0 ms, disk 33.65 GB free).
2026-08-07 10:37:59.617 +02:00 [INF] MRA EIS POST "https://dev-eis-api.mra.mw/api/v1/utilities/ping"
2026-08-07 10:37:59.636 +02:00 [INF] ART Diagnostic WorkerHeartbeat SystemHealthMonitorService null null: All monitored subsystems healthy.
2026-08-07 10:37:59.643 +02:00 [INF] MRA POST /api/v1/utilities/ping status=200 success=true durationMs=31
2026-08-07 10:37:59.646 +02:00 [INF] MRA connectivity restored — waking offline sync worker.
2026-08-07 10:37:59.646 +02:00 [INF] ART Diagnostic HealthCheck HealthCheckWorker 0 null: All subsystems healthy (SQL 0 ms, disk 33.65 GB free).
2026-08-07 10:37:59.650 +02:00 [INF] MRA EIS POST "https://dev-eis-api.mra.mw/api/v1/sales/last-submitted-offline-transaction"
2026-08-07 10:38:00.091 +02:00 [INF] MRA POST /api/v1/sales/last-submitted-offline-transaction status=200 success=true durationMs=438
2026-08-07 10:38:00.102 +02:00 [WRN] Unable to query last-submitted-offline-transaction for sequence check.
PointOfSale.Mra.Http.MraApiException: Invalid MRA EIS response JSON.
 ---> System.Text.Json.JsonException: The JSON value could not be converted to System.Decimal. Path: $.data.invoiceSummary.amountTendered | LineNumber: 0 | BytePositionInLine: 1764.
 ---> System.InvalidOperationException: Cannot get the value of a token type 'Null' as a number.
   at System.Text.Json.ThrowHelper.ThrowInvalidOperationException_ExpectedNumber(JsonTokenType tokenType)
   at System.Text.Json.Serialization.Metadata.JsonPropertyInfo`1.ReadJsonAndSetMember(Object obj, ReadStack& state, Utf8JsonReader& reader)
   at System.Text.Json.Serialization.Converters.ObjectDefaultConverter`1.OnTryRead(Utf8JsonReader& reader, Type typeToConvert, JsonSerializerOptions options, ReadStack& state, T& value)
   at System.Text.Json.Serialization.JsonConverter`1.TryRead(Utf8JsonReader& reader, Type typeToConvert, JsonSerializerOptions options, ReadStack& state, T& value, Boolean& isPopulatedValue)
   at System.Text.Json.Serialization.Metadata.JsonPropertyInfo`1.ReadJsonAndSetMember(Object obj, ReadStack& state, Utf8JsonReader& reader)
   at System.Text.Json.Serialization.Converters.ObjectDefaultConverter`1.OnTryRead(Utf8JsonReader& reader, Type typeToConvert, JsonSerializerOptions options, ReadStack& state, T& value)
   at System.Text.Json.Serialization.JsonConverter`1.TryRead(Utf8JsonReader& reader, Type typeToConvert, JsonSerializerOptions options, ReadStack& state, T& value, Boolean& isPopulatedValue)
   at System.Text.Json.Serialization.Metadata.JsonPropertyInfo`1.ReadJsonAndSetMember(Object obj, ReadStack& state, Utf8JsonReader& reader)
   at System.Text.Json.Serialization.Converters.ObjectDefaultConverter`1.OnTryRead(Utf8JsonReader& reader, Type typeToConvert, JsonSerializerOptions options, ReadStack& state, T& value)
   at System.Text.Json.Serialization.JsonConverter`1.TryRead(Utf8JsonReader& reader, Type typeToConvert, JsonSerializerOptions options, ReadStack& state, T& value, Boolean& isPopulatedValue)
   at System.Text.Json.Serialization.JsonConverter`1.ReadCore(Utf8JsonReader& reader, JsonSerializerOptions options, ReadStack& state)
   --- End of inner exception stack trace ---
   at System.Text.Json.ThrowHelper.ReThrowWithPath(ReadStack& state, Utf8JsonReader& reader, Exception ex)
   at System.Text.Json.Serialization.JsonConverter`1.ReadCore(Utf8JsonReader& reader, JsonSerializerOptions options, ReadStack& state)
   at System.Text.Json.JsonSerializer.ReadFromSpan[TValue](ReadOnlySpan`1 json, JsonTypeInfo`1 jsonTypeInfo)
   at System.Text.Json.JsonSerializer.Deserialize[TValue](String json, JsonSerializerOptions options)
   at PointOfSale.Infrastructure.Services.MraApiClient.SendAsync[TResponse](HttpRequestMessage request, String auditRequestBody, CancellationToken cancellationToken) in C:\Users\Albert Zee\Documents\Projects\Point Of Sale\src\PointOfSale.Infrastructure\Services\MraApiClient.cs:line 309
   --- End of inner exception stack trace ---
   at PointOfSale.Infrastructure.Services.MraApiClient.SendAsync[TResponse](HttpRequestMessage request, String auditRequestBody, CancellationToken cancellationToken) in C:\Users\Albert Zee\Documents\Projects\Point Of Sale\src\PointOfSale.Infrastructure\Services\MraApiClient.cs:line 323
   at PointOfSale.Infrastructure.Services.MraApiClient.PostEmptyAsync[TResponse](String relativePath, MraRequestContext context, CancellationToken cancellationToken) in C:\Users\Albert Zee\Documents\Projects\Point Of Sale\src\PointOfSale.Infrastructure\Services\MraApiClient.cs:line 249
   at PointOfSale.Infrastructure.Services.SalesTransactionService.GetLastSubmittedTransactionAsync(String relativePath, String channelLabel, CancellationToken cancellationToken) in C:\Users\Albert Zee\Documents\Projects\Point Of Sale\src\PointOfSale.Infrastructure\Services\SalesTransactionService.cs:line 86
   at PointOfSale.Infrastructure.Services.SalesTransactionService.VerifySequenceContinuityAsync(Func`2 lookupFactory, String channelLabel, CancellationToken cancellationToken) in C:\Users\Albert Zee\Documents\Projects\Point Of Sale\src\PointOfSale.Infrastructure\Services\SalesTransactionService.cs:line 153
2026-08-07 10:38:05.095 +02:00 [INF] MRA EIS POST "https://dev-eis-api.mra.mw/api/v1/configuration/get-latest-configs"
2026-08-07 10:38:05.095 +02:00 [INF] MRA EIS request payload for "https://dev-eis-api.mra.mw/api/v1/configuration/get-latest-configs": {}
2026-08-07 10:38:05.142 +02:00 [INF] MRA POST /api/v1/configuration/get-latest-configs status=200 success=true durationMs=47
2026-08-07 10:38:05.164 +02:00 [INF] Cached get-latest-configs for 7f578f46-0775-49bd-8749-226942412378. sellerTIN=31018345, siteId=BLc4f27da3-6c8e-4014-84b1-140886944c25, versions g/t/tp=1/1/1
2026-08-07 10:38:05.170 +02:00 [INF] Checkout fiscal identity ready. sellerTIN=31018345 siteId=BLc4f27da3-6c8e-4014-84b1-140886944c25 taxRateId=A versions g/t/tp=1/1/1 invoiceTinDigits=31018345
2026-08-07 10:38:05.208 +02:00 [INF] MRA EIS POST "https://dev-eis-api.mra.mw/api/v1/utilities/ping"
2026-08-07 10:38:05.232 +02:00 [INF] MRA POST /api/v1/utilities/ping status=200 success=true durationMs=16
2026-08-07 10:38:05.235 +02:00 [INF] MRA connectivity restored — waking offline sync worker.
2026-08-07 10:38:05.241 +02:00 [INF] MRA EIS POST "https://dev-eis-api.mra.mw/api/v1/configuration/get-latest-configs"
2026-08-07 10:38:05.241 +02:00 [INF] MRA EIS request payload for "https://dev-eis-api.mra.mw/api/v1/configuration/get-latest-configs": {}
2026-08-07 10:38:05.292 +02:00 [INF] MRA POST /api/v1/configuration/get-latest-configs status=200 success=true durationMs=47
2026-08-07 10:38:05.308 +02:00 [INF] Cached get-latest-configs for 7f578f46-0775-49bd-8749-226942412378. sellerTIN=31018345, siteId=BLc4f27da3-6c8e-4014-84b1-140886944c25, versions g/t/tp=1/1/1
2026-08-07 10:38:05.309 +02:00 [INF] Refreshed fiscal identity from get-latest-configs. sellerTIN=31018345 siteId=BLc4f27da3-6c8e-4014-84b1-140886944c25 taxRateId=A vatReg=true activated=[PIT,CGT,NRT,VAT,WHT] versions g/t/tp=1/1/1
2026-08-07 10:38:05.322 +02:00 [INF] Generated offline ValidationURL signature for invoice Cvp-D-JY5M-D (N=1, julian=2461260).
2026-08-07 10:38:05.442 +02:00 [INF] MRA EIS POST "https://dev-eis-api.mra.mw/api/v1/sales/submit-sales-transaction"
2026-08-07 10:38:05.442 +02:00 [INF] MRA EIS request payload for "https://dev-eis-api.mra.mw/api/v1/sales/submit-sales-transaction": {"invoiceHeader":{"invoiceNumber":"Cvp-D-JY5M-D","invoiceDateTime":"2026-08-07T08:38:05.236Z","sellerTIN":"31018345","siteId":"BLc4f27da3-6c8e-4014-84b1-140886944c25","globalConfigVersion":1,"taxpayerConfigVersion":1,"terminalConfigVersion":1,"isExport":false,"isReliefSupply":false,"paymentMethod":"Cash"},"invoiceLineItems":[{"id":1,"productCode":"134054271361","description":"Air Cleaner  17801-23030F","unitPrice":23500.00,"quantity":1,"discount":0,"total":20000.00,"totalVAT":3500.00,"taxRateId":"A","isProduct":true}],"invoiceSummary":{"taxBreakDown":[{"rateId":"A","taxableAmount":20000.00,"taxAmount":3500.00}],"totalVAT":3500.00,"offlineSignature":"wadxgLOusRvCnDKq2g6ZW33yAzpspAYcXF1gD_LnEiI","invoiceTotal":23500.00,"amountTendered":23500.00}}
2026-08-07 10:38:05.664 +02:00 [INF] MRA POST /api/v1/sales/submit-sales-transaction status=200 success=true durationMs=218
2026-08-07 10:38:05.712 +02:00 [INF] ART Diagnostic DatabaseLatency SqlExpress 1 null: Performance profile sample (FPS 0.0)
2026-08-07 10:38:11.305 +02:00 [INF] MRA EIS POST "https://dev-eis-api.mra.mw/api/v1/utilities/ping"
2026-08-07 10:38:11.328 +02:00 [INF] MRA POST /api/v1/utilities/ping status=200 success=true durationMs=15
2026-08-07 10:38:11.335 +02:00 [INF] MRA connectivity restored — waking offline sync worker.
2026-08-07 10:38:31.319 +02:00 [INF] MRA EIS POST "https://dev-eis-api.mra.mw/api/v1/utilities/ping"
2026-08-07 10:38:31.344 +02:00 [INF] MRA POST /api/v1/utilities/ping status=200 success=true durationMs=31
2026-08-07 10:38:31.347 +02:00 [INF] MRA connectivity restored — waking offline sync worker.
2026-08-07 10:38:35.745 +02:00 [INF] ART Diagnostic DatabaseLatency SqlExpress 1 null: Performance profile sample (FPS 0.0)
2026-08-07 10:38:44.642 +02:00 [INF] ART Diagnostic DatabaseLatency SqlExpress 2 null: SQL round-trip 2 ms
2026-08-07 10:38:44.652 +02:00 [INF] MRA EIS POST "https://dev-eis-api.mra.mw/api/v1/utilities/ping"
2026-08-07 10:38:44.656 +02:00 [INF] ART Diagnostic WorkerHeartbeat HealthCheckWorker null null: Heartbeat
2026-08-07 10:38:44.663 +02:00 [INF] ART Diagnostic DatabaseLatency SqlExpress 1 null: SQL round-trip 1 ms
2026-08-07 10:38:44.672 +02:00 [INF] MRA EIS POST "https://dev-eis-api.mra.mw/api/v1/utilities/ping"
2026-08-07 10:38:44.691 +02:00 [INF] MRA POST /api/v1/utilities/ping status=200 success=true durationMs=16
2026-08-07 10:38:44.693 +02:00 [INF] ART Diagnostic MraConnectivity MraEis 21 1: MRA ping ok in 21 ms.
2026-08-07 10:38:44.749 +02:00 [INF] MRA EIS POST "https://dev-eis-api.mra.mw/api/v1/utilities/ping"
2026-08-07 10:38:44.766 +02:00 [INF] MRA POST /api/v1/utilities/ping status=200 success=true durationMs=32
2026-08-07 10:38:44.769 +02:00 [INF] MRA connectivity restored — waking offline sync worker.
2026-08-07 10:38:44.769 +02:00 [INF] ART Diagnostic HealthCheck HealthCheckWorker 1 null: All subsystems healthy (SQL 1 ms, disk 33.65 GB free).
2026-08-07 10:38:47.732 +02:00 [INF] MRA POST /api/v1/utilities/ping status=200 success=true durationMs=3078
2026-08-07 10:38:47.743 +02:00 [INF] ART Diagnostic MraConnectivity MraEis 3090 1: MRA ping ok in 3090 ms.
2026-08-07 10:38:47.815 +02:00 [INF] MRA EIS POST "https://dev-eis-api.mra.mw/api/v1/utilities/ping"
2026-08-07 10:38:47.844 +02:00 [INF] MRA POST /api/v1/utilities/ping status=200 success=true durationMs=31
2026-08-07 10:38:47.847 +02:00 [INF] MRA connectivity restored — waking offline sync worker.
2026-08-07 10:38:47.847 +02:00 [INF] ART Diagnostic HealthCheck HealthCheckWorker 2 null: All subsystems healthy (SQL 2 ms, disk 33.65 GB free).
2026-08-07 10:38:47.888 +02:00 [INF] MRA EIS POST "https://dev-eis-api.mra.mw/api/v1/utilities/ping"
2026-08-07 10:38:47.914 +02:00 [INF] MRA POST /api/v1/utilities/ping status=200 success=true durationMs=31
2026-08-07 10:38:47.921 +02:00 [INF] MRA connectivity restored — waking offline sync worker.
2026-08-07 10:38:47.987 +02:00 [INF] ART Diagnostic WorkerHeartbeat SystemHealthMonitorService null null: All monitored subsystems healthy.
2026-08-07 10:38:51.297 +02:00 [INF] MRA EIS POST "https://dev-eis-api.mra.mw/api/v1/utilities/ping"
2026-08-07 10:38:51.328 +02:00 [INF] MRA POST /api/v1/utilities/ping status=200 success=true durationMs=31
2026-08-07 10:38:51.341 +02:00 [INF] MRA connectivity restored — waking offline sync worker.
2026-08-07 10:38:53.768 +02:00 [INF] Inventory alert scan complete: 102 products, low=2, stockout=0, overstock=0, fast=0.
2026-08-07 10:39:05.791 +02:00 [INF] ART Diagnostic DatabaseLatency SqlExpress 1 null: Performance profile sample (FPS 0.0)
2026-08-07 10:39:11.296 +02:00 [INF] MRA EIS POST "https://dev-eis-api.mra.mw/api/v1/utilities/ping"
2026-08-07 10:39:11.330 +02:00 [INF] MRA POST /api/v1/utilities/ping status=200 success=true durationMs=31
2026-08-07 10:39:11.339 +02:00 [INF] MRA connectivity restored — waking offline sync worker.
2026-08-07 10:39:29.780 +02:00 [INF] ART Diagnostic WorkerHeartbeat HealthCheckWorker null null: Heartbeat
2026-08-07 10:39:29.791 +02:00 [INF] ART Diagnostic DatabaseLatency SqlExpress 1 null: SQL round-trip 1 ms
2026-08-07 10:39:29.800 +02:00 [INF] MRA EIS POST "https://dev-eis-api.mra.mw/api/v1/utilities/ping"
2026-08-07 10:39:29.865 +02:00 [INF] MRA POST /api/v1/utilities/ping status=200 success=true durationMs=62
2026-08-07 10:39:29.868 +02:00 [INF] ART Diagnostic MraConnectivity MraEis 67 1: MRA ping ok in 67 ms.
2026-08-07 10:39:29.917 +02:00 [INF] MRA EIS POST "https://dev-eis-api.mra.mw/api/v1/utilities/ping"
2026-08-07 10:39:29.938 +02:00 [INF] MRA POST /api/v1/utilities/ping status=200 success=true durationMs=32
2026-08-07 10:39:29.941 +02:00 [INF] MRA connectivity restored — waking offline sync worker.
2026-08-07 10:39:29.942 +02:00 [INF] ART Diagnostic HealthCheck HealthCheckWorker 1 null: All subsystems healthy (SQL 1 ms, disk 33.65 GB free).
2026-08-07 10:39:31.302 +02:00 [INF] MRA EIS POST "https://dev-eis-api.mra.mw/api/v1/utilities/ping"
2026-08-07 10:39:31.324 +02:00 [INF] MRA POST /api/v1/utilities/ping status=200 success=true durationMs=16
2026-08-07 10:39:31.333 +02:00 [INF] MRA connectivity restored — waking offline sync worker.
2026-08-07 10:39:31.339 +02:00 [INF] MRA EIS POST "https://dev-eis-api.mra.mw/api/v1/sales/last-submitted-offline-transaction"
2026-08-07 10:39:31.793 +02:00 [INF] MRA POST /api/v1/sales/last-submitted-offline-transaction status=200 success=true durationMs=453
2026-08-07 10:39:31.801 +02:00 [WRN] Unable to query last-submitted-offline-transaction for sequence check.
PointOfSale.Mra.Http.MraApiException: Invalid MRA EIS response JSON.
 ---> System.Text.Json.JsonException: The JSON value could not be converted to System.Decimal. Path: $.data.invoiceSummary.amountTendered | LineNumber: 0 | BytePositionInLine: 992.
 ---> System.InvalidOperationException: Cannot get the value of a token type 'Null' as a number.
   at System.Text.Json.ThrowHelper.ThrowInvalidOperationException_ExpectedNumber(JsonTokenType tokenType)
   at System.Text.Json.Serialization.Metadata.JsonPropertyInfo`1.ReadJsonAndSetMember(Object obj, ReadStack& state, Utf8JsonReader& reader)
   at System.Text.Json.Serialization.Converters.ObjectDefaultConverter`1.OnTryRead(Utf8JsonReader& reader, Type typeToConvert, JsonSerializerOptions options, ReadStack& state, T& value)
   at System.Text.Json.Serialization.JsonConverter`1.TryRead(Utf8JsonReader& reader, Type typeToConvert, JsonSerializerOptions options, ReadStack& state, T& value, Boolean& isPopulatedValue)
   at System.Text.Json.Serialization.Metadata.JsonPropertyInfo`1.ReadJsonAndSetMember(Object obj, ReadStack& state, Utf8JsonReader& reader)
   at System.Text.Json.Serialization.Converters.ObjectDefaultConverter`1.OnTryRead(Utf8JsonReader& reader, Type typeToConvert, JsonSerializerOptions options, ReadStack& state, T& value)
   at System.Text.Json.Serialization.JsonConverter`1.TryRead(Utf8JsonReader& reader, Type typeToConvert, JsonSerializerOptions options, ReadStack& state, T& value, Boolean& isPopulatedValue)
   at System.Text.Json.Serialization.Metadata.JsonPropertyInfo`1.ReadJsonAndSetMember(Object obj, ReadStack& state, Utf8JsonReader& reader)
   at System.Text.Json.Serialization.Converters.ObjectDefaultConverter`1.OnTryRead(Utf8JsonReader& reader, Type typeToConvert, JsonSerializerOptions options, ReadStack& state, T& value)
   at System.Text.Json.Serialization.JsonConverter`1.TryRead(Utf8JsonReader& reader, Type typeToConvert, JsonSerializerOptions options, ReadStack& state, T& value, Boolean& isPopulatedValue)
   at System.Text.Json.Serialization.JsonConverter`1.ReadCore(Utf8JsonReader& reader, JsonSerializerOptions options, ReadStack& state)
   --- End of inner exception stack trace ---
   at System.Text.Json.ThrowHelper.ReThrowWithPath(ReadStack& state, Utf8JsonReader& reader, Exception ex)
   at System.Text.Json.Serialization.JsonConverter`1.ReadCore(Utf8JsonReader& reader, JsonSerializerOptions options, ReadStack& state)
   at System.Text.Json.JsonSerializer.ReadFromSpan[TValue](ReadOnlySpan`1 json, JsonTypeInfo`1 jsonTypeInfo)
   at System.Text.Json.JsonSerializer.Deserialize[TValue](String json, JsonSerializerOptions options)
   at PointOfSale.Infrastructure.Services.MraApiClient.SendAsync[TResponse](HttpRequestMessage request, String auditRequestBody, CancellationToken cancellationToken) in C:\Users\Albert Zee\Documents\Projects\Point Of Sale\src\PointOfSale.Infrastructure\Services\MraApiClient.cs:line 309
   --- End of inner exception stack trace ---
   at PointOfSale.Infrastructure.Services.MraApiClient.SendAsync[TResponse](HttpRequestMessage request, String auditRequestBody, CancellationToken cancellationToken) in C:\Users\Albert Zee\Documents\Projects\Point Of Sale\src\PointOfSale.Infrastructure\Services\MraApiClient.cs:line 323
   at PointOfSale.Infrastructure.Services.MraApiClient.PostEmptyAsync[TResponse](String relativePath, MraRequestContext context, CancellationToken cancellationToken) in C:\Users\Albert Zee\Documents\Projects\Point Of Sale\src\PointOfSale.Infrastructure\Services\MraApiClient.cs:line 249
   at PointOfSale.Infrastructure.Services.SalesTransactionService.GetLastSubmittedTransactionAsync(String relativePath, String channelLabel, CancellationToken cancellationToken) in C:\Users\Albert Zee\Documents\Projects\Point Of Sale\src\PointOfSale.Infrastructure\Services\SalesTransactionService.cs:line 86
   at PointOfSale.Infrastructure.Services.SalesTransactionService.VerifySequenceContinuityAsync(Func`2 lookupFactory, String channelLabel, CancellationToken cancellationToken) in C:\Users\Albert Zee\Documents\Projects\Point Of Sale\src\PointOfSale.Infrastructure\Services\SalesTransactionService.cs:line 153
2026-08-07 10:39:32.985 +02:00 [INF] ART Diagnostic DatabaseLatency SqlExpress 1 null: SQL round-trip 1 ms
2026-08-07 10:39:32.994 +02:00 [INF] MRA EIS POST "https://dev-eis-api.mra.mw/api/v1/utilities/ping"
2026-08-07 10:39:33.021 +02:00 [INF] MRA POST /api/v1/utilities/ping status=200 success=true durationMs=32
2026-08-07 10:39:33.027 +02:00 [INF] ART Diagnostic MraConnectivity MraEis 33 1: MRA ping ok in 33 ms.
2026-08-07 10:39:33.084 +02:00 [INF] MRA EIS POST "https://dev-eis-api.mra.mw/api/v1/utilities/ping"
2026-08-07 10:39:33.113 +02:00 [INF] MRA POST /api/v1/utilities/ping status=200 success=true durationMs=31
2026-08-07 10:39:33.116 +02:00 [INF] MRA connectivity restored — waking offline sync worker.
2026-08-07 10:39:33.116 +02:00 [INF] ART Diagnostic HealthCheck HealthCheckWorker 1 null: All subsystems healthy (SQL 1 ms, disk 33.65 GB free).
2026-08-07 10:39:33.158 +02:00 [INF] MRA EIS POST "https://dev-eis-api.mra.mw/api/v1/utilities/ping"
2026-08-07 10:39:33.205 +02:00 [INF] MRA POST /api/v1/utilities/ping status=200 success=true durationMs=47
2026-08-07 10:39:33.208 +02:00 [INF] MRA connectivity restored — waking offline sync worker.
2026-08-07 10:39:33.246 +02:00 [INF] ART Diagnostic WorkerHeartbeat SystemHealthMonitorService null null: All monitored subsystems healthy.
2026-08-07 10:39:35.837 +02:00 [INF] ART Diagnostic DatabaseLatency SqlExpress 1 null: Performance profile sample (FPS 0.0)
2026-08-07 10:39:51.271 +02:00 [INF] MRA EIS POST "https://dev-eis-api.mra.mw/api/v1/utilities/ping"
2026-08-07 10:39:51.294 +02:00 [INF] MRA POST /api/v1/utilities/ping status=200 success=true durationMs=31
2026-08-07 10:39:51.299 +02:00 [INF] MRA connectivity restored — waking offline sync worker.
2026-08-07 10:39:53.838 +02:00 [INF] Inventory alert scan complete: 102 products, low=2, stockout=0, overstock=0, fast=0.
2026-08-07 10:40:05.890 +02:00 [INF] ART Diagnostic DatabaseLatency SqlExpress 1 null: Performance profile sample (FPS 0.0)
2026-08-07 10:40:11.336 +02:00 [INF] MRA EIS POST "https://dev-eis-api.mra.mw/api/v1/utilities/ping"
2026-08-07 10:40:11.364 +02:00 [INF] MRA POST /api/v1/utilities/ping status=200 success=true durationMs=31
2026-08-07 10:40:11.374 +02:00 [INF] MRA connectivity restored — waking offline sync worker.
2026-08-07 10:40:14.951 +02:00 [INF] ART Diagnostic WorkerHeartbeat HealthCheckWorker null null: Heartbeat
2026-08-07 10:40:14.963 +02:00 [INF] ART Diagnostic DatabaseLatency SqlExpress 1 null: SQL round-trip 1 ms
2026-08-07 10:40:14.972 +02:00 [INF] MRA EIS POST "https://dev-eis-api.mra.mw/api/v1/utilities/ping"
2026-08-07 10:40:18.099 +02:00 [INF] MRA POST /api/v1/utilities/ping status=200 success=true durationMs=3125
2026-08-07 10:40:18.106 +02:00 [INF] ART Diagnostic MraConnectivity MraEis 3134 1: MRA ping ok in 3134 ms.
2026-08-07 10:40:18.179 +02:00 [INF] MRA EIS POST "https://dev-eis-api.mra.mw/api/v1/utilities/ping"
2026-08-07 10:40:18.199 +02:00 [INF] MRA POST /api/v1/utilities/ping status=200 success=true durationMs=16
2026-08-07 10:40:18.249 +02:00 [INF] ART Diagnostic DatabaseLatency SqlExpress 1 null: SQL round-trip 1 ms
2026-08-07 10:40:18.277 +02:00 [INF] MRA connectivity restored — waking offline sync worker.
2026-08-07 10:40:18.278 +02:00 [INF] ART Diagnostic HealthCheck HealthCheckWorker 1 null: All subsystems healthy (SQL 1 ms, disk 33.65 GB free).
2026-08-07 10:40:18.279 +02:00 [INF] MRA EIS POST "https://dev-eis-api.mra.mw/api/v1/utilities/ping"
2026-08-07 10:40:18.305 +02:00 [INF] MRA POST /api/v1/utilities/ping status=200 success=true durationMs=31
2026-08-07 10:40:18.314 +02:00 [INF] ART Diagnostic MraConnectivity MraEis 35 1: MRA ping ok in 35 ms.
2026-08-07 10:40:18.358 +02:00 [INF] MRA EIS POST "https://dev-eis-api.mra.mw/api/v1/utilities/ping"
2026-08-07 10:40:18.381 +02:00 [INF] MRA POST /api/v1/utilities/ping status=200 success=true durationMs=16
2026-08-07 10:40:18.384 +02:00 [INF] MRA connectivity restored — waking offline sync worker.
2026-08-07 10:40:18.384 +02:00 [INF] ART Diagnostic HealthCheck HealthCheckWorker 1 null: All subsystems healthy (SQL 1 ms, disk 33.65 GB free).
2026-08-07 10:40:18.432 +02:00 [INF] MRA EIS POST "https://dev-eis-api.mra.mw/api/v1/utilities/ping"
2026-08-07 10:40:18.459 +02:00 [INF] MRA POST /api/v1/utilities/ping status=200 success=true durationMs=31
2026-08-07 10:40:18.462 +02:00 [INF] MRA connectivity restored — waking offline sync worker.
2026-08-07 10:40:18.504 +02:00 [INF] ART Diagnostic WorkerHeartbeat SystemHealthMonitorService null null: All monitored subsystems healthy.
2026-08-07 10:40:31.272 +02:00 [INF] MRA EIS POST "https://dev-eis-api.mra.mw/api/v1/utilities/ping"
2026-08-07 10:40:31.299 +02:00 [INF] MRA POST /api/v1/utilities/ping status=200 success=true durationMs=31
2026-08-07 10:40:31.302 +02:00 [INF] MRA connectivity restored — waking offline sync worker.
2026-08-07 10:40:31.317 +02:00 [INF] MRA EIS POST "https://dev-eis-api.mra.mw/api/v1/configuration/get-latest-configs"
2026-08-07 10:40:31.317 +02:00 [INF] MRA EIS request payload for "https://dev-eis-api.mra.mw/api/v1/configuration/get-latest-configs": {}
2026-08-07 10:40:31.363 +02:00 [INF] MRA POST /api/v1/configuration/get-latest-configs status=200 success=true durationMs=46
2026-08-07 10:40:31.384 +02:00 [INF] Cached get-latest-configs for 7f578f46-0775-49bd-8749-226942412378. sellerTIN=31018345, siteId=BLc4f27da3-6c8e-4014-84b1-140886944c25, versions g/t/tp=1/1/1
2026-08-07 10:40:31.384 +02:00 [INF] Refreshed fiscal identity from get-latest-configs. sellerTIN=31018345 siteId=BLc4f27da3-6c8e-4014-84b1-140886944c25 taxRateId=A vatReg=true activated=[PIT,CGT,NRT,VAT,WHT] versions g/t/tp=1/1/1
2026-08-07 10:40:31.388 +02:00 [INF] Generated offline ValidationURL signature for invoice Cvp-D-JY5M-B (N=4, julian=2461260).
2026-08-07 10:40:31.391 +02:00 [INF] Generated offline ValidationURL signature for invoice Cvp-D-JY5M-B (N=4, julian=2461260).
2026-08-07 10:40:31.399 +02:00 [INF] MRA EIS POST "https://dev-eis-api.mra.mw/api/v1/sales/submit-sales-transaction"
2026-08-07 10:40:31.399 +02:00 [INF] MRA EIS request payload for "https://dev-eis-api.mra.mw/api/v1/sales/submit-sales-transaction": {"invoiceHeader":{"invoiceNumber":"Cvp-D-JY5M-B","invoiceDateTime":"2026-08-07T08:32:26.989Z","sellerTIN":"31018345","buyerTIN":"20202020","siteId":"BLc4f27da3-6c8e-4014-84b1-140886944c25","globalConfigVersion":1,"taxpayerConfigVersion":1,"terminalConfigVersion":1,"isExport":false,"isReliefSupply":false,"paymentMethod":"Cash"},"invoiceLineItems":[{"id":1,"productCode":"990663831995","description":"Air Cleaner  13780-58B00","unitPrice":25850.00,"quantity":2,"discount":0,"total":44000.00,"totalVAT":7700.00,"taxRateId":"A","isProduct":true},{"id":2,"productCode":"456076017395","description":"Air Cleaner  13780-67 F01","unitPrice":25850.00,"quantity":1,"discount":0,"total":22000.00,"totalVAT":3850.00,"taxRateId":"A","isProduct":true},{"id":3,"productCode":"747157490635","description":"Air Cleaner  13780-58JF02","unitPrice":25850.00,"quantity":1,"discount":0,"total":22000.00,"totalVAT":3850.00,"taxRateId":"A","isProduct":true},{"id":4,"productCode":"990356104763","description":"Air Cleaner  13780-77A00","unitPrice":25850.00,"quantity":1,"discount":0,"total":22000.00,"totalVAT":3850.00,"taxRateId":"A","isProduct":true}],"invoiceSummary":{"taxBreakDown":[{"rateId":"A","taxableAmount":110000.00,"taxAmount":19250.00}],"totalVAT":19250.00,"offlineSignature":"UoSSqaLCvntMoXaRvjNKMz8Acp8uIMJXLew1wBYITeU","invoiceTotal":129250.00,"amountTendered":129250.00}}
2026-08-07 10:40:34.536 +02:00 [INF] MRA POST /api/v1/sales/submit-sales-transaction status=200 success=true durationMs=3156
2026-08-07 10:40:34.710 +02:00 [WRN] MRA EIS logical failure for POST "https://dev-eis-api.mra.mw/api/v1/sales/submit-sales-transaction". statusCode=-2, remark=B2B transaction for this buyer requires a Purchase Authorization Code., errors=(none). RequestPayload={"invoiceHeader":{"invoiceNumber":"Cvp-D-JY5M-B","invoiceDateTime":"2026-08-07T08:32:26.989Z","sellerTIN":"31018345","buyerTIN":"20202020","siteId":"BLc4f27da3-6c8e-4014-84b1-140886944c25","globalConfigVersion":1,"taxpayerConfigVersion":1,"terminalConfigVersion":1,"isExport":false,"isReliefSupply":false,"paymentMethod":"Cash"},"invoiceLineItems":[{"id":1,"productCode":"990663831995","description":"Air Cleaner  13780-58B00","unitPrice":25850.00,"quantity":2,"discount":0,"total":44000.00,"totalVAT":7700.00,"taxRateId":"A","isProduct":true},{"id":2,"productCode":"456076017395","description":"Air Cleaner  13780-67 F01","unitPrice":25850.00,"quantity":1,"discount":0,"total":22000.00,"totalVAT":3850.00,"taxRateId":"A","isProduct":true},{"id":3,"productCode":"747157490635","description":"Air Cleaner  13780-58JF02","unitPrice":25850.00,"quantity":1,"discount":0,"total":22000.00,"totalVAT":3850.00,"taxRateId":"A","isProduct":true},{"id":4,"productCode":"990356104763","description":"Air Cleaner  13780-77A00","unitPrice":25850.00,"quantity":1,"discount":0,"total":22000.00,"totalVAT":3850.00,"taxRateId":"A","isProduct":true}],"invoiceSummary":{"taxBreakDown":[{"rateId":"A","taxableAmount":110000.00,"taxAmount":19250.00}],"totalVAT":19250.00,"offlineSignature":"UoSSqaLCvntMoXaRvjNKMz8Acp8uIMJXLew1wBYITeU","invoiceTotal":129250.00,"amountTendered":129250.00}}. ResponseBody={"statusCode":-2,"remark":"B2B transaction for this buyer requires a Purchase Authorization Code.","data":null,"errors":[]}
2026-08-07 10:40:34.710 +02:00 [WRN] MRA EIS sales/submit-sales-transaction returned success=false. Remark=B2B transaction for this buyer requires a Purchase Authorization Code.. Errors=[]. statusCode=-2
2026-08-07 10:40:34.710 +02:00 [WRN] MRA EIS failure classified. category="Unknown" action="RetryLater" statusCode=-2 primaryCode=-2 remark=B2B transaction for this buyer requires a Purchase Authorization Code. detail=statusCode=-2; primaryCode=-2; remark=B2B transaction for this buyer requires a Purchase Authorization Code.
2026-08-07 10:40:34.710 +02:00 [WRN] MRA EIS submission returned success=false for queue 1 invoice Cvp-D-JY5M-B. category="Unknown" action="RetryLater" detail=statusCode=-2; primaryCode=-2; remark=B2B transaction for this buyer requires a Purchase Authorization Code.
2026-08-07 10:40:35.254 +02:00 [INF] Offline sync drained 1 item(s) (submitted=0, quarantined=0).
2026-08-07 10:40:35.912 +02:00 [INF] ART Diagnostic DatabaseLatency SqlExpress 0 null: Performance profile sample (FPS 0.0)
2026-08-07 10:40:51.302 +02:00 [INF] MRA EIS POST "https://dev-eis-api.mra.mw/api/v1/utilities/ping"
2026-08-07 10:40:51.327 +02:00 [INF] MRA POST /api/v1/utilities/ping status=200 success=true durationMs=15
2026-08-07 10:40:51.330 +02:00 [INF] MRA connectivity restored — waking offline sync worker.
2026-08-07 10:40:53.899 +02:00 [INF] Inventory alert scan complete: 102 products, low=2, stockout=0, overstock=0, fast=0.
2026-08-07 10:41:03.313 +02:00 [INF] ART Diagnostic WorkerHeartbeat HealthCheckWorker null null: Heartbeat
2026-08-07 10:41:03.408 +02:00 [INF] ART Diagnostic DatabaseLatency SqlExpress 0 null: SQL round-trip 0 ms
2026-08-07 10:41:03.415 +02:00 [INF] MRA EIS POST "https://dev-eis-api.mra.mw/api/v1/utilities/ping"
2026-08-07 10:41:03.448 +02:00 [INF] MRA POST /api/v1/utilities/ping status=200 success=true durationMs=31
2026-08-07 10:41:03.454 +02:00 [INF] ART Diagnostic MraConnectivity MraEis 39 1: MRA ping ok in 39 ms.
2026-08-07 10:41:03.502 +02:00 [INF] ART Diagnostic DatabaseLatency SqlExpress 1 null: SQL round-trip 1 ms
2026-08-07 10:41:03.527 +02:00 [INF] MRA EIS POST "https://dev-eis-api.mra.mw/api/v1/utilities/ping"
2026-08-07 10:41:03.527 +02:00 [INF] MRA EIS POST "https://dev-eis-api.mra.mw/api/v1/utilities/ping"
2026-08-07 10:41:03.559 +02:00 [INF] MRA POST /api/v1/utilities/ping status=200 success=true durationMs=32
2026-08-07 10:41:03.570 +02:00 [INF] MRA connectivity restored — waking offline sync worker.
2026-08-07 10:41:03.570 +02:00 [INF] ART Diagnostic HealthCheck HealthCheckWorker 0 null: All subsystems healthy (SQL 0 ms, disk 33.65 GB free).
2026-08-07 10:41:03.582 +02:00 [INF] MRA POST /api/v1/utilities/ping status=200 success=true durationMs=63
2026-08-07 10:41:03.593 +02:00 [INF] ART Diagnostic MraConnectivity MraEis 65 1: MRA ping ok in 65 ms.
2026-08-07 10:41:03.600 +02:00 [INF] MRA EIS POST "https://dev-eis-api.mra.mw/api/v1/sales/last-submitted-offline-transaction"
2026-08-07 10:41:03.643 +02:00 [INF] MRA EIS POST "https://dev-eis-api.mra.mw/api/v1/utilities/ping"
2026-08-07 10:41:03.666 +02:00 [INF] MRA POST /api/v1/utilities/ping status=200 success=true durationMs=16
2026-08-07 10:41:03.672 +02:00 [INF] MRA connectivity restored — waking offline sync worker.
2026-08-07 10:41:03.672 +02:00 [INF] ART Diagnostic HealthCheck HealthCheckWorker 1 null: All subsystems healthy (SQL 1 ms, disk 33.65 GB free).
2026-08-07 10:41:03.731 +02:00 [INF] MRA EIS POST "https://dev-eis-api.mra.mw/api/v1/utilities/ping"
2026-08-07 10:41:03.763 +02:00 [INF] MRA POST /api/v1/utilities/ping status=200 success=true durationMs=32
2026-08-07 10:41:03.774 +02:00 [INF] MRA connectivity restored — waking offline sync worker.
2026-08-07 10:41:03.844 +02:00 [INF] ART Diagnostic WorkerHeartbeat SystemHealthMonitorService null null: All monitored subsystems healthy.
2026-08-07 10:41:04.084 +02:00 [INF] MRA POST /api/v1/sales/last-submitted-offline-transaction status=200 success=true durationMs=485
2026-08-07 10:41:04.093 +02:00 [WRN] Unable to query last-submitted-offline-transaction for sequence check.
PointOfSale.Mra.Http.MraApiException: Invalid MRA EIS response JSON.
 ---> System.Text.Json.JsonException: The JSON value could not be converted to System.Decimal. Path: $.data.invoiceSummary.amountTendered | LineNumber: 0 | BytePositionInLine: 992.
 ---> System.InvalidOperationException: Cannot get the value of a token type 'Null' as a number.
   at System.Text.Json.ThrowHelper.ThrowInvalidOperationException_ExpectedNumber(JsonTokenType tokenType)
   at System.Text.Json.Serialization.Metadata.JsonPropertyInfo`1.ReadJsonAndSetMember(Object obj, ReadStack& state, Utf8JsonReader& reader)
   at System.Text.Json.Serialization.Converters.ObjectDefaultConverter`1.OnTryRead(Utf8JsonReader& reader, Type typeToConvert, JsonSerializerOptions options, ReadStack& state, T& value)
   at System.Text.Json.Serialization.JsonConverter`1.TryRead(Utf8JsonReader& reader, Type typeToConvert, JsonSerializerOptions options, ReadStack& state, T& value, Boolean& isPopulatedValue)
   at System.Text.Json.Serialization.Metadata.JsonPropertyInfo`1.ReadJsonAndSetMember(Object obj, ReadStack& state, Utf8JsonReader& reader)
   at System.Text.Json.Serialization.Converters.ObjectDefaultConverter`1.OnTryRead(Utf8JsonReader& reader, Type typeToConvert, JsonSerializerOptions options, ReadStack& state, T& value)
   at System.Text.Json.Serialization.JsonConverter`1.TryRead(Utf8JsonReader& reader, Type typeToConvert, JsonSerializerOptions options, ReadStack& state, T& value, Boolean& isPopulatedValue)
   at System.Text.Json.Serialization.Metadata.JsonPropertyInfo`1.ReadJsonAndSetMember(Object obj, ReadStack& state, Utf8JsonReader& reader)
   at System.Text.Json.Serialization.Converters.ObjectDefaultConverter`1.OnTryRead(Utf8JsonReader& reader, Type typeToConvert, JsonSerializerOptions options, ReadStack& state, T& value)
   at System.Text.Json.Serialization.JsonConverter`1.TryRead(Utf8JsonReader& reader, Type typeToConvert, JsonSerializerOptions options, ReadStack& state, T& value, Boolean& isPopulatedValue)
   at System.Text.Json.Serialization.JsonConverter`1.ReadCore(Utf8JsonReader& reader, JsonSerializerOptions options, ReadStack& state)
   --- End of inner exception stack trace ---
   at System.Text.Json.ThrowHelper.ReThrowWithPath(ReadStack& state, Utf8JsonReader& reader, Exception ex)
   at System.Text.Json.Serialization.JsonConverter`1.ReadCore(Utf8JsonReader& reader, JsonSerializerOptions options, ReadStack& state)
   at System.Text.Json.JsonSerializer.ReadFromSpan[TValue](ReadOnlySpan`1 json, JsonTypeInfo`1 jsonTypeInfo)
   at System.Text.Json.JsonSerializer.Deserialize[TValue](String json, JsonSerializerOptions options)
   at PointOfSale.Infrastructure.Services.MraApiClient.SendAsync[TResponse](HttpRequestMessage request, String auditRequestBody, CancellationToken cancellationToken) in C:\Users\Albert Zee\Documents\Projects\Point Of Sale\src\PointOfSale.Infrastructure\Services\MraApiClient.cs:line 309
   --- End of inner exception stack trace ---
   at PointOfSale.Infrastructure.Services.MraApiClient.SendAsync[TResponse](HttpRequestMessage request, String auditRequestBody, CancellationToken cancellationToken) in C:\Users\Albert Zee\Documents\Projects\Point Of Sale\src\PointOfSale.Infrastructure\Services\MraApiClient.cs:line 323
   at PointOfSale.Infrastructure.Services.MraApiClient.PostEmptyAsync[TResponse](String relativePath, MraRequestContext context, CancellationToken cancellationToken) in C:\Users\Albert Zee\Documents\Projects\Point Of Sale\src\PointOfSale.Infrastructure\Services\MraApiClient.cs:line 249
   at PointOfSale.Infrastructure.Services.SalesTransactionService.GetLastSubmittedTransactionAsync(String relativePath, String channelLabel, CancellationToken cancellationToken) in C:\Users\Albert Zee\Documents\Projects\Point Of Sale\src\PointOfSale.Infrastructure\Services\SalesTransactionService.cs:line 86
   at PointOfSale.Infrastructure.Services.SalesTransactionService.VerifySequenceContinuityAsync(Func`2 lookupFactory, String channelLabel, CancellationToken cancellationToken) in C:\Users\Albert Zee\Documents\Projects\Point Of Sale\src\PointOfSale.Infrastructure\Services\SalesTransactionService.cs:line 153
2026-08-07 10:41:06.208 +02:00 [INF] ART Diagnostic DatabaseLatency SqlExpress 1 null: Performance profile sample (FPS 0.0)
2026-08-07 10:41:11.269 +02:00 [INF] MRA EIS POST "https://dev-eis-api.mra.mw/api/v1/utilities/ping"
2026-08-07 10:41:11.304 +02:00 [INF] MRA POST /api/v1/utilities/ping status=200 success=true durationMs=32
2026-08-07 10:41:11.316 +02:00 [INF] MRA connectivity restored — waking offline sync worker.
2026-08-07 10:41:31.306 +02:00 [INF] MRA EIS POST "https://dev-eis-api.mra.mw/api/v1/utilities/ping"
2026-08-07 10:41:31.351 +02:00 [INF] MRA POST /api/v1/utilities/ping status=200 success=true durationMs=46
2026-08-07 10:41:31.354 +02:00 [INF] MRA connectivity restored — waking offline sync worker.
2026-08-07 10:41:36.234 +02:00 [INF] ART Diagnostic DatabaseLatency SqlExpress 1 null: Performance profile sample (FPS 0.0)
2026-08-07 10:41:48.594 +02:00 [INF] ART Diagnostic WorkerHeartbeat HealthCheckWorker null null: Heartbeat
2026-08-07 10:41:48.612 +02:00 [INF] ART Diagnostic DatabaseLatency SqlExpress 1 null: SQL round-trip 1 ms
2026-08-07 10:41:48.616 +02:00 [INF] MRA EIS POST "https://dev-eis-api.mra.mw/api/v1/utilities/ping"
2026-08-07 10:41:48.639 +02:00 [INF] MRA POST /api/v1/utilities/ping status=200 success=true durationMs=16
2026-08-07 10:41:48.641 +02:00 [INF] ART Diagnostic MraConnectivity MraEis 25 1: MRA ping ok in 25 ms.
2026-08-07 10:41:48.684 +02:00 [INF] MRA EIS POST "https://dev-eis-api.mra.mw/api/v1/utilities/ping"
2026-08-07 10:41:48.707 +02:00 [INF] MRA POST /api/v1/utilities/ping status=200 success=true durationMs=31
2026-08-07 10:41:48.711 +02:00 [INF] MRA connectivity restored — waking offline sync worker.
2026-08-07 10:41:48.711 +02:00 [INF] ART Diagnostic HealthCheck HealthCheckWorker 1 null: All subsystems healthy (SQL 1 ms, disk 33.65 GB free).
2026-08-07 10:41:48.858 +02:00 [INF] ART Diagnostic DatabaseLatency SqlExpress 1 null: SQL round-trip 1 ms
2026-08-07 10:41:48.867 +02:00 [INF] MRA EIS POST "https://dev-eis-api.mra.mw/api/v1/utilities/ping"
2026-08-07 10:41:51.280 +02:00 [INF] MRA EIS POST "https://dev-eis-api.mra.mw/api/v1/utilities/ping"
2026-08-07 10:41:52.698 +02:00 [INF] MRA POST /api/v1/utilities/ping status=200 success=true durationMs=1422
2026-08-07 10:41:52.703 +02:00 [INF] MRA connectivity restored — waking offline sync worker.
2026-08-07 10:41:52.705 +02:00 [INF] MRA POST /api/v1/utilities/ping status=200 success=true durationMs=3844
2026-08-07 10:41:52.709 +02:00 [INF] ART Diagnostic MraConnectivity MraEis 3842 1: MRA ping ok in 3842 ms.
2026-08-07 10:41:52.775 +02:00 [INF] MRA EIS POST "https://dev-eis-api.mra.mw/api/v1/utilities/ping"
2026-08-07 10:41:52.801 +02:00 [INF] MRA POST /api/v1/utilities/ping status=200 success=true durationMs=32
2026-08-07 10:41:52.817 +02:00 [INF] MRA connectivity restored — waking offline sync worker.
2026-08-07 10:41:52.818 +02:00 [INF] ART Diagnostic HealthCheck HealthCheckWorker 1 null: All subsystems healthy (SQL 1 ms, disk 33.65 GB free).
2026-08-07 10:41:52.860 +02:00 [INF] MRA EIS POST "https://dev-eis-api.mra.mw/api/v1/utilities/ping"
2026-08-07 10:41:52.882 +02:00 [INF] MRA POST /api/v1/utilities/ping status=200 success=true durationMs=32
2026-08-07 10:41:52.886 +02:00 [INF] MRA connectivity restored — waking offline sync worker.
2026-08-07 10:41:52.933 +02:00 [INF] ART Diagnostic WorkerHeartbeat SystemHealthMonitorService null null: All monitored subsystems healthy.
2026-08-07 10:41:53.976 +02:00 [INF] Inventory alert scan complete: 102 products, low=2, stockout=0, overstock=0, fast=0.
2026-08-07 10:42:06.277 +02:00 [INF] ART Diagnostic DatabaseLatency SqlExpress 1 null: Performance profile sample (FPS 0.0)
2026-08-07 10:42:11.307 +02:00 [INF] MRA EIS POST "https://dev-eis-api.mra.mw/api/v1/utilities/ping"
2026-08-07 10:42:11.336 +02:00 [INF] MRA POST /api/v1/utilities/ping status=200 success=true durationMs=31
2026-08-07 10:42:11.349 +02:00 [INF] MRA connectivity restored — waking offline sync worker.
2026-08-07 10:42:31.302 +02:00 [INF] MRA EIS POST "https://dev-eis-api.mra.mw/api/v1/utilities/ping"
2026-08-07 10:42:31.326 +02:00 [INF] MRA POST /api/v1/utilities/ping status=200 success=true durationMs=15
2026-08-07 10:42:31.329 +02:00 [INF] MRA connectivity restored — waking offline sync worker.
2026-08-07 10:42:33.723 +02:00 [INF] ART Diagnostic WorkerHeartbeat HealthCheckWorker null null: Heartbeat
2026-08-07 10:42:33.742 +02:00 [INF] ART Diagnostic DatabaseLatency SqlExpress 1 null: SQL round-trip 1 ms
2026-08-07 10:42:33.752 +02:00 [INF] MRA EIS POST "https://dev-eis-api.mra.mw/api/v1/utilities/ping"
2026-08-07 10:42:34.301 +02:00 [INF] MRA POST /api/v1/utilities/ping status=200 success=true durationMs=547
2026-08-07 10:42:34.307 +02:00 [INF] ART Diagnostic MraConnectivity MraEis 555 1: MRA ping ok in 555 ms.
2026-08-07 10:42:34.375 +02:00 [INF] MRA EIS POST "https://dev-eis-api.mra.mw/api/v1/utilities/ping"
2026-08-07 10:42:34.415 +02:00 [INF] MRA POST /api/v1/utilities/ping status=200 success=true durationMs=47
2026-08-07 10:42:34.419 +02:00 [INF] MRA connectivity restored — waking offline sync worker.
2026-08-07 10:42:34.419 +02:00 [INF] ART Diagnostic HealthCheck HealthCheckWorker 1 null: All subsystems healthy (SQL 1 ms, disk 33.65 GB free).
2026-08-07 10:42:34.423 +02:00 [INF] MRA EIS POST "https://dev-eis-api.mra.mw/api/v1/sales/last-submitted-offline-transaction"
2026-08-07 10:42:34.867 +02:00 [INF] MRA POST /api/v1/sales/last-submitted-offline-transaction status=200 success=true durationMs=437
2026-08-07 10:42:34.874 +02:00 [WRN] Unable to query last-submitted-offline-transaction for sequence check.
PointOfSale.Mra.Http.MraApiException: Invalid MRA EIS response JSON.
 ---> System.Text.Json.JsonException: The JSON value could not be converted to System.Decimal. Path: $.data.invoiceSummary.amountTendered | LineNumber: 0 | BytePositionInLine: 992.
 ---> System.InvalidOperationException: Cannot get the value of a token type 'Null' as a number.
   at System.Text.Json.ThrowHelper.ThrowInvalidOperationException_ExpectedNumber(JsonTokenType tokenType)
   at System.Text.Json.Serialization.Metadata.JsonPropertyInfo`1.ReadJsonAndSetMember(Object obj, ReadStack& state, Utf8JsonReader& reader)
   at System.Text.Json.Serialization.Converters.ObjectDefaultConverter`1.OnTryRead(Utf8JsonReader& reader, Type typeToConvert, JsonSerializerOptions options, ReadStack& state, T& value)
   at System.Text.Json.Serialization.JsonConverter`1.TryRead(Utf8JsonReader& reader, Type typeToConvert, JsonSerializerOptions options, ReadStack& state, T& value, Boolean& isPopulatedValue)
   at System.Text.Json.Serialization.Metadata.JsonPropertyInfo`1.ReadJsonAndSetMember(Object obj, ReadStack& state, Utf8JsonReader& reader)
   at System.Text.Json.Serialization.Converters.ObjectDefaultConverter`1.OnTryRead(Utf8JsonReader& reader, Type typeToConvert, JsonSerializerOptions options, ReadStack& state, T& value)
   at System.Text.Json.Serialization.JsonConverter`1.TryRead(Utf8JsonReader& reader, Type typeToConvert, JsonSerializerOptions options, ReadStack& state, T& value, Boolean& isPopulatedValue)
   at System.Text.Json.Serialization.Metadata.JsonPropertyInfo`1.ReadJsonAndSetMember(Object obj, ReadStack& state, Utf8JsonReader& reader)
   at System.Text.Json.Serialization.Converters.ObjectDefaultConverter`1.OnTryRead(Utf8JsonReader& reader, Type typeToConvert, JsonSerializerOptions options, ReadStack& state, T& value)
   at System.Text.Json.Serialization.JsonConverter`1.TryRead(Utf8JsonReader& reader, Type typeToConvert, JsonSerializerOptions options, ReadStack& state, T& value, Boolean& isPopulatedValue)
   at System.Text.Json.Serialization.JsonConverter`1.ReadCore(Utf8JsonReader& reader, JsonSerializerOptions options, ReadStack& state)
   --- End of inner exception stack trace ---
   at System.Text.Json.ThrowHelper.ReThrowWithPath(ReadStack& state, Utf8JsonReader& reader, Exception ex)
   at System.Text.Json.Serialization.JsonConverter`1.ReadCore(Utf8JsonReader& reader, JsonSerializerOptions options, ReadStack& state)
   at System.Text.Json.JsonSerializer.ReadFromSpan[TValue](ReadOnlySpan`1 json, JsonTypeInfo`1 jsonTypeInfo)
   at System.Text.Json.JsonSerializer.Deserialize[TValue](String json, JsonSerializerOptions options)
   at PointOfSale.Infrastructure.Services.MraApiClient.SendAsync[TResponse](HttpRequestMessage request, String auditRequestBody, CancellationToken cancellationToken) in C:\Users\Albert Zee\Documents\Projects\Point Of Sale\src\PointOfSale.Infrastructure\Services\MraApiClient.cs:line 309
   --- End of inner exception stack trace ---
   at PointOfSale.Infrastructure.Services.MraApiClient.SendAsync[TResponse](HttpRequestMessage request, String auditRequestBody, CancellationToken cancellationToken) in C:\Users\Albert Zee\Documents\Projects\Point Of Sale\src\PointOfSale.Infrastructure\Services\MraApiClient.cs:line 323
   at PointOfSale.Infrastructure.Services.MraApiClient.PostEmptyAsync[TResponse](String relativePath, MraRequestContext context, CancellationToken cancellationToken) in C:\Users\Albert Zee\Documents\Projects\Point Of Sale\src\PointOfSale.Infrastructure\Services\MraApiClient.cs:line 249
   at PointOfSale.Infrastructure.Services.SalesTransactionService.GetLastSubmittedTransactionAsync(String relativePath, String channelLabel, CancellationToken cancellationToken) in C:\Users\Albert Zee\Documents\Projects\Point Of Sale\src\PointOfSale.Infrastructure\Services\SalesTransactionService.cs:line 86
   at PointOfSale.Infrastructure.Services.SalesTransactionService.VerifySequenceContinuityAsync(Func`2 lookupFactory, String channelLabel, CancellationToken cancellationToken) in C:\Users\Albert Zee\Documents\Projects\Point Of Sale\src\PointOfSale.Infrastructure\Services\SalesTransactionService.cs:line 153
2026-08-07 10:42:36.321 +02:00 [INF] ART Diagnostic DatabaseLatency SqlExpress 1 null: Performance profile sample (FPS 0.0)
2026-08-07 10:42:37.951 +02:00 [INF] ART Diagnostic DatabaseLatency SqlExpress 1 null: SQL round-trip 1 ms
2026-08-07 10:42:37.966 +02:00 [INF] MRA EIS POST "https://dev-eis-api.mra.mw/api/v1/utilities/ping"
2026-08-07 10:42:38.003 +02:00 [INF] MRA POST /api/v1/utilities/ping status=200 success=true durationMs=47
2026-08-07 10:42:38.006 +02:00 [INF] ART Diagnostic MraConnectivity MraEis 44 1: MRA ping ok in 44 ms.
2026-08-07 10:42:38.054 +02:00 [INF] MRA EIS POST "https://dev-eis-api.mra.mw/api/v1/utilities/ping"
2026-08-07 10:42:38.080 +02:00 [INF] MRA POST /api/v1/utilities/ping status=200 success=true durationMs=31
2026-08-07 10:42:38.083 +02:00 [INF] MRA connectivity restored — waking offline sync worker.
2026-08-07 10:42:38.083 +02:00 [INF] ART Diagnostic HealthCheck HealthCheckWorker 1 null: All subsystems healthy (SQL 1 ms, disk 33.65 GB free).
2026-08-07 10:42:38.142 +02:00 [INF] MRA EIS POST "https://dev-eis-api.mra.mw/api/v1/utilities/ping"
2026-08-07 10:42:38.167 +02:00 [INF] MRA POST /api/v1/utilities/ping status=200 success=true durationMs=31
2026-08-07 10:42:38.191 +02:00 [INF] MRA connectivity restored — waking offline sync worker.
2026-08-07 10:42:38.228 +02:00 [INF] ART Diagnostic WorkerHeartbeat SystemHealthMonitorService null null: All monitored subsystems healthy.
2026-08-07 10:42:51.293 +02:00 [INF] MRA EIS POST "https://dev-eis-api.mra.mw/api/v1/utilities/ping"
2026-08-07 10:42:51.318 +02:00 [INF] MRA POST /api/v1/utilities/ping status=200 success=true durationMs=31
2026-08-07 10:42:51.348 +02:00 [INF] MRA connectivity restored — waking offline sync worker.
2026-08-07 10:42:54.029 +02:00 [INF] Inventory alert scan complete: 102 products, low=2, stockout=0, overstock=0, fast=0.
2026-08-07 10:43:06.350 +02:00 [INF] ART Diagnostic DatabaseLatency SqlExpress 1 null: Performance profile sample (FPS 0.0)
2026-08-07 10:43:11.302 +02:00 [INF] MRA EIS POST "https://dev-eis-api.mra.mw/api/v1/utilities/ping"
2026-08-07 10:43:11.363 +02:00 [INF] MRA POST /api/v1/utilities/ping status=200 success=true durationMs=62
2026-08-07 10:43:11.375 +02:00 [INF] MRA connectivity restored — waking offline sync worker.
2026-08-07 10:43:19.430 +02:00 [INF] ART Diagnostic WorkerHeartbeat HealthCheckWorker null null: Heartbeat
2026-08-07 10:43:19.478 +02:00 [INF] ART Diagnostic DatabaseLatency SqlExpress 0 null: SQL round-trip 0 ms
2026-08-07 10:43:19.485 +02:00 [INF] MRA EIS POST "https://dev-eis-api.mra.mw/api/v1/utilities/ping"
2026-08-07 10:43:19.515 +02:00 [INF] MRA POST /api/v1/utilities/ping status=200 success=true durationMs=32
2026-08-07 10:43:19.520 +02:00 [INF] ART Diagnostic MraConnectivity MraEis 35 1: MRA ping ok in 35 ms.
2026-08-07 10:43:19.565 +02:00 [INF] MRA EIS POST "https://dev-eis-api.mra.mw/api/v1/utilities/ping"
2026-08-07 10:43:19.596 +02:00 [INF] MRA POST /api/v1/utilities/ping status=200 success=true durationMs=31
2026-08-07 10:43:19.599 +02:00 [INF] MRA connectivity restored — waking offline sync worker.
2026-08-07 10:43:19.600 +02:00 [INF] ART Diagnostic HealthCheck HealthCheckWorker 0 null: All subsystems healthy (SQL 0 ms, disk 33.65 GB free).
2026-08-07 10:43:23.243 +02:00 [INF] ART Diagnostic DatabaseLatency SqlExpress 1 null: SQL round-trip 1 ms
2026-08-07 10:43:23.258 +02:00 [INF] MRA EIS POST "https://dev-eis-api.mra.mw/api/v1/utilities/ping"
2026-08-07 10:43:23.292 +02:00 [INF] MRA POST /api/v1/utilities/ping status=200 success=true durationMs=31
2026-08-07 10:43:23.295 +02:00 [INF] ART Diagnostic MraConnectivity MraEis 36 1: MRA ping ok in 36 ms.
2026-08-07 10:43:23.342 +02:00 [INF] MRA EIS POST "https://dev-eis-api.mra.mw/api/v1/utilities/ping"
2026-08-07 10:43:23.374 +02:00 [INF] MRA POST /api/v1/utilities/ping status=200 success=true durationMs=31
2026-08-07 10:43:23.377 +02:00 [INF] MRA connectivity restored — waking offline sync worker.
2026-08-07 10:43:23.377 +02:00 [INF] ART Diagnostic HealthCheck HealthCheckWorker 1 null: All subsystems healthy (SQL 1 ms, disk 33.65 GB free).
2026-08-07 10:43:23.419 +02:00 [INF] MRA EIS POST "https://dev-eis-api.mra.mw/api/v1/utilities/ping"
2026-08-07 10:43:23.442 +02:00 [INF] MRA POST /api/v1/utilities/ping status=200 success=true durationMs=31
2026-08-07 10:43:23.445 +02:00 [INF] MRA connectivity restored — waking offline sync worker.
2026-08-07 10:43:23.486 +02:00 [INF] ART Diagnostic WorkerHeartbeat SystemHealthMonitorService null null: All monitored subsystems healthy.
2026-08-07 10:43:31.281 +02:00 [INF] MRA EIS POST "https://dev-eis-api.mra.mw/api/v1/utilities/ping"
2026-08-07 10:43:33.397 +02:00 [INF] MRA POST /api/v1/utilities/ping status=200 success=true durationMs=2125
2026-08-07 10:43:33.408 +02:00 [INF] MRA connectivity restored — waking offline sync worker.
2026-08-07 10:43:36.394 +02:00 [INF] ART Diagnostic DatabaseLatency SqlExpress 1 null: Performance profile sample (FPS 0.0)
2026-08-07 10:43:51.296 +02:00 [INF] MRA EIS POST "https://dev-eis-api.mra.mw/api/v1/utilities/ping"
2026-08-07 10:43:51.340 +02:00 [INF] MRA POST /api/v1/utilities/ping status=200 success=true durationMs=47
2026-08-07 10:43:51.361 +02:00 [INF] MRA connectivity restored — waking offline sync worker.
2026-08-07 10:43:54.110 +02:00 [INF] Inventory alert scan complete: 102 products, low=2, stockout=0, overstock=0, fast=0.
2026-08-07 10:44:04.616 +02:00 [INF] ART Diagnostic WorkerHeartbeat HealthCheckWorker null null: Heartbeat
2026-08-07 10:44:04.624 +02:00 [INF] ART Diagnostic DatabaseLatency SqlExpress 1 null: SQL round-trip 1 ms
2026-08-07 10:44:04.634 +02:00 [INF] MRA EIS POST "https://dev-eis-api.mra.mw/api/v1/utilities/ping"
2026-08-07 10:44:04.662 +02:00 [INF] MRA POST /api/v1/utilities/ping status=200 success=true durationMs=31
2026-08-07 10:44:04.665 +02:00 [INF] ART Diagnostic MraConnectivity MraEis 31 1: MRA ping ok in 31 ms.
2026-08-07 10:44:04.708 +02:00 [INF] MRA EIS POST "https://dev-eis-api.mra.mw/api/v1/utilities/ping"
2026-08-07 10:44:04.734 +02:00 [INF] MRA POST /api/v1/utilities/ping status=200 success=true durationMs=15
2026-08-07 10:44:04.737 +02:00 [INF] MRA connectivity restored — waking offline sync worker.
2026-08-07 10:44:04.737 +02:00 [INF] ART Diagnostic HealthCheck HealthCheckWorker 1 null: All subsystems healthy (SQL 1 ms, disk 33.65 GB free).
2026-08-07 10:44:06.436 +02:00 [INF] ART Diagnostic DatabaseLatency SqlExpress 1 null: Performance profile sample (FPS 0.0)
2026-08-07 10:44:08.502 +02:00 [INF] ART Diagnostic DatabaseLatency SqlExpress 1 null: SQL round-trip 1 ms
2026-08-07 10:44:08.579 +02:00 [INF] MRA EIS POST "https://dev-eis-api.mra.mw/api/v1/utilities/ping"
2026-08-07 10:44:08.611 +02:00 [INF] MRA POST /api/v1/utilities/ping status=200 success=true durationMs=47
2026-08-07 10:44:08.617 +02:00 [INF] ART Diagnostic MraConnectivity MraEis 37 1: MRA ping ok in 37 ms.
2026-08-07 10:44:08.681 +02:00 [INF] MRA EIS POST "https://dev-eis-api.mra.mw/api/v1/utilities/ping"
2026-08-07 10:44:08.706 +02:00 [INF] MRA POST /api/v1/utilities/ping status=200 success=true durationMs=31
2026-08-07 10:44:08.709 +02:00 [INF] MRA connectivity restored — waking offline sync worker.
2026-08-07 10:44:08.709 +02:00 [INF] ART Diagnostic HealthCheck HealthCheckWorker 1 null: All subsystems healthy (SQL 1 ms, disk 33.65 GB free).
2026-08-07 10:44:08.712 +02:00 [INF] MRA EIS POST "https://dev-eis-api.mra.mw/api/v1/sales/last-submitted-offline-transaction"
2026-08-07 10:44:08.758 +02:00 [INF] MRA EIS POST "https://dev-eis-api.mra.mw/api/v1/utilities/ping"
2026-08-07 10:44:08.785 +02:00 [INF] MRA POST /api/v1/utilities/ping status=200 success=true durationMs=31
2026-08-07 10:44:08.788 +02:00 [INF] MRA connectivity restored — waking offline sync worker.
2026-08-07 10:44:08.830 +02:00 [INF] ART Diagnostic WorkerHeartbeat SystemHealthMonitorService null null: All monitored subsystems healthy.
2026-08-07 10:44:09.164 +02:00 [INF] MRA POST /api/v1/sales/last-submitted-offline-transaction status=200 success=true durationMs=453
2026-08-07 10:44:09.172 +02:00 [WRN] Unable to query last-submitted-offline-transaction for sequence check.
PointOfSale.Mra.Http.MraApiException: Invalid MRA EIS response JSON.
 ---> System.Text.Json.JsonException: The JSON value could not be converted to System.Decimal. Path: $.data.invoiceSummary.amountTendered | LineNumber: 0 | BytePositionInLine: 992.
 ---> System.InvalidOperationException: Cannot get the value of a token type 'Null' as a number.
   at System.Text.Json.ThrowHelper.ThrowInvalidOperationException_ExpectedNumber(JsonTokenType tokenType)
   at System.Text.Json.Serialization.Metadata.JsonPropertyInfo`1.ReadJsonAndSetMember(Object obj, ReadStack& state, Utf8JsonReader& reader)
   at System.Text.Json.Serialization.Converters.ObjectDefaultConverter`1.OnTryRead(Utf8JsonReader& reader, Type typeToConvert, JsonSerializerOptions options, ReadStack& state, T& value)
   at System.Text.Json.Serialization.JsonConverter`1.TryRead(Utf8JsonReader& reader, Type typeToConvert, JsonSerializerOptions options, ReadStack& state, T& value, Boolean& isPopulatedValue)
   at System.Text.Json.Serialization.Metadata.JsonPropertyInfo`1.ReadJsonAndSetMember(Object obj, ReadStack& state, Utf8JsonReader& reader)
   at System.Text.Json.Serialization.Converters.ObjectDefaultConverter`1.OnTryRead(Utf8JsonReader& reader, Type typeToConvert, JsonSerializerOptions options, ReadStack& state, T& value)
   at System.Text.Json.Serialization.JsonConverter`1.TryRead(Utf8JsonReader& reader, Type typeToConvert, JsonSerializerOptions options, ReadStack& state, T& value, Boolean& isPopulatedValue)
   at System.Text.Json.Serialization.Metadata.JsonPropertyInfo`1.ReadJsonAndSetMember(Object obj, ReadStack& state, Utf8JsonReader& reader)
   at System.Text.Json.Serialization.Converters.ObjectDefaultConverter`1.OnTryRead(Utf8JsonReader& reader, Type typeToConvert, JsonSerializerOptions options, ReadStack& state, T& value)
   at System.Text.Json.Serialization.JsonConverter`1.TryRead(Utf8JsonReader& reader, Type typeToConvert, JsonSerializerOptions options, ReadStack& state, T& value, Boolean& isPopulatedValue)
   at System.Text.Json.Serialization.JsonConverter`1.ReadCore(Utf8JsonReader& reader, JsonSerializerOptions options, ReadStack& state)
   --- End of inner exception stack trace ---
   at System.Text.Json.ThrowHelper.ReThrowWithPath(ReadStack& state, Utf8JsonReader& reader, Exception ex)
   at System.Text.Json.Serialization.JsonConverter`1.ReadCore(Utf8JsonReader& reader, JsonSerializerOptions options, ReadStack& state)
   at System.Text.Json.JsonSerializer.ReadFromSpan[TValue](ReadOnlySpan`1 json, JsonTypeInfo`1 jsonTypeInfo)
   at System.Text.Json.JsonSerializer.Deserialize[TValue](String json, JsonSerializerOptions options)
   at PointOfSale.Infrastructure.Services.MraApiClient.SendAsync[TResponse](HttpRequestMessage request, String auditRequestBody, CancellationToken cancellationToken) in C:\Users\Albert Zee\Documents\Projects\Point Of Sale\src\PointOfSale.Infrastructure\Services\MraApiClient.cs:line 309
   --- End of inner exception stack trace ---
   at PointOfSale.Infrastructure.Services.MraApiClient.SendAsync[TResponse](HttpRequestMessage request, String auditRequestBody, CancellationToken cancellationToken) in C:\Users\Albert Zee\Documents\Projects\Point Of Sale\src\PointOfSale.Infrastructure\Services\MraApiClient.cs:line 323
   at PointOfSale.Infrastructure.Services.MraApiClient.PostEmptyAsync[TResponse](String relativePath, MraRequestContext context, CancellationToken cancellationToken) in C:\Users\Albert Zee\Documents\Projects\Point Of Sale\src\PointOfSale.Infrastructure\Services\MraApiClient.cs:line 249
   at PointOfSale.Infrastructure.Services.SalesTransactionService.GetLastSubmittedTransactionAsync(String relativePath, String channelLabel, CancellationToken cancellationToken) in C:\Users\Albert Zee\Documents\Projects\Point Of Sale\src\PointOfSale.Infrastructure\Services\SalesTransactionService.cs:line 86
   at PointOfSale.Infrastructure.Services.SalesTransactionService.VerifySequenceContinuityAsync(Func`2 lookupFactory, String channelLabel, CancellationToken cancellationToken) in C:\Users\Albert Zee\Documents\Projects\Point Of Sale\src\PointOfSale.Infrastructure\Services\SalesTransactionService.cs:line 153
2026-08-07 10:44:11.290 +02:00 [INF] MRA EIS POST "https://dev-eis-api.mra.mw/api/v1/utilities/ping"
2026-08-07 10:44:11.316 +02:00 [INF] MRA POST /api/v1/utilities/ping status=200 success=true durationMs=31
2026-08-07 10:44:11.325 +02:00 [INF] MRA connectivity restored — waking offline sync worker.
2026-08-07 10:44:31.312 +02:00 [INF] MRA EIS POST "https://dev-eis-api.mra.mw/api/v1/utilities/ping"
2026-08-07 10:44:31.341 +02:00 [INF] MRA POST /api/v1/utilities/ping status=200 success=true durationMs=31
2026-08-07 10:44:31.403 +02:00 [INF] MRA connectivity restored — waking offline sync worker.
2026-08-07 10:44:36.493 +02:00 [INF] ART Diagnostic DatabaseLatency SqlExpress 1 null: Performance profile sample (FPS 0.0)
2026-08-07 10:44:49.750 +02:00 [INF] ART Diagnostic WorkerHeartbeat HealthCheckWorker null null: Heartbeat
2026-08-07 10:44:49.762 +02:00 [INF] ART Diagnostic DatabaseLatency SqlExpress 1 null: SQL round-trip 1 ms
2026-08-07 10:44:49.771 +02:00 [INF] MRA EIS POST "https://dev-eis-api.mra.mw/api/v1/utilities/ping"
2026-08-07 10:44:49.813 +02:00 [INF] MRA POST /api/v1/utilities/ping status=200 success=true durationMs=32
2026-08-07 10:44:49.817 +02:00 [INF] ART Diagnostic MraConnectivity MraEis 45 1: MRA ping ok in 45 ms.
2026-08-07 10:44:49.872 +02:00 [INF] MRA EIS POST "https://dev-eis-api.mra.mw/api/v1/utilities/ping"
2026-08-07 10:44:52.979 +02:00 [INF] MRA POST /api/v1/utilities/ping status=200 success=true durationMs=3109
2026-08-07 10:44:52.990 +02:00 [INF] MRA connectivity restored — waking offline sync worker.
2026-08-07 10:44:52.991 +02:00 [INF] ART Diagnostic HealthCheck HealthCheckWorker 1 null: All subsystems healthy (SQL 1 ms, disk 33.65 GB free).
2026-08-07 10:44:53.847 +02:00 [INF] ART Diagnostic DatabaseLatency SqlExpress 1 null: SQL round-trip 1 ms
2026-08-07 10:44:53.856 +02:00 [INF] MRA EIS POST "https://dev-eis-api.mra.mw/api/v1/utilities/ping"
2026-08-07 10:44:53.881 +02:00 [INF] MRA POST /api/v1/utilities/ping status=200 success=true durationMs=32
2026-08-07 10:44:53.884 +02:00 [INF] ART Diagnostic MraConnectivity MraEis 27 1: MRA ping ok in 27 ms.
2026-08-07 10:44:53.933 +02:00 [INF] MRA EIS POST "https://dev-eis-api.mra.mw/api/v1/utilities/ping"
2026-08-07 10:44:53.954 +02:00 [INF] MRA POST /api/v1/utilities/ping status=200 success=true durationMs=31
2026-08-07 10:44:53.957 +02:00 [INF] MRA connectivity restored — waking offline sync worker.
2026-08-07 10:44:53.958 +02:00 [INF] ART Diagnostic HealthCheck HealthCheckWorker 1 null: All subsystems healthy (SQL 1 ms, disk 33.65 GB free).
2026-08-07 10:44:54.005 +02:00 [INF] MRA EIS POST "https://dev-eis-api.mra.mw/api/v1/utilities/ping"
2026-08-07 10:44:54.028 +02:00 [INF] MRA POST /api/v1/utilities/ping status=200 success=true durationMs=15
2026-08-07 10:44:54.031 +02:00 [INF] MRA connectivity restored — waking offline sync worker.
2026-08-07 10:44:54.073 +02:00 [INF] ART Diagnostic WorkerHeartbeat SystemHealthMonitorService null null: All monitored subsystems healthy.
2026-08-07 10:44:54.138 +02:00 [INF] Inventory alert scan complete: 102 products, low=2, stockout=0, overstock=0, fast=0.
2026-08-07 10:45:06.546 +02:00 [INF] ART Diagnostic DatabaseLatency SqlExpress 1 null: Performance profile sample (FPS 0.0)
2026-08-07 10:45:11.279 +02:00 [INF] MRA EIS POST "https://dev-eis-api.mra.mw/api/v1/utilities/ping"
2026-08-07 10:45:11.301 +02:00 [INF] MRA POST /api/v1/utilities/ping status=200 success=true durationMs=32
2026-08-07 10:45:11.311 +02:00 [INF] MRA connectivity restored — waking offline sync worker.
2026-08-07 10:45:31.294 +02:00 [INF] MRA EIS POST "https://dev-eis-api.mra.mw/api/v1/utilities/ping"
2026-08-07 10:45:31.327 +02:00 [INF] MRA POST /api/v1/utilities/ping status=200 success=true durationMs=31
2026-08-07 10:45:31.388 +02:00 [INF] MRA connectivity restored — waking offline sync worker.
2026-08-07 10:45:36.613 +02:00 [INF] ART Diagnostic DatabaseLatency SqlExpress 0 null: Performance profile sample (FPS 0.0)
2026-08-07 10:45:38.017 +02:00 [INF] ART Diagnostic WorkerHeartbeat HealthCheckWorker null null: Heartbeat
2026-08-07 10:45:38.021 +02:00 [INF] ART Diagnostic DatabaseLatency SqlExpress 0 null: SQL round-trip 0 ms
2026-08-07 10:45:38.025 +02:00 [INF] MRA EIS POST "https://dev-eis-api.mra.mw/api/v1/utilities/ping"
2026-08-07 10:45:39.077 +02:00 [INF] ART Diagnostic DatabaseLatency SqlExpress 0 null: SQL round-trip 0 ms
2026-08-07 10:45:39.082 +02:00 [INF] MRA EIS POST "https://dev-eis-api.mra.mw/api/v1/utilities/ping"
2026-08-07 10:45:39.108 +02:00 [INF] MRA POST /api/v1/utilities/ping status=200 success=true durationMs=15
2026-08-07 10:45:39.112 +02:00 [INF] ART Diagnostic MraConnectivity MraEis 29 1: MRA ping ok in 29 ms.
2026-08-07 10:45:39.172 +02:00 [INF] MRA EIS POST "https://dev-eis-api.mra.mw/api/v1/utilities/ping"
2026-08-07 10:45:39.189 +02:00 [INF] MRA POST /api/v1/utilities/ping status=200 success=true durationMs=31
2026-08-07 10:45:39.192 +02:00 [INF] MRA connectivity restored — waking offline sync worker.
2026-08-07 10:45:39.192 +02:00 [INF] ART Diagnostic HealthCheck HealthCheckWorker 0 null: All subsystems healthy (SQL 0 ms, disk 33.65 GB free).
2026-08-07 10:45:39.197 +02:00 [INF] MRA EIS POST "https://dev-eis-api.mra.mw/api/v1/sales/last-submitted-offline-transaction"
2026-08-07 10:45:39.243 +02:00 [INF] MRA EIS POST "https://dev-eis-api.mra.mw/api/v1/utilities/ping"
2026-08-07 10:45:39.288 +02:00 [INF] MRA POST /api/v1/utilities/ping status=200 success=true durationMs=47
2026-08-07 10:45:39.291 +02:00 [INF] MRA connectivity restored — waking offline sync worker.
2026-08-07 10:45:39.331 +02:00 [INF] ART Diagnostic WorkerHeartbeat SystemHealthMonitorService null null: All monitored subsystems healthy.
2026-08-07 10:45:41.106 +02:00 [INF] MRA POST /api/v1/utilities/ping status=200 success=true durationMs=3078
2026-08-07 10:45:41.109 +02:00 [INF] ART Diagnostic MraConnectivity MraEis 3083 1: MRA ping ok in 3083 ms.
2026-08-07 10:45:41.219 +02:00 [INF] MRA EIS POST "https://dev-eis-api.mra.mw/api/v1/utilities/ping"
2026-08-07 10:45:41.241 +02:00 [INF] MRA POST /api/v1/utilities/ping status=200 success=true durationMs=31
2026-08-07 10:45:41.306 +02:00 [INF] MRA connectivity restored — waking offline sync worker.
2026-08-07 10:45:41.306 +02:00 [INF] ART Diagnostic HealthCheck HealthCheckWorker 0 null: All subsystems healthy (SQL 0 ms, disk 33.65 GB free).
2026-08-07 10:45:41.510 +02:00 [INF] MRA POST /api/v1/sales/last-submitted-offline-transaction status=200 success=true durationMs=2313
2026-08-07 10:45:41.513 +02:00 [WRN] Unable to query last-submitted-offline-transaction for sequence check.
PointOfSale.Mra.Http.MraApiException: Invalid MRA EIS response JSON.
 ---> System.Text.Json.JsonException: The JSON value could not be converted to System.Decimal. Path: $.data.invoiceSummary.amountTendered | LineNumber: 0 | BytePositionInLine: 992.
 ---> System.InvalidOperationException: Cannot get the value of a token type 'Null' as a number.
   at System.Text.Json.ThrowHelper.ThrowInvalidOperationException_ExpectedNumber(JsonTokenType tokenType)
   at System.Text.Json.Serialization.Metadata.JsonPropertyInfo`1.ReadJsonAndSetMember(Object obj, ReadStack& state, Utf8JsonReader& reader)
   at System.Text.Json.Serialization.Converters.ObjectDefaultConverter`1.OnTryRead(Utf8JsonReader& reader, Type typeToConvert, JsonSerializerOptions options, ReadStack& state, T& value)
   at System.Text.Json.Serialization.JsonConverter`1.TryRead(Utf8JsonReader& reader, Type typeToConvert, JsonSerializerOptions options, ReadStack& state, T& value, Boolean& isPopulatedValue)
   at System.Text.Json.Serialization.Metadata.JsonPropertyInfo`1.ReadJsonAndSetMember(Object obj, ReadStack& state, Utf8JsonReader& reader)
   at System.Text.Json.Serialization.Converters.ObjectDefaultConverter`1.OnTryRead(Utf8JsonReader& reader, Type typeToConvert, JsonSerializerOptions options, ReadStack& state, T& value)
   at System.Text.Json.Serialization.JsonConverter`1.TryRead(Utf8JsonReader& reader, Type typeToConvert, JsonSerializerOptions options, ReadStack& state, T& value, Boolean& isPopulatedValue)
   at System.Text.Json.Serialization.Metadata.JsonPropertyInfo`1.ReadJsonAndSetMember(Object obj, ReadStack& state, Utf8JsonReader& reader)
   at System.Text.Json.Serialization.Converters.ObjectDefaultConverter`1.OnTryRead(Utf8JsonReader& reader, Type typeToConvert, JsonSerializerOptions options, ReadStack& state, T& value)
   at System.Text.Json.Serialization.JsonConverter`1.TryRead(Utf8JsonReader& reader, Type typeToConvert, JsonSerializerOptions options, ReadStack& state, T& value, Boolean& isPopulatedValue)
   at System.Text.Json.Serialization.JsonConverter`1.ReadCore(Utf8JsonReader& reader, JsonSerializerOptions options, ReadStack& state)
   --- End of inner exception stack trace ---
   at System.Text.Json.ThrowHelper.ReThrowWithPath(ReadStack& state, Utf8JsonReader& reader, Exception ex)
   at System.Text.Json.Serialization.JsonConverter`1.ReadCore(Utf8JsonReader& reader, JsonSerializerOptions options, ReadStack& state)
   at System.Text.Json.JsonSerializer.ReadFromSpan[TValue](ReadOnlySpan`1 json, JsonTypeInfo`1 jsonTypeInfo)
   at System.Text.Json.JsonSerializer.Deserialize[TValue](String json, JsonSerializerOptions options)
   at PointOfSale.Infrastructure.Services.MraApiClient.SendAsync[TResponse](HttpRequestMessage request, String auditRequestBody, CancellationToken cancellationToken) in C:\Users\Albert Zee\Documents\Projects\Point Of Sale\src\PointOfSale.Infrastructure\Services\MraApiClient.cs:line 309
   --- End of inner exception stack trace ---
   at PointOfSale.Infrastructure.Services.MraApiClient.SendAsync[TResponse](HttpRequestMessage request, String auditRequestBody, CancellationToken cancellationToken) in C:\Users\Albert Zee\Documents\Projects\Point Of Sale\src\PointOfSale.Infrastructure\Services\MraApiClient.cs:line 323
   at PointOfSale.Infrastructure.Services.MraApiClient.PostEmptyAsync[TResponse](String relativePath, MraRequestContext context, CancellationToken cancellationToken) in C:\Users\Albert Zee\Documents\Projects\Point Of Sale\src\PointOfSale.Infrastructure\Services\MraApiClient.cs:line 249
   at PointOfSale.Infrastructure.Services.SalesTransactionService.GetLastSubmittedTransactionAsync(String relativePath, String channelLabel, CancellationToken cancellationToken) in C:\Users\Albert Zee\Documents\Projects\Point Of Sale\src\PointOfSale.Infrastructure\Services\SalesTransactionService.cs:line 86
   at PointOfSale.Infrastructure.Services.SalesTransactionService.VerifySequenceContinuityAsync(Func`2 lookupFactory, String channelLabel, CancellationToken cancellationToken) in C:\Users\Albert Zee\Documents\Projects\Point Of Sale\src\PointOfSale.Infrastructure\Services\SalesTransactionService.cs:line 153
2026-08-07 10:45:51.297 +02:00 [INF] MRA EIS POST "https://dev-eis-api.mra.mw/api/v1/utilities/ping"
2026-08-07 10:45:51.316 +02:00 [INF] MRA POST /api/v1/utilities/ping status=200 success=true durationMs=31
2026-08-07 10:45:51.357 +02:00 [INF] MRA connectivity restored — waking offline sync worker.
2026-08-07 10:45:54.291 +02:00 [INF] Inventory alert scan complete: 102 products, low=2, stockout=0, overstock=0, fast=0.
2026-08-07 10:46:06.647 +02:00 [INF] ART Diagnostic DatabaseLatency SqlExpress 2 null: Performance profile sample (FPS 0.0)
2026-08-07 10:46:11.305 +02:00 [INF] MRA EIS POST "https://dev-eis-api.mra.mw/api/v1/utilities/ping"
2026-08-07 10:46:14.383 +02:00 [INF] MRA POST /api/v1/utilities/ping status=200 success=true durationMs=3078
2026-08-07 10:46:14.410 +02:00 [INF] MRA connectivity restored — waking offline sync worker.
2026-08-07 10:46:24.348 +02:00 [INF] ART Diagnostic DatabaseLatency SqlExpress 1 null: SQL round-trip 1 ms
2026-08-07 10:46:24.418 +02:00 [INF] MRA EIS POST "https://dev-eis-api.mra.mw/api/v1/utilities/ping"
2026-08-07 10:46:24.442 +02:00 [INF] MRA POST /api/v1/utilities/ping status=200 success=true durationMs=31
2026-08-07 10:46:24.504 +02:00 [INF] ART Diagnostic MraConnectivity MraEis 85 1: MRA ping ok in 85 ms.
2026-08-07 10:46:24.564 +02:00 [INF] MRA EIS POST "https://dev-eis-api.mra.mw/api/v1/utilities/ping"
2026-08-07 10:46:24.583 +02:00 [INF] MRA POST /api/v1/utilities/ping status=200 success=true durationMs=16
2026-08-07 10:46:24.678 +02:00 [INF] MRA connectivity restored — waking offline sync worker.
2026-08-07 10:46:24.679 +02:00 [INF] ART Diagnostic HealthCheck HealthCheckWorker 1 null: All subsystems healthy (SQL 1 ms, disk 33.65 GB free).
2026-08-07 10:46:24.788 +02:00 [INF] MRA EIS POST "https://dev-eis-api.mra.mw/api/v1/utilities/ping"
2026-08-07 10:46:24.808 +02:00 [INF] MRA POST /api/v1/utilities/ping status=200 success=true durationMs=16
2026-08-07 10:46:24.908 +02:00 [INF] MRA connectivity restored — waking offline sync worker.
2026-08-07 10:46:25.016 +02:00 [INF] ART Diagnostic WorkerHeartbeat SystemHealthMonitorService null null: All monitored subsystems healthy.
2026-08-07 10:46:26.323 +02:00 [INF] ART Diagnostic WorkerHeartbeat HealthCheckWorker null null: Heartbeat
2026-08-07 10:46:26.330 +02:00 [INF] ART Diagnostic DatabaseLatency SqlExpress 0 null: SQL round-trip 0 ms
2026-08-07 10:46:26.335 +02:00 [INF] MRA EIS POST "https://dev-eis-api.mra.mw/api/v1/utilities/ping"
2026-08-07 10:46:26.356 +02:00 [INF] MRA POST /api/v1/utilities/ping status=200 success=true durationMs=15
2026-08-07 10:46:26.360 +02:00 [INF] ART Diagnostic MraConnectivity MraEis 25 1: MRA ping ok in 25 ms.
2026-08-07 10:46:26.446 +02:00 [INF] MRA EIS POST "https://dev-eis-api.mra.mw/api/v1/utilities/ping"
2026-08-07 10:46:26.464 +02:00 [INF] MRA POST /api/v1/utilities/ping status=200 success=true durationMs=16
2026-08-07 10:46:26.468 +02:00 [INF] MRA connectivity restored — waking offline sync worker.
2026-08-07 10:46:26.468 +02:00 [INF] ART Diagnostic HealthCheck HealthCheckWorker 0 null: All subsystems healthy (SQL 0 ms, disk 33.65 GB free).
2026-08-07 10:46:31.303 +02:00 [INF] MRA EIS POST "https://dev-eis-api.mra.mw/api/v1/utilities/ping"
2026-08-07 10:46:31.327 +02:00 [INF] MRA POST /api/v1/utilities/ping status=200 success=true durationMs=15
2026-08-07 10:46:31.365 +02:00 [INF] MRA connectivity restored — waking offline sync worker.
2026-08-07 10:46:36.676 +02:00 [INF] ART Diagnostic DatabaseLatency SqlExpress 0 null: Performance profile sample (FPS 0.0)
2026-08-07 10:46:51.346 +02:00 [INF] MRA EIS POST "https://dev-eis-api.mra.mw/api/v1/utilities/ping"
2026-08-07 10:46:51.377 +02:00 [INF] MRA POST /api/v1/utilities/ping status=200 success=true durationMs=32
2026-08-07 10:46:51.412 +02:00 [INF] MRA connectivity restored — waking offline sync worker.
2026-08-07 10:46:54.345 +02:00 [INF] Inventory alert scan complete: 102 products, low=2, stockout=0, overstock=0, fast=0.
2026-08-07 10:47:07.148 +02:00 [INF] ART Diagnostic DatabaseLatency SqlExpress 0 null: Performance profile sample (FPS 0.0)
2026-08-07 10:47:10.252 +02:00 [INF] ART Diagnostic DatabaseLatency SqlExpress 0 null: SQL round-trip 0 ms
2026-08-07 10:47:10.256 +02:00 [INF] MRA EIS POST "https://dev-eis-api.mra.mw/api/v1/utilities/ping"
2026-08-07 10:47:10.273 +02:00 [INF] MRA POST /api/v1/utilities/ping status=200 success=true durationMs=15
2026-08-07 10:47:10.276 +02:00 [INF] ART Diagnostic MraConnectivity MraEis 20 1: MRA ping ok in 20 ms.
2026-08-07 10:47:10.342 +02:00 [INF] MRA EIS POST "https://dev-eis-api.mra.mw/api/v1/utilities/ping"
2026-08-07 10:47:11.708 +02:00 [INF] ART Diagnostic WorkerHeartbeat HealthCheckWorker null null: Heartbeat
2026-08-07 10:47:12.050 +02:00 [INF] ART Diagnostic DatabaseLatency SqlExpress 12 null: SQL round-trip 12 ms
2026-08-07 10:47:12.122 +02:00 [INF] MRA EIS POST "https://dev-eis-api.mra.mw/api/v1/utilities/ping"
2026-08-07 10:47:12.170 +02:00 [INF] MRA POST /api/v1/utilities/ping status=200 success=true durationMs=47
2026-08-07 10:47:12.220 +02:00 [INF] ART Diagnostic MraConnectivity MraEis 98 1: MRA ping ok in 98 ms.
2026-08-07 10:47:12.286 +02:00 [INF] ART Diagnostic HealthCheck HealthCheckWorker 12 null: All subsystems healthy (SQL 12 ms, disk 33.64 GB free).
2026-08-07 10:47:13.449 +02:00 [INF] MRA POST /api/v1/utilities/ping status=200 success=true durationMs=3109
2026-08-07 10:47:13.452 +02:00 [INF] MRA connectivity restored — waking offline sync worker.
2026-08-07 10:47:13.453 +02:00 [INF] ART Diagnostic HealthCheck HealthCheckWorker 0 null: All subsystems healthy (SQL 0 ms, disk 33.64 GB free).
2026-08-07 10:47:13.456 +02:00 [INF] MRA EIS POST "https://dev-eis-api.mra.mw/api/v1/sales/last-submitted-offline-transaction"
2026-08-07 10:47:13.508 +02:00 [INF] MRA EIS POST "https://dev-eis-api.mra.mw/api/v1/utilities/ping"
2026-08-07 10:47:13.919 +02:00 [INF] MRA POST /api/v1/sales/last-submitted-offline-transaction status=200 success=true durationMs=453
2026-08-07 10:47:13.922 +02:00 [WRN] Unable to query last-submitted-offline-transaction for sequence check.
PointOfSale.Mra.Http.MraApiException: Invalid MRA EIS response JSON.
 ---> System.Text.Json.JsonException: The JSON value could not be converted to System.Decimal. Path: $.data.invoiceSummary.amountTendered | LineNumber: 0 | BytePositionInLine: 992.
 ---> System.InvalidOperationException: Cannot get the value of a token type 'Null' as a number.
   at System.Text.Json.ThrowHelper.ThrowInvalidOperationException_ExpectedNumber(JsonTokenType tokenType)
   at System.Text.Json.Serialization.Metadata.JsonPropertyInfo`1.ReadJsonAndSetMember(Object obj, ReadStack& state, Utf8JsonReader& reader)
   at System.Text.Json.Serialization.Converters.ObjectDefaultConverter`1.OnTryRead(Utf8JsonReader& reader, Type typeToConvert, JsonSerializerOptions options, ReadStack& state, T& value)
   at System.Text.Json.Serialization.JsonConverter`1.TryRead(Utf8JsonReader& reader, Type typeToConvert, JsonSerializerOptions options, ReadStack& state, T& value, Boolean& isPopulatedValue)
   at System.Text.Json.Serialization.Metadata.JsonPropertyInfo`1.ReadJsonAndSetMember(Object obj, ReadStack& state, Utf8JsonReader& reader)
   at System.Text.Json.Serialization.Converters.ObjectDefaultConverter`1.OnTryRead(Utf8JsonReader& reader, Type typeToConvert, JsonSerializerOptions options, ReadStack& state, T& value)
   at System.Text.Json.Serialization.JsonConverter`1.TryRead(Utf8JsonReader& reader, Type typeToConvert, JsonSerializerOptions options, ReadStack& state, T& value, Boolean& isPopulatedValue)
   at System.Text.Json.Serialization.Metadata.JsonPropertyInfo`1.ReadJsonAndSetMember(Object obj, ReadStack& state, Utf8JsonReader& reader)
   at System.Text.Json.Serialization.Converters.ObjectDefaultConverter`1.OnTryRead(Utf8JsonReader& reader, Type typeToConvert, JsonSerializerOptions options, ReadStack& state, T& value)
   at System.Text.Json.Serialization.JsonConverter`1.TryRead(Utf8JsonReader& reader, Type typeToConvert, JsonSerializerOptions options, ReadStack& state, T& value, Boolean& isPopulatedValue)
   at System.Text.Json.Serialization.JsonConverter`1.ReadCore(Utf8JsonReader& reader, JsonSerializerOptions options, ReadStack& state)
   --- End of inner exception stack trace ---
   at System.Text.Json.ThrowHelper.ReThrowWithPath(ReadStack& state, Utf8JsonReader& reader, Exception ex)
   at System.Text.Json.Serialization.JsonConverter`1.ReadCore(Utf8JsonReader& reader, JsonSerializerOptions options, ReadStack& state)
   at System.Text.Json.JsonSerializer.ReadFromSpan[TValue](ReadOnlySpan`1 json, JsonTypeInfo`1 jsonTypeInfo)
   at System.Text.Json.JsonSerializer.Deserialize[TValue](String json, JsonSerializerOptions options)
   at PointOfSale.Infrastructure.Services.MraApiClient.SendAsync[TResponse](HttpRequestMessage request, String auditRequestBody, CancellationToken cancellationToken) in C:\Users\Albert Zee\Documents\Projects\Point Of Sale\src\PointOfSale.Infrastructure\Services\MraApiClient.cs:line 309
   --- End of inner exception stack trace ---
   at PointOfSale.Infrastructure.Services.MraApiClient.SendAsync[TResponse](HttpRequestMessage request, String auditRequestBody, CancellationToken cancellationToken) in C:\Users\Albert Zee\Documents\Projects\Point Of Sale\src\PointOfSale.Infrastructure\Services\MraApiClient.cs:line 323
   at PointOfSale.Infrastructure.Services.MraApiClient.PostEmptyAsync[TResponse](String relativePath, MraRequestContext context, CancellationToken cancellationToken) in C:\Users\Albert Zee\Documents\Projects\Point Of Sale\src\PointOfSale.Infrastructure\Services\MraApiClient.cs:line 249
   at PointOfSale.Infrastructure.Services.SalesTransactionService.GetLastSubmittedTransactionAsync(String relativePath, String channelLabel, CancellationToken cancellationToken) in C:\Users\Albert Zee\Documents\Projects\Point Of Sale\src\PointOfSale.Infrastructure\Services\SalesTransactionService.cs:line 86
   at PointOfSale.Infrastructure.Services.SalesTransactionService.VerifySequenceContinuityAsync(Func`2 lookupFactory, String channelLabel, CancellationToken cancellationToken) in C:\Users\Albert Zee\Documents\Projects\Point Of Sale\src\PointOfSale.Infrastructure\Services\SalesTransactionService.cs:line 153
2026-08-07 10:47:16.625 +02:00 [INF] MRA POST /api/v1/utilities/ping status=200 success=true durationMs=3109
2026-08-07 10:47:16.674 +02:00 [INF] MRA connectivity restored — waking offline sync worker.
2026-08-07 10:47:16.787 +02:00 [INF] ART Diagnostic WorkerHeartbeat SystemHealthMonitorService null null: All monitored subsystems healthy.
2026-08-07 10:47:31.269 +02:00 [INF] MRA EIS POST "https://dev-eis-api.mra.mw/api/v1/utilities/ping"
2026-08-07 10:47:31.294 +02:00 [INF] MRA POST /api/v1/utilities/ping status=200 success=true durationMs=16
2026-08-07 10:47:31.298 +02:00 [INF] MRA connectivity restored — waking offline sync worker.
2026-08-07 10:47:37.175 +02:00 [INF] ART Diagnostic DatabaseLatency SqlExpress 0 null: Performance profile sample (FPS 0.0)
2026-08-07 10:47:51.297 +02:00 [INF] MRA EIS POST "https://dev-eis-api.mra.mw/api/v1/utilities/ping"
2026-08-07 10:47:51.327 +02:00 [INF] MRA POST /api/v1/utilities/ping status=200 success=true durationMs=31
2026-08-07 10:47:51.333 +02:00 [INF] MRA connectivity restored — waking offline sync worker.
2026-08-07 10:47:54.409 +02:00 [INF] Inventory alert scan complete: 102 products, low=2, stockout=0, overstock=0, fast=0.
2026-08-07 10:47:57.304 +02:00 [INF] ART Diagnostic WorkerHeartbeat HealthCheckWorker null null: Heartbeat
2026-08-07 10:47:57.310 +02:00 [INF] ART Diagnostic DatabaseLatency SqlExpress 0 null: SQL round-trip 0 ms
2026-08-07 10:47:57.314 +02:00 [INF] MRA EIS POST "https://dev-eis-api.mra.mw/api/v1/utilities/ping"
2026-08-07 10:48:00.435 +02:00 [INF] MRA POST /api/v1/utilities/ping status=200 success=true durationMs=3110
2026-08-07 10:48:00.440 +02:00 [INF] ART Diagnostic MraConnectivity MraEis 3125 1: MRA ping ok in 3125 ms.
2026-08-07 10:48:00.499 +02:00 [INF] MRA EIS POST "https://dev-eis-api.mra.mw/api/v1/utilities/ping"
2026-08-07 10:48:00.529 +02:00 [INF] MRA POST /api/v1/utilities/ping status=200 success=true durationMs=31
2026-08-07 10:48:00.532 +02:00 [INF] MRA connectivity restored — waking offline sync worker.
2026-08-07 10:48:00.532 +02:00 [INF] ART Diagnostic HealthCheck HealthCheckWorker 0 null: All subsystems healthy (SQL 0 ms, disk 33.64 GB free).
2026-08-07 10:48:01.793 +02:00 [INF] ART Diagnostic DatabaseLatency SqlExpress 0 null: SQL round-trip 0 ms
2026-08-07 10:48:01.797 +02:00 [INF] MRA EIS POST "https://dev-eis-api.mra.mw/api/v1/utilities/ping"
2026-08-07 10:48:01.827 +02:00 [INF] MRA POST /api/v1/utilities/ping status=200 success=true durationMs=31
2026-08-07 10:48:01.829 +02:00 [INF] ART Diagnostic MraConnectivity MraEis 32 1: MRA ping ok in 32 ms.
2026-08-07 10:48:01.882 +02:00 [INF] MRA EIS POST "https://dev-eis-api.mra.mw/api/v1/utilities/ping"
2026-08-07 10:48:01.905 +02:00 [INF] MRA POST /api/v1/utilities/ping status=200 success=true durationMs=15
2026-08-07 10:48:01.908 +02:00 [INF] MRA connectivity restored — waking offline sync worker.
2026-08-07 10:48:01.908 +02:00 [INF] ART Diagnostic HealthCheck HealthCheckWorker 0 null: All subsystems healthy (SQL 0 ms, disk 33.64 GB free).
2026-08-07 10:48:01.966 +02:00 [INF] MRA EIS POST "https://dev-eis-api.mra.mw/api/v1/utilities/ping"
2026-08-07 10:48:01.994 +02:00 [INF] MRA POST /api/v1/utilities/ping status=200 success=true durationMs=31
2026-08-07 10:48:01.997 +02:00 [INF] MRA connectivity restored — waking offline sync worker.
2026-08-07 10:48:02.047 +02:00 [INF] ART Diagnostic WorkerHeartbeat SystemHealthMonitorService null null: All monitored subsystems healthy.
2026-08-07 10:48:07.204 +02:00 [INF] ART Diagnostic DatabaseLatency SqlExpress 0 null: Performance profile sample (FPS 0.0)
2026-08-07 10:48:11.304 +02:00 [INF] MRA EIS POST "https://dev-eis-api.mra.mw/api/v1/utilities/ping"
2026-08-07 10:48:11.331 +02:00 [INF] MRA POST /api/v1/utilities/ping status=200 success=true durationMs=31
2026-08-07 10:48:11.338 +02:00 [INF] MRA connectivity restored — waking offline sync worker.
2026-08-07 10:48:31.287 +02:00 [INF] MRA EIS POST "https://dev-eis-api.mra.mw/api/v1/utilities/ping"
2026-08-07 10:48:31.316 +02:00 [INF] MRA POST /api/v1/utilities/ping status=200 success=true durationMs=31
2026-08-07 10:48:31.320 +02:00 [INF] MRA connectivity restored — waking offline sync worker.
2026-08-07 10:48:37.221 +02:00 [INF] ART Diagnostic DatabaseLatency SqlExpress 0 null: Performance profile sample (FPS 0.0)
2026-08-07 10:48:45.555 +02:00 [INF] ART Diagnostic WorkerHeartbeat HealthCheckWorker null null: Heartbeat
2026-08-07 10:48:45.577 +02:00 [INF] ART Diagnostic DatabaseLatency SqlExpress 0 null: SQL round-trip 0 ms
2026-08-07 10:48:45.587 +02:00 [INF] MRA EIS POST "https://dev-eis-api.mra.mw/api/v1/utilities/ping"
2026-08-07 10:48:45.615 +02:00 [INF] MRA POST /api/v1/utilities/ping status=200 success=true durationMs=31
2026-08-07 10:48:45.627 +02:00 [INF] ART Diagnostic MraConnectivity MraEis 40 1: MRA ping ok in 40 ms.
2026-08-07 10:48:45.702 +02:00 [INF] MRA EIS POST "https://dev-eis-api.mra.mw/api/v1/utilities/ping"
2026-08-07 10:48:45.731 +02:00 [INF] MRA POST /api/v1/utilities/ping status=200 success=true durationMs=31
2026-08-07 10:48:45.741 +02:00 [INF] MRA connectivity restored — waking offline sync worker.
2026-08-07 10:48:45.741 +02:00 [INF] ART Diagnostic HealthCheck HealthCheckWorker 0 null: All subsystems healthy (SQL 0 ms, disk 33.64 GB free).
2026-08-07 10:48:45.763 +02:00 [INF] MRA EIS POST "https://dev-eis-api.mra.mw/api/v1/sales/last-submitted-offline-transaction"
2026-08-07 10:48:47.060 +02:00 [INF] ART Diagnostic DatabaseLatency SqlExpress 0 null: SQL round-trip 0 ms
2026-08-07 10:48:47.082 +02:00 [INF] MRA EIS POST "https://dev-eis-api.mra.mw/api/v1/utilities/ping"
2026-08-07 10:48:47.130 +02:00 [INF] MRA POST /api/v1/utilities/ping status=200 success=true durationMs=47
2026-08-07 10:48:47.168 +02:00 [INF] ART Diagnostic MraConnectivity MraEis 86 1: MRA ping ok in 86 ms.
2026-08-07 10:48:47.237 +02:00 [INF] MRA EIS POST "https://dev-eis-api.mra.mw/api/v1/utilities/ping"
2026-08-07 10:48:47.259 +02:00 [INF] MRA POST /api/v1/utilities/ping status=200 success=true durationMs=16
2026-08-07 10:48:47.267 +02:00 [INF] MRA connectivity restored — waking offline sync worker.
2026-08-07 10:48:47.267 +02:00 [INF] ART Diagnostic HealthCheck HealthCheckWorker 0 null: All subsystems healthy (SQL 0 ms, disk 33.64 GB free).
2026-08-07 10:48:47.345 +02:00 [INF] MRA EIS POST "https://dev-eis-api.mra.mw/api/v1/utilities/ping"
2026-08-07 10:48:47.370 +02:00 [INF] MRA POST /api/v1/utilities/ping status=200 success=true durationMs=16
2026-08-07 10:48:47.384 +02:00 [INF] MRA connectivity restored — waking offline sync worker.
2026-08-07 10:48:47.445 +02:00 [INF] ART Diagnostic WorkerHeartbeat SystemHealthMonitorService null null: All monitored subsystems healthy.
2026-08-07 10:48:49.381 +02:00 [INF] MRA POST /api/v1/sales/last-submitted-offline-transaction status=200 success=true durationMs=3625
2026-08-07 10:48:49.486 +02:00 [WRN] Unable to query last-submitted-offline-transaction for sequence check.
PointOfSale.Mra.Http.MraApiException: Invalid MRA EIS response JSON.
 ---> System.Text.Json.JsonException: The JSON value could not be converted to System.Decimal. Path: $.data.invoiceSummary.amountTendered | LineNumber: 0 | BytePositionInLine: 992.
 ---> System.InvalidOperationException: Cannot get the value of a token type 'Null' as a number.
   at System.Text.Json.ThrowHelper.ThrowInvalidOperationException_ExpectedNumber(JsonTokenType tokenType)
   at System.Text.Json.Serialization.Metadata.JsonPropertyInfo`1.ReadJsonAndSetMember(Object obj, ReadStack& state, Utf8JsonReader& reader)
   at System.Text.Json.Serialization.Converters.ObjectDefaultConverter`1.OnTryRead(Utf8JsonReader& reader, Type typeToConvert, JsonSerializerOptions options, ReadStack& state, T& value)
   at System.Text.Json.Serialization.JsonConverter`1.TryRead(Utf8JsonReader& reader, Type typeToConvert, JsonSerializerOptions options, ReadStack& state, T& value, Boolean& isPopulatedValue)
   at System.Text.Json.Serialization.Metadata.JsonPropertyInfo`1.ReadJsonAndSetMember(Object obj, ReadStack& state, Utf8JsonReader& reader)
   at System.Text.Json.Serialization.Converters.ObjectDefaultConverter`1.OnTryRead(Utf8JsonReader& reader, Type typeToConvert, JsonSerializerOptions options, ReadStack& state, T& value)
   at System.Text.Json.Serialization.JsonConverter`1.TryRead(Utf8JsonReader& reader, Type typeToConvert, JsonSerializerOptions options, ReadStack& state, T& value, Boolean& isPopulatedValue)
   at System.Text.Json.Serialization.Metadata.JsonPropertyInfo`1.ReadJsonAndSetMember(Object obj, ReadStack& state, Utf8JsonReader& reader)
   at System.Text.Json.Serialization.Converters.ObjectDefaultConverter`1.OnTryRead(Utf8JsonReader& reader, Type typeToConvert, JsonSerializerOptions options, ReadStack& state, T& value)
   at System.Text.Json.Serialization.JsonConverter`1.TryRead(Utf8JsonReader& reader, Type typeToConvert, JsonSerializerOptions options, ReadStack& state, T& value, Boolean& isPopulatedValue)
   at System.Text.Json.Serialization.JsonConverter`1.ReadCore(Utf8JsonReader& reader, JsonSerializerOptions options, ReadStack& state)
   --- End of inner exception stack trace ---
   at System.Text.Json.ThrowHelper.ReThrowWithPath(ReadStack& state, Utf8JsonReader& reader, Exception ex)
   at System.Text.Json.Serialization.JsonConverter`1.ReadCore(Utf8JsonReader& reader, JsonSerializerOptions options, ReadStack& state)
   at System.Text.Json.JsonSerializer.ReadFromSpan[TValue](ReadOnlySpan`1 json, JsonTypeInfo`1 jsonTypeInfo)
   at System.Text.Json.JsonSerializer.Deserialize[TValue](String json, JsonSerializerOptions options)
   at PointOfSale.Infrastructure.Services.MraApiClient.SendAsync[TResponse](HttpRequestMessage request, String auditRequestBody, CancellationToken cancellationToken) in C:\Users\Albert Zee\Documents\Projects\Point Of Sale\src\PointOfSale.Infrastructure\Services\MraApiClient.cs:line 309
   --- End of inner exception stack trace ---
   at PointOfSale.Infrastructure.Services.MraApiClient.SendAsync[TResponse](HttpRequestMessage request, String auditRequestBody, CancellationToken cancellationToken) in C:\Users\Albert Zee\Documents\Projects\Point Of Sale\src\PointOfSale.Infrastructure\Services\MraApiClient.cs:line 323
   at PointOfSale.Infrastructure.Services.MraApiClient.PostEmptyAsync[TResponse](String relativePath, MraRequestContext context, CancellationToken cancellationToken) in C:\Users\Albert Zee\Documents\Projects\Point Of Sale\src\PointOfSale.Infrastructure\Services\MraApiClient.cs:line 249
   at PointOfSale.Infrastructure.Services.SalesTransactionService.GetLastSubmittedTransactionAsync(String relativePath, String channelLabel, CancellationToken cancellationToken) in C:\Users\Albert Zee\Documents\Projects\Point Of Sale\src\PointOfSale.Infrastructure\Services\SalesTransactionService.cs:line 86
   at PointOfSale.Infrastructure.Services.SalesTransactionService.VerifySequenceContinuityAsync(Func`2 lookupFactory, String channelLabel, CancellationToken cancellationToken) in C:\Users\Albert Zee\Documents\Projects\Point Of Sale\src\PointOfSale.Infrastructure\Services\SalesTransactionService.cs:line 153
2026-08-07 10:48:49.647 +02:00 [INF] MRA EIS POST "https://dev-eis-api.mra.mw/api/v1/configuration/get-latest-configs"
2026-08-07 10:48:49.647 +02:00 [INF] MRA EIS request payload for "https://dev-eis-api.mra.mw/api/v1/configuration/get-latest-configs": {}
2026-08-07 10:48:49.690 +02:00 [INF] MRA POST /api/v1/configuration/get-latest-configs status=200 success=true durationMs=47
2026-08-07 10:48:49.846 +02:00 [INF] Cached get-latest-configs for 7f578f46-0775-49bd-8749-226942412378. sellerTIN=31018345, siteId=BLc4f27da3-6c8e-4014-84b1-140886944c25, versions g/t/tp=1/1/1
2026-08-07 10:48:49.846 +02:00 [INF] Refreshed fiscal identity from get-latest-configs. sellerTIN=31018345 siteId=BLc4f27da3-6c8e-4014-84b1-140886944c25 taxRateId=A vatReg=true activated=[PIT,CGT,NRT,VAT,WHT] versions g/t/tp=1/1/1
2026-08-07 10:48:49.849 +02:00 [INF] Generated offline ValidationURL signature for invoice Cvp-D-JY5M-B (N=4, julian=2461260).
2026-08-07 10:48:49.852 +02:00 [INF] Generated offline ValidationURL signature for invoice Cvp-D-JY5M-B (N=4, julian=2461260).
2026-08-07 10:48:49.861 +02:00 [INF] MRA EIS POST "https://dev-eis-api.mra.mw/api/v1/sales/submit-sales-transaction"
2026-08-07 10:48:49.861 +02:00 [INF] MRA EIS request payload for "https://dev-eis-api.mra.mw/api/v1/sales/submit-sales-transaction": {"invoiceHeader":{"invoiceNumber":"Cvp-D-JY5M-B","invoiceDateTime":"2026-08-07T08:32:26.989Z","sellerTIN":"31018345","buyerTIN":"20202020","siteId":"BLc4f27da3-6c8e-4014-84b1-140886944c25","globalConfigVersion":1,"taxpayerConfigVersion":1,"terminalConfigVersion":1,"isExport":false,"isReliefSupply":false,"paymentMethod":"Cash"},"invoiceLineItems":[{"id":1,"productCode":"990663831995","description":"Air Cleaner  13780-58B00","unitPrice":25850.00,"quantity":2,"discount":0,"total":44000.00,"totalVAT":7700.00,"taxRateId":"A","isProduct":true},{"id":2,"productCode":"456076017395","description":"Air Cleaner  13780-67 F01","unitPrice":25850.00,"quantity":1,"discount":0,"total":22000.00,"totalVAT":3850.00,"taxRateId":"A","isProduct":true},{"id":3,"productCode":"747157490635","description":"Air Cleaner  13780-58JF02","unitPrice":25850.00,"quantity":1,"discount":0,"total":22000.00,"totalVAT":3850.00,"taxRateId":"A","isProduct":true},{"id":4,"productCode":"990356104763","description":"Air Cleaner  13780-77A00","unitPrice":25850.00,"quantity":1,"discount":0,"total":22000.00,"totalVAT":3850.00,"taxRateId":"A","isProduct":true}],"invoiceSummary":{"taxBreakDown":[{"rateId":"A","taxableAmount":110000.00,"taxAmount":19250.00}],"totalVAT":19250.00,"offlineSignature":"UoSSqaLCvntMoXaRvjNKMz8Acp8uIMJXLew1wBYITeU","invoiceTotal":129250.00,"amountTendered":129250.00}}
2026-08-07 10:48:49.949 +02:00 [INF] MRA POST /api/v1/sales/submit-sales-transaction status=200 success=true durationMs=78
2026-08-07 10:48:49.952 +02:00 [WRN] MRA EIS logical failure for POST "https://dev-eis-api.mra.mw/api/v1/sales/submit-sales-transaction". statusCode=-2, remark=B2B transaction for this buyer requires a Purchase Authorization Code., errors=(none). RequestPayload={"invoiceHeader":{"invoiceNumber":"Cvp-D-JY5M-B","invoiceDateTime":"2026-08-07T08:32:26.989Z","sellerTIN":"31018345","buyerTIN":"20202020","siteId":"BLc4f27da3-6c8e-4014-84b1-140886944c25","globalConfigVersion":1,"taxpayerConfigVersion":1,"terminalConfigVersion":1,"isExport":false,"isReliefSupply":false,"paymentMethod":"Cash"},"invoiceLineItems":[{"id":1,"productCode":"990663831995","description":"Air Cleaner  13780-58B00","unitPrice":25850.00,"quantity":2,"discount":0,"total":44000.00,"totalVAT":7700.00,"taxRateId":"A","isProduct":true},{"id":2,"productCode":"456076017395","description":"Air Cleaner  13780-67 F01","unitPrice":25850.00,"quantity":1,"discount":0,"total":22000.00,"totalVAT":3850.00,"taxRateId":"A","isProduct":true},{"id":3,"productCode":"747157490635","description":"Air Cleaner  13780-58JF02","unitPrice":25850.00,"quantity":1,"discount":0,"total":22000.00,"totalVAT":3850.00,"taxRateId":"A","isProduct":true},{"id":4,"productCode":"990356104763","description":"Air Cleaner  13780-77A00","unitPrice":25850.00,"quantity":1,"discount":0,"total":22000.00,"totalVAT":3850.00,"taxRateId":"A","isProduct":true}],"invoiceSummary":{"taxBreakDown":[{"rateId":"A","taxableAmount":110000.00,"taxAmount":19250.00}],"totalVAT":19250.00,"offlineSignature":"UoSSqaLCvntMoXaRvjNKMz8Acp8uIMJXLew1wBYITeU","invoiceTotal":129250.00,"amountTendered":129250.00}}. ResponseBody={"statusCode":-2,"remark":"B2B transaction for this buyer requires a Purchase Authorization Code.","data":null,"errors":[]}
2026-08-07 10:48:49.952 +02:00 [WRN] MRA EIS sales/submit-sales-transaction returned success=false. Remark=B2B transaction for this buyer requires a Purchase Authorization Code.. Errors=[]. statusCode=-2
2026-08-07 10:48:49.952 +02:00 [WRN] MRA EIS failure classified. category="Unknown" action="RetryLater" statusCode=-2 primaryCode=-2 remark=B2B transaction for this buyer requires a Purchase Authorization Code. detail=statusCode=-2; primaryCode=-2; remark=B2B transaction for this buyer requires a Purchase Authorization Code.
2026-08-07 10:48:49.952 +02:00 [WRN] MRA EIS submission returned success=false for queue 1 invoice Cvp-D-JY5M-B. category="Unknown" action="RetryLater" detail=statusCode=-2; primaryCode=-2; remark=B2B transaction for this buyer requires a Purchase Authorization Code.
2026-08-07 10:48:50.056 +02:00 [INF] Offline sync drained 1 item(s) (submitted=0, quarantined=0).
2026-08-07 10:48:51.269 +02:00 [INF] MRA EIS POST "https://dev-eis-api.mra.mw/api/v1/utilities/ping"
2026-08-07 10:48:51.286 +02:00 [INF] MRA POST /api/v1/utilities/ping status=200 success=true durationMs=16
2026-08-07 10:48:51.295 +02:00 [INF] MRA connectivity restored — waking offline sync worker.
2026-08-07 10:48:54.447 +02:00 [INF] Inventory alert scan complete: 102 products, low=2, stockout=0, overstock=0, fast=0.
2026-08-07 10:49:07.271 +02:00 [INF] ART Diagnostic DatabaseLatency SqlExpress 0 null: Performance profile sample (FPS 0.0)
2026-08-07 10:49:11.287 +02:00 [INF] MRA EIS POST "https://dev-eis-api.mra.mw/api/v1/utilities/ping"
2026-08-07 10:49:11.306 +02:00 [INF] MRA POST /api/v1/utilities/ping status=200 success=true durationMs=16
2026-08-07 10:49:11.334 +02:00 [INF] MRA connectivity restored — waking offline sync worker.
2026-08-07 10:49:30.803 +02:00 [INF] ART Diagnostic WorkerHeartbeat HealthCheckWorker null null: Heartbeat
2026-08-07 10:49:30.810 +02:00 [INF] ART Diagnostic DatabaseLatency SqlExpress 0 null: SQL round-trip 0 ms
2026-08-07 10:49:30.815 +02:00 [INF] MRA EIS POST "https://dev-eis-api.mra.mw/api/v1/utilities/ping"
2026-08-07 10:49:30.837 +02:00 [INF] MRA POST /api/v1/utilities/ping status=200 success=true durationMs=16
2026-08-07 10:49:30.845 +02:00 [INF] ART Diagnostic MraConnectivity MraEis 30 1: MRA ping ok in 30 ms.
2026-08-07 10:49:30.908 +02:00 [INF] MRA EIS POST "https://dev-eis-api.mra.mw/api/v1/utilities/ping"
2026-08-07 10:49:30.927 +02:00 [INF] MRA POST /api/v1/utilities/ping status=200 success=true durationMs=16
2026-08-07 10:49:30.931 +02:00 [INF] MRA connectivity restored — waking offline sync worker.
2026-08-07 10:49:30.931 +02:00 [INF] ART Diagnostic HealthCheck HealthCheckWorker 0 null: All subsystems healthy (SQL 0 ms, disk 33.64 GB free).
2026-08-07 10:49:31.268 +02:00 [INF] MRA EIS POST "https://dev-eis-api.mra.mw/api/v1/utilities/ping"
2026-08-07 10:49:32.459 +02:00 [INF] ART Diagnostic DatabaseLatency SqlExpress 0 null: SQL round-trip 0 ms
2026-08-07 10:49:32.464 +02:00 [INF] MRA EIS POST "https://dev-eis-api.mra.mw/api/v1/utilities/ping"
2026-08-07 10:49:32.483 +02:00 [INF] MRA POST /api/v1/utilities/ping status=200 success=true durationMs=15
2026-08-07 10:49:32.486 +02:00 [INF] ART Diagnostic MraConnectivity MraEis 22 1: MRA ping ok in 22 ms.
2026-08-07 10:49:32.489 +02:00 [INF] ART Diagnostic HealthCheck HealthCheckWorker 0 null: All subsystems healthy (SQL 0 ms, disk 33.64 GB free).
2026-08-07 10:49:32.544 +02:00 [INF] ART Diagnostic WorkerHeartbeat SystemHealthMonitorService null null: All monitored subsystems healthy.
2026-08-07 10:49:34.378 +02:00 [INF] MRA POST /api/v1/utilities/ping status=200 success=true durationMs=3110
2026-08-07 10:49:34.393 +02:00 [INF] MRA connectivity restored — waking offline sync worker.
2026-08-07 10:49:37.323 +02:00 [INF] ART Diagnostic DatabaseLatency SqlExpress 1 null: Performance profile sample (FPS 0.0)
2026-08-07 10:49:51.288 +02:00 [INF] MRA EIS POST "https://dev-eis-api.mra.mw/api/v1/utilities/ping"
2026-08-07 10:49:51.315 +02:00 [INF] MRA POST /api/v1/utilities/ping status=200 success=true durationMs=31
2026-08-07 10:49:51.346 +02:00 [INF] MRA connectivity restored — waking offline sync worker.
2026-08-07 10:49:54.508 +02:00 [INF] Inventory alert scan complete: 102 products, low=2, stockout=0, overstock=0, fast=0.
2026-08-07 10:50:07.375 +02:00 [INF] ART Diagnostic DatabaseLatency SqlExpress 1 null: Performance profile sample (FPS 0.0)
2026-08-07 10:50:11.310 +02:00 [INF] MRA EIS POST "https://dev-eis-api.mra.mw/api/v1/utilities/ping"
2026-08-07 10:50:11.431 +02:00 [INF] MRA POST /api/v1/utilities/ping status=200 success=true durationMs=125
2026-08-07 10:50:11.474 +02:00 [INF] MRA connectivity restored — waking offline sync worker.
2026-08-07 10:50:15.942 +02:00 [INF] ART Diagnostic WorkerHeartbeat HealthCheckWorker null null: Heartbeat
2026-08-07 10:50:16.105 +02:00 [INF] ART Diagnostic DatabaseLatency SqlExpress 0 null: SQL round-trip 0 ms
2026-08-07 10:50:16.267 +02:00 [INF] MRA EIS POST "https://dev-eis-api.mra.mw/api/v1/utilities/ping"
2026-08-07 10:50:17.548 +02:00 [INF] ART Diagnostic DatabaseLatency SqlExpress 0 null: SQL round-trip 0 ms
2026-08-07 10:50:17.711 +02:00 [INF] MRA EIS POST "https://dev-eis-api.mra.mw/api/v1/utilities/ping"
2026-08-07 10:50:17.741 +02:00 [INF] MRA POST /api/v1/utilities/ping status=200 success=true durationMs=31
2026-08-07 10:50:18.062 +02:00 [INF] ART Diagnostic MraConnectivity MraEis 351 1: MRA ping ok in 351 ms.
2026-08-07 10:50:18.360 +02:00 [INF] MRA EIS POST "https://dev-eis-api.mra.mw/api/v1/utilities/ping"
2026-08-07 10:50:18.413 +02:00 [INF] MRA POST /api/v1/utilities/ping status=200 success=true durationMs=63
2026-08-07 10:50:18.550 +02:00 [INF] MRA connectivity restored — waking offline sync worker.
2026-08-07 10:50:18.550 +02:00 [INF] ART Diagnostic HealthCheck HealthCheckWorker 0 null: All subsystems healthy (SQL 0 ms, disk 33.63 GB free).
2026-08-07 10:50:18.772 +02:00 [INF] MRA EIS POST "https://dev-eis-api.mra.mw/api/v1/utilities/ping"
2026-08-07 10:50:18.802 +02:00 [INF] MRA POST /api/v1/utilities/ping status=200 success=true durationMs=32
2026-08-07 10:50:18.850 +02:00 [INF] MRA connectivity restored — waking offline sync worker.
2026-08-07 10:50:18.926 +02:00 [INF] ART Diagnostic WorkerHeartbeat SystemHealthMonitorService null null: All monitored subsystems healthy.
2026-08-07 10:50:19.369 +02:00 [INF] MRA POST /api/v1/utilities/ping status=200 success=true durationMs=3094
2026-08-07 10:50:19.378 +02:00 [INF] ART Diagnostic MraConnectivity MraEis 3110 1: MRA ping ok in 3110 ms.
2026-08-07 10:50:19.455 +02:00 [INF] MRA EIS POST "https://dev-eis-api.mra.mw/api/v1/utilities/ping"
2026-08-07 10:50:19.479 +02:00 [INF] MRA POST /api/v1/utilities/ping status=200 success=true durationMs=15
2026-08-07 10:50:19.493 +02:00 [INF] MRA connectivity restored — waking offline sync worker.
2026-08-07 10:50:19.493 +02:00 [INF] ART Diagnostic HealthCheck HealthCheckWorker 0 null: All subsystems healthy (SQL 0 ms, disk 33.63 GB free).
2026-08-07 10:50:19.514 +02:00 [INF] MRA EIS POST "https://dev-eis-api.mra.mw/api/v1/sales/last-submitted-offline-transaction"
2026-08-07 10:50:19.974 +02:00 [INF] MRA POST /api/v1/sales/last-submitted-offline-transaction status=200 success=true durationMs=468
2026-08-07 10:50:20.032 +02:00 [WRN] Unable to query last-submitted-offline-transaction for sequence check.
PointOfSale.Mra.Http.MraApiException: Invalid MRA EIS response JSON.
 ---> System.Text.Json.JsonException: The JSON value could not be converted to System.Decimal. Path: $.data.invoiceSummary.amountTendered | LineNumber: 0 | BytePositionInLine: 992.
 ---> System.InvalidOperationException: Cannot get the value of a token type 'Null' as a number.
   at System.Text.Json.ThrowHelper.ThrowInvalidOperationException_ExpectedNumber(JsonTokenType tokenType)
   at System.Text.Json.Serialization.Metadata.JsonPropertyInfo`1.ReadJsonAndSetMember(Object obj, ReadStack& state, Utf8JsonReader& reader)
   at System.Text.Json.Serialization.Converters.ObjectDefaultConverter`1.OnTryRead(Utf8JsonReader& reader, Type typeToConvert, JsonSerializerOptions options, ReadStack& state, T& value)
   at System.Text.Json.Serialization.JsonConverter`1.TryRead(Utf8JsonReader& reader, Type typeToConvert, JsonSerializerOptions options, ReadStack& state, T& value, Boolean& isPopulatedValue)
   at System.Text.Json.Serialization.Metadata.JsonPropertyInfo`1.ReadJsonAndSetMember(Object obj, ReadStack& state, Utf8JsonReader& reader)
   at System.Text.Json.Serialization.Converters.ObjectDefaultConverter`1.OnTryRead(Utf8JsonReader& reader, Type typeToConvert, JsonSerializerOptions options, ReadStack& state, T& value)
   at System.Text.Json.Serialization.JsonConverter`1.TryRead(Utf8JsonReader& reader, Type typeToConvert, JsonSerializerOptions options, ReadStack& state, T& value, Boolean& isPopulatedValue)
   at System.Text.Json.Serialization.Metadata.JsonPropertyInfo`1.ReadJsonAndSetMember(Object obj, ReadStack& state, Utf8JsonReader& reader)
   at System.Text.Json.Serialization.Converters.ObjectDefaultConverter`1.OnTryRead(Utf8JsonReader& reader, Type typeToConvert, JsonSerializerOptions options, ReadStack& state, T& value)
   at System.Text.Json.Serialization.JsonConverter`1.TryRead(Utf8JsonReader& reader, Type typeToConvert, JsonSerializerOptions options, ReadStack& state, T& value, Boolean& isPopulatedValue)
   at System.Text.Json.Serialization.JsonConverter`1.ReadCore(Utf8JsonReader& reader, JsonSerializerOptions options, ReadStack& state)
   --- End of inner exception stack trace ---
   at System.Text.Json.ThrowHelper.ReThrowWithPath(ReadStack& state, Utf8JsonReader& reader, Exception ex)
   at System.Text.Json.Serialization.JsonConverter`1.ReadCore(Utf8JsonReader& reader, JsonSerializerOptions options, ReadStack& state)
   at System.Text.Json.JsonSerializer.ReadFromSpan[TValue](ReadOnlySpan`1 json, JsonTypeInfo`1 jsonTypeInfo)
   at System.Text.Json.JsonSerializer.Deserialize[TValue](String json, JsonSerializerOptions options)
   at PointOfSale.Infrastructure.Services.MraApiClient.SendAsync[TResponse](HttpRequestMessage request, String auditRequestBody, CancellationToken cancellationToken) in C:\Users\Albert Zee\Documents\Projects\Point Of Sale\src\PointOfSale.Infrastructure\Services\MraApiClient.cs:line 309
   --- End of inner exception stack trace ---
   at PointOfSale.Infrastructure.Services.MraApiClient.SendAsync[TResponse](HttpRequestMessage request, String auditRequestBody, CancellationToken cancellationToken) in C:\Users\Albert Zee\Documents\Projects\Point Of Sale\src\PointOfSale.Infrastructure\Services\MraApiClient.cs:line 323
   at PointOfSale.Infrastructure.Services.MraApiClient.PostEmptyAsync[TResponse](String relativePath, MraRequestContext context, CancellationToken cancellationToken) in C:\Users\Albert Zee\Documents\Projects\Point Of Sale\src\PointOfSale.Infrastructure\Services\MraApiClient.cs:line 249
   at PointOfSale.Infrastructure.Services.SalesTransactionService.GetLastSubmittedTransactionAsync(String relativePath, String channelLabel, CancellationToken cancellationToken) in C:\Users\Albert Zee\Documents\Projects\Point Of Sale\src\PointOfSale.Infrastructure\Services\SalesTransactionService.cs:line 86
   at PointOfSale.Infrastructure.Services.SalesTransactionService.VerifySequenceContinuityAsync(Func`2 lookupFactory, String channelLabel, CancellationToken cancellationToken) in C:\Users\Albert Zee\Documents\Projects\Point Of Sale\src\PointOfSale.Infrastructure\Services\SalesTransactionService.cs:line 153
2026-08-07 10:50:31.357 +02:00 [INF] MRA EIS POST "https://dev-eis-api.mra.mw/api/v1/utilities/ping"
2026-08-07 10:50:34.481 +02:00 [INF] MRA POST /api/v1/utilities/ping status=200 success=true durationMs=3125
2026-08-07 10:50:34.504 +02:00 [INF] MRA connectivity restored — waking offline sync worker.
2026-08-07 10:50:37.451 +02:00 [INF] ART Diagnostic DatabaseLatency SqlExpress 0 null: Performance profile sample (FPS 0.0)
2026-08-07 10:50:51.284 +02:00 [INF] MRA EIS POST "https://dev-eis-api.mra.mw/api/v1/utilities/ping"
2026-08-07 10:50:51.321 +02:00 [INF] MRA POST /api/v1/utilities/ping status=200 success=true durationMs=31
2026-08-07 10:50:51.331 +02:00 [INF] MRA connectivity restored — waking offline sync worker.
2026-08-07 10:50:54.609 +02:00 [INF] Inventory alert scan complete: 102 products, low=2, stockout=0, overstock=0, fast=0.
2026-08-07 10:51:03.959 +02:00 [INF] ART Diagnostic DatabaseLatency SqlExpress 2 null: SQL round-trip 2 ms
2026-08-07 10:51:03.978 +02:00 [INF] MRA EIS POST "https://dev-eis-api.mra.mw/api/v1/utilities/ping"
2026-08-07 10:51:04.013 +02:00 [INF] MRA POST /api/v1/utilities/ping status=200 success=true durationMs=32
2026-08-07 10:51:04.019 +02:00 [INF] ART Diagnostic MraConnectivity MraEis 40 1: MRA ping ok in 40 ms.
2026-08-07 10:51:04.220 +02:00 [INF] MRA EIS POST "https://dev-eis-api.mra.mw/api/v1/utilities/ping"
2026-08-07 10:51:04.275 +02:00 [INF] MRA POST /api/v1/utilities/ping status=200 success=true durationMs=47
2026-08-07 10:51:04.295 +02:00 [INF] MRA connectivity restored — waking offline sync worker.
2026-08-07 10:51:04.296 +02:00 [INF] ART Diagnostic HealthCheck HealthCheckWorker 2 null: All subsystems healthy (SQL 2 ms, disk 33.63 GB free).
2026-08-07 10:51:04.354 +02:00 [INF] MRA EIS POST "https://dev-eis-api.mra.mw/api/v1/utilities/ping"
2026-08-07 10:51:04.378 +02:00 [INF] MRA POST /api/v1/utilities/ping status=200 success=true durationMs=32
2026-08-07 10:51:04.381 +02:00 [INF] MRA connectivity restored — waking offline sync worker.
2026-08-07 10:51:04.426 +02:00 [INF] ART Diagnostic WorkerHeartbeat SystemHealthMonitorService null null: All monitored subsystems healthy.
2026-08-07 10:51:04.537 +02:00 [INF] ART Diagnostic WorkerHeartbeat HealthCheckWorker null null: Heartbeat
2026-08-07 10:51:04.546 +02:00 [INF] ART Diagnostic DatabaseLatency SqlExpress 1 null: SQL round-trip 1 ms
2026-08-07 10:51:04.556 +02:00 [INF] MRA EIS POST "https://dev-eis-api.mra.mw/api/v1/utilities/ping"
2026-08-07 10:51:04.584 +02:00 [INF] MRA POST /api/v1/utilities/ping status=200 success=true durationMs=31
2026-08-07 10:51:04.589 +02:00 [INF] ART Diagnostic MraConnectivity MraEis 32 1: MRA ping ok in 32 ms.
2026-08-07 10:51:04.647 +02:00 [INF] MRA EIS POST "https://dev-eis-api.mra.mw/api/v1/utilities/ping"
2026-08-07 10:51:07.495 +02:00 [INF] ART Diagnostic DatabaseLatency SqlExpress 1 null: Performance profile sample (FPS 0.0)
2026-08-07 10:51:07.765 +02:00 [INF] MRA POST /api/v1/utilities/ping status=200 success=true durationMs=3110
2026-08-07 10:51:07.768 +02:00 [INF] MRA connectivity restored — waking offline sync worker.
2026-08-07 10:51:07.768 +02:00 [INF] ART Diagnostic HealthCheck HealthCheckWorker 1 null: All subsystems healthy (SQL 1 ms, disk 33.63 GB free).
2026-08-07 10:51:11.277 +02:00 [INF] MRA EIS POST "https://dev-eis-api.mra.mw/api/v1/utilities/ping"
2026-08-07 10:51:11.305 +02:00 [INF] MRA POST /api/v1/utilities/ping status=200 success=true durationMs=32
2026-08-07 10:51:11.338 +02:00 [INF] MRA connectivity restored — waking offline sync worker.
2026-08-07 10:51:31.308 +02:00 [INF] MRA EIS POST "https://dev-eis-api.mra.mw/api/v1/utilities/ping"
2026-08-07 10:51:31.339 +02:00 [INF] MRA POST /api/v1/utilities/ping status=200 success=true durationMs=31
2026-08-07 10:51:31.369 +02:00 [INF] MRA connectivity restored — waking offline sync worker.
2026-08-07 10:51:37.583 +02:00 [INF] ART Diagnostic DatabaseLatency SqlExpress 1 null: Performance profile sample (FPS 0.0)
2026-08-07 10:51:49.440 +02:00 [INF] ART Diagnostic DatabaseLatency SqlExpress 1 null: SQL round-trip 1 ms
2026-08-07 10:51:49.452 +02:00 [INF] MRA EIS POST "https://dev-eis-api.mra.mw/api/v1/utilities/ping"
2026-08-07 10:51:49.484 +02:00 [INF] MRA POST /api/v1/utilities/ping status=200 success=true durationMs=31
2026-08-07 10:51:49.532 +02:00 [INF] ART Diagnostic MraConnectivity MraEis 79 1: MRA ping ok in 79 ms.
2026-08-07 10:51:49.582 +02:00 [INF] MRA EIS POST "https://dev-eis-api.mra.mw/api/v1/utilities/ping"
2026-08-07 10:51:52.692 +02:00 [INF] MRA POST /api/v1/utilities/ping status=200 success=true durationMs=3109
2026-08-07 10:51:52.700 +02:00 [INF] MRA connectivity restored — waking offline sync worker.
2026-08-07 10:51:52.701 +02:00 [INF] ART Diagnostic HealthCheck HealthCheckWorker 1 null: All subsystems healthy (SQL 1 ms, disk 33.63 GB free).
2026-08-07 10:51:52.711 +02:00 [INF] MRA EIS POST "https://dev-eis-api.mra.mw/api/v1/sales/last-submitted-offline-transaction"
2026-08-07 10:51:52.773 +02:00 [INF] ART Diagnostic WorkerHeartbeat HealthCheckWorker null null: Heartbeat
2026-08-07 10:51:52.776 +02:00 [INF] ART Diagnostic DatabaseLatency SqlExpress 0 null: SQL round-trip 0 ms
2026-08-07 10:51:52.777 +02:00 [INF] MRA EIS POST "https://dev-eis-api.mra.mw/api/v1/utilities/ping"
2026-08-07 10:51:52.788 +02:00 [INF] MRA EIS POST "https://dev-eis-api.mra.mw/api/v1/utilities/ping"
2026-08-07 10:51:52.823 +02:00 [INF] MRA POST /api/v1/utilities/ping status=200 success=true durationMs=47
2026-08-07 10:51:52.825 +02:00 [INF] MRA connectivity restored — waking offline sync worker.
2026-08-07 10:51:52.831 +02:00 [INF] MRA POST /api/v1/utilities/ping status=200 success=true durationMs=47
2026-08-07 10:51:52.833 +02:00 [INF] ART Diagnostic MraConnectivity MraEis 45 1: MRA ping ok in 45 ms.
2026-08-07 10:51:52.895 +02:00 [INF] ART Diagnostic WorkerHeartbeat SystemHealthMonitorService null null: All monitored subsystems healthy.
2026-08-07 10:51:52.907 +02:00 [INF] MRA EIS POST "https://dev-eis-api.mra.mw/api/v1/utilities/ping"
2026-08-07 10:51:53.263 +02:00 [INF] MRA POST /api/v1/sales/last-submitted-offline-transaction status=200 success=true durationMs=547
2026-08-07 10:51:53.271 +02:00 [WRN] Unable to query last-submitted-offline-transaction for sequence check.
PointOfSale.Mra.Http.MraApiException: Invalid MRA EIS response JSON.
 ---> System.Text.Json.JsonException: The JSON value could not be converted to System.Decimal. Path: $.data.invoiceSummary.amountTendered | LineNumber: 0 | BytePositionInLine: 992.
 ---> System.InvalidOperationException: Cannot get the value of a token type 'Null' as a number.
   at System.Text.Json.ThrowHelper.ThrowInvalidOperationException_ExpectedNumber(JsonTokenType tokenType)
   at System.Text.Json.Serialization.Metadata.JsonPropertyInfo`1.ReadJsonAndSetMember(Object obj, ReadStack& state, Utf8JsonReader& reader)
   at System.Text.Json.Serialization.Converters.ObjectDefaultConverter`1.OnTryRead(Utf8JsonReader& reader, Type typeToConvert, JsonSerializerOptions options, ReadStack& state, T& value)
   at System.Text.Json.Serialization.JsonConverter`1.TryRead(Utf8JsonReader& reader, Type typeToConvert, JsonSerializerOptions options, ReadStack& state, T& value, Boolean& isPopulatedValue)
   at System.Text.Json.Serialization.Metadata.JsonPropertyInfo`1.ReadJsonAndSetMember(Object obj, ReadStack& state, Utf8JsonReader& reader)
   at System.Text.Json.Serialization.Converters.ObjectDefaultConverter`1.OnTryRead(Utf8JsonReader& reader, Type typeToConvert, JsonSerializerOptions options, ReadStack& state, T& value)
   at System.Text.Json.Serialization.JsonConverter`1.TryRead(Utf8JsonReader& reader, Type typeToConvert, JsonSerializerOptions options, ReadStack& state, T& value, Boolean& isPopulatedValue)
   at System.Text.Json.Serialization.Metadata.JsonPropertyInfo`1.ReadJsonAndSetMember(Object obj, ReadStack& state, Utf8JsonReader& reader)
   at System.Text.Json.Serialization.Converters.ObjectDefaultConverter`1.OnTryRead(Utf8JsonReader& reader, Type typeToConvert, JsonSerializerOptions options, ReadStack& state, T& value)
   at System.Text.Json.Serialization.JsonConverter`1.TryRead(Utf8JsonReader& reader, Type typeToConvert, JsonSerializerOptions options, ReadStack& state, T& value, Boolean& isPopulatedValue)
   at System.Text.Json.Serialization.JsonConverter`1.ReadCore(Utf8JsonReader& reader, JsonSerializerOptions options, ReadStack& state)
   --- End of inner exception stack trace ---
   at System.Text.Json.ThrowHelper.ReThrowWithPath(ReadStack& state, Utf8JsonReader& reader, Exception ex)
   at System.Text.Json.Serialization.JsonConverter`1.ReadCore(Utf8JsonReader& reader, JsonSerializerOptions options, ReadStack& state)
   at System.Text.Json.JsonSerializer.ReadFromSpan[TValue](ReadOnlySpan`1 json, JsonTypeInfo`1 jsonTypeInfo)
   at System.Text.Json.JsonSerializer.Deserialize[TValue](String json, JsonSerializerOptions options)
   at PointOfSale.Infrastructure.Services.MraApiClient.SendAsync[TResponse](HttpRequestMessage request, String auditRequestBody, CancellationToken cancellationToken) in C:\Users\Albert Zee\Documents\Projects\Point Of Sale\src\PointOfSale.Infrastructure\Services\MraApiClient.cs:line 309
   --- End of inner exception stack trace ---
   at PointOfSale.Infrastructure.Services.MraApiClient.SendAsync[TResponse](HttpRequestMessage request, String auditRequestBody, CancellationToken cancellationToken) in C:\Users\Albert Zee\Documents\Projects\Point Of Sale\src\PointOfSale.Infrastructure\Services\MraApiClient.cs:line 323
   at PointOfSale.Infrastructure.Services.MraApiClient.PostEmptyAsync[TResponse](String relativePath, MraRequestContext context, CancellationToken cancellationToken) in C:\Users\Albert Zee\Documents\Projects\Point Of Sale\src\PointOfSale.Infrastructure\Services\MraApiClient.cs:line 249
   at PointOfSale.Infrastructure.Services.SalesTransactionService.GetLastSubmittedTransactionAsync(String relativePath, String channelLabel, CancellationToken cancellationToken) in C:\Users\Albert Zee\Documents\Projects\Point Of Sale\src\PointOfSale.Infrastructure\Services\SalesTransactionService.cs:line 86
   at PointOfSale.Infrastructure.Services.SalesTransactionService.VerifySequenceContinuityAsync(Func`2 lookupFactory, String channelLabel, CancellationToken cancellationToken) in C:\Users\Albert Zee\Documents\Projects\Point Of Sale\src\PointOfSale.Infrastructure\Services\SalesTransactionService.cs:line 153
2026-08-07 10:51:54.675 +02:00 [INF] Inventory alert scan complete: 102 products, low=2, stockout=0, overstock=0, fast=0.
2026-08-07 10:51:56.019 +02:00 [INF] MRA POST /api/v1/utilities/ping status=200 success=true durationMs=3125
2026-08-07 10:51:56.035 +02:00 [INF] MRA connectivity restored — waking offline sync worker.
2026-08-07 10:51:56.036 +02:00 [INF] ART Diagnostic HealthCheck HealthCheckWorker 0 null: All subsystems healthy (SQL 0 ms, disk 33.63 GB free).
2026-08-07 10:52:05.869 +02:00 [INF] Inventory refresh returned 102 items.
2026-08-07 10:52:07.604 +02:00 [INF] ART Diagnostic DatabaseLatency SqlExpress 0 null: Performance profile sample (FPS 0.0)
2026-08-07 10:52:10.509 +02:00 [INF] Inventory refresh returned 102 items.
2026-08-07 10:52:11.266 +02:00 [INF] MRA EIS POST "https://dev-eis-api.mra.mw/api/v1/utilities/ping"
2026-08-07 10:52:11.299 +02:00 [INF] MRA POST /api/v1/utilities/ping status=200 success=true durationMs=47
2026-08-07 10:52:11.306 +02:00 [INF] MRA connectivity restored — waking offline sync worker.
2026-08-07 10:52:31.293 +02:00 [INF] MRA EIS POST "https://dev-eis-api.mra.mw/api/v1/utilities/ping"
2026-08-07 10:52:31.318 +02:00 [INF] MRA POST /api/v1/utilities/ping status=200 success=true durationMs=31
2026-08-07 10:52:31.322 +02:00 [INF] MRA connectivity restored — waking offline sync worker.
2026-08-07 10:52:37.656 +02:00 [INF] ART Diagnostic DatabaseLatency SqlExpress 1 null: Performance profile sample (FPS 0.0)
2026-08-07 10:52:37.911 +02:00 [INF] ART Diagnostic DatabaseLatency SqlExpress 1 null: SQL round-trip 1 ms
2026-08-07 10:52:37.920 +02:00 [INF] MRA EIS POST "https://dev-eis-api.mra.mw/api/v1/utilities/ping"
2026-08-07 10:52:37.973 +02:00 [INF] MRA POST /api/v1/utilities/ping status=200 success=true durationMs=62
2026-08-07 10:52:37.976 +02:00 [INF] ART Diagnostic MraConnectivity MraEis 55 1: MRA ping ok in 55 ms.
2026-08-07 10:52:38.021 +02:00 [INF] MRA EIS POST "https://dev-eis-api.mra.mw/api/v1/utilities/ping"
2026-08-07 10:52:38.051 +02:00 [INF] MRA POST /api/v1/utilities/ping status=200 success=true durationMs=32
2026-08-07 10:52:38.058 +02:00 [INF] MRA connectivity restored — waking offline sync worker.
2026-08-07 10:52:38.059 +02:00 [INF] ART Diagnostic HealthCheck HealthCheckWorker 1 null: All subsystems healthy (SQL 1 ms, disk 33.63 GB free).
2026-08-07 10:52:38.104 +02:00 [INF] MRA EIS POST "https://dev-eis-api.mra.mw/api/v1/utilities/ping"
2026-08-07 10:52:38.125 +02:00 [INF] MRA POST /api/v1/utilities/ping status=200 success=true durationMs=16
2026-08-07 10:52:38.129 +02:00 [INF] MRA connectivity restored — waking offline sync worker.
2026-08-07 10:52:38.168 +02:00 [INF] ART Diagnostic WorkerHeartbeat SystemHealthMonitorService null null: All monitored subsystems healthy.
2026-08-07 10:52:41.056 +02:00 [INF] ART Diagnostic WorkerHeartbeat HealthCheckWorker null null: Heartbeat
2026-08-07 10:52:41.061 +02:00 [INF] ART Diagnostic DatabaseLatency SqlExpress 0 null: SQL round-trip 0 ms
2026-08-07 10:52:41.066 +02:00 [INF] MRA EIS POST "https://dev-eis-api.mra.mw/api/v1/utilities/ping"
2026-08-07 10:52:41.117 +02:00 [INF] MRA POST /api/v1/utilities/ping status=200 success=true durationMs=47
2026-08-07 10:52:41.120 +02:00 [INF] ART Diagnostic MraConnectivity MraEis 54 1: MRA ping ok in 54 ms.
2026-08-07 10:52:41.169 +02:00 [INF] MRA EIS POST "https://dev-eis-api.mra.mw/api/v1/utilities/ping"
2026-08-07 10:52:41.200 +02:00 [INF] MRA POST /api/v1/utilities/ping status=200 success=true durationMs=31
2026-08-07 10:52:41.203 +02:00 [INF] MRA connectivity restored — waking offline sync worker.
2026-08-07 10:52:41.204 +02:00 [INF] ART Diagnostic HealthCheck HealthCheckWorker 0 null: All subsystems healthy (SQL 0 ms, disk 33.63 GB free).
2026-08-07 10:52:51.271 +02:00 [INF] MRA EIS POST "https://dev-eis-api.mra.mw/api/v1/utilities/ping"
2026-08-07 10:52:53.101 +02:00 [INF] MRA POST /api/v1/utilities/ping status=200 success=true durationMs=1828
2026-08-07 10:52:53.111 +02:00 [INF] MRA connectivity restored — waking offline sync worker.
2026-08-07 10:52:54.754 +02:00 [INF] Inventory alert scan complete: 102 products, low=2, stockout=0, overstock=0, fast=0.
2026-08-07 10:53:07.725 +02:00 [INF] ART Diagnostic DatabaseLatency SqlExpress 0 null: Performance profile sample (FPS 0.0)
2026-08-07 10:53:11.252 +02:00 [INF] MRA EIS POST "https://dev-eis-api.mra.mw/api/v1/configuration/get-latest-configs"
2026-08-07 10:53:11.252 +02:00 [INF] MRA EIS request payload for "https://dev-eis-api.mra.mw/api/v1/configuration/get-latest-configs": {}
2026-08-07 10:53:11.280 +02:00 [INF] MRA EIS POST "https://dev-eis-api.mra.mw/api/v1/utilities/ping"
2026-08-07 10:53:11.314 +02:00 [INF] MRA POST /api/v1/configuration/get-latest-configs status=200 success=true durationMs=62
2026-08-07 10:53:11.328 +02:00 [INF] MRA POST /api/v1/utilities/ping status=200 success=true durationMs=47
2026-08-07 10:53:11.334 +02:00 [INF] MRA connectivity restored — waking offline sync worker.
2026-08-07 10:53:11.445 +02:00 [INF] Cached get-latest-configs for 7f578f46-0775-49bd-8749-226942412378. sellerTIN=31018345, siteId=BLc4f27da3-6c8e-4014-84b1-140886944c25, versions g/t/tp=1/1/1
2026-08-07 10:53:11.461 +02:00 [INF] Checkout fiscal identity ready. sellerTIN=31018345 siteId=BLc4f27da3-6c8e-4014-84b1-140886944c25 taxRateId=A versions g/t/tp=1/1/1 invoiceTinDigits=31018345
2026-08-07 10:53:11.588 +02:00 [INF] MRA EIS POST "https://dev-eis-api.mra.mw/api/v1/utilities/ping"
2026-08-07 10:53:11.618 +02:00 [INF] MRA POST /api/v1/utilities/ping status=200 success=true durationMs=31
2026-08-07 10:53:11.624 +02:00 [INF] MRA connectivity restored — waking offline sync worker.
2026-08-07 10:53:11.632 +02:00 [INF] MRA EIS POST "https://dev-eis-api.mra.mw/api/v1/configuration/get-latest-configs"
2026-08-07 10:53:11.632 +02:00 [INF] MRA EIS request payload for "https://dev-eis-api.mra.mw/api/v1/configuration/get-latest-configs": {}
2026-08-07 10:53:11.696 +02:00 [INF] MRA POST /api/v1/configuration/get-latest-configs status=200 success=true durationMs=62
2026-08-07 10:53:11.704 +02:00 [INF] Cached get-latest-configs for 7f578f46-0775-49bd-8749-226942412378. sellerTIN=31018345, siteId=BLc4f27da3-6c8e-4014-84b1-140886944c25, versions g/t/tp=1/1/1
2026-08-07 10:53:11.704 +02:00 [INF] Refreshed fiscal identity from get-latest-configs. sellerTIN=31018345 siteId=BLc4f27da3-6c8e-4014-84b1-140886944c25 taxRateId=A vatReg=true activated=[PIT,CGT,NRT,VAT,WHT] versions g/t/tp=1/1/1
2026-08-07 10:53:11.884 +02:00 [ERR] Checkout CompleteSale failed.
System.InvalidOperationException: Insufficient stock for '303878224423'. Available 19.00, requested 20.
   at PointOfSale.Infrastructure.Services.SalesTransactionService.ValidateSaleAgainstInventoryAsync(SubmitSalesTransactionRequest request, CancellationToken cancellationToken) in C:\Users\Albert Zee\Documents\Projects\Point Of Sale\src\PointOfSale.Infrastructure\Services\SalesTransactionService.cs:line 302
   at PointOfSale.Infrastructure.Services.OfflineSalesQueueService.EnqueueAndTrySubmitAsync(SubmitSalesTransactionRequest request, Boolean forceOffline, CancellationToken cancellationToken) in C:\Users\Albert Zee\Documents\Projects\Point Of Sale\src\PointOfSale.Infrastructure\Services\OfflineSalesQueueService.cs:line 89
   at PointOfSale.App.ViewModels.CheckoutViewModel.CompleteSaleAsync() in C:\Users\Albert Zee\Documents\Projects\Point Of Sale\src\PointOfSale.App\ViewModels\CheckoutViewModel.cs:line 1094
2026-08-07 10:53:23.179 +02:00 [INF] ART Diagnostic DatabaseLatency SqlExpress 1 null: SQL round-trip 1 ms
2026-08-07 10:53:23.198 +02:00 [INF] MRA EIS POST "https://dev-eis-api.mra.mw/api/v1/utilities/ping"
2026-08-07 10:53:23.225 +02:00 [INF] MRA POST /api/v1/utilities/ping status=200 success=true durationMs=31
2026-08-07 10:53:23.228 +02:00 [INF] ART Diagnostic MraConnectivity MraEis 29 1: MRA ping ok in 29 ms.
2026-08-07 10:53:23.278 +02:00 [INF] MRA EIS POST "https://dev-eis-api.mra.mw/api/v1/utilities/ping"
2026-08-07 10:53:23.301 +02:00 [INF] MRA POST /api/v1/utilities/ping status=200 success=true durationMs=32
2026-08-07 10:53:23.304 +02:00 [INF] MRA connectivity restored — waking offline sync worker.
2026-08-07 10:53:23.304 +02:00 [INF] ART Diagnostic HealthCheck HealthCheckWorker 1 null: All subsystems healthy (SQL 1 ms, disk 33.63 GB free).
2026-08-07 10:53:23.307 +02:00 [INF] MRA EIS POST "https://dev-eis-api.mra.mw/api/v1/sales/last-submitted-offline-transaction"
2026-08-07 10:53:23.351 +02:00 [INF] MRA EIS POST "https://dev-eis-api.mra.mw/api/v1/utilities/ping"
2026-08-07 10:53:23.373 +02:00 [INF] MRA POST /api/v1/utilities/ping status=200 success=true durationMs=16
2026-08-07 10:53:23.376 +02:00 [INF] MRA connectivity restored — waking offline sync worker.
2026-08-07 10:53:23.422 +02:00 [INF] ART Diagnostic WorkerHeartbeat SystemHealthMonitorService null null: All monitored subsystems healthy.
2026-08-07 10:53:23.869 +02:00 [INF] MRA POST /api/v1/sales/last-submitted-offline-transaction status=200 success=true durationMs=562
2026-08-07 10:53:23.878 +02:00 [WRN] Unable to query last-submitted-offline-transaction for sequence check.
PointOfSale.Mra.Http.MraApiException: Invalid MRA EIS response JSON.
 ---> System.Text.Json.JsonException: The JSON value could not be converted to System.Decimal. Path: $.data.invoiceSummary.amountTendered | LineNumber: 0 | BytePositionInLine: 992.
 ---> System.InvalidOperationException: Cannot get the value of a token type 'Null' as a number.
   at System.Text.Json.ThrowHelper.ThrowInvalidOperationException_ExpectedNumber(JsonTokenType tokenType)
   at System.Text.Json.Serialization.Metadata.JsonPropertyInfo`1.ReadJsonAndSetMember(Object obj, ReadStack& state, Utf8JsonReader& reader)
   at System.Text.Json.Serialization.Converters.ObjectDefaultConverter`1.OnTryRead(Utf8JsonReader& reader, Type typeToConvert, JsonSerializerOptions options, ReadStack& state, T& value)
   at System.Text.Json.Serialization.JsonConverter`1.TryRead(Utf8JsonReader& reader, Type typeToConvert, JsonSerializerOptions options, ReadStack& state, T& value, Boolean& isPopulatedValue)
   at System.Text.Json.Serialization.Metadata.JsonPropertyInfo`1.ReadJsonAndSetMember(Object obj, ReadStack& state, Utf8JsonReader& reader)
   at System.Text.Json.Serialization.Converters.ObjectDefaultConverter`1.OnTryRead(Utf8JsonReader& reader, Type typeToConvert, JsonSerializerOptions options, ReadStack& state, T& value)
   at System.Text.Json.Serialization.JsonConverter`1.TryRead(Utf8JsonReader& reader, Type typeToConvert, JsonSerializerOptions options, ReadStack& state, T& value, Boolean& isPopulatedValue)
   at System.Text.Json.Serialization.Metadata.JsonPropertyInfo`1.ReadJsonAndSetMember(Object obj, ReadStack& state, Utf8JsonReader& reader)
   at System.Text.Json.Serialization.Converters.ObjectDefaultConverter`1.OnTryRead(Utf8JsonReader& reader, Type typeToConvert, JsonSerializerOptions options, ReadStack& state, T& value)
   at System.Text.Json.Serialization.JsonConverter`1.TryRead(Utf8JsonReader& reader, Type typeToConvert, JsonSerializerOptions options, ReadStack& state, T& value, Boolean& isPopulatedValue)
   at System.Text.Json.Serialization.JsonConverter`1.ReadCore(Utf8JsonReader& reader, JsonSerializerOptions options, ReadStack& state)
   --- End of inner exception stack trace ---
   at System.Text.Json.ThrowHelper.ReThrowWithPath(ReadStack& state, Utf8JsonReader& reader, Exception ex)
   at System.Text.Json.Serialization.JsonConverter`1.ReadCore(Utf8JsonReader& reader, JsonSerializerOptions options, ReadStack& state)
   at System.Text.Json.JsonSerializer.ReadFromSpan[TValue](ReadOnlySpan`1 json, JsonTypeInfo`1 jsonTypeInfo)
   at System.Text.Json.JsonSerializer.Deserialize[TValue](String json, JsonSerializerOptions options)
   at PointOfSale.Infrastructure.Services.MraApiClient.SendAsync[TResponse](HttpRequestMessage request, String auditRequestBody, CancellationToken cancellationToken) in C:\Users\Albert Zee\Documents\Projects\Point Of Sale\src\PointOfSale.Infrastructure\Services\MraApiClient.cs:line 309
   --- End of inner exception stack trace ---
   at PointOfSale.Infrastructure.Services.MraApiClient.SendAsync[TResponse](HttpRequestMessage request, String auditRequestBody, CancellationToken cancellationToken) in C:\Users\Albert Zee\Documents\Projects\Point Of Sale\src\PointOfSale.Infrastructure\Services\MraApiClient.cs:line 323
   at PointOfSale.Infrastructure.Services.MraApiClient.PostEmptyAsync[TResponse](String relativePath, MraRequestContext context, CancellationToken cancellationToken) in C:\Users\Albert Zee\Documents\Projects\Point Of Sale\src\PointOfSale.Infrastructure\Services\MraApiClient.cs:line 249
   at PointOfSale.Infrastructure.Services.SalesTransactionService.GetLastSubmittedTransactionAsync(String relativePath, String channelLabel, CancellationToken cancellationToken) in C:\Users\Albert Zee\Documents\Projects\Point Of Sale\src\PointOfSale.Infrastructure\Services\SalesTransactionService.cs:line 86
   at PointOfSale.Infrastructure.Services.SalesTransactionService.VerifySequenceContinuityAsync(Func`2 lookupFactory, String channelLabel, CancellationToken cancellationToken) in C:\Users\Albert Zee\Documents\Projects\Point Of Sale\src\PointOfSale.Infrastructure\Services\SalesTransactionService.cs:line 153
2026-08-07 10:53:26.218 +02:00 [INF] ART Diagnostic WorkerHeartbeat HealthCheckWorker null null: Heartbeat
2026-08-07 10:53:26.240 +02:00 [INF] ART Diagnostic DatabaseLatency SqlExpress 1 null: SQL round-trip 1 ms
2026-08-07 10:53:26.247 +02:00 [INF] MRA EIS POST "https://dev-eis-api.mra.mw/api/v1/utilities/ping"
2026-08-07 10:53:26.279 +02:00 [INF] MRA POST /api/v1/utilities/ping status=200 success=true durationMs=31
2026-08-07 10:53:26.327 +02:00 [INF] ART Diagnostic MraConnectivity MraEis 79 1: MRA ping ok in 79 ms.
2026-08-07 10:53:26.367 +02:00 [INF] MRA EIS POST "https://dev-eis-api.mra.mw/api/v1/utilities/ping"
2026-08-07 10:53:26.392 +02:00 [INF] MRA POST /api/v1/utilities/ping status=200 success=true durationMs=31
2026-08-07 10:53:26.422 +02:00 [INF] MRA connectivity restored — waking offline sync worker.
2026-08-07 10:53:26.422 +02:00 [INF] ART Diagnostic HealthCheck HealthCheckWorker 1 null: All subsystems healthy (SQL 1 ms, disk 33.63 GB free).
2026-08-07 10:53:31.307 +02:00 [INF] MRA EIS POST "https://dev-eis-api.mra.mw/api/v1/utilities/ping"
2026-08-07 10:53:31.335 +02:00 [INF] MRA POST /api/v1/utilities/ping status=200 success=true durationMs=31
2026-08-07 10:53:31.637 +02:00 [INF] MRA connectivity restored — waking offline sync worker.
2026-08-07 10:53:37.766 +02:00 [INF] ART Diagnostic DatabaseLatency SqlExpress 0 null: Performance profile sample (FPS 0.0)
2026-08-07 10:53:51.290 +02:00 [INF] MRA EIS POST "https://dev-eis-api.mra.mw/api/v1/utilities/ping"
2026-08-07 10:53:51.316 +02:00 [INF] MRA POST /api/v1/utilities/ping status=200 success=true durationMs=31
2026-08-07 10:53:51.322 +02:00 [INF] MRA connectivity restored — waking offline sync worker.
2026-08-07 10:53:54.832 +02:00 [INF] Inventory alert scan complete: 102 products, low=2, stockout=0, overstock=0, fast=0.
2026-08-07 10:54:07.854 +02:00 [INF] ART Diagnostic DatabaseLatency SqlExpress 1 null: Performance profile sample (FPS 0.0)
2026-08-07 10:54:08.478 +02:00 [INF] ART Diagnostic DatabaseLatency SqlExpress 0 null: SQL round-trip 0 ms
2026-08-07 10:54:08.486 +02:00 [INF] MRA EIS POST "https://dev-eis-api.mra.mw/api/v1/utilities/ping"
2026-08-07 10:54:11.325 +02:00 [INF] MRA EIS POST "https://dev-eis-api.mra.mw/api/v1/utilities/ping"
2026-08-07 10:54:11.464 +02:00 [INF] ART Diagnostic WorkerHeartbeat HealthCheckWorker null null: Heartbeat
2026-08-07 10:54:11.474 +02:00 [INF] ART Diagnostic DatabaseLatency SqlExpress 1 null: SQL round-trip 1 ms
2026-08-07 10:54:11.483 +02:00 [INF] MRA EIS POST "https://dev-eis-api.mra.mw/api/v1/utilities/ping"
2026-08-07 10:54:11.527 +02:00 [INF] MRA POST /api/v1/utilities/ping status=200 success=true durationMs=47
2026-08-07 10:54:11.531 +02:00 [INF] ART Diagnostic MraConnectivity MraEis 48 1: MRA ping ok in 48 ms.
2026-08-07 10:54:11.534 +02:00 [INF] ART Diagnostic HealthCheck HealthCheckWorker 1 null: All subsystems healthy (SQL 1 ms, disk 33.63 GB free).
2026-08-07 10:54:11.567 +02:00 [INF] MRA POST /api/v1/utilities/ping status=200 success=true durationMs=3078
2026-08-07 10:54:11.571 +02:00 [INF] MRA POST /api/v1/utilities/ping status=200 success=true durationMs=250
2026-08-07 10:54:11.571 +02:00 [INF] ART Diagnostic MraConnectivity MraEis 3085 1: MRA ping ok in 3085 ms.
2026-08-07 10:54:11.574 +02:00 [INF] ART Diagnostic HealthCheck HealthCheckWorker 0 null: All subsystems healthy (SQL 0 ms, disk 33.63 GB free).
2026-08-07 10:54:11.574 +02:00 [INF] MRA connectivity restored — waking offline sync worker.
2026-08-07 10:54:11.627 +02:00 [INF] MRA EIS POST "https://dev-eis-api.mra.mw/api/v1/utilities/ping"
2026-08-07 10:54:11.649 +02:00 [INF] MRA POST /api/v1/utilities/ping status=200 success=true durationMs=15
2026-08-07 10:54:11.744 +02:00 [INF] MRA connectivity restored — waking offline sync worker.
2026-08-07 10:54:11.831 +02:00 [INF] ART Diagnostic WorkerHeartbeat SystemHealthMonitorService null null: All monitored subsystems healthy.
2026-08-07 10:54:31.299 +02:00 [INF] MRA EIS POST "https://dev-eis-api.mra.mw/api/v1/utilities/ping"
2026-08-07 10:54:31.325 +02:00 [INF] MRA POST /api/v1/utilities/ping status=200 success=true durationMs=15
2026-08-07 10:54:31.335 +02:00 [INF] MRA connectivity restored — waking offline sync worker.
2026-08-07 10:54:37.898 +02:00 [INF] ART Diagnostic DatabaseLatency SqlExpress 1 null: Performance profile sample (FPS 0.0)
2026-08-07 10:54:51.300 +02:00 [INF] MRA EIS POST "https://dev-eis-api.mra.mw/api/v1/utilities/ping"
2026-08-07 10:54:51.324 +02:00 [INF] MRA POST /api/v1/utilities/ping status=200 success=true durationMs=15
2026-08-07 10:54:51.365 +02:00 [INF] MRA connectivity restored — waking offline sync worker.
2026-08-07 10:54:54.916 +02:00 [INF] Inventory alert scan complete: 102 products, low=2, stockout=0, overstock=0, fast=0.
2026-08-07 10:54:56.538 +02:00 [INF] ART Diagnostic WorkerHeartbeat HealthCheckWorker null null: Heartbeat
2026-08-07 10:54:56.545 +02:00 [INF] ART Diagnostic DatabaseLatency SqlExpress 1 null: SQL round-trip 1 ms
2026-08-07 10:54:56.553 +02:00 [INF] MRA EIS POST "https://dev-eis-api.mra.mw/api/v1/utilities/ping"
2026-08-07 10:54:56.573 +02:00 [INF] MRA POST /api/v1/utilities/ping status=200 success=true durationMs=15
2026-08-07 10:54:56.578 +02:00 [INF] ART Diagnostic MraConnectivity MraEis 25 1: MRA ping ok in 25 ms.
2026-08-07 10:54:56.636 +02:00 [INF] MRA EIS POST "https://dev-eis-api.mra.mw/api/v1/utilities/ping"
2026-08-07 10:54:56.653 +02:00 [INF] MRA POST /api/v1/utilities/ping status=200 success=true durationMs=15
2026-08-07 10:54:56.656 +02:00 [INF] MRA connectivity restored — waking offline sync worker.
2026-08-07 10:54:56.657 +02:00 [INF] ART Diagnostic HealthCheck HealthCheckWorker 1 null: All subsystems healthy (SQL 1 ms, disk 33.63 GB free).
2026-08-07 10:54:56.660 +02:00 [INF] MRA EIS POST "https://dev-eis-api.mra.mw/api/v1/sales/last-submitted-offline-transaction"
2026-08-07 10:54:56.845 +02:00 [INF] ART Diagnostic DatabaseLatency SqlExpress 2 null: SQL round-trip 2 ms
2026-08-07 10:54:56.849 +02:00 [INF] MRA EIS POST "https://dev-eis-api.mra.mw/api/v1/utilities/ping"
2026-08-07 10:54:56.936 +02:00 [INF] MRA POST /api/v1/utilities/ping status=200 success=true durationMs=79
2026-08-07 10:54:56.942 +02:00 [INF] ART Diagnostic MraConnectivity MraEis 93 1: MRA ping ok in 93 ms.
2026-08-07 10:54:57.002 +02:00 [INF] MRA EIS POST "https://dev-eis-api.mra.mw/api/v1/utilities/ping"
2026-08-07 10:54:57.032 +02:00 [INF] MRA POST /api/v1/utilities/ping status=200 success=true durationMs=31
2026-08-07 10:54:57.036 +02:00 [INF] MRA connectivity restored — waking offline sync worker.
2026-08-07 10:54:57.037 +02:00 [INF] ART Diagnostic HealthCheck HealthCheckWorker 2 null: All subsystems healthy (SQL 2 ms, disk 33.63 GB free).
2026-08-07 10:54:57.078 +02:00 [INF] MRA EIS POST "https://dev-eis-api.mra.mw/api/v1/utilities/ping"
2026-08-07 10:54:57.096 +02:00 [INF] MRA POST /api/v1/sales/last-submitted-offline-transaction status=200 success=true durationMs=437
2026-08-07 10:54:57.111 +02:00 [WRN] Unable to query last-submitted-offline-transaction for sequence check.
PointOfSale.Mra.Http.MraApiException: Invalid MRA EIS response JSON.
 ---> System.Text.Json.JsonException: The JSON value could not be converted to System.Decimal. Path: $.data.invoiceSummary.amountTendered | LineNumber: 0 | BytePositionInLine: 992.
 ---> System.InvalidOperationException: Cannot get the value of a token type 'Null' as a number.
   at System.Text.Json.ThrowHelper.ThrowInvalidOperationException_ExpectedNumber(JsonTokenType tokenType)
   at System.Text.Json.Serialization.Metadata.JsonPropertyInfo`1.ReadJsonAndSetMember(Object obj, ReadStack& state, Utf8JsonReader& reader)
   at System.Text.Json.Serialization.Converters.ObjectDefaultConverter`1.OnTryRead(Utf8JsonReader& reader, Type typeToConvert, JsonSerializerOptions options, ReadStack& state, T& value)
   at System.Text.Json.Serialization.JsonConverter`1.TryRead(Utf8JsonReader& reader, Type typeToConvert, JsonSerializerOptions options, ReadStack& state, T& value, Boolean& isPopulatedValue)
   at System.Text.Json.Serialization.Metadata.JsonPropertyInfo`1.ReadJsonAndSetMember(Object obj, ReadStack& state, Utf8JsonReader& reader)
   at System.Text.Json.Serialization.Converters.ObjectDefaultConverter`1.OnTryRead(Utf8JsonReader& reader, Type typeToConvert, JsonSerializerOptions options, ReadStack& state, T& value)
   at System.Text.Json.Serialization.JsonConverter`1.TryRead(Utf8JsonReader& reader, Type typeToConvert, JsonSerializerOptions options, ReadStack& state, T& value, Boolean& isPopulatedValue)
   at System.Text.Json.Serialization.Metadata.JsonPropertyInfo`1.ReadJsonAndSetMember(Object obj, ReadStack& state, Utf8JsonReader& reader)
   at System.Text.Json.Serialization.Converters.ObjectDefaultConverter`1.OnTryRead(Utf8JsonReader& reader, Type typeToConvert, JsonSerializerOptions options, ReadStack& state, T& value)
   at System.Text.Json.Serialization.JsonConverter`1.TryRead(Utf8JsonReader& reader, Type typeToConvert, JsonSerializerOptions options, ReadStack& state, T& value, Boolean& isPopulatedValue)
   at System.Text.Json.Serialization.JsonConverter`1.ReadCore(Utf8JsonReader& reader, JsonSerializerOptions options, ReadStack& state)
   --- End of inner exception stack trace ---
   at System.Text.Json.ThrowHelper.ReThrowWithPath(ReadStack& state, Utf8JsonReader& reader, Exception ex)
   at System.Text.Json.Serialization.JsonConverter`1.ReadCore(Utf8JsonReader& reader, JsonSerializerOptions options, ReadStack& state)
   at System.Text.Json.JsonSerializer.ReadFromSpan[TValue](ReadOnlySpan`1 json, JsonTypeInfo`1 jsonTypeInfo)
   at System.Text.Json.JsonSerializer.Deserialize[TValue](String json, JsonSerializerOptions options)
   at PointOfSale.Infrastructure.Services.MraApiClient.SendAsync[TResponse](HttpRequestMessage request, String auditRequestBody, CancellationToken cancellationToken) in C:\Users\Albert Zee\Documents\Projects\Point Of Sale\src\PointOfSale.Infrastructure\Services\MraApiClient.cs:line 309
   --- End of inner exception stack trace ---
   at PointOfSale.Infrastructure.Services.MraApiClient.SendAsync[TResponse](HttpRequestMessage request, String auditRequestBody, CancellationToken cancellationToken) in C:\Users\Albert Zee\Documents\Projects\Point Of Sale\src\PointOfSale.Infrastructure\Services\MraApiClient.cs:line 323
   at PointOfSale.Infrastructure.Services.MraApiClient.PostEmptyAsync[TResponse](String relativePath, MraRequestContext context, CancellationToken cancellationToken) in C:\Users\Albert Zee\Documents\Projects\Point Of Sale\src\PointOfSale.Infrastructure\Services\MraApiClient.cs:line 249
   at PointOfSale.Infrastructure.Services.SalesTransactionService.GetLastSubmittedTransactionAsync(String relativePath, String channelLabel, CancellationToken cancellationToken) in C:\Users\Albert Zee\Documents\Projects\Point Of Sale\src\PointOfSale.Infrastructure\Services\SalesTransactionService.cs:line 86
   at PointOfSale.Infrastructure.Services.SalesTransactionService.VerifySequenceContinuityAsync(Func`2 lookupFactory, String channelLabel, CancellationToken cancellationToken) in C:\Users\Albert Zee\Documents\Projects\Point Of Sale\src\PointOfSale.Infrastructure\Services\SalesTransactionService.cs:line 153
2026-08-07 10:54:57.118 +02:00 [INF] MRA POST /api/v1/utilities/ping status=200 success=true durationMs=47
2026-08-07 10:54:57.121 +02:00 [INF] MRA connectivity restored — waking offline sync worker.
2026-08-07 10:54:57.159 +02:00 [INF] ART Diagnostic WorkerHeartbeat SystemHealthMonitorService null null: All monitored subsystems healthy.
2026-08-07 10:55:07.941 +02:00 [INF] ART Diagnostic DatabaseLatency SqlExpress 1 null: Performance profile sample (FPS 0.0)
2026-08-07 10:55:25.102 +02:00 [INF] MRA EIS POST "https://dev-eis-api.mra.mw/api/v1/configuration/get-latest-configs"
2026-08-07 10:55:25.102 +02:00 [INF] MRA EIS request payload for "https://dev-eis-api.mra.mw/api/v1/configuration/get-latest-configs": {}
2026-08-07 10:55:37.990 +02:00 [INF] ART Diagnostic DatabaseLatency SqlExpress 0 null: Performance profile sample (FPS 0.0)
2026-08-07 10:55:41.672 +02:00 [INF] ART Diagnostic WorkerHeartbeat HealthCheckWorker null null: Heartbeat
2026-08-07 10:55:41.759 +02:00 [INF] ART Diagnostic DatabaseLatency SqlExpress 0 null: SQL round-trip 0 ms
2026-08-07 10:55:41.766 +02:00 [INF] MRA EIS POST "https://dev-eis-api.mra.mw/api/v1/utilities/ping"
2026-08-07 10:55:42.163 +02:00 [INF] ART Diagnostic DatabaseLatency SqlExpress 1 null: SQL round-trip 1 ms
2026-08-07 10:55:42.172 +02:00 [INF] MRA EIS POST "https://dev-eis-api.mra.mw/api/v1/utilities/ping"
2026-08-07 10:55:42.277 +02:00 [ERR] MRA EIS transport failure for "https://dev-eis-api.mra.mw/api/v1/utilities/ping": MRA EIS request failed for https://dev-eis-api.mra.mw/api/v1/utilities/ping: SocketException: No such host is known.
System.Net.Http.HttpRequestException: No such host is known. (dev-eis-api.mra.mw:443)
 ---> System.Net.Sockets.SocketException (11001): No such host is known.
   at System.Net.Sockets.Socket.AwaitableSocketAsyncEventArgs.ThrowException(SocketError error, CancellationToken cancellationToken)
   at System.Net.Sockets.Socket.AwaitableSocketAsyncEventArgs.System.Threading.Tasks.Sources.IValueTaskSource.GetResult(Int16 token)
   at System.Net.Sockets.Socket.<ConnectAsync>g__WaitForConnectWithCancellation|285_0(AwaitableSocketAsyncEventArgs saea, ValueTask connectTask, CancellationToken cancellationToken)
   at System.Net.Http.HttpConnectionPool.ConnectToTcpHostAsync(String host, Int32 port, HttpRequestMessage initialRequest, Boolean async, CancellationToken cancellationToken)
   --- End of inner exception stack trace ---
   at System.Net.Http.HttpConnectionPool.ConnectToTcpHostAsync(String host, Int32 port, HttpRequestMessage initialRequest, Boolean async, CancellationToken cancellationToken)
   at System.Net.Http.HttpConnectionPool.ConnectAsync(HttpRequestMessage request, Boolean async, CancellationToken cancellationToken)
   at System.Net.Http.HttpConnectionPool.CreateHttp11ConnectionAsync(HttpRequestMessage request, Boolean async, CancellationToken cancellationToken)
   at System.Net.Http.HttpConnectionPool.AddHttp11ConnectionAsync(QueueItem queueItem)
   at System.Threading.Tasks.TaskCompletionSourceWithCancellation`1.WaitWithCancellationAsync(CancellationToken cancellationToken)
   at System.Net.Http.HttpConnectionPool.SendWithVersionDetectionAndRetryAsync(HttpRequestMessage request, Boolean async, Boolean doRequestAuth, CancellationToken cancellationToken)
   at System.Net.Http.RedirectHandler.SendAsync(HttpRequestMessage request, Boolean async, CancellationToken cancellationToken)
   at Microsoft.Extensions.Http.Logging.LoggingHttpMessageHandler.<SendCoreAsync>g__Core|5_0(HttpRequestMessage request, Boolean useAsync, CancellationToken cancellationToken)
   at PointOfSale.Infrastructure.Http.MraEisMessageHashHandler.SendAsync(HttpRequestMessage request, CancellationToken cancellationToken) in C:\Users\Albert Zee\Documents\Projects\Point Of Sale\src\PointOfSale.Infrastructure\Http\MraEisMessageHashHandler.cs:line 68
   at Microsoft.Extensions.Http.Logging.LoggingScopeHttpMessageHandler.<SendCoreAsync>g__Core|5_0(HttpRequestMessage request, Boolean useAsync, CancellationToken cancellationToken)
   at System.Net.Http.HttpClient.<SendAsync>g__Core|83_0(HttpRequestMessage request, HttpCompletionOption completionOption, CancellationTokenSource cts, Boolean disposeCts, CancellationTokenSource pendingRequestsCts, CancellationToken originalCancellationToken)
   at PointOfSale.Infrastructure.Services.MraApiClient.SendAsync[TResponse](HttpRequestMessage request, String auditRequestBody, CancellationToken cancellationToken) in C:\Users\Albert Zee\Documents\Projects\Point Of Sale\src\PointOfSale.Infrastructure\Services\MraApiClient.cs:line 278
2026-08-07 10:55:42.327 +02:00 [INF] MRA POST /api/v1/utilities/ping status=null success=false durationMs=109
2026-08-07 10:55:42.340 +02:00 [WRN] utilities/ping failed after 168 ms
PointOfSale.Mra.Http.MraApiException: MRA EIS request failed for https://dev-eis-api.mra.mw/api/v1/utilities/ping: SocketException: No such host is known.
 ---> System.Net.Http.HttpRequestException: No such host is known. (dev-eis-api.mra.mw:443)
 ---> System.Net.Sockets.SocketException (11001): No such host is known.
   at System.Net.Sockets.Socket.AwaitableSocketAsyncEventArgs.ThrowException(SocketError error, CancellationToken cancellationToken)
   at System.Net.Sockets.Socket.AwaitableSocketAsyncEventArgs.System.Threading.Tasks.Sources.IValueTaskSource.GetResult(Int16 token)
   at System.Net.Sockets.Socket.<ConnectAsync>g__WaitForConnectWithCancellation|285_0(AwaitableSocketAsyncEventArgs saea, ValueTask connectTask, CancellationToken cancellationToken)
   at System.Net.Http.HttpConnectionPool.ConnectToTcpHostAsync(String host, Int32 port, HttpRequestMessage initialRequest, Boolean async, CancellationToken cancellationToken)
   --- End of inner exception stack trace ---
   at System.Net.Http.HttpConnectionPool.ConnectToTcpHostAsync(String host, Int32 port, HttpRequestMessage initialRequest, Boolean async, CancellationToken cancellationToken)
   at System.Net.Http.HttpConnectionPool.ConnectAsync(HttpRequestMessage request, Boolean async, CancellationToken cancellationToken)
   at System.Net.Http.HttpConnectionPool.CreateHttp11ConnectionAsync(HttpRequestMessage request, Boolean async, CancellationToken cancellationToken)
   at System.Net.Http.HttpConnectionPool.AddHttp11ConnectionAsync(QueueItem queueItem)
   at System.Threading.Tasks.TaskCompletionSourceWithCancellation`1.WaitWithCancellationAsync(CancellationToken cancellationToken)
   at System.Net.Http.HttpConnectionPool.SendWithVersionDetectionAndRetryAsync(HttpRequestMessage request, Boolean async, Boolean doRequestAuth, CancellationToken cancellationToken)
   at System.Net.Http.RedirectHandler.SendAsync(HttpRequestMessage request, Boolean async, CancellationToken cancellationToken)
   at Microsoft.Extensions.Http.Logging.LoggingHttpMessageHandler.<SendCoreAsync>g__Core|5_0(HttpRequestMessage request, Boolean useAsync, CancellationToken cancellationToken)
   at PointOfSale.Infrastructure.Http.MraEisMessageHashHandler.SendAsync(HttpRequestMessage request, CancellationToken cancellationToken) in C:\Users\Albert Zee\Documents\Projects\Point Of Sale\src\PointOfSale.Infrastructure\Http\MraEisMessageHashHandler.cs:line 68
   at Microsoft.Extensions.Http.Logging.LoggingScopeHttpMessageHandler.<SendCoreAsync>g__Core|5_0(HttpRequestMessage request, Boolean useAsync, CancellationToken cancellationToken)
   at System.Net.Http.HttpClient.<SendAsync>g__Core|83_0(HttpRequestMessage request, HttpCompletionOption completionOption, CancellationTokenSource cts, Boolean disposeCts, CancellationTokenSource pendingRequestsCts, CancellationToken originalCancellationToken)
   at PointOfSale.Infrastructure.Services.MraApiClient.SendAsync[TResponse](HttpRequestMessage request, String auditRequestBody, CancellationToken cancellationToken) in C:\Users\Albert Zee\Documents\Projects\Point Of Sale\src\PointOfSale.Infrastructure\Services\MraApiClient.cs:line 278
   --- End of inner exception stack trace ---
   at PointOfSale.Infrastructure.Services.MraApiClient.SendAsync[TResponse](HttpRequestMessage request, String auditRequestBody, CancellationToken cancellationToken) in C:\Users\Albert Zee\Documents\Projects\Point Of Sale\src\PointOfSale.Infrastructure\Services\MraApiClient.cs:line 370
   at PointOfSale.Infrastructure.Services.MraApiClient.PostEmptyAsync[TResponse](String relativePath, MraRequestContext context, CancellationToken cancellationToken) in C:\Users\Albert Zee\Documents\Projects\Point Of Sale\src\PointOfSale.Infrastructure\Services\MraApiClient.cs:line 249
   at PointOfSale.Infrastructure.Services.MraEisPingService.PingAsync(CancellationToken cancellationToken) in C:\Users\Albert Zee\Documents\Projects\Point Of Sale\src\PointOfSale.Infrastructure\Services\MraEisPingService.cs:line 49
2026-08-07 10:55:42.344 +02:00 [WRN] ART Diagnostic MraConnectivity MraEis 168 Unreachable: MRA ping failed in 168 ms: MRA EIS request failed for https://dev-eis-api.mra.mw/api/v1/utilities/ping: SocketException: No such host is known.
2026-08-07 10:55:42.403 +02:00 [WRN] ART Diagnostic HealthCheck HealthCheckWorker 1 null: Degraded: MRA.
2026-08-07 10:55:42.475 +02:00 [WRN] System health alert [INTERNET_OFFLINE] Internet connectivity offline — offline queue will buffer fiscal invoices.
2026-08-07 10:55:42.496 +02:00 [WRN] ART Diagnostic Exception HealthAlert:INTERNET_OFFLINE null null: Internet connectivity offline — offline queue will buffer fiscal invoices.
2026-08-07 10:55:42.499 +02:00 [INF] ART Diagnostic WorkerHeartbeat SystemHealthMonitorService null null: Internet connectivity appears offline. MRA EIS API gateway is unreachable.
2026-08-07 10:55:42.501 +02:00 [WRN] System health degraded: Internet connectivity appears offline. MRA EIS API gateway is unreachable.
2026-08-07 10:55:44.393 +02:00 [ERR] MRA EIS transport failure for "https://dev-eis-api.mra.mw/api/v1/configuration/get-latest-configs": MRA EIS request failed for https://dev-eis-api.mra.mw/api/v1/configuration/get-latest-configs: SocketException: An existing connection was forcibly closed by the remote host.
System.Net.Http.HttpRequestException: An error occurred while sending the request.
 ---> System.IO.IOException: Unable to read data from the transport connection: An existing connection was forcibly closed by the remote host..
 ---> System.Net.Sockets.SocketException (10054): An existing connection was forcibly closed by the remote host.
   --- End of inner exception stack trace ---
   at System.Net.Sockets.Socket.AwaitableSocketAsyncEventArgs.ThrowException(SocketError error, CancellationToken cancellationToken)
   at System.Net.Sockets.Socket.AwaitableSocketAsyncEventArgs.System.Threading.Tasks.Sources.IValueTaskSource<System.Int32>.GetResult(Int16 token)
   at System.Net.Security.SslStream.EnsureFullTlsFrameAsync[TIOAdapter](CancellationToken cancellationToken, Int32 estimatedSize)
   at System.Runtime.CompilerServices.PoolingAsyncValueTaskMethodBuilder`1.StateMachineBox`1.System.Threading.Tasks.Sources.IValueTaskSource<TResult>.GetResult(Int16 token)
   at System.Net.Security.SslStream.ReadAsyncInternal[TIOAdapter](Memory`1 buffer, CancellationToken cancellationToken)
   at System.Runtime.CompilerServices.PoolingAsyncValueTaskMethodBuilder`1.StateMachineBox`1.System.Threading.Tasks.Sources.IValueTaskSource<TResult>.GetResult(Int16 token)
   at System.Net.Http.HttpConnection.<EnsureReadAheadTaskHasStarted>g__ReadAheadWithZeroByteReadAsync|40_0()
   at System.Net.Http.HttpConnection.SendAsync(HttpRequestMessage request, Boolean async, CancellationToken cancellationToken)
   --- End of inner exception stack trace ---
   at System.Net.Http.HttpConnection.SendAsync(HttpRequestMessage request, Boolean async, CancellationToken cancellationToken)
   at System.Net.Http.HttpConnectionPool.SendWithVersionDetectionAndRetryAsync(HttpRequestMessage request, Boolean async, Boolean doRequestAuth, CancellationToken cancellationToken)
   at System.Net.Http.RedirectHandler.SendAsync(HttpRequestMessage request, Boolean async, CancellationToken cancellationToken)
   at Microsoft.Extensions.Http.Logging.LoggingHttpMessageHandler.<SendCoreAsync>g__Core|5_0(HttpRequestMessage request, Boolean useAsync, CancellationToken cancellationToken)
   at PointOfSale.Infrastructure.Http.MraEisMessageHashHandler.SendAsync(HttpRequestMessage request, CancellationToken cancellationToken) in C:\Users\Albert Zee\Documents\Projects\Point Of Sale\src\PointOfSale.Infrastructure\Http\MraEisMessageHashHandler.cs:line 68
   at Microsoft.Extensions.Http.Logging.LoggingScopeHttpMessageHandler.<SendCoreAsync>g__Core|5_0(HttpRequestMessage request, Boolean useAsync, CancellationToken cancellationToken)
   at System.Net.Http.HttpClient.<SendAsync>g__Core|83_0(HttpRequestMessage request, HttpCompletionOption completionOption, CancellationTokenSource cts, Boolean disposeCts, CancellationTokenSource pendingRequestsCts, CancellationToken originalCancellationToken)
   at PointOfSale.Infrastructure.Services.MraApiClient.SendAsync[TResponse](HttpRequestMessage request, String auditRequestBody, CancellationToken cancellationToken) in C:\Users\Albert Zee\Documents\Projects\Point Of Sale\src\PointOfSale.Infrastructure\Services\MraApiClient.cs:line 278
2026-08-07 10:55:44.403 +02:00 [INF] MRA POST /api/v1/configuration/get-latest-configs status=null success=false durationMs=19297
2026-08-07 10:55:44.410 +02:00 [WRN] get-latest-configs threw HTTP 0 for 7f578f46-0775-49bd-8749-226942412378; attempting local activation fallback.
PointOfSale.Mra.Http.MraApiException: MRA EIS request failed for https://dev-eis-api.mra.mw/api/v1/configuration/get-latest-configs: SocketException: An existing connection was forcibly closed by the remote host.
 ---> System.Net.Http.HttpRequestException: An error occurred while sending the request.
 ---> System.IO.IOException: Unable to read data from the transport connection: An existing connection was forcibly closed by the remote host..
 ---> System.Net.Sockets.SocketException (10054): An existing connection was forcibly closed by the remote host.
   --- End of inner exception stack trace ---
   at System.Net.Sockets.Socket.AwaitableSocketAsyncEventArgs.ThrowException(SocketError error, CancellationToken cancellationToken)
   at System.Net.Sockets.Socket.AwaitableSocketAsyncEventArgs.System.Threading.Tasks.Sources.IValueTaskSource<System.Int32>.GetResult(Int16 token)
   at System.Net.Security.SslStream.EnsureFullTlsFrameAsync[TIOAdapter](CancellationToken cancellationToken, Int32 estimatedSize)
   at System.Runtime.CompilerServices.PoolingAsyncValueTaskMethodBuilder`1.StateMachineBox`1.System.Threading.Tasks.Sources.IValueTaskSource<TResult>.GetResult(Int16 token)
   at System.Net.Security.SslStream.ReadAsyncInternal[TIOAdapter](Memory`1 buffer, CancellationToken cancellationToken)
   at System.Runtime.CompilerServices.PoolingAsyncValueTaskMethodBuilder`1.StateMachineBox`1.System.Threading.Tasks.Sources.IValueTaskSource<TResult>.GetResult(Int16 token)
   at System.Net.Http.HttpConnection.<EnsureReadAheadTaskHasStarted>g__ReadAheadWithZeroByteReadAsync|40_0()
   at System.Net.Http.HttpConnection.SendAsync(HttpRequestMessage request, Boolean async, CancellationToken cancellationToken)
   --- End of inner exception stack trace ---
   at System.Net.Http.HttpConnection.SendAsync(HttpRequestMessage request, Boolean async, CancellationToken cancellationToken)
   at System.Net.Http.HttpConnectionPool.SendWithVersionDetectionAndRetryAsync(HttpRequestMessage request, Boolean async, Boolean doRequestAuth, CancellationToken cancellationToken)
   at System.Net.Http.RedirectHandler.SendAsync(HttpRequestMessage request, Boolean async, CancellationToken cancellationToken)
   at Microsoft.Extensions.Http.Logging.LoggingHttpMessageHandler.<SendCoreAsync>g__Core|5_0(HttpRequestMessage request, Boolean useAsync, CancellationToken cancellationToken)
   at PointOfSale.Infrastructure.Http.MraEisMessageHashHandler.SendAsync(HttpRequestMessage request, CancellationToken cancellationToken) in C:\Users\Albert Zee\Documents\Projects\Point Of Sale\src\PointOfSale.Infrastructure\Http\MraEisMessageHashHandler.cs:line 68
   at Microsoft.Extensions.Http.Logging.LoggingScopeHttpMessageHandler.<SendCoreAsync>g__Core|5_0(HttpRequestMessage request, Boolean useAsync, CancellationToken cancellationToken)
   at System.Net.Http.HttpClient.<SendAsync>g__Core|83_0(HttpRequestMessage request, HttpCompletionOption completionOption, CancellationTokenSource cts, Boolean disposeCts, CancellationTokenSource pendingRequestsCts, CancellationToken originalCancellationToken)
   at PointOfSale.Infrastructure.Services.MraApiClient.SendAsync[TResponse](HttpRequestMessage request, String auditRequestBody, CancellationToken cancellationToken) in C:\Users\Albert Zee\Documents\Projects\Point Of Sale\src\PointOfSale.Infrastructure\Services\MraApiClient.cs:line 278
   --- End of inner exception stack trace ---
   at PointOfSale.Infrastructure.Services.MraApiClient.SendAsync[TResponse](HttpRequestMessage request, String auditRequestBody, CancellationToken cancellationToken) in C:\Users\Albert Zee\Documents\Projects\Point Of Sale\src\PointOfSale.Infrastructure\Services\MraApiClient.cs:line 370
   at PointOfSale.Infrastructure.Services.MraApiClient.PostAsync[TRequest,TResponse](String relativePath, TRequest body, MraRequestContext context, CancellationToken cancellationToken) in C:\Users\Albert Zee\Documents\Projects\Point Of Sale\src\PointOfSale.Infrastructure\Services\MraApiClient.cs:line 84
   at PointOfSale.Infrastructure.Services.TerminalOnboardingService.GetLatestConfigsAsync(CancellationToken cancellationToken) in C:\Users\Albert Zee\Documents\Projects\Point Of Sale\src\PointOfSale.Infrastructure\Services\TerminalOnboardingService.cs:line 400
2026-08-07 10:55:44.454 +02:00 [WRN] Using local MRA config fallback for 7f578f46-0775-49bd-8749-226942412378. ActivationState=Activated, hasSecretKey=true, hasCachedConfigs=true. Detail: Live get-latest-configs unavailable (HTTP 0). Using local activation for 7f578f46-0775-49bd-8749-226942412378 (ActivationState=Activated, LastSyncedAt=2026-08-07T08:53:11.7030000). MRA EIS request failed for https://dev-eis-api.mra.mw/api/v1/configuration/get-latest-configs: SocketException: An existing connection was forcibly closed by the remote host.
2026-08-07 10:55:44.454 +02:00 [WRN] Pre-checkout get-latest-configs unavailable for 7f578f46-0775-49bd-8749-226942412378; continuing with local activation fallback. Live get-latest-configs unavailable (HTTP 0). Using local activation for 7f578f46-0775-49bd-8749-226942412378 (ActivationState=Activated, LastSyncedAt=2026-08-07T08:53:11.7030000). MRA EIS request failed for https://dev-eis-api.mra.mw/api/v1/configuration/get-latest-configs: SocketException: An existing connection was forcibly closed by the remote host.
2026-08-07 10:55:44.461 +02:00 [INF] Checkout fiscal identity ready. sellerTIN=31018345 siteId=BLc4f27da3-6c8e-4014-84b1-140886944c25 taxRateId=A versions g/t/tp=1/1/1 invoiceTinDigits=31018345
2026-08-07 10:55:54.992 +02:00 [INF] Inventory alert scan complete: 102 products, low=2, stockout=0, overstock=0, fast=0.
2026-08-07 10:56:00.720 +02:00 [ERR] MRA EIS transport failure for "https://dev-eis-api.mra.mw/api/v1/utilities/ping": MRA EIS request failed for https://dev-eis-api.mra.mw/api/v1/utilities/ping: SocketException: An existing connection was forcibly closed by the remote host.
System.Net.Http.HttpRequestException: An error occurred while sending the request.
 ---> System.IO.IOException: Unable to read data from the transport connection: An existing connection was forcibly closed by the remote host..
 ---> System.Net.Sockets.SocketException (10054): An existing connection was forcibly closed by the remote host.
   --- End of inner exception stack trace ---
   at System.Net.Sockets.Socket.AwaitableSocketAsyncEventArgs.ThrowException(SocketError error, CancellationToken cancellationToken)
   at System.Net.Sockets.Socket.AwaitableSocketAsyncEventArgs.System.Threading.Tasks.Sources.IValueTaskSource<System.Int32>.GetResult(Int16 token)
   at System.Net.Security.SslStream.EnsureFullTlsFrameAsync[TIOAdapter](CancellationToken cancellationToken, Int32 estimatedSize)
   at System.Runtime.CompilerServices.PoolingAsyncValueTaskMethodBuilder`1.StateMachineBox`1.System.Threading.Tasks.Sources.IValueTaskSource<TResult>.GetResult(Int16 token)
   at System.Net.Security.SslStream.ReadAsyncInternal[TIOAdapter](Memory`1 buffer, CancellationToken cancellationToken)
   at System.Runtime.CompilerServices.PoolingAsyncValueTaskMethodBuilder`1.StateMachineBox`1.System.Threading.Tasks.Sources.IValueTaskSource<TResult>.GetResult(Int16 token)
   at System.Net.Http.HttpConnection.<EnsureReadAheadTaskHasStarted>g__ReadAheadWithZeroByteReadAsync|40_0()
   at System.Net.Http.HttpConnection.SendAsync(HttpRequestMessage request, Boolean async, CancellationToken cancellationToken)
   --- End of inner exception stack trace ---
   at System.Net.Http.HttpConnection.SendAsync(HttpRequestMessage request, Boolean async, CancellationToken cancellationToken)
   at System.Net.Http.HttpConnectionPool.SendWithVersionDetectionAndRetryAsync(HttpRequestMessage request, Boolean async, Boolean doRequestAuth, CancellationToken cancellationToken)
   at System.Net.Http.RedirectHandler.SendAsync(HttpRequestMessage request, Boolean async, CancellationToken cancellationToken)
   at Microsoft.Extensions.Http.Logging.LoggingHttpMessageHandler.<SendCoreAsync>g__Core|5_0(HttpRequestMessage request, Boolean useAsync, CancellationToken cancellationToken)
   at PointOfSale.Infrastructure.Http.MraEisMessageHashHandler.SendAsync(HttpRequestMessage request, CancellationToken cancellationToken) in C:\Users\Albert Zee\Documents\Projects\Point Of Sale\src\PointOfSale.Infrastructure\Http\MraEisMessageHashHandler.cs:line 68
   at Microsoft.Extensions.Http.Logging.LoggingScopeHttpMessageHandler.<SendCoreAsync>g__Core|5_0(HttpRequestMessage request, Boolean useAsync, CancellationToken cancellationToken)
   at System.Net.Http.HttpClient.<SendAsync>g__Core|83_0(HttpRequestMessage request, HttpCompletionOption completionOption, CancellationTokenSource cts, Boolean disposeCts, CancellationTokenSource pendingRequestsCts, CancellationToken originalCancellationToken)
   at PointOfSale.Infrastructure.Services.MraApiClient.SendAsync[TResponse](HttpRequestMessage request, String auditRequestBody, CancellationToken cancellationToken) in C:\Users\Albert Zee\Documents\Projects\Point Of Sale\src\PointOfSale.Infrastructure\Services\MraApiClient.cs:line 278
2026-08-07 10:56:00.722 +02:00 [INF] MRA POST /api/v1/utilities/ping status=null success=false durationMs=18968
2026-08-07 10:56:00.831 +02:00 [WRN] utilities/ping failed after 19065 ms
PointOfSale.Mra.Http.MraApiException: MRA EIS request failed for https://dev-eis-api.mra.mw/api/v1/utilities/ping: SocketException: An existing connection was forcibly closed by the remote host.
 ---> System.Net.Http.HttpRequestException: An error occurred while sending the request.
 ---> System.IO.IOException: Unable to read data from the transport connection: An existing connection was forcibly closed by the remote host..
 ---> System.Net.Sockets.SocketException (10054): An existing connection was forcibly closed by the remote host.
   --- End of inner exception stack trace ---
   at System.Net.Sockets.Socket.AwaitableSocketAsyncEventArgs.ThrowException(SocketError error, CancellationToken cancellationToken)
   at System.Net.Sockets.Socket.AwaitableSocketAsyncEventArgs.System.Threading.Tasks.Sources.IValueTaskSource<System.Int32>.GetResult(Int16 token)
   at System.Net.Security.SslStream.EnsureFullTlsFrameAsync[TIOAdapter](CancellationToken cancellationToken, Int32 estimatedSize)
   at System.Runtime.CompilerServices.PoolingAsyncValueTaskMethodBuilder`1.StateMachineBox`1.System.Threading.Tasks.Sources.IValueTaskSource<TResult>.GetResult(Int16 token)
   at System.Net.Security.SslStream.ReadAsyncInternal[TIOAdapter](Memory`1 buffer, CancellationToken cancellationToken)
   at System.Runtime.CompilerServices.PoolingAsyncValueTaskMethodBuilder`1.StateMachineBox`1.System.Threading.Tasks.Sources.IValueTaskSource<TResult>.GetResult(Int16 token)
   at System.Net.Http.HttpConnection.<EnsureReadAheadTaskHasStarted>g__ReadAheadWithZeroByteReadAsync|40_0()
   at System.Net.Http.HttpConnection.SendAsync(HttpRequestMessage request, Boolean async, CancellationToken cancellationToken)
   --- End of inner exception stack trace ---
   at System.Net.Http.HttpConnection.SendAsync(HttpRequestMessage request, Boolean async, CancellationToken cancellationToken)
   at System.Net.Http.HttpConnectionPool.SendWithVersionDetectionAndRetryAsync(HttpRequestMessage request, Boolean async, Boolean doRequestAuth, CancellationToken cancellationToken)
   at System.Net.Http.RedirectHandler.SendAsync(HttpRequestMessage request, Boolean async, CancellationToken cancellationToken)
   at Microsoft.Extensions.Http.Logging.LoggingHttpMessageHandler.<SendCoreAsync>g__Core|5_0(HttpRequestMessage request, Boolean useAsync, CancellationToken cancellationToken)
   at PointOfSale.Infrastructure.Http.MraEisMessageHashHandler.SendAsync(HttpRequestMessage request, CancellationToken cancellationToken) in C:\Users\Albert Zee\Documents\Projects\Point Of Sale\src\PointOfSale.Infrastructure\Http\MraEisMessageHashHandler.cs:line 68
   at Microsoft.Extensions.Http.Logging.LoggingScopeHttpMessageHandler.<SendCoreAsync>g__Core|5_0(HttpRequestMessage request, Boolean useAsync, CancellationToken cancellationToken)
   at System.Net.Http.HttpClient.<SendAsync>g__Core|83_0(HttpRequestMessage request, HttpCompletionOption completionOption, CancellationTokenSource cts, Boolean disposeCts, CancellationTokenSource pendingRequestsCts, CancellationToken originalCancellationToken)
   at PointOfSale.Infrastructure.Services.MraApiClient.SendAsync[TResponse](HttpRequestMessage request, String auditRequestBody, CancellationToken cancellationToken) in C:\Users\Albert Zee\Documents\Projects\Point Of Sale\src\PointOfSale.Infrastructure\Services\MraApiClient.cs:line 278
   --- End of inner exception stack trace ---
   at PointOfSale.Infrastructure.Services.MraApiClient.SendAsync[TResponse](HttpRequestMessage request, String auditRequestBody, CancellationToken cancellationToken) in C:\Users\Albert Zee\Documents\Projects\Point Of Sale\src\PointOfSale.Infrastructure\Services\MraApiClient.cs:line 370
   at PointOfSale.Infrastructure.Services.MraApiClient.PostEmptyAsync[TResponse](String relativePath, MraRequestContext context, CancellationToken cancellationToken) in C:\Users\Albert Zee\Documents\Projects\Point Of Sale\src\PointOfSale.Infrastructure\Services\MraApiClient.cs:line 249
   at PointOfSale.Infrastructure.Services.MraEisPingService.PingAsync(CancellationToken cancellationToken) in C:\Users\Albert Zee\Documents\Projects\Point Of Sale\src\PointOfSale.Infrastructure\Services\MraEisPingService.cs:line 49
2026-08-07 10:56:00.832 +02:00 [WRN] ART Diagnostic MraConnectivity MraEis 19065 Unreachable: MRA ping failed in 19065 ms: MRA EIS request failed for https://dev-eis-api.mra.mw/api/v1/utilities/ping: SocketException: An existing connection was forcibly closed by the remote host.
2026-08-07 10:56:00.997 +02:00 [WRN] ART Diagnostic HealthCheck HealthCheckWorker 0 null: Degraded: MRA.
2026-08-07 10:56:01.005 +02:00 [WRN] Health check degraded: Degraded: MRA.
2026-08-07 10:56:08.030 +02:00 [INF] ART Diagnostic DatabaseLatency SqlExpress 1 null: Performance profile sample (FPS 0.0)
2026-08-07 10:56:27.514 +02:00 [INF] ART Diagnostic DatabaseLatency SqlExpress 2 null: SQL round-trip 2 ms
2026-08-07 10:56:27.531 +02:00 [INF] MRA EIS POST "https://dev-eis-api.mra.mw/api/v1/utilities/ping"
2026-08-07 10:56:27.542 +02:00 [ERR] MRA EIS transport failure for "https://dev-eis-api.mra.mw/api/v1/utilities/ping": MRA EIS request failed for https://dev-eis-api.mra.mw/api/v1/utilities/ping: SocketException: No such host is known.
System.Net.Http.HttpRequestException: No such host is known. (dev-eis-api.mra.mw:443)
 ---> System.Net.Sockets.SocketException (11001): No such host is known.
   at System.Net.Sockets.Socket.AwaitableSocketAsyncEventArgs.ThrowException(SocketError error, CancellationToken cancellationToken)
   at System.Net.Sockets.Socket.AwaitableSocketAsyncEventArgs.System.Threading.Tasks.Sources.IValueTaskSource.GetResult(Int16 token)
   at System.Net.Sockets.Socket.<ConnectAsync>g__WaitForConnectWithCancellation|285_0(AwaitableSocketAsyncEventArgs saea, ValueTask connectTask, CancellationToken cancellationToken)
   at System.Net.Http.HttpConnectionPool.ConnectToTcpHostAsync(String host, Int32 port, HttpRequestMessage initialRequest, Boolean async, CancellationToken cancellationToken)
   --- End of inner exception stack trace ---
   at System.Net.Http.HttpConnectionPool.ConnectToTcpHostAsync(String host, Int32 port, HttpRequestMessage initialRequest, Boolean async, CancellationToken cancellationToken)
   at System.Net.Http.HttpConnectionPool.ConnectAsync(HttpRequestMessage request, Boolean async, CancellationToken cancellationToken)
   at System.Net.Http.HttpConnectionPool.CreateHttp11ConnectionAsync(HttpRequestMessage request, Boolean async, CancellationToken cancellationToken)
   at System.Net.Http.HttpConnectionPool.AddHttp11ConnectionAsync(QueueItem queueItem)
   at System.Threading.Tasks.TaskCompletionSourceWithCancellation`1.WaitWithCancellationAsync(CancellationToken cancellationToken)
   at System.Net.Http.HttpConnectionPool.SendWithVersionDetectionAndRetryAsync(HttpRequestMessage request, Boolean async, Boolean doRequestAuth, CancellationToken cancellationToken)
   at System.Net.Http.RedirectHandler.SendAsync(HttpRequestMessage request, Boolean async, CancellationToken cancellationToken)
   at Microsoft.Extensions.Http.Logging.LoggingHttpMessageHandler.<SendCoreAsync>g__Core|5_0(HttpRequestMessage request, Boolean useAsync, CancellationToken cancellationToken)
   at PointOfSale.Infrastructure.Http.MraEisMessageHashHandler.SendAsync(HttpRequestMessage request, CancellationToken cancellationToken) in C:\Users\Albert Zee\Documents\Projects\Point Of Sale\src\PointOfSale.Infrastructure\Http\MraEisMessageHashHandler.cs:line 68
   at Microsoft.Extensions.Http.Logging.LoggingScopeHttpMessageHandler.<SendCoreAsync>g__Core|5_0(HttpRequestMessage request, Boolean useAsync, CancellationToken cancellationToken)
   at System.Net.Http.HttpClient.<SendAsync>g__Core|83_0(HttpRequestMessage request, HttpCompletionOption completionOption, CancellationTokenSource cts, Boolean disposeCts, CancellationTokenSource pendingRequestsCts, CancellationToken originalCancellationToken)
   at PointOfSale.Infrastructure.Services.MraApiClient.SendAsync[TResponse](HttpRequestMessage request, String auditRequestBody, CancellationToken cancellationToken) in C:\Users\Albert Zee\Documents\Projects\Point Of Sale\src\PointOfSale.Infrastructure\Services\MraApiClient.cs:line 278
2026-08-07 10:56:27.579 +02:00 [INF] MRA POST /api/v1/utilities/ping status=null success=false durationMs=16
2026-08-07 10:56:27.586 +02:00 [WRN] utilities/ping failed after 54 ms
PointOfSale.Mra.Http.MraApiException: MRA EIS request failed for https://dev-eis-api.mra.mw/api/v1/utilities/ping: SocketException: No such host is known.
 ---> System.Net.Http.HttpRequestException: No such host is known. (dev-eis-api.mra.mw:443)
 ---> System.Net.Sockets.SocketException (11001): No such host is known.
   at System.Net.Sockets.Socket.AwaitableSocketAsyncEventArgs.ThrowException(SocketError error, CancellationToken cancellationToken)
   at System.Net.Sockets.Socket.AwaitableSocketAsyncEventArgs.System.Threading.Tasks.Sources.IValueTaskSource.GetResult(Int16 token)
   at System.Net.Sockets.Socket.<ConnectAsync>g__WaitForConnectWithCancellation|285_0(AwaitableSocketAsyncEventArgs saea, ValueTask connectTask, CancellationToken cancellationToken)
   at System.Net.Http.HttpConnectionPool.ConnectToTcpHostAsync(String host, Int32 port, HttpRequestMessage initialRequest, Boolean async, CancellationToken cancellationToken)
   --- End of inner exception stack trace ---
   at System.Net.Http.HttpConnectionPool.ConnectToTcpHostAsync(String host, Int32 port, HttpRequestMessage initialRequest, Boolean async, CancellationToken cancellationToken)
   at System.Net.Http.HttpConnectionPool.ConnectAsync(HttpRequestMessage request, Boolean async, CancellationToken cancellationToken)
   at System.Net.Http.HttpConnectionPool.CreateHttp11ConnectionAsync(HttpRequestMessage request, Boolean async, CancellationToken cancellationToken)
   at System.Net.Http.HttpConnectionPool.AddHttp11ConnectionAsync(QueueItem queueItem)
   at System.Threading.Tasks.TaskCompletionSourceWithCancellation`1.WaitWithCancellationAsync(CancellationToken cancellationToken)
   at System.Net.Http.HttpConnectionPool.SendWithVersionDetectionAndRetryAsync(HttpRequestMessage request, Boolean async, Boolean doRequestAuth, CancellationToken cancellationToken)
   at System.Net.Http.RedirectHandler.SendAsync(HttpRequestMessage request, Boolean async, CancellationToken cancellationToken)
   at Microsoft.Extensions.Http.Logging.LoggingHttpMessageHandler.<SendCoreAsync>g__Core|5_0(HttpRequestMessage request, Boolean useAsync, CancellationToken cancellationToken)
   at PointOfSale.Infrastructure.Http.MraEisMessageHashHandler.SendAsync(HttpRequestMessage request, CancellationToken cancellationToken) in C:\Users\Albert Zee\Documents\Projects\Point Of Sale\src\PointOfSale.Infrastructure\Http\MraEisMessageHashHandler.cs:line 68
   at Microsoft.Extensions.Http.Logging.LoggingScopeHttpMessageHandler.<SendCoreAsync>g__Core|5_0(HttpRequestMessage request, Boolean useAsync, CancellationToken cancellationToken)
   at System.Net.Http.HttpClient.<SendAsync>g__Core|83_0(HttpRequestMessage request, HttpCompletionOption completionOption, CancellationTokenSource cts, Boolean disposeCts, CancellationTokenSource pendingRequestsCts, CancellationToken originalCancellationToken)
   at PointOfSale.Infrastructure.Services.MraApiClient.SendAsync[TResponse](HttpRequestMessage request, String auditRequestBody, CancellationToken cancellationToken) in C:\Users\Albert Zee\Documents\Projects\Point Of Sale\src\PointOfSale.Infrastructure\Services\MraApiClient.cs:line 278
   --- End of inner exception stack trace ---
   at PointOfSale.Infrastructure.Services.MraApiClient.SendAsync[TResponse](HttpRequestMessage request, String auditRequestBody, CancellationToken cancellationToken) in C:\Users\Albert Zee\Documents\Projects\Point Of Sale\src\PointOfSale.Infrastructure\Services\MraApiClient.cs:line 370
   at PointOfSale.Infrastructure.Services.MraApiClient.PostEmptyAsync[TResponse](String relativePath, MraRequestContext context, CancellationToken cancellationToken) in C:\Users\Albert Zee\Documents\Projects\Point Of Sale\src\PointOfSale.Infrastructure\Services\MraApiClient.cs:line 249
   at PointOfSale.Infrastructure.Services.MraEisPingService.PingAsync(CancellationToken cancellationToken) in C:\Users\Albert Zee\Documents\Projects\Point Of Sale\src\PointOfSale.Infrastructure\Services\MraEisPingService.cs:line 49
2026-08-07 10:56:27.588 +02:00 [WRN] ART Diagnostic MraConnectivity MraEis 54 Unreachable: MRA ping failed in 54 ms: MRA EIS request failed for https://dev-eis-api.mra.mw/api/v1/utilities/ping: SocketException: No such host is known.
2026-08-07 10:56:27.643 +02:00 [WRN] ART Diagnostic HealthCheck HealthCheckWorker 2 null: Degraded: MRA.
2026-08-07 10:56:27.752 +02:00 [INF] ART Diagnostic WorkerHeartbeat SystemHealthMonitorService null null: Internet connectivity appears offline. MRA EIS API gateway is unreachable.
2026-08-07 10:56:27.757 +02:00 [WRN] System health degraded: Internet connectivity appears offline. MRA EIS API gateway is unreachable.
2026-08-07 10:56:38.116 +02:00 [INF] ART Diagnostic DatabaseLatency SqlExpress 0 null: Performance profile sample (FPS 0.0)
2026-08-07 10:56:46.007 +02:00 [INF] ART Diagnostic WorkerHeartbeat HealthCheckWorker null null: Heartbeat
2026-08-07 10:56:46.042 +02:00 [INF] ART Diagnostic DatabaseLatency SqlExpress 0 null: SQL round-trip 0 ms
2026-08-07 10:56:46.049 +02:00 [INF] MRA EIS POST "https://dev-eis-api.mra.mw/api/v1/utilities/ping"
2026-08-07 10:56:46.058 +02:00 [ERR] MRA EIS transport failure for "https://dev-eis-api.mra.mw/api/v1/utilities/ping": MRA EIS request failed for https://dev-eis-api.mra.mw/api/v1/utilities/ping: SocketException: No such host is known.
System.Net.Http.HttpRequestException: No such host is known. (dev-eis-api.mra.mw:443)
 ---> System.Net.Sockets.SocketException (11001): No such host is known.
   at System.Net.Sockets.Socket.AwaitableSocketAsyncEventArgs.ThrowException(SocketError error, CancellationToken cancellationToken)
   at System.Net.Sockets.Socket.AwaitableSocketAsyncEventArgs.System.Threading.Tasks.Sources.IValueTaskSource.GetResult(Int16 token)
   at System.Net.Sockets.Socket.<ConnectAsync>g__WaitForConnectWithCancellation|285_0(AwaitableSocketAsyncEventArgs saea, ValueTask connectTask, CancellationToken cancellationToken)
   at System.Net.Http.HttpConnectionPool.ConnectToTcpHostAsync(String host, Int32 port, HttpRequestMessage initialRequest, Boolean async, CancellationToken cancellationToken)
   --- End of inner exception stack trace ---
   at System.Net.Http.HttpConnectionPool.ConnectToTcpHostAsync(String host, Int32 port, HttpRequestMessage initialRequest, Boolean async, CancellationToken cancellationToken)
   at System.Net.Http.HttpConnectionPool.ConnectAsync(HttpRequestMessage request, Boolean async, CancellationToken cancellationToken)
   at System.Net.Http.HttpConnectionPool.CreateHttp11ConnectionAsync(HttpRequestMessage request, Boolean async, CancellationToken cancellationToken)
   at System.Net.Http.HttpConnectionPool.AddHttp11ConnectionAsync(QueueItem queueItem)
   at System.Threading.Tasks.TaskCompletionSourceWithCancellation`1.WaitWithCancellationAsync(CancellationToken cancellationToken)
   at System.Net.Http.HttpConnectionPool.SendWithVersionDetectionAndRetryAsync(HttpRequestMessage request, Boolean async, Boolean doRequestAuth, CancellationToken cancellationToken)
   at System.Net.Http.RedirectHandler.SendAsync(HttpRequestMessage request, Boolean async, CancellationToken cancellationToken)
   at Microsoft.Extensions.Http.Logging.LoggingHttpMessageHandler.<SendCoreAsync>g__Core|5_0(HttpRequestMessage request, Boolean useAsync, CancellationToken cancellationToken)
   at PointOfSale.Infrastructure.Http.MraEisMessageHashHandler.SendAsync(HttpRequestMessage request, CancellationToken cancellationToken) in C:\Users\Albert Zee\Documents\Projects\Point Of Sale\src\PointOfSale.Infrastructure\Http\MraEisMessageHashHandler.cs:line 68
   at Microsoft.Extensions.Http.Logging.LoggingScopeHttpMessageHandler.<SendCoreAsync>g__Core|5_0(HttpRequestMessage request, Boolean useAsync, CancellationToken cancellationToken)
   at System.Net.Http.HttpClient.<SendAsync>g__Core|83_0(HttpRequestMessage request, HttpCompletionOption completionOption, CancellationTokenSource cts, Boolean disposeCts, CancellationTokenSource pendingRequestsCts, CancellationToken originalCancellationToken)
   at PointOfSale.Infrastructure.Services.MraApiClient.SendAsync[TResponse](HttpRequestMessage request, String auditRequestBody, CancellationToken cancellationToken) in C:\Users\Albert Zee\Documents\Projects\Point Of Sale\src\PointOfSale.Infrastructure\Services\MraApiClient.cs:line 278
2026-08-07 10:56:46.059 +02:00 [INF] MRA POST /api/v1/utilities/ping status=null success=false durationMs=0
2026-08-07 10:56:46.076 +02:00 [WRN] utilities/ping failed after 27 ms
PointOfSale.Mra.Http.MraApiException: MRA EIS request failed for https://dev-eis-api.mra.mw/api/v1/utilities/ping: SocketException: No such host is known.
 ---> System.Net.Http.HttpRequestException: No such host is known. (dev-eis-api.mra.mw:443)
 ---> System.Net.Sockets.SocketException (11001): No such host is known.
   at System.Net.Sockets.Socket.AwaitableSocketAsyncEventArgs.ThrowException(SocketError error, CancellationToken cancellationToken)
   at System.Net.Sockets.Socket.AwaitableSocketAsyncEventArgs.System.Threading.Tasks.Sources.IValueTaskSource.GetResult(Int16 token)
   at System.Net.Sockets.Socket.<ConnectAsync>g__WaitForConnectWithCancellation|285_0(AwaitableSocketAsyncEventArgs saea, ValueTask connectTask, CancellationToken cancellationToken)
   at System.Net.Http.HttpConnectionPool.ConnectToTcpHostAsync(String host, Int32 port, HttpRequestMessage initialRequest, Boolean async, CancellationToken cancellationToken)
   --- End of inner exception stack trace ---
   at System.Net.Http.HttpConnectionPool.ConnectToTcpHostAsync(String host, Int32 port, HttpRequestMessage initialRequest, Boolean async, CancellationToken cancellationToken)
   at System.Net.Http.HttpConnectionPool.ConnectAsync(HttpRequestMessage request, Boolean async, CancellationToken cancellationToken)
   at System.Net.Http.HttpConnectionPool.CreateHttp11ConnectionAsync(HttpRequestMessage request, Boolean async, CancellationToken cancellationToken)
   at System.Net.Http.HttpConnectionPool.AddHttp11ConnectionAsync(QueueItem queueItem)
   at System.Threading.Tasks.TaskCompletionSourceWithCancellation`1.WaitWithCancellationAsync(CancellationToken cancellationToken)
   at System.Net.Http.HttpConnectionPool.SendWithVersionDetectionAndRetryAsync(HttpRequestMessage request, Boolean async, Boolean doRequestAuth, CancellationToken cancellationToken)
   at System.Net.Http.RedirectHandler.SendAsync(HttpRequestMessage request, Boolean async, CancellationToken cancellationToken)
   at Microsoft.Extensions.Http.Logging.LoggingHttpMessageHandler.<SendCoreAsync>g__Core|5_0(HttpRequestMessage request, Boolean useAsync, CancellationToken cancellationToken)
   at PointOfSale.Infrastructure.Http.MraEisMessageHashHandler.SendAsync(HttpRequestMessage request, CancellationToken cancellationToken) in C:\Users\Albert Zee\Documents\Projects\Point Of Sale\src\PointOfSale.Infrastructure\Http\MraEisMessageHashHandler.cs:line 68
   at Microsoft.Extensions.Http.Logging.LoggingScopeHttpMessageHandler.<SendCoreAsync>g__Core|5_0(HttpRequestMessage request, Boolean useAsync, CancellationToken cancellationToken)
   at System.Net.Http.HttpClient.<SendAsync>g__Core|83_0(HttpRequestMessage request, HttpCompletionOption completionOption, CancellationTokenSource cts, Boolean disposeCts, CancellationTokenSource pendingRequestsCts, CancellationToken originalCancellationToken)
   at PointOfSale.Infrastructure.Services.MraApiClient.SendAsync[TResponse](HttpRequestMessage request, String auditRequestBody, CancellationToken cancellationToken) in C:\Users\Albert Zee\Documents\Projects\Point Of Sale\src\PointOfSale.Infrastructure\Services\MraApiClient.cs:line 278
   --- End of inner exception stack trace ---
   at PointOfSale.Infrastructure.Services.MraApiClient.SendAsync[TResponse](HttpRequestMessage request, String auditRequestBody, CancellationToken cancellationToken) in C:\Users\Albert Zee\Documents\Projects\Point Of Sale\src\PointOfSale.Infrastructure\Services\MraApiClient.cs:line 370
   at PointOfSale.Infrastructure.Services.MraApiClient.PostEmptyAsync[TResponse](String relativePath, MraRequestContext context, CancellationToken cancellationToken) in C:\Users\Albert Zee\Documents\Projects\Point Of Sale\src\PointOfSale.Infrastructure\Services\MraApiClient.cs:line 249
   at PointOfSale.Infrastructure.Services.MraEisPingService.PingAsync(CancellationToken cancellationToken) in C:\Users\Albert Zee\Documents\Projects\Point Of Sale\src\PointOfSale.Infrastructure\Services\MraEisPingService.cs:line 49
2026-08-07 10:56:46.078 +02:00 [WRN] ART Diagnostic MraConnectivity MraEis 27 Unreachable: MRA ping failed in 27 ms: MRA EIS request failed for https://dev-eis-api.mra.mw/api/v1/utilities/ping: SocketException: No such host is known.
2026-08-07 10:56:46.119 +02:00 [WRN] ART Diagnostic HealthCheck HealthCheckWorker 0 null: Degraded: MRA.
2026-08-07 10:56:46.124 +02:00 [WRN] Health check degraded: Degraded: MRA.
2026-08-07 10:56:55.053 +02:00 [INF] Inventory alert scan complete: 102 products, low=2, stockout=0, overstock=0, fast=0.
2026-08-07 10:57:08.148 +02:00 [INF] ART Diagnostic DatabaseLatency SqlExpress 0 null: Performance profile sample (FPS 0.0)
2026-08-07 10:57:11.362 +02:00 [INF] MRA EIS POST "https://dev-eis-api.mra.mw/api/v1/utilities/ping"
2026-08-07 10:57:11.401 +02:00 [INF] MRA POST /api/v1/utilities/ping status=200 success=true durationMs=31
2026-08-07 10:57:11.486 +02:00 [INF] MRA connectivity restored — waking offline sync worker.
2026-08-07 10:57:11.509 +02:00 [INF] MRA EIS POST "https://dev-eis-api.mra.mw/api/v1/sales/last-submitted-offline-transaction"
2026-08-07 10:57:11.969 +02:00 [INF] MRA POST /api/v1/sales/last-submitted-offline-transaction status=200 success=true durationMs=453
2026-08-07 10:57:11.973 +02:00 [WRN] Unable to query last-submitted-offline-transaction for sequence check.
PointOfSale.Mra.Http.MraApiException: Invalid MRA EIS response JSON.
 ---> System.Text.Json.JsonException: The JSON value could not be converted to System.Decimal. Path: $.data.invoiceSummary.amountTendered | LineNumber: 0 | BytePositionInLine: 992.
 ---> System.InvalidOperationException: Cannot get the value of a token type 'Null' as a number.
   at System.Text.Json.ThrowHelper.ThrowInvalidOperationException_ExpectedNumber(JsonTokenType tokenType)
   at System.Text.Json.Serialization.Metadata.JsonPropertyInfo`1.ReadJsonAndSetMember(Object obj, ReadStack& state, Utf8JsonReader& reader)
   at System.Text.Json.Serialization.Converters.ObjectDefaultConverter`1.OnTryRead(Utf8JsonReader& reader, Type typeToConvert, JsonSerializerOptions options, ReadStack& state, T& value)
   at System.Text.Json.Serialization.JsonConverter`1.TryRead(Utf8JsonReader& reader, Type typeToConvert, JsonSerializerOptions options, ReadStack& state, T& value, Boolean& isPopulatedValue)
   at System.Text.Json.Serialization.Metadata.JsonPropertyInfo`1.ReadJsonAndSetMember(Object obj, ReadStack& state, Utf8JsonReader& reader)
   at System.Text.Json.Serialization.Converters.ObjectDefaultConverter`1.OnTryRead(Utf8JsonReader& reader, Type typeToConvert, JsonSerializerOptions options, ReadStack& state, T& value)
   at System.Text.Json.Serialization.JsonConverter`1.TryRead(Utf8JsonReader& reader, Type typeToConvert, JsonSerializerOptions options, ReadStack& state, T& value, Boolean& isPopulatedValue)
   at System.Text.Json.Serialization.Metadata.JsonPropertyInfo`1.ReadJsonAndSetMember(Object obj, ReadStack& state, Utf8JsonReader& reader)
   at System.Text.Json.Serialization.Converters.ObjectDefaultConverter`1.OnTryRead(Utf8JsonReader& reader, Type typeToConvert, JsonSerializerOptions options, ReadStack& state, T& value)
   at System.Text.Json.Serialization.JsonConverter`1.TryRead(Utf8JsonReader& reader, Type typeToConvert, JsonSerializerOptions options, ReadStack& state, T& value, Boolean& isPopulatedValue)
   at System.Text.Json.Serialization.JsonConverter`1.ReadCore(Utf8JsonReader& reader, JsonSerializerOptions options, ReadStack& state)
   --- End of inner exception stack trace ---
   at System.Text.Json.ThrowHelper.ReThrowWithPath(ReadStack& state, Utf8JsonReader& reader, Exception ex)
   at System.Text.Json.Serialization.JsonConverter`1.ReadCore(Utf8JsonReader& reader, JsonSerializerOptions options, ReadStack& state)
   at System.Text.Json.JsonSerializer.ReadFromSpan[TValue](ReadOnlySpan`1 json, JsonTypeInfo`1 jsonTypeInfo)
   at System.Text.Json.JsonSerializer.Deserialize[TValue](String json, JsonSerializerOptions options)
   at PointOfSale.Infrastructure.Services.MraApiClient.SendAsync[TResponse](HttpRequestMessage request, String auditRequestBody, CancellationToken cancellationToken) in C:\Users\Albert Zee\Documents\Projects\Point Of Sale\src\PointOfSale.Infrastructure\Services\MraApiClient.cs:line 309
   --- End of inner exception stack trace ---
   at PointOfSale.Infrastructure.Services.MraApiClient.SendAsync[TResponse](HttpRequestMessage request, String auditRequestBody, CancellationToken cancellationToken) in C:\Users\Albert Zee\Documents\Projects\Point Of Sale\src\PointOfSale.Infrastructure\Services\MraApiClient.cs:line 323
   at PointOfSale.Infrastructure.Services.MraApiClient.PostEmptyAsync[TResponse](String relativePath, MraRequestContext context, CancellationToken cancellationToken) in C:\Users\Albert Zee\Documents\Projects\Point Of Sale\src\PointOfSale.Infrastructure\Services\MraApiClient.cs:line 249
   at PointOfSale.Infrastructure.Services.SalesTransactionService.GetLastSubmittedTransactionAsync(String relativePath, String channelLabel, CancellationToken cancellationToken) in C:\Users\Albert Zee\Documents\Projects\Point Of Sale\src\PointOfSale.Infrastructure\Services\SalesTransactionService.cs:line 86
   at PointOfSale.Infrastructure.Services.SalesTransactionService.VerifySequenceContinuityAsync(Func`2 lookupFactory, String channelLabel, CancellationToken cancellationToken) in C:\Users\Albert Zee\Documents\Projects\Point Of Sale\src\PointOfSale.Infrastructure\Services\SalesTransactionService.cs:line 153
2026-08-07 10:57:12.761 +02:00 [INF] ART Diagnostic DatabaseLatency SqlExpress 2 null: SQL round-trip 2 ms
2026-08-07 10:57:13.088 +02:00 [INF] MRA EIS POST "https://dev-eis-api.mra.mw/api/v1/utilities/ping"
2026-08-07 10:57:13.111 +02:00 [INF] MRA POST /api/v1/utilities/ping status=200 success=true durationMs=31
2026-08-07 10:57:13.213 +02:00 [INF] ART Diagnostic MraConnectivity MraEis 125 1: MRA ping ok in 125 ms.
2026-08-07 10:57:13.490 +02:00 [INF] MRA EIS POST "https://dev-eis-api.mra.mw/api/v1/utilities/ping"
2026-08-07 10:57:13.508 +02:00 [INF] MRA POST /api/v1/utilities/ping status=200 success=true durationMs=16
2026-08-07 10:57:13.512 +02:00 [INF] MRA connectivity restored — waking offline sync worker.
2026-08-07 10:57:13.512 +02:00 [INF] ART Diagnostic HealthCheck HealthCheckWorker 2 null: All subsystems healthy (SQL 2 ms, disk 33.62 GB free).
2026-08-07 10:57:13.578 +02:00 [INF] MRA EIS POST "https://dev-eis-api.mra.mw/api/v1/utilities/ping"
2026-08-07 10:57:13.596 +02:00 [INF] MRA POST /api/v1/utilities/ping status=200 success=true durationMs=31
2026-08-07 10:57:13.599 +02:00 [INF] MRA connectivity restored — waking offline sync worker.
2026-08-07 10:57:13.667 +02:00 [INF] ART Diagnostic WorkerHeartbeat SystemHealthMonitorService null null: All monitored subsystems healthy.
2026-08-07 10:57:22.986 +02:00 [INF] MRA EIS POST "https://dev-eis-api.mra.mw/api/v1/configuration/get-latest-configs"
2026-08-07 10:57:22.986 +02:00 [INF] MRA EIS request payload for "https://dev-eis-api.mra.mw/api/v1/configuration/get-latest-configs": {}
2026-08-07 10:57:23.041 +02:00 [INF] MRA POST /api/v1/configuration/get-latest-configs status=200 success=true durationMs=47
2026-08-07 10:57:23.295 +02:00 [INF] Cached get-latest-configs for 7f578f46-0775-49bd-8749-226942412378. sellerTIN=31018345, siteId=BLc4f27da3-6c8e-4014-84b1-140886944c25, versions g/t/tp=1/1/1
2026-08-07 10:57:23.295 +02:00 [INF] Refreshed fiscal identity from get-latest-configs. sellerTIN=31018345 siteId=BLc4f27da3-6c8e-4014-84b1-140886944c25 taxRateId=A vatReg=true activated=[PIT,CGT,NRT,VAT,WHT] versions g/t/tp=1/1/1
2026-08-07 10:57:23.322 +02:00 [INF] Generated offline ValidationURL signature for invoice Cvp-D-JY5M-F (N=3, julian=2461260).
2026-08-07 10:57:23.475 +02:00 [INF] Generated offline ValidationURL signature for invoice Cvp-D-JY5M-F (N=3, julian=2461260).
2026-08-07 10:57:31.131 +02:00 [INF] ART Diagnostic WorkerHeartbeat HealthCheckWorker null null: Heartbeat
2026-08-07 10:57:31.266 +02:00 [INF] ART Diagnostic DatabaseLatency SqlExpress 7 null: SQL round-trip 7 ms
2026-08-07 10:57:31.322 +02:00 [INF] MRA EIS POST "https://dev-eis-api.mra.mw/api/v1/utilities/ping"
2026-08-07 10:57:31.387 +02:00 [INF] MRA EIS POST "https://dev-eis-api.mra.mw/api/v1/utilities/ping"
2026-08-07 10:57:31.483 +02:00 [INF] MRA POST /api/v1/utilities/ping status=200 success=true durationMs=93
2026-08-07 10:57:31.548 +02:00 [INF] ART Diagnostic MraConnectivity MraEis 160 1: MRA ping ok in 160 ms.
2026-08-07 10:57:31.576 +02:00 [INF] ART Diagnostic HealthCheck HealthCheckWorker 7 null: All subsystems healthy (SQL 7 ms, disk 33.62 GB free).
2026-08-07 10:57:34.437 +02:00 [INF] MRA POST /api/v1/utilities/ping status=200 success=true durationMs=3110
2026-08-07 10:57:34.641 +02:00 [INF] MRA connectivity restored — waking offline sync worker.
2026-08-07 10:57:38.427 +02:00 [INF] ART Diagnostic DatabaseLatency SqlExpress 1 null: Performance profile sample (FPS 0.0)
2026-08-07 10:57:51.301 +02:00 [INF] MRA EIS POST "https://dev-eis-api.mra.mw/api/v1/utilities/ping"
2026-08-07 10:57:51.324 +02:00 [INF] MRA POST /api/v1/utilities/ping status=200 success=true durationMs=15
2026-08-07 10:57:51.333 +02:00 [INF] MRA connectivity restored — waking offline sync worker.
2026-08-07 10:57:55.264 +02:00 [INF] Inventory alert scan complete: 102 products, low=2, stockout=0, overstock=0, fast=0.
2026-08-07 10:57:58.676 +02:00 [INF] ART Diagnostic DatabaseLatency SqlExpress 0 null: SQL round-trip 0 ms
2026-08-07 10:57:58.681 +02:00 [INF] MRA EIS POST "https://dev-eis-api.mra.mw/api/v1/utilities/ping"
2026-08-07 10:58:01.764 +02:00 [INF] MRA POST /api/v1/utilities/ping status=200 success=true durationMs=3078
2026-08-07 10:58:01.772 +02:00 [INF] ART Diagnostic MraConnectivity MraEis 3091 1: MRA ping ok in 3091 ms.
2026-08-07 10:58:01.856 +02:00 [INF] MRA EIS POST "https://dev-eis-api.mra.mw/api/v1/utilities/ping"
2026-08-07 10:58:01.874 +02:00 [INF] MRA POST /api/v1/utilities/ping status=200 success=true durationMs=16
2026-08-07 10:58:01.877 +02:00 [INF] MRA connectivity restored — waking offline sync worker.
2026-08-07 10:58:01.877 +02:00 [INF] ART Diagnostic HealthCheck HealthCheckWorker 0 null: All subsystems healthy (SQL 0 ms, disk 33.62 GB free).
2026-08-07 10:58:01.933 +02:00 [INF] MRA EIS POST "https://dev-eis-api.mra.mw/api/v1/utilities/ping"
2026-08-07 10:58:01.952 +02:00 [INF] MRA POST /api/v1/utilities/ping status=200 success=true durationMs=15
2026-08-07 10:58:01.955 +02:00 [INF] MRA connectivity restored — waking offline sync worker.
2026-08-07 10:58:02.001 +02:00 [INF] ART Diagnostic WorkerHeartbeat SystemHealthMonitorService null null: All monitored subsystems healthy.
2026-08-07 10:58:08.526 +02:00 [INF] ART Diagnostic DatabaseLatency SqlExpress 1 null: Performance profile sample (FPS 0.0)
2026-08-07 10:58:11.314 +02:00 [INF] MRA EIS POST "https://dev-eis-api.mra.mw/api/v1/utilities/ping"
2026-08-07 10:58:11.336 +02:00 [INF] MRA POST /api/v1/utilities/ping status=200 success=true durationMs=31
2026-08-07 10:58:11.339 +02:00 [INF] MRA connectivity restored — waking offline sync worker.
2026-08-07 10:58:16.597 +02:00 [INF] ART Diagnostic WorkerHeartbeat HealthCheckWorker null null: Heartbeat
2026-08-07 10:58:16.606 +02:00 [INF] ART Diagnostic DatabaseLatency SqlExpress 0 null: SQL round-trip 0 ms
2026-08-07 10:58:16.609 +02:00 [INF] MRA EIS POST "https://dev-eis-api.mra.mw/api/v1/utilities/ping"
2026-08-07 10:58:16.628 +02:00 [INF] MRA POST /api/v1/utilities/ping status=200 success=true durationMs=16
2026-08-07 10:58:16.632 +02:00 [INF] ART Diagnostic MraConnectivity MraEis 22 1: MRA ping ok in 22 ms.
2026-08-07 10:58:16.676 +02:00 [INF] MRA EIS POST "https://dev-eis-api.mra.mw/api/v1/utilities/ping"
2026-08-07 10:58:16.696 +02:00 [INF] MRA POST /api/v1/utilities/ping status=200 success=true durationMs=15
2026-08-07 10:58:16.699 +02:00 [INF] MRA connectivity restored — waking offline sync worker.
2026-08-07 10:58:16.699 +02:00 [INF] ART Diagnostic HealthCheck HealthCheckWorker 0 null: All subsystems healthy (SQL 0 ms, disk 33.61 GB free).
2026-08-07 10:58:31.288 +02:00 [INF] MRA EIS POST "https://dev-eis-api.mra.mw/api/v1/utilities/ping"
2026-08-07 10:58:34.405 +02:00 [INF] MRA POST /api/v1/utilities/ping status=200 success=true durationMs=3109
2026-08-07 10:58:34.409 +02:00 [INF] MRA connectivity restored — waking offline sync worker.
2026-08-07 10:58:38.565 +02:00 [INF] ART Diagnostic DatabaseLatency SqlExpress 0 null: Performance profile sample (FPS 0.0)
2026-08-07 10:58:47.005 +02:00 [INF] ART Diagnostic DatabaseLatency SqlExpress 0 null: SQL round-trip 0 ms
2026-08-07 10:58:47.016 +02:00 [INF] MRA EIS POST "https://dev-eis-api.mra.mw/api/v1/utilities/ping"
2026-08-07 10:58:47.040 +02:00 [INF] MRA POST /api/v1/utilities/ping status=200 success=true durationMs=31
2026-08-07 10:58:47.047 +02:00 [INF] ART Diagnostic MraConnectivity MraEis 31 1: MRA ping ok in 31 ms.
2026-08-07 10:58:47.106 +02:00 [INF] MRA EIS POST "https://dev-eis-api.mra.mw/api/v1/utilities/ping"
2026-08-07 10:58:47.125 +02:00 [INF] MRA POST /api/v1/utilities/ping status=200 success=true durationMs=16
2026-08-07 10:58:47.128 +02:00 [INF] MRA connectivity restored — waking offline sync worker.
2026-08-07 10:58:47.129 +02:00 [INF] ART Diagnostic HealthCheck HealthCheckWorker 0 null: All subsystems healthy (SQL 0 ms, disk 33.64 GB free).
2026-08-07 10:58:47.136 +02:00 [INF] MRA EIS POST "https://dev-eis-api.mra.mw/api/v1/sales/last-submitted-offline-transaction"
2026-08-07 10:58:47.198 +02:00 [INF] MRA EIS POST "https://dev-eis-api.mra.mw/api/v1/utilities/ping"
2026-08-07 10:58:47.316 +02:00 [INF] MRA POST /api/v1/utilities/ping status=200 success=true durationMs=110
2026-08-07 10:58:47.319 +02:00 [INF] MRA connectivity restored — waking offline sync worker.
2026-08-07 10:58:47.370 +02:00 [INF] ART Diagnostic WorkerHeartbeat SystemHealthMonitorService null null: All monitored subsystems healthy.
2026-08-07 10:58:50.786 +02:00 [INF] MRA POST /api/v1/sales/last-submitted-offline-transaction status=200 success=true durationMs=3656
2026-08-07 10:58:50.803 +02:00 [WRN] Unable to query last-submitted-offline-transaction for sequence check.
PointOfSale.Mra.Http.MraApiException: Invalid MRA EIS response JSON.
 ---> System.Text.Json.JsonException: The JSON value could not be converted to System.Decimal. Path: $.data.invoiceSummary.amountTendered | LineNumber: 0 | BytePositionInLine: 992.
 ---> System.InvalidOperationException: Cannot get the value of a token type 'Null' as a number.
   at System.Text.Json.ThrowHelper.ThrowInvalidOperationException_ExpectedNumber(JsonTokenType tokenType)
   at System.Text.Json.Serialization.Metadata.JsonPropertyInfo`1.ReadJsonAndSetMember(Object obj, ReadStack& state, Utf8JsonReader& reader)
   at System.Text.Json.Serialization.Converters.ObjectDefaultConverter`1.OnTryRead(Utf8JsonReader& reader, Type typeToConvert, JsonSerializerOptions options, ReadStack& state, T& value)
   at System.Text.Json.Serialization.JsonConverter`1.TryRead(Utf8JsonReader& reader, Type typeToConvert, JsonSerializerOptions options, ReadStack& state, T& value, Boolean& isPopulatedValue)
   at System.Text.Json.Serialization.Metadata.JsonPropertyInfo`1.ReadJsonAndSetMember(Object obj, ReadStack& state, Utf8JsonReader& reader)
   at System.Text.Json.Serialization.Converters.ObjectDefaultConverter`1.OnTryRead(Utf8JsonReader& reader, Type typeToConvert, JsonSerializerOptions options, ReadStack& state, T& value)
   at System.Text.Json.Serialization.JsonConverter`1.TryRead(Utf8JsonReader& reader, Type typeToConvert, JsonSerializerOptions options, ReadStack& state, T& value, Boolean& isPopulatedValue)
   at System.Text.Json.Serialization.Metadata.JsonPropertyInfo`1.ReadJsonAndSetMember(Object obj, ReadStack& state, Utf8JsonReader& reader)
   at System.Text.Json.Serialization.Converters.ObjectDefaultConverter`1.OnTryRead(Utf8JsonReader& reader, Type typeToConvert, JsonSerializerOptions options, ReadStack& state, T& value)
   at System.Text.Json.Serialization.JsonConverter`1.TryRead(Utf8JsonReader& reader, Type typeToConvert, JsonSerializerOptions options, ReadStack& state, T& value, Boolean& isPopulatedValue)
   at System.Text.Json.Serialization.JsonConverter`1.ReadCore(Utf8JsonReader& reader, JsonSerializerOptions options, ReadStack& state)
   --- End of inner exception stack trace ---
   at System.Text.Json.ThrowHelper.ReThrowWithPath(ReadStack& state, Utf8JsonReader& reader, Exception ex)
   at System.Text.Json.Serialization.JsonConverter`1.ReadCore(Utf8JsonReader& reader, JsonSerializerOptions options, ReadStack& state)
   at System.Text.Json.JsonSerializer.ReadFromSpan[TValue](ReadOnlySpan`1 json, JsonTypeInfo`1 jsonTypeInfo)
   at System.Text.Json.JsonSerializer.Deserialize[TValue](String json, JsonSerializerOptions options)
   at PointOfSale.Infrastructure.Services.MraApiClient.SendAsync[TResponse](HttpRequestMessage request, String auditRequestBody, CancellationToken cancellationToken) in C:\Users\Albert Zee\Documents\Projects\Point Of Sale\src\PointOfSale.Infrastructure\Services\MraApiClient.cs:line 309
   --- End of inner exception stack trace ---
   at PointOfSale.Infrastructure.Services.MraApiClient.SendAsync[TResponse](HttpRequestMessage request, String auditRequestBody, CancellationToken cancellationToken) in C:\Users\Albert Zee\Documents\Projects\Point Of Sale\src\PointOfSale.Infrastructure\Services\MraApiClient.cs:line 323
   at PointOfSale.Infrastructure.Services.MraApiClient.PostEmptyAsync[TResponse](String relativePath, MraRequestContext context, CancellationToken cancellationToken) in C:\Users\Albert Zee\Documents\Projects\Point Of Sale\src\PointOfSale.Infrastructure\Services\MraApiClient.cs:line 249
   at PointOfSale.Infrastructure.Services.SalesTransactionService.GetLastSubmittedTransactionAsync(String relativePath, String channelLabel, CancellationToken cancellationToken) in C:\Users\Albert Zee\Documents\Projects\Point Of Sale\src\PointOfSale.Infrastructure\Services\SalesTransactionService.cs:line 86
   at PointOfSale.Infrastructure.Services.SalesTransactionService.VerifySequenceContinuityAsync(Func`2 lookupFactory, String channelLabel, CancellationToken cancellationToken) in C:\Users\Albert Zee\Documents\Projects\Point Of Sale\src\PointOfSale.Infrastructure\Services\SalesTransactionService.cs:line 153
2026-08-07 10:58:51.267 +02:00 [INF] MRA EIS POST "https://dev-eis-api.mra.mw/api/v1/utilities/ping"
2026-08-07 10:58:51.290 +02:00 [INF] MRA POST /api/v1/utilities/ping status=200 success=true durationMs=16
2026-08-07 10:58:51.296 +02:00 [INF] MRA connectivity restored — waking offline sync worker.
2026-08-07 10:58:55.351 +02:00 [INF] Inventory alert scan complete: 102 products, low=2, stockout=0, overstock=0, fast=0.
2026-08-07 10:59:01.699 +02:00 [INF] ART Diagnostic WorkerHeartbeat HealthCheckWorker null null: Heartbeat
2026-08-07 10:59:01.710 +02:00 [INF] ART Diagnostic DatabaseLatency SqlExpress 0 null: SQL round-trip 0 ms
2026-08-07 10:59:01.722 +02:00 [INF] MRA EIS POST "https://dev-eis-api.mra.mw/api/v1/utilities/ping"
2026-08-07 10:59:01.750 +02:00 [INF] MRA POST /api/v1/utilities/ping status=200 success=true durationMs=31
2026-08-07 10:59:01.756 +02:00 [INF] ART Diagnostic MraConnectivity MraEis 34 1: MRA ping ok in 34 ms.
2026-08-07 10:59:01.824 +02:00 [INF] MRA EIS POST "https://dev-eis-api.mra.mw/api/v1/utilities/ping"
2026-08-07 10:59:01.842 +02:00 [INF] MRA POST /api/v1/utilities/ping status=200 success=true durationMs=16
2026-08-07 10:59:01.845 +02:00 [INF] MRA connectivity restored — waking offline sync worker.
2026-08-07 10:59:01.846 +02:00 [INF] ART Diagnostic HealthCheck HealthCheckWorker 0 null: All subsystems healthy (SQL 0 ms, disk 33.64 GB free).
2026-08-07 10:59:08.593 +02:00 [INF] ART Diagnostic DatabaseLatency SqlExpress 0 null: Performance profile sample (FPS 0.0)
2026-08-07 10:59:11.283 +02:00 [INF] MRA EIS POST "https://dev-eis-api.mra.mw/api/v1/utilities/ping"
2026-08-07 10:59:14.405 +02:00 [INF] MRA POST /api/v1/utilities/ping status=200 success=true durationMs=3125
2026-08-07 10:59:14.504 +02:00 [INF] MRA connectivity restored — waking offline sync worker.
2026-08-07 10:59:31.321 +02:00 [INF] MRA EIS POST "https://dev-eis-api.mra.mw/api/v1/utilities/ping"
2026-08-07 10:59:31.358 +02:00 [INF] MRA POST /api/v1/utilities/ping status=200 success=true durationMs=31
2026-08-07 10:59:31.388 +02:00 [INF] MRA connectivity restored — waking offline sync worker.
2026-08-07 10:59:32.375 +02:00 [INF] ART Diagnostic DatabaseLatency SqlExpress 1 null: SQL round-trip 1 ms
2026-08-07 10:59:32.388 +02:00 [INF] MRA EIS POST "https://dev-eis-api.mra.mw/api/v1/utilities/ping"
2026-08-07 10:59:32.413 +02:00 [INF] MRA POST /api/v1/utilities/ping status=200 success=true durationMs=31
2026-08-07 10:59:32.420 +02:00 [INF] ART Diagnostic MraConnectivity MraEis 31 1: MRA ping ok in 31 ms.
2026-08-07 10:59:32.495 +02:00 [INF] MRA EIS POST "https://dev-eis-api.mra.mw/api/v1/utilities/ping"
2026-08-07 10:59:33.092 +02:00 [INF] MRA POST /api/v1/utilities/ping status=200 success=true durationMs=610
2026-08-07 10:59:33.112 +02:00 [INF] MRA connectivity restored — waking offline sync worker.
2026-08-07 10:59:33.113 +02:00 [INF] ART Diagnostic HealthCheck HealthCheckWorker 1 null: All subsystems healthy (SQL 1 ms, disk 33.64 GB free).
2026-08-07 10:59:33.193 +02:00 [INF] MRA EIS POST "https://dev-eis-api.mra.mw/api/v1/utilities/ping"
2026-08-07 10:59:33.212 +02:00 [INF] MRA POST /api/v1/utilities/ping status=200 success=true durationMs=16
2026-08-07 10:59:33.215 +02:00 [INF] MRA connectivity restored — waking offline sync worker.
2026-08-07 10:59:33.263 +02:00 [INF] ART Diagnostic WorkerHeartbeat SystemHealthMonitorService null null: All monitored subsystems healthy.
2026-08-07 10:59:38.628 +02:00 [INF] ART Diagnostic DatabaseLatency SqlExpress 2 null: Performance profile sample (FPS 0.0)
2026-08-07 10:59:46.873 +02:00 [INF] ART Diagnostic WorkerHeartbeat HealthCheckWorker null null: Heartbeat
2026-08-07 10:59:46.896 +02:00 [INF] ART Diagnostic DatabaseLatency SqlExpress 1 null: SQL round-trip 1 ms
2026-08-07 10:59:46.907 +02:00 [INF] MRA EIS POST "https://dev-eis-api.mra.mw/api/v1/utilities/ping"
2026-08-07 10:59:46.933 +02:00 [INF] MRA POST /api/v1/utilities/ping status=200 success=true durationMs=16
2026-08-07 10:59:46.940 +02:00 [INF] ART Diagnostic MraConnectivity MraEis 32 1: MRA ping ok in 32 ms.
2026-08-07 10:59:46.990 +02:00 [INF] MRA EIS POST "https://dev-eis-api.mra.mw/api/v1/utilities/ping"
2026-08-07 10:59:50.118 +02:00 [INF] MRA POST /api/v1/utilities/ping status=200 success=true durationMs=3125
2026-08-07 10:59:50.125 +02:00 [INF] MRA connectivity restored — waking offline sync worker.
2026-08-07 10:59:50.126 +02:00 [INF] ART Diagnostic HealthCheck HealthCheckWorker 1 null: All subsystems healthy (SQL 1 ms, disk 33.64 GB free).
2026-08-07 10:59:51.310 +02:00 [INF] MRA EIS POST "https://dev-eis-api.mra.mw/api/v1/utilities/ping"
2026-08-07 10:59:51.331 +02:00 [INF] MRA POST /api/v1/utilities/ping status=200 success=true durationMs=15
2026-08-07 10:59:51.352 +02:00 [INF] MRA connectivity restored — waking offline sync worker.
2026-08-07 10:59:55.431 +02:00 [INF] Inventory alert scan complete: 102 products, low=2, stockout=0, overstock=0, fast=0.
2026-08-07 11:00:08.705 +02:00 [INF] ART Diagnostic DatabaseLatency SqlExpress 1 null: Performance profile sample (FPS 0.0)
2026-08-07 11:00:11.307 +02:00 [INF] MRA EIS POST "https://dev-eis-api.mra.mw/api/v1/utilities/ping"
2026-08-07 11:00:11.328 +02:00 [INF] MRA POST /api/v1/utilities/ping status=200 success=true durationMs=15
2026-08-07 11:00:11.394 +02:00 [INF] MRA connectivity restored — waking offline sync worker.
2026-08-07 11:00:18.270 +02:00 [INF] ART Diagnostic DatabaseLatency SqlExpress 1 null: SQL round-trip 1 ms
2026-08-07 11:00:18.289 +02:00 [INF] MRA EIS POST "https://dev-eis-api.mra.mw/api/v1/utilities/ping"
2026-08-07 11:00:21.219 +02:00 [INF] MRA POST /api/v1/utilities/ping status=200 success=true durationMs=2922
2026-08-07 11:00:21.229 +02:00 [INF] ART Diagnostic MraConnectivity MraEis 2940 1: MRA ping ok in 2940 ms.
2026-08-07 11:00:21.303 +02:00 [INF] MRA EIS POST "https://dev-eis-api.mra.mw/api/v1/utilities/ping"
2026-08-07 11:00:21.321 +02:00 [INF] MRA POST /api/v1/utilities/ping status=200 success=true durationMs=15
2026-08-07 11:00:21.324 +02:00 [INF] MRA connectivity restored — waking offline sync worker.
2026-08-07 11:00:21.324 +02:00 [INF] ART Diagnostic HealthCheck HealthCheckWorker 1 null: All subsystems healthy (SQL 1 ms, disk 33.64 GB free).
2026-08-07 11:00:21.327 +02:00 [INF] MRA EIS POST "https://dev-eis-api.mra.mw/api/v1/sales/last-submitted-offline-transaction"
2026-08-07 11:00:21.370 +02:00 [INF] MRA EIS POST "https://dev-eis-api.mra.mw/api/v1/utilities/ping"
2026-08-07 11:00:21.394 +02:00 [INF] MRA POST /api/v1/utilities/ping status=200 success=true durationMs=31
2026-08-07 11:00:21.396 +02:00 [INF] MRA connectivity restored — waking offline sync worker.
2026-08-07 11:00:21.435 +02:00 [INF] ART Diagnostic WorkerHeartbeat SystemHealthMonitorService null null: All monitored subsystems healthy.
2026-08-07 11:00:22.077 +02:00 [INF] MRA POST /api/v1/sales/last-submitted-offline-transaction status=200 success=true durationMs=750
2026-08-07 11:00:22.104 +02:00 [WRN] Unable to query last-submitted-offline-transaction for sequence check.
PointOfSale.Mra.Http.MraApiException: Invalid MRA EIS response JSON.
 ---> System.Text.Json.JsonException: The JSON value could not be converted to System.Decimal. Path: $.data.invoiceSummary.amountTendered | LineNumber: 0 | BytePositionInLine: 992.
 ---> System.InvalidOperationException: Cannot get the value of a token type 'Null' as a number.
   at System.Text.Json.ThrowHelper.ThrowInvalidOperationException_ExpectedNumber(JsonTokenType tokenType)
   at System.Text.Json.Serialization.Metadata.JsonPropertyInfo`1.ReadJsonAndSetMember(Object obj, ReadStack& state, Utf8JsonReader& reader)
   at System.Text.Json.Serialization.Converters.ObjectDefaultConverter`1.OnTryRead(Utf8JsonReader& reader, Type typeToConvert, JsonSerializerOptions options, ReadStack& state, T& value)
   at System.Text.Json.Serialization.JsonConverter`1.TryRead(Utf8JsonReader& reader, Type typeToConvert, JsonSerializerOptions options, ReadStack& state, T& value, Boolean& isPopulatedValue)
   at System.Text.Json.Serialization.Metadata.JsonPropertyInfo`1.ReadJsonAndSetMember(Object obj, ReadStack& state, Utf8JsonReader& reader)
   at System.Text.Json.Serialization.Converters.ObjectDefaultConverter`1.OnTryRead(Utf8JsonReader& reader, Type typeToConvert, JsonSerializerOptions options, ReadStack& state, T& value)
   at System.Text.Json.Serialization.JsonConverter`1.TryRead(Utf8JsonReader& reader, Type typeToConvert, JsonSerializerOptions options, ReadStack& state, T& value, Boolean& isPopulatedValue)
   at System.Text.Json.Serialization.Metadata.JsonPropertyInfo`1.ReadJsonAndSetMember(Object obj, ReadStack& state, Utf8JsonReader& reader)
   at System.Text.Json.Serialization.Converters.ObjectDefaultConverter`1.OnTryRead(Utf8JsonReader& reader, Type typeToConvert, JsonSerializerOptions options, ReadStack& state, T& value)
   at System.Text.Json.Serialization.JsonConverter`1.TryRead(Utf8JsonReader& reader, Type typeToConvert, JsonSerializerOptions options, ReadStack& state, T& value, Boolean& isPopulatedValue)
   at System.Text.Json.Serialization.JsonConverter`1.ReadCore(Utf8JsonReader& reader, JsonSerializerOptions options, ReadStack& state)
   --- End of inner exception stack trace ---
   at System.Text.Json.ThrowHelper.ReThrowWithPath(ReadStack& state, Utf8JsonReader& reader, Exception ex)
   at System.Text.Json.Serialization.JsonConverter`1.ReadCore(Utf8JsonReader& reader, JsonSerializerOptions options, ReadStack& state)
   at System.Text.Json.JsonSerializer.ReadFromSpan[TValue](ReadOnlySpan`1 json, JsonTypeInfo`1 jsonTypeInfo)
   at System.Text.Json.JsonSerializer.Deserialize[TValue](String json, JsonSerializerOptions options)
   at PointOfSale.Infrastructure.Services.MraApiClient.SendAsync[TResponse](HttpRequestMessage request, String auditRequestBody, CancellationToken cancellationToken) in C:\Users\Albert Zee\Documents\Projects\Point Of Sale\src\PointOfSale.Infrastructure\Services\MraApiClient.cs:line 309
   --- End of inner exception stack trace ---
   at PointOfSale.Infrastructure.Services.MraApiClient.SendAsync[TResponse](HttpRequestMessage request, String auditRequestBody, CancellationToken cancellationToken) in C:\Users\Albert Zee\Documents\Projects\Point Of Sale\src\PointOfSale.Infrastructure\Services\MraApiClient.cs:line 323
   at PointOfSale.Infrastructure.Services.MraApiClient.PostEmptyAsync[TResponse](String relativePath, MraRequestContext context, CancellationToken cancellationToken) in C:\Users\Albert Zee\Documents\Projects\Point Of Sale\src\PointOfSale.Infrastructure\Services\MraApiClient.cs:line 249
   at PointOfSale.Infrastructure.Services.SalesTransactionService.GetLastSubmittedTransactionAsync(String relativePath, String channelLabel, CancellationToken cancellationToken) in C:\Users\Albert Zee\Documents\Projects\Point Of Sale\src\PointOfSale.Infrastructure\Services\SalesTransactionService.cs:line 86
   at PointOfSale.Infrastructure.Services.SalesTransactionService.VerifySequenceContinuityAsync(Func`2 lookupFactory, String channelLabel, CancellationToken cancellationToken) in C:\Users\Albert Zee\Documents\Projects\Point Of Sale\src\PointOfSale.Infrastructure\Services\SalesTransactionService.cs:line 153
2026-08-07 11:00:31.276 +02:00 [INF] MRA EIS POST "https://dev-eis-api.mra.mw/api/v1/utilities/ping"
2026-08-07 11:00:31.294 +02:00 [INF] MRA POST /api/v1/utilities/ping status=200 success=true durationMs=16
2026-08-07 11:00:31.299 +02:00 [INF] MRA connectivity restored — waking offline sync worker.
2026-08-07 11:00:35.142 +02:00 [INF] ART Diagnostic WorkerHeartbeat HealthCheckWorker null null: Heartbeat
2026-08-07 11:00:35.153 +02:00 [INF] ART Diagnostic DatabaseLatency SqlExpress 1 null: SQL round-trip 1 ms
2026-08-07 11:00:35.161 +02:00 [INF] MRA EIS POST "https://dev-eis-api.mra.mw/api/v1/utilities/ping"
2026-08-07 11:00:35.183 +02:00 [INF] MRA POST /api/v1/utilities/ping status=200 success=true durationMs=16
2026-08-07 11:00:35.186 +02:00 [INF] ART Diagnostic MraConnectivity MraEis 24 1: MRA ping ok in 24 ms.
2026-08-07 11:00:35.233 +02:00 [INF] MRA EIS POST "https://dev-eis-api.mra.mw/api/v1/utilities/ping"
2026-08-07 11:00:38.248 +02:00 [INF] MRA POST /api/v1/utilities/ping status=200 success=true durationMs=3016
2026-08-07 11:00:38.251 +02:00 [INF] MRA connectivity restored — waking offline sync worker.
2026-08-07 11:00:38.251 +02:00 [INF] ART Diagnostic HealthCheck HealthCheckWorker 1 null: All subsystems healthy (SQL 1 ms, disk 33.64 GB free).
2026-08-07 11:00:38.728 +02:00 [INF] ART Diagnostic DatabaseLatency SqlExpress 1 null: Performance profile sample (FPS 0.0)
2026-08-07 11:00:51.293 +02:00 [INF] MRA EIS POST "https://dev-eis-api.mra.mw/api/v1/utilities/ping"
2026-08-07 11:00:51.316 +02:00 [INF] MRA POST /api/v1/utilities/ping status=200 success=true durationMs=31
2026-08-07 11:00:51.326 +02:00 [INF] MRA connectivity restored — waking offline sync worker.
2026-08-07 11:00:55.494 +02:00 [INF] Inventory alert scan complete: 102 products, low=2, stockout=0, overstock=0, fast=0.
2026-08-07 11:01:06.458 +02:00 [INF] ART Diagnostic DatabaseLatency SqlExpress 1 null: SQL round-trip 1 ms
2026-08-07 11:01:06.527 +02:00 [INF] MRA EIS POST "https://dev-eis-api.mra.mw/api/v1/utilities/ping"
2026-08-07 11:01:06.547 +02:00 [INF] MRA POST /api/v1/utilities/ping status=200 success=true durationMs=16
2026-08-07 11:01:06.618 +02:00 [INF] ART Diagnostic MraConnectivity MraEis 90 1: MRA ping ok in 90 ms.
2026-08-07 11:01:06.813 +02:00 [INF] MRA EIS POST "https://dev-eis-api.mra.mw/api/v1/utilities/ping"
2026-08-07 11:01:07.683 +02:00 [INF] MRA POST /api/v1/utilities/ping status=200 success=true durationMs=875
2026-08-07 11:01:07.691 +02:00 [INF] MRA connectivity restored — waking offline sync worker.
2026-08-07 11:01:07.692 +02:00 [INF] ART Diagnostic HealthCheck HealthCheckWorker 1 null: All subsystems healthy (SQL 1 ms, disk 33.64 GB free).
2026-08-07 11:01:07.761 +02:00 [INF] MRA EIS POST "https://dev-eis-api.mra.mw/api/v1/utilities/ping"
2026-08-07 11:01:07.784 +02:00 [INF] MRA POST /api/v1/utilities/ping status=200 success=true durationMs=15
2026-08-07 11:01:07.787 +02:00 [INF] MRA connectivity restored — waking offline sync worker.
2026-08-07 11:01:07.824 +02:00 [INF] ART Diagnostic WorkerHeartbeat SystemHealthMonitorService null null: All monitored subsystems healthy.
2026-08-07 11:01:08.758 +02:00 [INF] ART Diagnostic DatabaseLatency SqlExpress 1 null: Performance profile sample (FPS 0.0)
2026-08-07 11:01:11.287 +02:00 [INF] MRA EIS POST "https://dev-eis-api.mra.mw/api/v1/utilities/ping"
2026-08-07 11:01:11.306 +02:00 [INF] MRA POST /api/v1/utilities/ping status=200 success=true durationMs=16
2026-08-07 11:01:11.312 +02:00 [INF] MRA connectivity restored — waking offline sync worker.
2026-08-07 11:01:23.254 +02:00 [INF] ART Diagnostic WorkerHeartbeat HealthCheckWorker null null: Heartbeat
2026-08-07 11:01:23.265 +02:00 [INF] ART Diagnostic DatabaseLatency SqlExpress 1 null: SQL round-trip 1 ms
2026-08-07 11:01:23.275 +02:00 [INF] MRA EIS POST "https://dev-eis-api.mra.mw/api/v1/utilities/ping"
2026-08-07 11:01:23.295 +02:00 [INF] MRA POST /api/v1/utilities/ping status=200 success=true durationMs=16
2026-08-07 11:01:23.303 +02:00 [INF] ART Diagnostic MraConnectivity MraEis 28 1: MRA ping ok in 28 ms.
2026-08-07 11:01:23.358 +02:00 [INF] MRA EIS POST "https://dev-eis-api.mra.mw/api/v1/utilities/ping"
2026-08-07 11:01:23.375 +02:00 [INF] MRA POST /api/v1/utilities/ping status=200 success=true durationMs=16
2026-08-07 11:01:23.378 +02:00 [INF] MRA connectivity restored — waking offline sync worker.
2026-08-07 11:01:23.378 +02:00 [INF] ART Diagnostic HealthCheck HealthCheckWorker 1 null: All subsystems healthy (SQL 1 ms, disk 33.64 GB free).
2026-08-07 11:01:31.299 +02:00 [INF] MRA EIS POST "https://dev-eis-api.mra.mw/api/v1/utilities/ping"
2026-08-07 11:01:31.318 +02:00 [INF] MRA POST /api/v1/utilities/ping status=200 success=true durationMs=31
2026-08-07 11:01:31.321 +02:00 [INF] MRA connectivity restored — waking offline sync worker.
2026-08-07 11:01:38.772 +02:00 [INF] ART Diagnostic DatabaseLatency SqlExpress 0 null: Performance profile sample (FPS 0.0)
2026-08-07 11:01:51.332 +02:00 [INF] MRA EIS POST "https://dev-eis-api.mra.mw/api/v1/utilities/ping"
2026-08-07 11:01:51.369 +02:00 [INF] MRA POST /api/v1/utilities/ping status=200 success=true durationMs=31
2026-08-07 11:01:51.393 +02:00 [INF] MRA connectivity restored — waking offline sync worker.
2026-08-07 11:01:52.821 +02:00 [INF] ART Diagnostic DatabaseLatency SqlExpress 0 null: SQL round-trip 0 ms
2026-08-07 11:01:52.831 +02:00 [INF] MRA EIS POST "https://dev-eis-api.mra.mw/api/v1/utilities/ping"
2026-08-07 11:01:52.854 +02:00 [INF] MRA POST /api/v1/utilities/ping status=200 success=true durationMs=0
2026-08-07 11:01:52.862 +02:00 [INF] ART Diagnostic MraConnectivity MraEis 31 1: MRA ping ok in 31 ms.
2026-08-07 11:01:52.939 +02:00 [INF] MRA EIS POST "https://dev-eis-api.mra.mw/api/v1/utilities/ping"
2026-08-07 11:01:52.961 +02:00 [INF] MRA POST /api/v1/utilities/ping status=200 success=true durationMs=15
2026-08-07 11:01:52.972 +02:00 [INF] MRA connectivity restored — waking offline sync worker.
2026-08-07 11:01:52.972 +02:00 [INF] ART Diagnostic HealthCheck HealthCheckWorker 0 null: All subsystems healthy (SQL 0 ms, disk 33.64 GB free).
2026-08-07 11:01:52.993 +02:00 [INF] MRA EIS POST "https://dev-eis-api.mra.mw/api/v1/sales/last-submitted-offline-transaction"
2026-08-07 11:01:53.042 +02:00 [INF] MRA EIS POST "https://dev-eis-api.mra.mw/api/v1/utilities/ping"
2026-08-07 11:01:53.068 +02:00 [INF] MRA POST /api/v1/utilities/ping status=200 success=true durationMs=47
2026-08-07 11:01:53.078 +02:00 [INF] MRA connectivity restored — waking offline sync worker.
2026-08-07 11:01:53.124 +02:00 [INF] ART Diagnostic WorkerHeartbeat SystemHealthMonitorService null null: All monitored subsystems healthy.
2026-08-07 11:01:53.499 +02:00 [INF] MRA POST /api/v1/sales/last-submitted-offline-transaction status=200 success=true durationMs=516
2026-08-07 11:01:53.508 +02:00 [WRN] Unable to query last-submitted-offline-transaction for sequence check.
PointOfSale.Mra.Http.MraApiException: Invalid MRA EIS response JSON.
 ---> System.Text.Json.JsonException: The JSON value could not be converted to System.Decimal. Path: $.data.invoiceSummary.amountTendered | LineNumber: 0 | BytePositionInLine: 992.
 ---> System.InvalidOperationException: Cannot get the value of a token type 'Null' as a number.
   at System.Text.Json.ThrowHelper.ThrowInvalidOperationException_ExpectedNumber(JsonTokenType tokenType)
   at System.Text.Json.Serialization.Metadata.JsonPropertyInfo`1.ReadJsonAndSetMember(Object obj, ReadStack& state, Utf8JsonReader& reader)
   at System.Text.Json.Serialization.Converters.ObjectDefaultConverter`1.OnTryRead(Utf8JsonReader& reader, Type typeToConvert, JsonSerializerOptions options, ReadStack& state, T& value)
   at System.Text.Json.Serialization.JsonConverter`1.TryRead(Utf8JsonReader& reader, Type typeToConvert, JsonSerializerOptions options, ReadStack& state, T& value, Boolean& isPopulatedValue)
   at System.Text.Json.Serialization.Metadata.JsonPropertyInfo`1.ReadJsonAndSetMember(Object obj, ReadStack& state, Utf8JsonReader& reader)
   at System.Text.Json.Serialization.Converters.ObjectDefaultConverter`1.OnTryRead(Utf8JsonReader& reader, Type typeToConvert, JsonSerializerOptions options, ReadStack& state, T& value)
   at System.Text.Json.Serialization.JsonConverter`1.TryRead(Utf8JsonReader& reader, Type typeToConvert, JsonSerializerOptions options, ReadStack& state, T& value, Boolean& isPopulatedValue)
   at System.Text.Json.Serialization.Metadata.JsonPropertyInfo`1.ReadJsonAndSetMember(Object obj, ReadStack& state, Utf8JsonReader& reader)
   at System.Text.Json.Serialization.Converters.ObjectDefaultConverter`1.OnTryRead(Utf8JsonReader& reader, Type typeToConvert, JsonSerializerOptions options, ReadStack& state, T& value)
   at System.Text.Json.Serialization.JsonConverter`1.TryRead(Utf8JsonReader& reader, Type typeToConvert, JsonSerializerOptions options, ReadStack& state, T& value, Boolean& isPopulatedValue)
   at System.Text.Json.Serialization.JsonConverter`1.ReadCore(Utf8JsonReader& reader, JsonSerializerOptions options, ReadStack& state)
   --- End of inner exception stack trace ---
   at System.Text.Json.ThrowHelper.ReThrowWithPath(ReadStack& state, Utf8JsonReader& reader, Exception ex)
   at System.Text.Json.Serialization.JsonConverter`1.ReadCore(Utf8JsonReader& reader, JsonSerializerOptions options, ReadStack& state)
   at System.Text.Json.JsonSerializer.ReadFromSpan[TValue](ReadOnlySpan`1 json, JsonTypeInfo`1 jsonTypeInfo)
   at System.Text.Json.JsonSerializer.Deserialize[TValue](String json, JsonSerializerOptions options)
   at PointOfSale.Infrastructure.Services.MraApiClient.SendAsync[TResponse](HttpRequestMessage request, String auditRequestBody, CancellationToken cancellationToken) in C:\Users\Albert Zee\Documents\Projects\Point Of Sale\src\PointOfSale.Infrastructure\Services\MraApiClient.cs:line 309
   --- End of inner exception stack trace ---
   at PointOfSale.Infrastructure.Services.MraApiClient.SendAsync[TResponse](HttpRequestMessage request, String auditRequestBody, CancellationToken cancellationToken) in C:\Users\Albert Zee\Documents\Projects\Point Of Sale\src\PointOfSale.Infrastructure\Services\MraApiClient.cs:line 323
   at PointOfSale.Infrastructure.Services.MraApiClient.PostEmptyAsync[TResponse](String relativePath, MraRequestContext context, CancellationToken cancellationToken) in C:\Users\Albert Zee\Documents\Projects\Point Of Sale\src\PointOfSale.Infrastructure\Services\MraApiClient.cs:line 249
   at PointOfSale.Infrastructure.Services.SalesTransactionService.GetLastSubmittedTransactionAsync(String relativePath, String channelLabel, CancellationToken cancellationToken) in C:\Users\Albert Zee\Documents\Projects\Point Of Sale\src\PointOfSale.Infrastructure\Services\SalesTransactionService.cs:line 86
   at PointOfSale.Infrastructure.Services.SalesTransactionService.VerifySequenceContinuityAsync(Func`2 lookupFactory, String channelLabel, CancellationToken cancellationToken) in C:\Users\Albert Zee\Documents\Projects\Point Of Sale\src\PointOfSale.Infrastructure\Services\SalesTransactionService.cs:line 153
2026-08-07 11:01:55.603 +02:00 [INF] Inventory alert scan complete: 102 products, low=2, stockout=0, overstock=0, fast=0.
2026-08-07 11:02:08.391 +02:00 [INF] ART Diagnostic WorkerHeartbeat HealthCheckWorker null null: Heartbeat
2026-08-07 11:02:08.408 +02:00 [INF] ART Diagnostic DatabaseLatency SqlExpress 0 null: SQL round-trip 0 ms
2026-08-07 11:02:08.415 +02:00 [INF] MRA EIS POST "https://dev-eis-api.mra.mw/api/v1/utilities/ping"
2026-08-07 11:02:08.443 +02:00 [INF] MRA POST /api/v1/utilities/ping status=200 success=true durationMs=32
2026-08-07 11:02:08.449 +02:00 [INF] ART Diagnostic MraConnectivity MraEis 33 1: MRA ping ok in 33 ms.
2026-08-07 11:02:08.507 +02:00 [INF] MRA EIS POST "https://dev-eis-api.mra.mw/api/v1/utilities/ping"
2026-08-07 11:02:08.526 +02:00 [INF] MRA POST /api/v1/utilities/ping status=200 success=true durationMs=16
2026-08-07 11:02:08.529 +02:00 [INF] MRA connectivity restored — waking offline sync worker.
2026-08-07 11:02:08.529 +02:00 [INF] ART Diagnostic HealthCheck HealthCheckWorker 0 null: All subsystems healthy (SQL 0 ms, disk 33.64 GB free).
2026-08-07 11:02:08.823 +02:00 [INF] ART Diagnostic DatabaseLatency SqlExpress 1 null: Performance profile sample (FPS 0.0)
2026-08-07 11:02:11.289 +02:00 [INF] MRA EIS POST "https://dev-eis-api.mra.mw/api/v1/utilities/ping"
2026-08-07 11:02:12.326 +02:00 [INF] MRA POST /api/v1/utilities/ping status=200 success=true durationMs=1047
2026-08-07 11:02:12.351 +02:00 [INF] MRA connectivity restored — waking offline sync worker.
2026-08-07 11:02:31.309 +02:00 [INF] MRA EIS POST "https://dev-eis-api.mra.mw/api/v1/utilities/ping"
2026-08-07 11:02:31.328 +02:00 [INF] MRA POST /api/v1/utilities/ping status=200 success=true durationMs=31
2026-08-07 11:02:31.331 +02:00 [INF] MRA connectivity restored — waking offline sync worker.
2026-08-07 11:02:38.123 +02:00 [INF] ART Diagnostic DatabaseLatency SqlExpress 0 null: SQL round-trip 0 ms
2026-08-07 11:02:38.128 +02:00 [INF] MRA EIS POST "https://dev-eis-api.mra.mw/api/v1/utilities/ping"
2026-08-07 11:02:38.147 +02:00 [INF] MRA POST /api/v1/utilities/ping status=200 success=true durationMs=16
2026-08-07 11:02:38.153 +02:00 [INF] ART Diagnostic MraConnectivity MraEis 25 1: MRA ping ok in 25 ms.
2026-08-07 11:02:38.207 +02:00 [INF] MRA EIS POST "https://dev-eis-api.mra.mw/api/v1/utilities/ping"
2026-08-07 11:02:38.850 +02:00 [INF] ART Diagnostic DatabaseLatency SqlExpress 0 null: Performance profile sample (FPS 0.0)
2026-08-07 11:02:41.312 +02:00 [INF] MRA POST /api/v1/utilities/ping status=200 success=true durationMs=3110
2026-08-07 11:02:41.316 +02:00 [INF] MRA connectivity restored — waking offline sync worker.
2026-08-07 11:02:41.316 +02:00 [INF] ART Diagnostic HealthCheck HealthCheckWorker 0 null: All subsystems healthy (SQL 0 ms, disk 33.64 GB free).
2026-08-07 11:02:41.373 +02:00 [INF] MRA EIS POST "https://dev-eis-api.mra.mw/api/v1/utilities/ping"
2026-08-07 11:02:41.391 +02:00 [INF] MRA POST /api/v1/utilities/ping status=200 success=true durationMs=16
2026-08-07 11:02:41.394 +02:00 [INF] MRA connectivity restored — waking offline sync worker.
2026-08-07 11:02:41.463 +02:00 [INF] ART Diagnostic WorkerHeartbeat SystemHealthMonitorService null null: All monitored subsystems healthy.
2026-08-07 11:02:51.277 +02:00 [INF] MRA EIS POST "https://dev-eis-api.mra.mw/api/v1/utilities/ping"
2026-08-07 11:02:51.294 +02:00 [INF] MRA POST /api/v1/utilities/ping status=200 success=true durationMs=16
2026-08-07 11:02:51.309 +02:00 [INF] MRA connectivity restored — waking offline sync worker.
2026-08-07 11:02:53.533 +02:00 [INF] ART Diagnostic WorkerHeartbeat HealthCheckWorker null null: Heartbeat
2026-08-07 11:02:53.540 +02:00 [INF] ART Diagnostic DatabaseLatency SqlExpress 1 null: SQL round-trip 1 ms
2026-08-07 11:02:53.548 +02:00 [INF] MRA EIS POST "https://dev-eis-api.mra.mw/api/v1/utilities/ping"
2026-08-07 11:02:53.570 +02:00 [INF] MRA POST /api/v1/utilities/ping status=200 success=true durationMs=15
2026-08-07 11:02:53.576 +02:00 [INF] ART Diagnostic MraConnectivity MraEis 27 1: MRA ping ok in 27 ms.
2026-08-07 11:02:53.630 +02:00 [INF] MRA EIS POST "https://dev-eis-api.mra.mw/api/v1/utilities/ping"
2026-08-07 11:02:53.647 +02:00 [INF] MRA POST /api/v1/utilities/ping status=200 success=true durationMs=15
2026-08-07 11:02:53.650 +02:00 [INF] MRA connectivity restored — waking offline sync worker.
2026-08-07 11:02:53.651 +02:00 [INF] ART Diagnostic HealthCheck HealthCheckWorker 1 null: All subsystems healthy (SQL 1 ms, disk 33.64 GB free).
2026-08-07 11:02:55.660 +02:00 [INF] Inventory alert scan complete: 102 products, low=2, stockout=0, overstock=0, fast=0.
2026-08-07 11:03:09.064 +02:00 [INF] ART Diagnostic DatabaseLatency SqlExpress 3 null: Performance profile sample (FPS 0.0)
2026-08-07 11:03:11.271 +02:00 [INF] MRA EIS POST "https://dev-eis-api.mra.mw/api/v1/utilities/ping"
2026-08-07 11:03:14.402 +02:00 [INF] MRA POST /api/v1/utilities/ping status=200 success=true durationMs=3125
2026-08-07 11:03:14.423 +02:00 [INF] MRA connectivity restored — waking offline sync worker.
2026-08-07 11:03:26.476 +02:00 [INF] ART Diagnostic DatabaseLatency SqlExpress 1 null: SQL round-trip 1 ms
2026-08-07 11:03:26.509 +02:00 [INF] MRA EIS POST "https://dev-eis-api.mra.mw/api/v1/utilities/ping"
2026-08-07 11:03:26.529 +02:00 [INF] MRA POST /api/v1/utilities/ping status=200 success=true durationMs=15
2026-08-07 11:03:26.571 +02:00 [INF] ART Diagnostic MraConnectivity MraEis 61 1: MRA ping ok in 61 ms.
2026-08-07 11:03:26.651 +02:00 [INF] MRA EIS POST "https://dev-eis-api.mra.mw/api/v1/utilities/ping"
2026-08-07 11:03:26.671 +02:00 [INF] MRA POST /api/v1/utilities/ping status=200 success=true durationMs=16
2026-08-07 11:03:26.674 +02:00 [INF] MRA connectivity restored — waking offline sync worker.
2026-08-07 11:03:26.674 +02:00 [INF] ART Diagnostic HealthCheck HealthCheckWorker 1 null: All subsystems healthy (SQL 1 ms, disk 33.64 GB free).
2026-08-07 11:03:26.677 +02:00 [INF] MRA EIS POST "https://dev-eis-api.mra.mw/api/v1/sales/last-submitted-offline-transaction"
2026-08-07 11:03:26.726 +02:00 [INF] MRA EIS POST "https://dev-eis-api.mra.mw/api/v1/utilities/ping"
2026-08-07 11:03:26.772 +02:00 [INF] MRA POST /api/v1/utilities/ping status=200 success=true durationMs=47
2026-08-07 11:03:26.775 +02:00 [INF] MRA connectivity restored — waking offline sync worker.
2026-08-07 11:03:26.813 +02:00 [INF] ART Diagnostic WorkerHeartbeat SystemHealthMonitorService null null: All monitored subsystems healthy.
2026-08-07 11:03:30.203 +02:00 [INF] MRA POST /api/v1/sales/last-submitted-offline-transaction status=200 success=true durationMs=3531
2026-08-07 11:03:30.213 +02:00 [WRN] Unable to query last-submitted-offline-transaction for sequence check.
PointOfSale.Mra.Http.MraApiException: Invalid MRA EIS response JSON.
 ---> System.Text.Json.JsonException: The JSON value could not be converted to System.Decimal. Path: $.data.invoiceSummary.amountTendered | LineNumber: 0 | BytePositionInLine: 992.
 ---> System.InvalidOperationException: Cannot get the value of a token type 'Null' as a number.
   at System.Text.Json.ThrowHelper.ThrowInvalidOperationException_ExpectedNumber(JsonTokenType tokenType)
   at System.Text.Json.Serialization.Metadata.JsonPropertyInfo`1.ReadJsonAndSetMember(Object obj, ReadStack& state, Utf8JsonReader& reader)
   at System.Text.Json.Serialization.Converters.ObjectDefaultConverter`1.OnTryRead(Utf8JsonReader& reader, Type typeToConvert, JsonSerializerOptions options, ReadStack& state, T& value)
   at System.Text.Json.Serialization.JsonConverter`1.TryRead(Utf8JsonReader& reader, Type typeToConvert, JsonSerializerOptions options, ReadStack& state, T& value, Boolean& isPopulatedValue)
   at System.Text.Json.Serialization.Metadata.JsonPropertyInfo`1.ReadJsonAndSetMember(Object obj, ReadStack& state, Utf8JsonReader& reader)
   at System.Text.Json.Serialization.Converters.ObjectDefaultConverter`1.OnTryRead(Utf8JsonReader& reader, Type typeToConvert, JsonSerializerOptions options, ReadStack& state, T& value)
   at System.Text.Json.Serialization.JsonConverter`1.TryRead(Utf8JsonReader& reader, Type typeToConvert, JsonSerializerOptions options, ReadStack& state, T& value, Boolean& isPopulatedValue)
   at System.Text.Json.Serialization.Metadata.JsonPropertyInfo`1.ReadJsonAndSetMember(Object obj, ReadStack& state, Utf8JsonReader& reader)
   at System.Text.Json.Serialization.Converters.ObjectDefaultConverter`1.OnTryRead(Utf8JsonReader& reader, Type typeToConvert, JsonSerializerOptions options, ReadStack& state, T& value)
   at System.Text.Json.Serialization.JsonConverter`1.TryRead(Utf8JsonReader& reader, Type typeToConvert, JsonSerializerOptions options, ReadStack& state, T& value, Boolean& isPopulatedValue)
   at System.Text.Json.Serialization.JsonConverter`1.ReadCore(Utf8JsonReader& reader, JsonSerializerOptions options, ReadStack& state)
   --- End of inner exception stack trace ---
   at System.Text.Json.ThrowHelper.ReThrowWithPath(ReadStack& state, Utf8JsonReader& reader, Exception ex)
   at System.Text.Json.Serialization.JsonConverter`1.ReadCore(Utf8JsonReader& reader, JsonSerializerOptions options, ReadStack& state)
   at System.Text.Json.JsonSerializer.ReadFromSpan[TValue](ReadOnlySpan`1 json, JsonTypeInfo`1 jsonTypeInfo)
   at System.Text.Json.JsonSerializer.Deserialize[TValue](String json, JsonSerializerOptions options)
   at PointOfSale.Infrastructure.Services.MraApiClient.SendAsync[TResponse](HttpRequestMessage request, String auditRequestBody, CancellationToken cancellationToken) in C:\Users\Albert Zee\Documents\Projects\Point Of Sale\src\PointOfSale.Infrastructure\Services\MraApiClient.cs:line 309
   --- End of inner exception stack trace ---
   at PointOfSale.Infrastructure.Services.MraApiClient.SendAsync[TResponse](HttpRequestMessage request, String auditRequestBody, CancellationToken cancellationToken) in C:\Users\Albert Zee\Documents\Projects\Point Of Sale\src\PointOfSale.Infrastructure\Services\MraApiClient.cs:line 323
   at PointOfSale.Infrastructure.Services.MraApiClient.PostEmptyAsync[TResponse](String relativePath, MraRequestContext context, CancellationToken cancellationToken) in C:\Users\Albert Zee\Documents\Projects\Point Of Sale\src\PointOfSale.Infrastructure\Services\MraApiClient.cs:line 249
   at PointOfSale.Infrastructure.Services.SalesTransactionService.GetLastSubmittedTransactionAsync(String relativePath, String channelLabel, CancellationToken cancellationToken) in C:\Users\Albert Zee\Documents\Projects\Point Of Sale\src\PointOfSale.Infrastructure\Services\SalesTransactionService.cs:line 86
   at PointOfSale.Infrastructure.Services.SalesTransactionService.VerifySequenceContinuityAsync(Func`2 lookupFactory, String channelLabel, CancellationToken cancellationToken) in C:\Users\Albert Zee\Documents\Projects\Point Of Sale\src\PointOfSale.Infrastructure\Services\SalesTransactionService.cs:line 153
2026-08-07 11:03:31.308 +02:00 [INF] MRA EIS POST "https://dev-eis-api.mra.mw/api/v1/utilities/ping"
2026-08-07 11:03:31.378 +02:00 [INF] MRA POST /api/v1/utilities/ping status=200 success=true durationMs=16
2026-08-07 11:03:31.507 +02:00 [INF] MRA connectivity restored — waking offline sync worker.
2026-08-07 11:03:38.644 +02:00 [INF] ART Diagnostic WorkerHeartbeat HealthCheckWorker null null: Heartbeat
2026-08-07 11:03:38.660 +02:00 [INF] ART Diagnostic DatabaseLatency SqlExpress 0 null: SQL round-trip 0 ms
2026-08-07 11:03:38.664 +02:00 [INF] MRA EIS POST "https://dev-eis-api.mra.mw/api/v1/utilities/ping"
2026-08-07 11:03:38.682 +02:00 [INF] MRA POST /api/v1/utilities/ping status=200 success=true durationMs=32
2026-08-07 11:03:38.724 +02:00 [INF] ART Diagnostic MraConnectivity MraEis 60 1: MRA ping ok in 60 ms.
2026-08-07 11:03:38.767 +02:00 [INF] MRA EIS POST "https://dev-eis-api.mra.mw/api/v1/utilities/ping"
2026-08-07 11:03:38.784 +02:00 [INF] MRA POST /api/v1/utilities/ping status=200 success=true durationMs=15
2026-08-07 11:03:38.808 +02:00 [INF] MRA connectivity restored — waking offline sync worker.
2026-08-07 11:03:38.808 +02:00 [INF] ART Diagnostic HealthCheck HealthCheckWorker 0 null: All subsystems healthy (SQL 0 ms, disk 33.64 GB free).
2026-08-07 11:03:39.100 +02:00 [INF] ART Diagnostic DatabaseLatency SqlExpress 1 null: Performance profile sample (FPS 0.0)
2026-08-07 11:03:51.267 +02:00 [INF] MRA EIS POST "https://dev-eis-api.mra.mw/api/v1/utilities/ping"
2026-08-07 11:03:51.285 +02:00 [INF] MRA POST /api/v1/utilities/ping status=200 success=true durationMs=15
2026-08-07 11:03:51.337 +02:00 [INF] MRA connectivity restored — waking offline sync worker.
2026-08-07 11:03:55.752 +02:00 [INF] Inventory alert scan complete: 102 products, low=2, stockout=0, overstock=0, fast=0.
2026-08-07 11:04:09.166 +02:00 [INF] ART Diagnostic DatabaseLatency SqlExpress 1 null: Performance profile sample (FPS 0.0)
2026-08-07 11:04:11.283 +02:00 [INF] MRA EIS POST "https://dev-eis-api.mra.mw/api/v1/utilities/ping"
2026-08-07 11:04:11.315 +02:00 [INF] MRA POST /api/v1/utilities/ping status=200 success=true durationMs=32
2026-08-07 11:04:11.321 +02:00 [INF] MRA connectivity restored — waking offline sync worker.
2026-08-07 11:04:11.826 +02:00 [INF] ART Diagnostic DatabaseLatency SqlExpress 1 null: SQL round-trip 1 ms
2026-08-07 11:04:11.836 +02:00 [INF] MRA EIS POST "https://dev-eis-api.mra.mw/api/v1/utilities/ping"
2026-08-07 11:04:11.859 +02:00 [INF] MRA POST /api/v1/utilities/ping status=200 success=true durationMs=31
2026-08-07 11:04:11.865 +02:00 [INF] ART Diagnostic MraConnectivity MraEis 29 1: MRA ping ok in 29 ms.
2026-08-07 11:04:11.937 +02:00 [INF] MRA EIS POST "https://dev-eis-api.mra.mw/api/v1/utilities/ping"
2026-08-07 11:04:11.956 +02:00 [INF] MRA POST /api/v1/utilities/ping status=200 success=true durationMs=15
2026-08-07 11:04:12.072 +02:00 [INF] MRA connectivity restored — waking offline sync worker.
2026-08-07 11:04:12.072 +02:00 [INF] ART Diagnostic HealthCheck HealthCheckWorker 1 null: All subsystems healthy (SQL 1 ms, disk 33.64 GB free).
2026-08-07 11:04:12.188 +02:00 [INF] MRA EIS POST "https://dev-eis-api.mra.mw/api/v1/utilities/ping"
2026-08-07 11:04:12.266 +02:00 [INF] MRA POST /api/v1/utilities/ping status=200 success=true durationMs=16
2026-08-07 11:04:12.312 +02:00 [INF] MRA connectivity restored — waking offline sync worker.
2026-08-07 11:04:12.353 +02:00 [INF] ART Diagnostic WorkerHeartbeat SystemHealthMonitorService null null: All monitored subsystems healthy.
2026-08-07 11:04:23.871 +02:00 [INF] ART Diagnostic WorkerHeartbeat HealthCheckWorker null null: Heartbeat
2026-08-07 11:04:23.880 +02:00 [INF] ART Diagnostic DatabaseLatency SqlExpress 1 null: SQL round-trip 1 ms
2026-08-07 11:04:23.890 +02:00 [INF] MRA EIS POST "https://dev-eis-api.mra.mw/api/v1/utilities/ping"
2026-08-07 11:04:23.911 +02:00 [INF] MRA POST /api/v1/utilities/ping status=200 success=true durationMs=15
2026-08-07 11:04:23.914 +02:00 [INF] ART Diagnostic MraConnectivity MraEis 24 1: MRA ping ok in 24 ms.
2026-08-07 11:04:23.967 +02:00 [INF] MRA EIS POST "https://dev-eis-api.mra.mw/api/v1/utilities/ping"
2026-08-07 11:04:23.984 +02:00 [INF] MRA POST /api/v1/utilities/ping status=200 success=true durationMs=15
2026-08-07 11:04:23.987 +02:00 [INF] MRA connectivity restored — waking offline sync worker.
2026-08-07 11:04:23.988 +02:00 [INF] ART Diagnostic HealthCheck HealthCheckWorker 1 null: All subsystems healthy (SQL 1 ms, disk 33.64 GB free).
2026-08-07 11:04:31.307 +02:00 [INF] MRA EIS POST "https://dev-eis-api.mra.mw/api/v1/utilities/ping"
2026-08-07 11:04:34.401 +02:00 [INF] MRA POST /api/v1/utilities/ping status=200 success=true durationMs=3093
2026-08-07 11:04:34.408 +02:00 [INF] MRA connectivity restored — waking offline sync worker.
2026-08-07 11:04:39.207 +02:00 [INF] ART Diagnostic DatabaseLatency SqlExpress 1 null: Performance profile sample (FPS 0.0)
2026-08-07 11:04:51.339 +02:00 [INF] MRA EIS POST "https://dev-eis-api.mra.mw/api/v1/utilities/ping"
2026-08-07 11:04:51.357 +02:00 [INF] MRA POST /api/v1/utilities/ping status=200 success=true durationMs=15
2026-08-07 11:04:51.360 +02:00 [INF] MRA connectivity restored — waking offline sync worker.
2026-08-07 11:04:51.375 +02:00 [INF] MRA EIS POST "https://dev-eis-api.mra.mw/api/v1/configuration/get-latest-configs"
2026-08-07 11:04:51.375 +02:00 [INF] MRA EIS request payload for "https://dev-eis-api.mra.mw/api/v1/configuration/get-latest-configs": {}
2026-08-07 11:04:51.417 +02:00 [INF] MRA POST /api/v1/configuration/get-latest-configs status=200 success=true durationMs=47
2026-08-07 11:04:51.521 +02:00 [INF] Cached get-latest-configs for 7f578f46-0775-49bd-8749-226942412378. sellerTIN=31018345, siteId=BLc4f27da3-6c8e-4014-84b1-140886944c25, versions g/t/tp=1/1/1
2026-08-07 11:04:51.521 +02:00 [INF] Refreshed fiscal identity from get-latest-configs. sellerTIN=31018345 siteId=BLc4f27da3-6c8e-4014-84b1-140886944c25 taxRateId=A vatReg=true activated=[PIT,CGT,NRT,VAT,WHT] versions g/t/tp=1/1/1
2026-08-07 11:04:51.524 +02:00 [INF] Generated offline ValidationURL signature for invoice Cvp-D-JY5M-B (N=4, julian=2461260).
2026-08-07 11:04:51.527 +02:00 [INF] Generated offline ValidationURL signature for invoice Cvp-D-JY5M-B (N=4, julian=2461260).
2026-08-07 11:04:51.535 +02:00 [INF] MRA EIS POST "https://dev-eis-api.mra.mw/api/v1/sales/submit-sales-transaction"
2026-08-07 11:04:51.535 +02:00 [INF] MRA EIS request payload for "https://dev-eis-api.mra.mw/api/v1/sales/submit-sales-transaction": {"invoiceHeader":{"invoiceNumber":"Cvp-D-JY5M-B","invoiceDateTime":"2026-08-07T08:32:26.989Z","sellerTIN":"31018345","buyerTIN":"20202020","siteId":"BLc4f27da3-6c8e-4014-84b1-140886944c25","globalConfigVersion":1,"taxpayerConfigVersion":1,"terminalConfigVersion":1,"isExport":false,"isReliefSupply":false,"paymentMethod":"Cash"},"invoiceLineItems":[{"id":1,"productCode":"990663831995","description":"Air Cleaner  13780-58B00","unitPrice":25850.00,"quantity":2,"discount":0,"total":44000.00,"totalVAT":7700.00,"taxRateId":"A","isProduct":true},{"id":2,"productCode":"456076017395","description":"Air Cleaner  13780-67 F01","unitPrice":25850.00,"quantity":1,"discount":0,"total":22000.00,"totalVAT":3850.00,"taxRateId":"A","isProduct":true},{"id":3,"productCode":"747157490635","description":"Air Cleaner  13780-58JF02","unitPrice":25850.00,"quantity":1,"discount":0,"total":22000.00,"totalVAT":3850.00,"taxRateId":"A","isProduct":true},{"id":4,"productCode":"990356104763","description":"Air Cleaner  13780-77A00","unitPrice":25850.00,"quantity":1,"discount":0,"total":22000.00,"totalVAT":3850.00,"taxRateId":"A","isProduct":true}],"invoiceSummary":{"taxBreakDown":[{"rateId":"A","taxableAmount":110000.00,"taxAmount":19250.00}],"totalVAT":19250.00,"offlineSignature":"UoSSqaLCvntMoXaRvjNKMz8Acp8uIMJXLew1wBYITeU","invoiceTotal":129250.00,"amountTendered":129250.00}}
2026-08-07 11:04:53.684 +02:00 [INF] MRA POST /api/v1/sales/submit-sales-transaction status=200 success=true durationMs=2141
2026-08-07 11:04:53.692 +02:00 [WRN] MRA EIS logical failure for POST "https://dev-eis-api.mra.mw/api/v1/sales/submit-sales-transaction". statusCode=-2, remark=B2B transaction for this buyer requires a Purchase Authorization Code., errors=(none). RequestPayload={"invoiceHeader":{"invoiceNumber":"Cvp-D-JY5M-B","invoiceDateTime":"2026-08-07T08:32:26.989Z","sellerTIN":"31018345","buyerTIN":"20202020","siteId":"BLc4f27da3-6c8e-4014-84b1-140886944c25","globalConfigVersion":1,"taxpayerConfigVersion":1,"terminalConfigVersion":1,"isExport":false,"isReliefSupply":false,"paymentMethod":"Cash"},"invoiceLineItems":[{"id":1,"productCode":"990663831995","description":"Air Cleaner  13780-58B00","unitPrice":25850.00,"quantity":2,"discount":0,"total":44000.00,"totalVAT":7700.00,"taxRateId":"A","isProduct":true},{"id":2,"productCode":"456076017395","description":"Air Cleaner  13780-67 F01","unitPrice":25850.00,"quantity":1,"discount":0,"total":22000.00,"totalVAT":3850.00,"taxRateId":"A","isProduct":true},{"id":3,"productCode":"747157490635","description":"Air Cleaner  13780-58JF02","unitPrice":25850.00,"quantity":1,"discount":0,"total":22000.00,"totalVAT":3850.00,"taxRateId":"A","isProduct":true},{"id":4,"productCode":"990356104763","description":"Air Cleaner  13780-77A00","unitPrice":25850.00,"quantity":1,"discount":0,"total":22000.00,"totalVAT":3850.00,"taxRateId":"A","isProduct":true}],"invoiceSummary":{"taxBreakDown":[{"rateId":"A","taxableAmount":110000.00,"taxAmount":19250.00}],"totalVAT":19250.00,"offlineSignature":"UoSSqaLCvntMoXaRvjNKMz8Acp8uIMJXLew1wBYITeU","invoiceTotal":129250.00,"amountTendered":129250.00}}. ResponseBody={"statusCode":-2,"remark":"B2B transaction for this buyer requires a Purchase Authorization Code.","data":null,"errors":[]}
2026-08-07 11:04:53.693 +02:00 [WRN] MRA EIS sales/submit-sales-transaction returned success=false. Remark=B2B transaction for this buyer requires a Purchase Authorization Code.. Errors=[]. statusCode=-2
2026-08-07 11:04:53.693 +02:00 [WRN] MRA EIS failure classified. category="Unknown" action="RetryLater" statusCode=-2 primaryCode=-2 remark=B2B transaction for this buyer requires a Purchase Authorization Code. detail=statusCode=-2; primaryCode=-2; remark=B2B transaction for this buyer requires a Purchase Authorization Code.
2026-08-07 11:04:53.693 +02:00 [WRN] MRA EIS submission returned success=false for queue 1 invoice Cvp-D-JY5M-B. category="Unknown" action="RetryLater" detail=statusCode=-2; primaryCode=-2; remark=B2B transaction for this buyer requires a Purchase Authorization Code.
2026-08-07 11:04:53.805 +02:00 [INF] Offline sync drained 1 item(s) (submitted=0, quarantined=0).
2026-08-07 11:04:55.816 +02:00 [INF] Inventory alert scan complete: 102 products, low=2, stockout=0, overstock=0, fast=0.
2026-08-07 11:04:57.366 +02:00 [INF] ART Diagnostic DatabaseLatency SqlExpress 1 null: SQL round-trip 1 ms
2026-08-07 11:04:57.374 +02:00 [INF] MRA EIS POST "https://dev-eis-api.mra.mw/api/v1/utilities/ping"
2026-08-07 11:04:57.395 +02:00 [INF] MRA POST /api/v1/utilities/ping status=200 success=true durationMs=31
2026-08-07 11:04:57.399 +02:00 [INF] ART Diagnostic MraConnectivity MraEis 25 1: MRA ping ok in 25 ms.
2026-08-07 11:04:57.445 +02:00 [INF] MRA EIS POST "https://dev-eis-api.mra.mw/api/v1/utilities/ping"
2026-08-07 11:04:57.463 +02:00 [INF] MRA POST /api/v1/utilities/ping status=200 success=true durationMs=31
2026-08-07 11:04:57.466 +02:00 [INF] MRA connectivity restored — waking offline sync worker.
2026-08-07 11:04:57.466 +02:00 [INF] ART Diagnostic HealthCheck HealthCheckWorker 1 null: All subsystems healthy (SQL 1 ms, disk 33.64 GB free).
2026-08-07 11:04:57.510 +02:00 [INF] MRA EIS POST "https://dev-eis-api.mra.mw/api/v1/utilities/ping"
2026-08-07 11:04:57.528 +02:00 [INF] MRA POST /api/v1/utilities/ping status=200 success=true durationMs=15
2026-08-07 11:04:57.531 +02:00 [INF] MRA connectivity restored — waking offline sync worker.
2026-08-07 11:04:57.573 +02:00 [INF] ART Diagnostic WorkerHeartbeat SystemHealthMonitorService null null: All monitored subsystems healthy.
2026-08-07 11:05:08.989 +02:00 [INF] ART Diagnostic WorkerHeartbeat HealthCheckWorker null null: Heartbeat
2026-08-07 11:05:08.997 +02:00 [INF] ART Diagnostic DatabaseLatency SqlExpress 1 null: SQL round-trip 1 ms
2026-08-07 11:05:09.023 +02:00 [INF] MRA EIS POST "https://dev-eis-api.mra.mw/api/v1/utilities/ping"
2026-08-07 11:05:09.042 +02:00 [INF] MRA POST /api/v1/utilities/ping status=200 success=true durationMs=16
2026-08-07 11:05:09.045 +02:00 [INF] ART Diagnostic MraConnectivity MraEis 21 1: MRA ping ok in 21 ms.
2026-08-07 11:05:09.095 +02:00 [INF] MRA EIS POST "https://dev-eis-api.mra.mw/api/v1/utilities/ping"
2026-08-07 11:05:09.113 +02:00 [INF] MRA POST /api/v1/utilities/ping status=200 success=true durationMs=15
2026-08-07 11:05:09.116 +02:00 [INF] MRA connectivity restored — waking offline sync worker.
2026-08-07 11:05:09.117 +02:00 [INF] ART Diagnostic HealthCheck HealthCheckWorker 1 null: All subsystems healthy (SQL 1 ms, disk 33.64 GB free).
2026-08-07 11:05:09.120 +02:00 [INF] MRA EIS POST "https://dev-eis-api.mra.mw/api/v1/sales/last-submitted-offline-transaction"
2026-08-07 11:05:09.294 +02:00 [INF] ART Diagnostic DatabaseLatency SqlExpress 1 null: Performance profile sample (FPS 0.0)
2026-08-07 11:05:11.259 +02:00 [INF] MRA EIS POST "https://dev-eis-api.mra.mw/api/v1/utilities/ping"
2026-08-07 11:05:11.291 +02:00 [INF] MRA POST /api/v1/utilities/ping status=200 success=true durationMs=31
2026-08-07 11:05:11.304 +02:00 [INF] MRA connectivity restored — waking offline sync worker.
2026-08-07 11:05:12.648 +02:00 [INF] MRA POST /api/v1/sales/last-submitted-offline-transaction status=200 success=true durationMs=3516
2026-08-07 11:05:12.661 +02:00 [WRN] Unable to query last-submitted-offline-transaction for sequence check.
PointOfSale.Mra.Http.MraApiException: Invalid MRA EIS response JSON.
 ---> System.Text.Json.JsonException: The JSON value could not be converted to System.Decimal. Path: $.data.invoiceSummary.amountTendered | LineNumber: 0 | BytePositionInLine: 992.
 ---> System.InvalidOperationException: Cannot get the value of a token type 'Null' as a number.
   at System.Text.Json.ThrowHelper.ThrowInvalidOperationException_ExpectedNumber(JsonTokenType tokenType)
   at System.Text.Json.Serialization.Metadata.JsonPropertyInfo`1.ReadJsonAndSetMember(Object obj, ReadStack& state, Utf8JsonReader& reader)
   at System.Text.Json.Serialization.Converters.ObjectDefaultConverter`1.OnTryRead(Utf8JsonReader& reader, Type typeToConvert, JsonSerializerOptions options, ReadStack& state, T& value)
   at System.Text.Json.Serialization.JsonConverter`1.TryRead(Utf8JsonReader& reader, Type typeToConvert, JsonSerializerOptions options, ReadStack& state, T& value, Boolean& isPopulatedValue)
   at System.Text.Json.Serialization.Metadata.JsonPropertyInfo`1.ReadJsonAndSetMember(Object obj, ReadStack& state, Utf8JsonReader& reader)
   at System.Text.Json.Serialization.Converters.ObjectDefaultConverter`1.OnTryRead(Utf8JsonReader& reader, Type typeToConvert, JsonSerializerOptions options, ReadStack& state, T& value)
   at System.Text.Json.Serialization.JsonConverter`1.TryRead(Utf8JsonReader& reader, Type typeToConvert, JsonSerializerOptions options, ReadStack& state, T& value, Boolean& isPopulatedValue)
   at System.Text.Json.Serialization.Metadata.JsonPropertyInfo`1.ReadJsonAndSetMember(Object obj, ReadStack& state, Utf8JsonReader& reader)
   at System.Text.Json.Serialization.Converters.ObjectDefaultConverter`1.OnTryRead(Utf8JsonReader& reader, Type typeToConvert, JsonSerializerOptions options, ReadStack& state, T& value)
   at System.Text.Json.Serialization.JsonConverter`1.TryRead(Utf8JsonReader& reader, Type typeToConvert, JsonSerializerOptions options, ReadStack& state, T& value, Boolean& isPopulatedValue)
   at System.Text.Json.Serialization.JsonConverter`1.ReadCore(Utf8JsonReader& reader, JsonSerializerOptions options, ReadStack& state)
   --- End of inner exception stack trace ---
   at System.Text.Json.ThrowHelper.ReThrowWithPath(ReadStack& state, Utf8JsonReader& reader, Exception ex)
   at System.Text.Json.Serialization.JsonConverter`1.ReadCore(Utf8JsonReader& reader, JsonSerializerOptions options, ReadStack& state)
   at System.Text.Json.JsonSerializer.ReadFromSpan[TValue](ReadOnlySpan`1 json, JsonTypeInfo`1 jsonTypeInfo)
   at System.Text.Json.JsonSerializer.Deserialize[TValue](String json, JsonSerializerOptions options)
   at PointOfSale.Infrastructure.Services.MraApiClient.SendAsync[TResponse](HttpRequestMessage request, String auditRequestBody, CancellationToken cancellationToken) in C:\Users\Albert Zee\Documents\Projects\Point Of Sale\src\PointOfSale.Infrastructure\Services\MraApiClient.cs:line 309
   --- End of inner exception stack trace ---
   at PointOfSale.Infrastructure.Services.MraApiClient.SendAsync[TResponse](HttpRequestMessage request, String auditRequestBody, CancellationToken cancellationToken) in C:\Users\Albert Zee\Documents\Projects\Point Of Sale\src\PointOfSale.Infrastructure\Services\MraApiClient.cs:line 323
   at PointOfSale.Infrastructure.Services.MraApiClient.PostEmptyAsync[TResponse](String relativePath, MraRequestContext context, CancellationToken cancellationToken) in C:\Users\Albert Zee\Documents\Projects\Point Of Sale\src\PointOfSale.Infrastructure\Services\MraApiClient.cs:line 249
   at PointOfSale.Infrastructure.Services.SalesTransactionService.GetLastSubmittedTransactionAsync(String relativePath, String channelLabel, CancellationToken cancellationToken) in C:\Users\Albert Zee\Documents\Projects\Point Of Sale\src\PointOfSale.Infrastructure\Services\SalesTransactionService.cs:line 86
   at PointOfSale.Infrastructure.Services.SalesTransactionService.VerifySequenceContinuityAsync(Func`2 lookupFactory, String channelLabel, CancellationToken cancellationToken) in C:\Users\Albert Zee\Documents\Projects\Point Of Sale\src\PointOfSale.Infrastructure\Services\SalesTransactionService.cs:line 153
2026-08-07 11:05:31.308 +02:00 [INF] MRA EIS POST "https://dev-eis-api.mra.mw/api/v1/utilities/ping"
2026-08-07 11:05:31.332 +02:00 [INF] MRA POST /api/v1/utilities/ping status=200 success=true durationMs=31
2026-08-07 11:05:31.338 +02:00 [INF] MRA connectivity restored — waking offline sync worker.
2026-08-07 11:05:39.328 +02:00 [INF] ART Diagnostic DatabaseLatency SqlExpress 1 null: Performance profile sample (FPS 0.0)
2026-08-07 11:05:42.578 +02:00 [INF] ART Diagnostic DatabaseLatency SqlExpress 1 null: SQL round-trip 1 ms
2026-08-07 11:05:42.587 +02:00 [INF] MRA EIS POST "https://dev-eis-api.mra.mw/api/v1/utilities/ping"
2026-08-07 11:05:42.609 +02:00 [INF] MRA POST /api/v1/utilities/ping status=200 success=true durationMs=31
2026-08-07 11:05:42.615 +02:00 [INF] ART Diagnostic MraConnectivity MraEis 28 1: MRA ping ok in 28 ms.
2026-08-07 11:05:42.682 +02:00 [INF] MRA EIS POST "https://dev-eis-api.mra.mw/api/v1/utilities/ping"
2026-08-07 11:05:45.760 +02:00 [INF] MRA POST /api/v1/utilities/ping status=200 success=true durationMs=3062
2026-08-07 11:05:45.767 +02:00 [INF] MRA connectivity restored — waking offline sync worker.
2026-08-07 11:05:45.768 +02:00 [INF] ART Diagnostic HealthCheck HealthCheckWorker 1 null: All subsystems healthy (SQL 1 ms, disk 33.64 GB free).
2026-08-07 11:05:45.821 +02:00 [INF] MRA EIS POST "https://dev-eis-api.mra.mw/api/v1/utilities/ping"
2026-08-07 11:05:45.837 +02:00 [INF] MRA POST /api/v1/utilities/ping status=200 success=true durationMs=15
2026-08-07 11:05:45.840 +02:00 [INF] MRA connectivity restored — waking offline sync worker.
2026-08-07 11:05:45.902 +02:00 [INF] ART Diagnostic WorkerHeartbeat SystemHealthMonitorService null null: All monitored subsystems healthy.
2026-08-07 11:05:51.315 +02:00 [INF] MRA EIS POST "https://dev-eis-api.mra.mw/api/v1/utilities/ping"
2026-08-07 11:05:51.956 +02:00 [INF] MRA POST /api/v1/utilities/ping status=200 success=true durationMs=625
2026-08-07 11:05:51.961 +02:00 [INF] MRA connectivity restored — waking offline sync worker.
2026-08-07 11:05:54.122 +02:00 [INF] ART Diagnostic WorkerHeartbeat HealthCheckWorker null null: Heartbeat
2026-08-07 11:05:54.174 +02:00 [INF] ART Diagnostic DatabaseLatency SqlExpress 0 null: SQL round-trip 0 ms
2026-08-07 11:05:54.178 +02:00 [INF] MRA EIS POST "https://dev-eis-api.mra.mw/api/v1/utilities/ping"
2026-08-07 11:05:54.194 +02:00 [INF] MRA POST /api/v1/utilities/ping status=200 success=true durationMs=16
2026-08-07 11:05:54.197 +02:00 [INF] ART Diagnostic MraConnectivity MraEis 19 1: MRA ping ok in 19 ms.
2026-08-07 11:05:54.243 +02:00 [INF] MRA EIS POST "https://dev-eis-api.mra.mw/api/v1/utilities/ping"
2026-08-07 11:05:54.259 +02:00 [INF] MRA POST /api/v1/utilities/ping status=200 success=true durationMs=16
2026-08-07 11:05:54.262 +02:00 [INF] MRA connectivity restored — waking offline sync worker.
2026-08-07 11:05:54.262 +02:00 [INF] ART Diagnostic HealthCheck HealthCheckWorker 0 null: All subsystems healthy (SQL 0 ms, disk 33.64 GB free).
2026-08-07 11:05:55.855 +02:00 [INF] Inventory alert scan complete: 102 products, low=2, stockout=0, overstock=0, fast=0.
2026-08-07 11:06:09.452 +02:00 [INF] ART Diagnostic DatabaseLatency SqlExpress 1 null: Performance profile sample (FPS 0.0)
2026-08-07 11:06:11.274 +02:00 [INF] MRA EIS POST "https://dev-eis-api.mra.mw/api/v1/utilities/ping"
2026-08-07 11:06:11.940 +02:00 [INF] MRA POST /api/v1/utilities/ping status=200 success=true durationMs=672
2026-08-07 11:06:11.951 +02:00 [INF] MRA connectivity restored — waking offline sync worker.
2026-08-07 11:06:30.910 +02:00 [INF] ART Diagnostic DatabaseLatency SqlExpress 1 null: SQL round-trip 1 ms
2026-08-07 11:06:30.941 +02:00 [INF] MRA EIS POST "https://dev-eis-api.mra.mw/api/v1/utilities/ping"
2026-08-07 11:06:30.999 +02:00 [INF] MRA POST /api/v1/utilities/ping status=200 success=true durationMs=62
2026-08-07 11:06:31.007 +02:00 [INF] ART Diagnostic MraConnectivity MraEis 66 1: MRA ping ok in 66 ms.
2026-08-07 11:06:31.072 +02:00 [INF] MRA EIS POST "https://dev-eis-api.mra.mw/api/v1/utilities/ping"
2026-08-07 11:06:31.094 +02:00 [INF] MRA POST /api/v1/utilities/ping status=200 success=true durationMs=46
2026-08-07 11:06:31.108 +02:00 [INF] MRA connectivity restored — waking offline sync worker.
2026-08-07 11:06:31.108 +02:00 [INF] ART Diagnostic HealthCheck HealthCheckWorker 1 null: All subsystems healthy (SQL 1 ms, disk 33.64 GB free).
2026-08-07 11:06:31.187 +02:00 [INF] MRA EIS POST "https://dev-eis-api.mra.mw/api/v1/utilities/ping"
2026-08-07 11:06:31.213 +02:00 [INF] MRA POST /api/v1/utilities/ping status=200 success=true durationMs=31
2026-08-07 11:06:31.216 +02:00 [INF] MRA connectivity restored — waking offline sync worker.
2026-08-07 11:06:31.303 +02:00 [INF] ART Diagnostic WorkerHeartbeat SystemHealthMonitorService null null: All monitored subsystems healthy.
2026-08-07 11:06:31.319 +02:00 [INF] MRA EIS POST "https://dev-eis-api.mra.mw/api/v1/utilities/ping"
2026-08-07 11:06:31.349 +02:00 [INF] MRA POST /api/v1/utilities/ping status=200 success=true durationMs=46
2026-08-07 11:06:31.352 +02:00 [INF] MRA connectivity restored — waking offline sync worker.
2026-08-07 11:06:39.277 +02:00 [INF] ART Diagnostic WorkerHeartbeat HealthCheckWorker null null: Heartbeat
2026-08-07 11:06:39.335 +02:00 [INF] ART Diagnostic DatabaseLatency SqlExpress 13 null: SQL round-trip 13 ms
2026-08-07 11:06:39.362 +02:00 [INF] MRA EIS POST "https://dev-eis-api.mra.mw/api/v1/utilities/ping"
2026-08-07 11:06:39.395 +02:00 [INF] MRA POST /api/v1/utilities/ping status=200 success=true durationMs=47
2026-08-07 11:06:39.398 +02:00 [INF] ART Diagnostic MraConnectivity MraEis 36 1: MRA ping ok in 36 ms.
2026-08-07 11:06:39.565 +02:00 [INF] ART Diagnostic DatabaseLatency SqlExpress 38 null: Performance profile sample (FPS 0.0)
2026-08-07 11:06:39.618 +02:00 [INF] MRA EIS POST "https://dev-eis-api.mra.mw/api/v1/utilities/ping"
2026-08-07 11:06:39.641 +02:00 [INF] MRA POST /api/v1/utilities/ping status=200 success=true durationMs=16
2026-08-07 11:06:39.657 +02:00 [INF] MRA connectivity restored — waking offline sync worker.
2026-08-07 11:06:39.658 +02:00 [INF] ART Diagnostic HealthCheck HealthCheckWorker 13 null: All subsystems healthy (SQL 13 ms, disk 33.64 GB free).
2026-08-07 11:06:51.266 +02:00 [INF] MRA EIS POST "https://dev-eis-api.mra.mw/api/v1/utilities/ping"
2026-08-07 11:06:51.292 +02:00 [INF] MRA POST /api/v1/utilities/ping status=200 success=true durationMs=31
2026-08-07 11:06:51.295 +02:00 [INF] MRA connectivity restored — waking offline sync worker.
2026-08-07 11:06:51.297 +02:00 [INF] MRA EIS POST "https://dev-eis-api.mra.mw/api/v1/sales/last-submitted-offline-transaction"
2026-08-07 11:06:51.780 +02:00 [INF] MRA POST /api/v1/sales/last-submitted-offline-transaction status=200 success=true durationMs=484
2026-08-07 11:06:51.784 +02:00 [WRN] Unable to query last-submitted-offline-transaction for sequence check.
PointOfSale.Mra.Http.MraApiException: Invalid MRA EIS response JSON.
 ---> System.Text.Json.JsonException: The JSON value could not be converted to System.Decimal. Path: $.data.invoiceSummary.amountTendered | LineNumber: 0 | BytePositionInLine: 992.
 ---> System.InvalidOperationException: Cannot get the value of a token type 'Null' as a number.
   at System.Text.Json.ThrowHelper.ThrowInvalidOperationException_ExpectedNumber(JsonTokenType tokenType)
   at System.Text.Json.Serialization.Metadata.JsonPropertyInfo`1.ReadJsonAndSetMember(Object obj, ReadStack& state, Utf8JsonReader& reader)
   at System.Text.Json.Serialization.Converters.ObjectDefaultConverter`1.OnTryRead(Utf8JsonReader& reader, Type typeToConvert, JsonSerializerOptions options, ReadStack& state, T& value)
   at System.Text.Json.Serialization.JsonConverter`1.TryRead(Utf8JsonReader& reader, Type typeToConvert, JsonSerializerOptions options, ReadStack& state, T& value, Boolean& isPopulatedValue)
   at System.Text.Json.Serialization.Metadata.JsonPropertyInfo`1.ReadJsonAndSetMember(Object obj, ReadStack& state, Utf8JsonReader& reader)
   at System.Text.Json.Serialization.Converters.ObjectDefaultConverter`1.OnTryRead(Utf8JsonReader& reader, Type typeToConvert, JsonSerializerOptions options, ReadStack& state, T& value)
   at System.Text.Json.Serialization.JsonConverter`1.TryRead(Utf8JsonReader& reader, Type typeToConvert, JsonSerializerOptions options, ReadStack& state, T& value, Boolean& isPopulatedValue)
   at System.Text.Json.Serialization.Metadata.JsonPropertyInfo`1.ReadJsonAndSetMember(Object obj, ReadStack& state, Utf8JsonReader& reader)
   at System.Text.Json.Serialization.Converters.ObjectDefaultConverter`1.OnTryRead(Utf8JsonReader& reader, Type typeToConvert, JsonSerializerOptions options, ReadStack& state, T& value)
   at System.Text.Json.Serialization.JsonConverter`1.TryRead(Utf8JsonReader& reader, Type typeToConvert, JsonSerializerOptions options, ReadStack& state, T& value, Boolean& isPopulatedValue)
   at System.Text.Json.Serialization.JsonConverter`1.ReadCore(Utf8JsonReader& reader, JsonSerializerOptions options, ReadStack& state)
   --- End of inner exception stack trace ---
   at System.Text.Json.ThrowHelper.ReThrowWithPath(ReadStack& state, Utf8JsonReader& reader, Exception ex)
   at System.Text.Json.Serialization.JsonConverter`1.ReadCore(Utf8JsonReader& reader, JsonSerializerOptions options, ReadStack& state)
   at System.Text.Json.JsonSerializer.ReadFromSpan[TValue](ReadOnlySpan`1 json, JsonTypeInfo`1 jsonTypeInfo)
   at System.Text.Json.JsonSerializer.Deserialize[TValue](String json, JsonSerializerOptions options)
   at PointOfSale.Infrastructure.Services.MraApiClient.SendAsync[TResponse](HttpRequestMessage request, String auditRequestBody, CancellationToken cancellationToken) in C:\Users\Albert Zee\Documents\Projects\Point Of Sale\src\PointOfSale.Infrastructure\Services\MraApiClient.cs:line 309
   --- End of inner exception stack trace ---
   at PointOfSale.Infrastructure.Services.MraApiClient.SendAsync[TResponse](HttpRequestMessage request, String auditRequestBody, CancellationToken cancellationToken) in C:\Users\Albert Zee\Documents\Projects\Point Of Sale\src\PointOfSale.Infrastructure\Services\MraApiClient.cs:line 323
   at PointOfSale.Infrastructure.Services.MraApiClient.PostEmptyAsync[TResponse](String relativePath, MraRequestContext context, CancellationToken cancellationToken) in C:\Users\Albert Zee\Documents\Projects\Point Of Sale\src\PointOfSale.Infrastructure\Services\MraApiClient.cs:line 249
   at PointOfSale.Infrastructure.Services.SalesTransactionService.GetLastSubmittedTransactionAsync(String relativePath, String channelLabel, CancellationToken cancellationToken) in C:\Users\Albert Zee\Documents\Projects\Point Of Sale\src\PointOfSale.Infrastructure\Services\SalesTransactionService.cs:line 86
   at PointOfSale.Infrastructure.Services.SalesTransactionService.VerifySequenceContinuityAsync(Func`2 lookupFactory, String channelLabel, CancellationToken cancellationToken) in C:\Users\Albert Zee\Documents\Projects\Point Of Sale\src\PointOfSale.Infrastructure\Services\SalesTransactionService.cs:line 153
2026-08-07 11:06:55.918 +02:00 [INF] Inventory alert scan complete: 102 products, low=2, stockout=0, overstock=0, fast=0.
2026-08-07 11:07:09.582 +02:00 [INF] ART Diagnostic DatabaseLatency SqlExpress 0 null: Performance profile sample (FPS 0.0)
2026-08-07 11:07:12.046 +02:00 [INF] MRA EIS POST "https://dev-eis-api.mra.mw/api/v1/utilities/ping"
2026-08-07 11:07:15.240 +02:00 [INF] MRA POST /api/v1/utilities/ping status=200 success=true durationMs=3187
2026-08-07 11:07:15.272 +02:00 [INF] MRA connectivity restored — waking offline sync worker.
2026-08-07 11:07:16.324 +02:00 [INF] ART Diagnostic DatabaseLatency SqlExpress 3 null: SQL round-trip 3 ms
2026-08-07 11:07:16.337 +02:00 [INF] MRA EIS POST "https://dev-eis-api.mra.mw/api/v1/utilities/ping"
2026-08-07 11:07:16.378 +02:00 [INF] MRA POST /api/v1/utilities/ping status=200 success=true durationMs=31
2026-08-07 11:07:16.454 +02:00 [INF] ART Diagnostic MraConnectivity MraEis 117 1: MRA ping ok in 117 ms.
2026-08-07 11:07:16.613 +02:00 [INF] MRA EIS POST "https://dev-eis-api.mra.mw/api/v1/utilities/ping"
2026-08-07 11:07:16.657 +02:00 [INF] MRA POST /api/v1/utilities/ping status=200 success=true durationMs=47
2026-08-07 11:07:16.660 +02:00 [INF] MRA connectivity restored — waking offline sync worker.
2026-08-07 11:07:16.661 +02:00 [INF] ART Diagnostic HealthCheck HealthCheckWorker 3 null: All subsystems healthy (SQL 3 ms, disk 33.64 GB free).
2026-08-07 11:07:16.761 +02:00 [INF] MRA EIS POST "https://dev-eis-api.mra.mw/api/v1/utilities/ping"
2026-08-07 11:07:16.788 +02:00 [INF] MRA POST /api/v1/utilities/ping status=200 success=true durationMs=47
2026-08-07 11:07:16.791 +02:00 [INF] MRA connectivity restored — waking offline sync worker.
2026-08-07 11:07:16.845 +02:00 [INF] ART Diagnostic WorkerHeartbeat SystemHealthMonitorService null null: All monitored subsystems healthy.
2026-08-07 11:07:24.681 +02:00 [INF] ART Diagnostic WorkerHeartbeat HealthCheckWorker null null: Heartbeat
2026-08-07 11:07:24.701 +02:00 [INF] ART Diagnostic DatabaseLatency SqlExpress 1 null: SQL round-trip 1 ms
2026-08-07 11:07:24.722 +02:00 [INF] MRA EIS POST "https://dev-eis-api.mra.mw/api/v1/utilities/ping"
2026-08-07 11:07:24.766 +02:00 [INF] MRA POST /api/v1/utilities/ping status=200 success=true durationMs=47
2026-08-07 11:07:24.782 +02:00 [INF] ART Diagnostic MraConnectivity MraEis 59 1: MRA ping ok in 59 ms.
2026-08-07 11:07:24.884 +02:00 [INF] MRA EIS POST "https://dev-eis-api.mra.mw/api/v1/utilities/ping"
2026-08-07 11:07:24.952 +02:00 [INF] MRA POST /api/v1/utilities/ping status=200 success=true durationMs=62
2026-08-07 11:07:25.421 +02:00 [INF] MRA connectivity restored — waking offline sync worker.
2026-08-07 11:07:25.422 +02:00 [INF] ART Diagnostic HealthCheck HealthCheckWorker 1 null: All subsystems healthy (SQL 1 ms, disk 33.64 GB free).
2026-08-07 11:07:31.293 +02:00 [INF] MRA EIS POST "https://dev-eis-api.mra.mw/api/v1/utilities/ping"
2026-08-07 11:07:31.318 +02:00 [INF] MRA POST /api/v1/utilities/ping status=200 success=true durationMs=32
2026-08-07 11:07:31.321 +02:00 [INF] MRA connectivity restored — waking offline sync worker.
2026-08-07 11:07:39.619 +02:00 [INF] ART Diagnostic DatabaseLatency SqlExpress 0 null: Performance profile sample (FPS 0.0)
2026-08-07 11:07:51.266 +02:00 [INF] MRA EIS POST "https://dev-eis-api.mra.mw/api/v1/utilities/ping"
2026-08-07 11:07:51.295 +02:00 [INF] MRA POST /api/v1/utilities/ping status=200 success=true durationMs=31
2026-08-07 11:07:51.298 +02:00 [INF] MRA connectivity restored — waking offline sync worker.
2026-08-07 11:07:55.980 +02:00 [INF] Inventory alert scan complete: 102 products, low=2, stockout=0, overstock=0, fast=0.
2026-08-07 11:08:01.840 +02:00 [INF] ART Diagnostic DatabaseLatency SqlExpress 0 null: SQL round-trip 0 ms
2026-08-07 11:08:01.845 +02:00 [INF] MRA EIS POST "https://dev-eis-api.mra.mw/api/v1/utilities/ping"
2026-08-07 11:08:01.873 +02:00 [INF] MRA POST /api/v1/utilities/ping status=200 success=true durationMs=31
2026-08-07 11:08:01.876 +02:00 [INF] ART Diagnostic MraConnectivity MraEis 30 1: MRA ping ok in 30 ms.
2026-08-07 11:08:01.934 +02:00 [INF] MRA EIS POST "https://dev-eis-api.mra.mw/api/v1/utilities/ping"
2026-08-07 11:08:01.961 +02:00 [INF] MRA POST /api/v1/utilities/ping status=200 success=true durationMs=47
2026-08-07 11:08:01.964 +02:00 [INF] MRA connectivity restored — waking offline sync worker.
2026-08-07 11:08:01.965 +02:00 [INF] ART Diagnostic HealthCheck HealthCheckWorker 0 null: All subsystems healthy (SQL 0 ms, disk 33.64 GB free).
2026-08-07 11:08:02.027 +02:00 [INF] MRA EIS POST "https://dev-eis-api.mra.mw/api/v1/utilities/ping"
2026-08-07 11:08:06.948 +02:00 [INF] MRA POST /api/v1/utilities/ping status=200 success=true durationMs=4907
2026-08-07 11:08:06.958 +02:00 [INF] MRA connectivity restored — waking offline sync worker.
2026-08-07 11:08:07.012 +02:00 [INF] ART Diagnostic WorkerHeartbeat SystemHealthMonitorService null null: All monitored subsystems healthy.
2026-08-07 11:08:09.631 +02:00 [INF] ART Diagnostic DatabaseLatency SqlExpress 0 null: Performance profile sample (FPS 0.0)
2026-08-07 11:08:10.485 +02:00 [INF] ART Diagnostic WorkerHeartbeat HealthCheckWorker null null: Heartbeat
2026-08-07 11:08:10.495 +02:00 [INF] ART Diagnostic DatabaseLatency SqlExpress 1 null: SQL round-trip 1 ms
2026-08-07 11:08:10.517 +02:00 [INF] MRA EIS POST "https://dev-eis-api.mra.mw/api/v1/utilities/ping"
2026-08-07 11:08:10.545 +02:00 [INF] MRA POST /api/v1/utilities/ping status=200 success=true durationMs=31
2026-08-07 11:08:10.548 +02:00 [INF] ART Diagnostic MraConnectivity MraEis 30 1: MRA ping ok in 30 ms.
2026-08-07 11:08:10.606 +02:00 [INF] MRA EIS POST "https://dev-eis-api.mra.mw/api/v1/utilities/ping"
2026-08-07 11:08:10.629 +02:00 [INF] MRA POST /api/v1/utilities/ping status=200 success=true durationMs=16
2026-08-07 11:08:10.632 +02:00 [INF] MRA connectivity restored — waking offline sync worker.
2026-08-07 11:08:10.633 +02:00 [INF] ART Diagnostic HealthCheck HealthCheckWorker 1 null: All subsystems healthy (SQL 1 ms, disk 33.64 GB free).
2026-08-07 11:08:11.281 +02:00 [INF] MRA EIS POST "https://dev-eis-api.mra.mw/api/v1/utilities/ping"
2026-08-07 11:08:12.125 +02:00 [INF] MRA POST /api/v1/utilities/ping status=200 success=true durationMs=844
2026-08-07 11:08:12.129 +02:00 [INF] MRA connectivity restored — waking offline sync worker.
2026-08-07 11:08:27.152 +02:00 [INF] MRA EIS POST "https://dev-eis-api.mra.mw/api/v1/sales/last-submitted-offline-transaction"
2026-08-07 11:08:27.610 +02:00 [INF] MRA POST /api/v1/sales/last-submitted-offline-transaction status=200 success=true durationMs=453
2026-08-07 11:08:27.620 +02:00 [WRN] Unable to query last-submitted-offline-transaction for sequence check.
PointOfSale.Mra.Http.MraApiException: Invalid MRA EIS response JSON.
 ---> System.Text.Json.JsonException: The JSON value could not be converted to System.Decimal. Path: $.data.invoiceSummary.amountTendered | LineNumber: 0 | BytePositionInLine: 992.
 ---> System.InvalidOperationException: Cannot get the value of a token type 'Null' as a number.
   at System.Text.Json.ThrowHelper.ThrowInvalidOperationException_ExpectedNumber(JsonTokenType tokenType)
   at System.Text.Json.Serialization.Metadata.JsonPropertyInfo`1.ReadJsonAndSetMember(Object obj, ReadStack& state, Utf8JsonReader& reader)
   at System.Text.Json.Serialization.Converters.ObjectDefaultConverter`1.OnTryRead(Utf8JsonReader& reader, Type typeToConvert, JsonSerializerOptions options, ReadStack& state, T& value)
   at System.Text.Json.Serialization.JsonConverter`1.TryRead(Utf8JsonReader& reader, Type typeToConvert, JsonSerializerOptions options, ReadStack& state, T& value, Boolean& isPopulatedValue)
   at System.Text.Json.Serialization.Metadata.JsonPropertyInfo`1.ReadJsonAndSetMember(Object obj, ReadStack& state, Utf8JsonReader& reader)
   at System.Text.Json.Serialization.Converters.ObjectDefaultConverter`1.OnTryRead(Utf8JsonReader& reader, Type typeToConvert, JsonSerializerOptions options, ReadStack& state, T& value)
   at System.Text.Json.Serialization.JsonConverter`1.TryRead(Utf8JsonReader& reader, Type typeToConvert, JsonSerializerOptions options, ReadStack& state, T& value, Boolean& isPopulatedValue)
   at System.Text.Json.Serialization.Metadata.JsonPropertyInfo`1.ReadJsonAndSetMember(Object obj, ReadStack& state, Utf8JsonReader& reader)
   at System.Text.Json.Serialization.Converters.ObjectDefaultConverter`1.OnTryRead(Utf8JsonReader& reader, Type typeToConvert, JsonSerializerOptions options, ReadStack& state, T& value)
   at System.Text.Json.Serialization.JsonConverter`1.TryRead(Utf8JsonReader& reader, Type typeToConvert, JsonSerializerOptions options, ReadStack& state, T& value, Boolean& isPopulatedValue)
   at System.Text.Json.Serialization.JsonConverter`1.ReadCore(Utf8JsonReader& reader, JsonSerializerOptions options, ReadStack& state)
   --- End of inner exception stack trace ---
   at System.Text.Json.ThrowHelper.ReThrowWithPath(ReadStack& state, Utf8JsonReader& reader, Exception ex)
   at System.Text.Json.Serialization.JsonConverter`1.ReadCore(Utf8JsonReader& reader, JsonSerializerOptions options, ReadStack& state)
   at System.Text.Json.JsonSerializer.ReadFromSpan[TValue](ReadOnlySpan`1 json, JsonTypeInfo`1 jsonTypeInfo)
   at System.Text.Json.JsonSerializer.Deserialize[TValue](String json, JsonSerializerOptions options)
   at PointOfSale.Infrastructure.Services.MraApiClient.SendAsync[TResponse](HttpRequestMessage request, String auditRequestBody, CancellationToken cancellationToken) in C:\Users\Albert Zee\Documents\Projects\Point Of Sale\src\PointOfSale.Infrastructure\Services\MraApiClient.cs:line 309
   --- End of inner exception stack trace ---
   at PointOfSale.Infrastructure.Services.MraApiClient.SendAsync[TResponse](HttpRequestMessage request, String auditRequestBody, CancellationToken cancellationToken) in C:\Users\Albert Zee\Documents\Projects\Point Of Sale\src\PointOfSale.Infrastructure\Services\MraApiClient.cs:line 323
   at PointOfSale.Infrastructure.Services.MraApiClient.PostEmptyAsync[TResponse](String relativePath, MraRequestContext context, CancellationToken cancellationToken) in C:\Users\Albert Zee\Documents\Projects\Point Of Sale\src\PointOfSale.Infrastructure\Services\MraApiClient.cs:line 249
   at PointOfSale.Infrastructure.Services.SalesTransactionService.GetLastSubmittedTransactionAsync(String relativePath, String channelLabel, CancellationToken cancellationToken) in C:\Users\Albert Zee\Documents\Projects\Point Of Sale\src\PointOfSale.Infrastructure\Services\SalesTransactionService.cs:line 86
   at PointOfSale.Infrastructure.Services.SalesTransactionService.VerifySequenceContinuityAsync(Func`2 lookupFactory, String channelLabel, CancellationToken cancellationToken) in C:\Users\Albert Zee\Documents\Projects\Point Of Sale\src\PointOfSale.Infrastructure\Services\SalesTransactionService.cs:line 153
2026-08-07 11:08:31.306 +02:00 [INF] MRA EIS POST "https://dev-eis-api.mra.mw/api/v1/utilities/ping"
2026-08-07 11:08:34.399 +02:00 [INF] MRA POST /api/v1/utilities/ping status=200 success=true durationMs=3093
2026-08-07 11:08:34.406 +02:00 [INF] MRA connectivity restored — waking offline sync worker.
2026-08-07 11:08:39.655 +02:00 [INF] ART Diagnostic DatabaseLatency SqlExpress 0 null: Performance profile sample (FPS 0.0)
2026-08-07 11:08:51.298 +02:00 [INF] MRA EIS POST "https://dev-eis-api.mra.mw/api/v1/utilities/ping"
2026-08-07 11:08:51.318 +02:00 [INF] MRA POST /api/v1/utilities/ping status=200 success=true durationMs=16
2026-08-07 11:08:51.322 +02:00 [INF] MRA connectivity restored — waking offline sync worker.
2026-08-07 11:08:52.015 +02:00 [INF] ART Diagnostic DatabaseLatency SqlExpress 2 null: SQL round-trip 2 ms
2026-08-07 11:08:52.249 +02:00 [INF] MRA EIS POST "https://dev-eis-api.mra.mw/api/v1/utilities/ping"
2026-08-07 11:08:52.267 +02:00 [INF] MRA POST /api/v1/utilities/ping status=200 success=true durationMs=16
2026-08-07 11:08:52.317 +02:00 [INF] ART Diagnostic MraConnectivity MraEis 68 1: MRA ping ok in 68 ms.
2026-08-07 11:08:52.380 +02:00 [INF] MRA EIS POST "https://dev-eis-api.mra.mw/api/v1/utilities/ping"
2026-08-07 11:08:54.303 +02:00 [INF] MRA POST /api/v1/utilities/ping status=200 success=true durationMs=1922
2026-08-07 11:08:54.311 +02:00 [INF] MRA connectivity restored — waking offline sync worker.
2026-08-07 11:08:54.311 +02:00 [INF] ART Diagnostic HealthCheck HealthCheckWorker 2 null: All subsystems healthy (SQL 2 ms, disk 33.64 GB free).
2026-08-07 11:08:54.452 +02:00 [INF] MRA EIS POST "https://dev-eis-api.mra.mw/api/v1/utilities/ping"
2026-08-07 11:08:54.491 +02:00 [INF] MRA POST /api/v1/utilities/ping status=200 success=true durationMs=31
2026-08-07 11:08:54.520 +02:00 [INF] MRA connectivity restored — waking offline sync worker.
2026-08-07 11:08:54.583 +02:00 [INF] ART Diagnostic WorkerHeartbeat SystemHealthMonitorService null null: All monitored subsystems healthy.
2026-08-07 11:08:55.687 +02:00 [INF] ART Diagnostic WorkerHeartbeat HealthCheckWorker null null: Heartbeat
2026-08-07 11:08:55.861 +02:00 [INF] ART Diagnostic DatabaseLatency SqlExpress 2 null: SQL round-trip 2 ms
2026-08-07 11:08:55.875 +02:00 [INF] MRA EIS POST "https://dev-eis-api.mra.mw/api/v1/utilities/ping"
2026-08-07 11:08:55.913 +02:00 [INF] MRA POST /api/v1/utilities/ping status=200 success=true durationMs=31
2026-08-07 11:08:55.947 +02:00 [INF] ART Diagnostic MraConnectivity MraEis 72 1: MRA ping ok in 72 ms.
2026-08-07 11:08:56.014 +02:00 [INF] MRA EIS POST "https://dev-eis-api.mra.mw/api/v1/utilities/ping"
2026-08-07 11:08:56.036 +02:00 [INF] MRA POST /api/v1/utilities/ping status=200 success=true durationMs=15
2026-08-07 11:08:56.046 +02:00 [INF] Inventory alert scan complete: 102 products, low=2, stockout=0, overstock=0, fast=0.
2026-08-07 11:08:56.048 +02:00 [INF] MRA connectivity restored — waking offline sync worker.
2026-08-07 11:08:56.048 +02:00 [INF] ART Diagnostic HealthCheck HealthCheckWorker 2 null: All subsystems healthy (SQL 2 ms, disk 33.64 GB free).
2026-08-07 11:09:09.675 +02:00 [INF] ART Diagnostic DatabaseLatency SqlExpress 0 null: Performance profile sample (FPS 0.0)
2026-08-07 11:09:11.272 +02:00 [INF] MRA EIS POST "https://dev-eis-api.mra.mw/api/v1/utilities/ping"
2026-08-07 11:09:11.292 +02:00 [INF] MRA POST /api/v1/utilities/ping status=200 success=true durationMs=16
2026-08-07 11:09:11.295 +02:00 [INF] MRA connectivity restored — waking offline sync worker.
2026-08-07 11:09:31.364 +02:00 [INF] MRA EIS POST "https://dev-eis-api.mra.mw/api/v1/utilities/ping"
2026-08-07 11:09:31.420 +02:00 [INF] MRA POST /api/v1/utilities/ping status=200 success=true durationMs=63
2026-08-07 11:09:31.432 +02:00 [INF] MRA connectivity restored — waking offline sync worker.
2026-08-07 11:09:39.583 +02:00 [INF] ART Diagnostic DatabaseLatency SqlExpress 0 null: SQL round-trip 0 ms
2026-08-07 11:09:39.594 +02:00 [INF] MRA EIS POST "https://dev-eis-api.mra.mw/api/v1/utilities/ping"
2026-08-07 11:09:39.700 +02:00 [INF] ART Diagnostic DatabaseLatency SqlExpress 0 null: Performance profile sample (FPS 0.0)
2026-08-07 11:09:41.048 +02:00 [INF] ART Diagnostic WorkerHeartbeat HealthCheckWorker null null: Heartbeat
2026-08-07 11:09:41.053 +02:00 [INF] ART Diagnostic DatabaseLatency SqlExpress 0 null: SQL round-trip 0 ms
2026-08-07 11:09:41.057 +02:00 [INF] MRA EIS POST "https://dev-eis-api.mra.mw/api/v1/utilities/ping"
2026-08-07 11:09:41.106 +02:00 [INF] MRA POST /api/v1/utilities/ping status=200 success=true durationMs=46
2026-08-07 11:09:41.145 +02:00 [INF] ART Diagnostic MraConnectivity MraEis 87 1: MRA ping ok in 87 ms.
2026-08-07 11:09:41.277 +02:00 [INF] MRA EIS POST "https://dev-eis-api.mra.mw/api/v1/utilities/ping"
2026-08-07 11:09:41.304 +02:00 [INF] MRA POST /api/v1/utilities/ping status=200 success=true durationMs=32
2026-08-07 11:09:41.355 +02:00 [INF] MRA connectivity restored — waking offline sync worker.
2026-08-07 11:09:41.356 +02:00 [INF] ART Diagnostic HealthCheck HealthCheckWorker 0 null: All subsystems healthy (SQL 0 ms, disk 33.63 GB free).
2026-08-07 11:09:42.686 +02:00 [INF] MRA POST /api/v1/utilities/ping status=200 success=true durationMs=3094
2026-08-07 11:09:42.708 +02:00 [INF] ART Diagnostic MraConnectivity MraEis 3114 1: MRA ping ok in 3114 ms.
2026-08-07 11:09:42.803 +02:00 [INF] MRA EIS POST "https://dev-eis-api.mra.mw/api/v1/utilities/ping"
2026-08-07 11:09:42.824 +02:00 [INF] MRA POST /api/v1/utilities/ping status=200 success=true durationMs=15
2026-08-07 11:09:42.827 +02:00 [INF] MRA connectivity restored — waking offline sync worker.
2026-08-07 11:09:42.828 +02:00 [INF] ART Diagnostic HealthCheck HealthCheckWorker 0 null: All subsystems healthy (SQL 0 ms, disk 33.63 GB free).
2026-08-07 11:09:42.911 +02:00 [INF] MRA EIS POST "https://dev-eis-api.mra.mw/api/v1/utilities/ping"
2026-08-07 11:09:42.928 +02:00 [INF] MRA POST /api/v1/utilities/ping status=200 success=true durationMs=0
2026-08-07 11:09:42.935 +02:00 [INF] MRA connectivity restored — waking offline sync worker.
2026-08-07 11:09:43.006 +02:00 [INF] ART Diagnostic WorkerHeartbeat SystemHealthMonitorService null null: All monitored subsystems healthy.
2026-08-07 11:09:51.343 +02:00 [INF] MRA EIS POST "https://dev-eis-api.mra.mw/api/v1/utilities/ping"
2026-08-07 11:09:51.376 +02:00 [INF] MRA POST /api/v1/utilities/ping status=200 success=true durationMs=31
2026-08-07 11:09:51.664 +02:00 [INF] MRA connectivity restored — waking offline sync worker.
2026-08-07 11:09:56.140 +02:00 [INF] Inventory alert scan complete: 102 products, low=2, stockout=0, overstock=0, fast=0.
2026-08-07 11:10:06.754 +02:00 [INF] MRA EIS POST "https://dev-eis-api.mra.mw/api/v1/sales/last-submitted-offline-transaction"
2026-08-07 11:10:07.201 +02:00 [INF] MRA POST /api/v1/sales/last-submitted-offline-transaction status=200 success=true durationMs=453
2026-08-07 11:10:07.223 +02:00 [WRN] Unable to query last-submitted-offline-transaction for sequence check.
PointOfSale.Mra.Http.MraApiException: Invalid MRA EIS response JSON.
 ---> System.Text.Json.JsonException: The JSON value could not be converted to System.Decimal. Path: $.data.invoiceSummary.amountTendered | LineNumber: 0 | BytePositionInLine: 992.
 ---> System.InvalidOperationException: Cannot get the value of a token type 'Null' as a number.
   at System.Text.Json.ThrowHelper.ThrowInvalidOperationException_ExpectedNumber(JsonTokenType tokenType)
   at System.Text.Json.Serialization.Metadata.JsonPropertyInfo`1.ReadJsonAndSetMember(Object obj, ReadStack& state, Utf8JsonReader& reader)
   at System.Text.Json.Serialization.Converters.ObjectDefaultConverter`1.OnTryRead(Utf8JsonReader& reader, Type typeToConvert, JsonSerializerOptions options, ReadStack& state, T& value)
   at System.Text.Json.Serialization.JsonConverter`1.TryRead(Utf8JsonReader& reader, Type typeToConvert, JsonSerializerOptions options, ReadStack& state, T& value, Boolean& isPopulatedValue)
   at System.Text.Json.Serialization.Metadata.JsonPropertyInfo`1.ReadJsonAndSetMember(Object obj, ReadStack& state, Utf8JsonReader& reader)
   at System.Text.Json.Serialization.Converters.ObjectDefaultConverter`1.OnTryRead(Utf8JsonReader& reader, Type typeToConvert, JsonSerializerOptions options, ReadStack& state, T& value)
   at System.Text.Json.Serialization.JsonConverter`1.TryRead(Utf8JsonReader& reader, Type typeToConvert, JsonSerializerOptions options, ReadStack& state, T& value, Boolean& isPopulatedValue)
   at System.Text.Json.Serialization.Metadata.JsonPropertyInfo`1.ReadJsonAndSetMember(Object obj, ReadStack& state, Utf8JsonReader& reader)
   at System.Text.Json.Serialization.Converters.ObjectDefaultConverter`1.OnTryRead(Utf8JsonReader& reader, Type typeToConvert, JsonSerializerOptions options, ReadStack& state, T& value)
   at System.Text.Json.Serialization.JsonConverter`1.TryRead(Utf8JsonReader& reader, Type typeToConvert, JsonSerializerOptions options, ReadStack& state, T& value, Boolean& isPopulatedValue)
   at System.Text.Json.Serialization.JsonConverter`1.ReadCore(Utf8JsonReader& reader, JsonSerializerOptions options, ReadStack& state)
   --- End of inner exception stack trace ---
   at System.Text.Json.ThrowHelper.ReThrowWithPath(ReadStack& state, Utf8JsonReader& reader, Exception ex)
   at System.Text.Json.Serialization.JsonConverter`1.ReadCore(Utf8JsonReader& reader, JsonSerializerOptions options, ReadStack& state)
   at System.Text.Json.JsonSerializer.ReadFromSpan[TValue](ReadOnlySpan`1 json, JsonTypeInfo`1 jsonTypeInfo)
   at System.Text.Json.JsonSerializer.Deserialize[TValue](String json, JsonSerializerOptions options)
   at PointOfSale.Infrastructure.Services.MraApiClient.SendAsync[TResponse](HttpRequestMessage request, String auditRequestBody, CancellationToken cancellationToken) in C:\Users\Albert Zee\Documents\Projects\Point Of Sale\src\PointOfSale.Infrastructure\Services\MraApiClient.cs:line 309
   --- End of inner exception stack trace ---
   at PointOfSale.Infrastructure.Services.MraApiClient.SendAsync[TResponse](HttpRequestMessage request, String auditRequestBody, CancellationToken cancellationToken) in C:\Users\Albert Zee\Documents\Projects\Point Of Sale\src\PointOfSale.Infrastructure\Services\MraApiClient.cs:line 323
   at PointOfSale.Infrastructure.Services.MraApiClient.PostEmptyAsync[TResponse](String relativePath, MraRequestContext context, CancellationToken cancellationToken) in C:\Users\Albert Zee\Documents\Projects\Point Of Sale\src\PointOfSale.Infrastructure\Services\MraApiClient.cs:line 249
   at PointOfSale.Infrastructure.Services.SalesTransactionService.GetLastSubmittedTransactionAsync(String relativePath, String channelLabel, CancellationToken cancellationToken) in C:\Users\Albert Zee\Documents\Projects\Point Of Sale\src\PointOfSale.Infrastructure\Services\SalesTransactionService.cs:line 86
   at PointOfSale.Infrastructure.Services.SalesTransactionService.VerifySequenceContinuityAsync(Func`2 lookupFactory, String channelLabel, CancellationToken cancellationToken) in C:\Users\Albert Zee\Documents\Projects\Point Of Sale\src\PointOfSale.Infrastructure\Services\SalesTransactionService.cs:line 153
2026-08-07 11:10:09.729 +02:00 [INF] ART Diagnostic DatabaseLatency SqlExpress 0 null: Performance profile sample (FPS 0.0)
2026-08-07 11:10:11.270 +02:00 [INF] MRA EIS POST "https://dev-eis-api.mra.mw/api/v1/utilities/ping"
2026-08-07 11:10:11.295 +02:00 [INF] MRA POST /api/v1/utilities/ping status=200 success=true durationMs=31
2026-08-07 11:10:11.311 +02:00 [INF] MRA connectivity restored — waking offline sync worker.
2026-08-07 11:10:26.405 +02:00 [INF] ART Diagnostic WorkerHeartbeat HealthCheckWorker null null: Heartbeat
2026-08-07 11:10:26.494 +02:00 [INF] ART Diagnostic DatabaseLatency SqlExpress 0 null: SQL round-trip 0 ms
2026-08-07 11:10:26.660 +02:00 [INF] MRA EIS POST "https://dev-eis-api.mra.mw/api/v1/utilities/ping"
2026-08-07 11:10:26.690 +02:00 [INF] MRA POST /api/v1/utilities/ping status=200 success=true durationMs=32
2026-08-07 11:10:26.828 +02:00 [INF] ART Diagnostic MraConnectivity MraEis 167 1: MRA ping ok in 167 ms.
2026-08-07 11:10:27.002 +02:00 [INF] MRA EIS POST "https://dev-eis-api.mra.mw/api/v1/utilities/ping"
2026-08-07 11:10:27.025 +02:00 [INF] MRA POST /api/v1/utilities/ping status=200 success=true durationMs=15
2026-08-07 11:10:27.310 +02:00 [INF] MRA connectivity restored — waking offline sync worker.
2026-08-07 11:10:27.311 +02:00 [INF] ART Diagnostic HealthCheck HealthCheckWorker 0 null: All subsystems healthy (SQL 0 ms, disk 33.59 GB free).
2026-08-07 11:10:28.022 +02:00 [INF] ART Diagnostic DatabaseLatency SqlExpress 0 null: SQL round-trip 0 ms
2026-08-07 11:10:28.561 +02:00 [INF] MRA EIS POST "https://dev-eis-api.mra.mw/api/v1/utilities/ping"
2026-08-07 11:10:31.283 +02:00 [INF] MRA EIS POST "https://dev-eis-api.mra.mw/api/v1/utilities/ping"
2026-08-07 11:10:31.314 +02:00 [INF] MRA POST /api/v1/utilities/ping status=200 success=true durationMs=32
2026-08-07 11:10:31.356 +02:00 [INF] MRA connectivity restored — waking offline sync worker.
2026-08-07 11:10:31.645 +02:00 [INF] MRA POST /api/v1/utilities/ping status=200 success=true durationMs=3078
2026-08-07 11:10:31.776 +02:00 [INF] ART Diagnostic MraConnectivity MraEis 3214 1: MRA ping ok in 3214 ms.
2026-08-07 11:10:32.122 +02:00 [INF] MRA EIS POST "https://dev-eis-api.mra.mw/api/v1/utilities/ping"
2026-08-07 11:10:32.153 +02:00 [INF] MRA POST /api/v1/utilities/ping status=200 success=true durationMs=31
2026-08-07 11:10:32.461 +02:00 [INF] MRA connectivity restored — waking offline sync worker.
2026-08-07 11:10:32.514 +02:00 [INF] ART Diagnostic HealthCheck HealthCheckWorker 0 null: All subsystems healthy (SQL 0 ms, disk 33.58 GB free).
2026-08-07 11:10:32.843 +02:00 [INF] MRA EIS POST "https://dev-eis-api.mra.mw/api/v1/utilities/ping"
2026-08-07 11:10:32.862 +02:00 [INF] MRA POST /api/v1/utilities/ping status=200 success=true durationMs=15
2026-08-07 11:10:33.249 +02:00 [INF] MRA connectivity restored — waking offline sync worker.
2026-08-07 11:10:33.310 +02:00 [INF] ART Diagnostic WorkerHeartbeat SystemHealthMonitorService null null: All monitored subsystems healthy.
2026-08-07 11:10:39.796 +02:00 [INF] ART Diagnostic DatabaseLatency SqlExpress 0 null: Performance profile sample (FPS 0.0)
2026-08-07 11:10:51.353 +02:00 [INF] MRA EIS POST "https://dev-eis-api.mra.mw/api/v1/utilities/ping"
2026-08-07 11:10:51.388 +02:00 [INF] MRA POST /api/v1/utilities/ping status=200 success=true durationMs=32
2026-08-07 11:10:51.423 +02:00 [INF] MRA connectivity restored — waking offline sync worker.
2026-08-07 11:10:56.388 +02:00 [INF] Inventory alert scan complete: 102 products, low=2, stockout=0, overstock=0, fast=0.
2026-08-07 11:11:10.752 +02:00 [INF] ART Diagnostic DatabaseLatency SqlExpress 1 null: Performance profile sample (FPS 0.0)
2026-08-07 11:11:11.352 +02:00 [INF] MRA EIS POST "https://dev-eis-api.mra.mw/api/v1/utilities/ping"
2026-08-07 11:11:11.404 +02:00 [INF] MRA POST /api/v1/utilities/ping status=200 success=true durationMs=47
2026-08-07 11:11:11.438 +02:00 [INF] MRA connectivity restored — waking offline sync worker.
2026-08-07 11:11:12.518 +02:00 [INF] ART Diagnostic WorkerHeartbeat HealthCheckWorker null null: Heartbeat
2026-08-07 11:11:12.634 +02:00 [INF] ART Diagnostic DatabaseLatency SqlExpress 37 null: SQL round-trip 37 ms
2026-08-07 11:11:12.805 +02:00 [INF] MRA EIS POST "https://dev-eis-api.mra.mw/api/v1/utilities/ping"
2026-08-07 11:11:15.363 +02:00 [INF] MRA POST /api/v1/utilities/ping status=200 success=true durationMs=2562
2026-08-07 11:11:15.371 +02:00 [INF] ART Diagnostic MraConnectivity MraEis 2565 1: MRA ping ok in 2565 ms.
2026-08-07 11:11:15.664 +02:00 [INF] MRA EIS POST "https://dev-eis-api.mra.mw/api/v1/utilities/ping"
2026-08-07 11:11:15.706 +02:00 [INF] MRA POST /api/v1/utilities/ping status=200 success=true durationMs=47
2026-08-07 11:11:15.774 +02:00 [INF] MRA connectivity restored — waking offline sync worker.
2026-08-07 11:11:15.774 +02:00 [INF] ART Diagnostic HealthCheck HealthCheckWorker 37 null: All subsystems healthy (SQL 37 ms, disk 33.56 GB free).
2026-08-07 11:11:18.929 +02:00 [INF] ART Diagnostic DatabaseLatency SqlExpress 162 null: SQL round-trip 162 ms
2026-08-07 11:11:19.421 +02:00 [INF] MRA EIS POST "https://dev-eis-api.mra.mw/api/v1/utilities/ping"
2026-08-07 11:11:19.447 +02:00 [INF] MRA POST /api/v1/utilities/ping status=200 success=true durationMs=31
2026-08-07 11:11:20.063 +02:00 [INF] ART Diagnostic MraConnectivity MraEis 641 1: MRA ping ok in 641 ms.
2026-08-07 11:11:20.212 +02:00 [INF] MRA EIS POST "https://dev-eis-api.mra.mw/api/v1/utilities/ping"
2026-08-07 11:11:20.238 +02:00 [INF] MRA POST /api/v1/utilities/ping status=200 success=true durationMs=31
2026-08-07 11:11:20.329 +02:00 [INF] MRA connectivity restored — waking offline sync worker.
2026-08-07 11:11:20.337 +02:00 [INF] ART Diagnostic HealthCheck HealthCheckWorker 162 null: All subsystems healthy (SQL 162 ms, disk 33.56 GB free).
2026-08-07 11:11:20.454 +02:00 [INF] MRA EIS POST "https://dev-eis-api.mra.mw/api/v1/utilities/ping"
2026-08-07 11:11:21.254 +02:00 [INF] MRA POST /api/v1/utilities/ping status=200 success=true durationMs=797
2026-08-07 11:11:21.789 +02:00 [INF] MRA connectivity restored — waking offline sync worker.
2026-08-07 11:11:21.978 +02:00 [INF] ART Diagnostic WorkerHeartbeat SystemHealthMonitorService null null: All monitored subsystems healthy.
2026-08-07 11:11:31.432 +02:00 [INF] MRA EIS POST "https://dev-eis-api.mra.mw/api/v1/utilities/ping"
2026-08-07 11:11:31.491 +02:00 [INF] MRA POST /api/v1/utilities/ping status=200 success=true durationMs=62
2026-08-07 11:11:31.529 +02:00 [INF] MRA connectivity restored — waking offline sync worker.
2026-08-07 11:11:42.144 +02:00 [INF] ART Diagnostic DatabaseLatency SqlExpress 360 null: Performance profile sample (FPS 0.0)
2026-08-07 11:11:47.226 +02:00 [INF] MRA EIS POST "https://dev-eis-api.mra.mw/api/v1/sales/last-submitted-offline-transaction"
2026-08-07 11:11:48.196 +02:00 [INF] MRA POST /api/v1/sales/last-submitted-offline-transaction status=200 success=true durationMs=969
2026-08-07 11:11:48.646 +02:00 [WRN] Unable to query last-submitted-offline-transaction for sequence check.
PointOfSale.Mra.Http.MraApiException: Invalid MRA EIS response JSON.
 ---> System.Text.Json.JsonException: The JSON value could not be converted to System.Decimal. Path: $.data.invoiceSummary.amountTendered | LineNumber: 0 | BytePositionInLine: 992.
 ---> System.InvalidOperationException: Cannot get the value of a token type 'Null' as a number.
   at System.Text.Json.ThrowHelper.ThrowInvalidOperationException_ExpectedNumber(JsonTokenType tokenType)
   at System.Text.Json.Serialization.Metadata.JsonPropertyInfo`1.ReadJsonAndSetMember(Object obj, ReadStack& state, Utf8JsonReader& reader)
   at System.Text.Json.Serialization.Converters.ObjectDefaultConverter`1.OnTryRead(Utf8JsonReader& reader, Type typeToConvert, JsonSerializerOptions options, ReadStack& state, T& value)
   at System.Text.Json.Serialization.JsonConverter`1.TryRead(Utf8JsonReader& reader, Type typeToConvert, JsonSerializerOptions options, ReadStack& state, T& value, Boolean& isPopulatedValue)
   at System.Text.Json.Serialization.Metadata.JsonPropertyInfo`1.ReadJsonAndSetMember(Object obj, ReadStack& state, Utf8JsonReader& reader)
   at System.Text.Json.Serialization.Converters.ObjectDefaultConverter`1.OnTryRead(Utf8JsonReader& reader, Type typeToConvert, JsonSerializerOptions options, ReadStack& state, T& value)
   at System.Text.Json.Serialization.JsonConverter`1.TryRead(Utf8JsonReader& reader, Type typeToConvert, JsonSerializerOptions options, ReadStack& state, T& value, Boolean& isPopulatedValue)
   at System.Text.Json.Serialization.Metadata.JsonPropertyInfo`1.ReadJsonAndSetMember(Object obj, ReadStack& state, Utf8JsonReader& reader)
   at System.Text.Json.Serialization.Converters.ObjectDefaultConverter`1.OnTryRead(Utf8JsonReader& reader, Type typeToConvert, JsonSerializerOptions options, ReadStack& state, T& value)
   at System.Text.Json.Serialization.JsonConverter`1.TryRead(Utf8JsonReader& reader, Type typeToConvert, JsonSerializerOptions options, ReadStack& state, T& value, Boolean& isPopulatedValue)
   at System.Text.Json.Serialization.JsonConverter`1.ReadCore(Utf8JsonReader& reader, JsonSerializerOptions options, ReadStack& state)
   --- End of inner exception stack trace ---
   at System.Text.Json.ThrowHelper.ReThrowWithPath(ReadStack& state, Utf8JsonReader& reader, Exception ex)
   at System.Text.Json.Serialization.JsonConverter`1.ReadCore(Utf8JsonReader& reader, JsonSerializerOptions options, ReadStack& state)
   at System.Text.Json.JsonSerializer.ReadFromSpan[TValue](ReadOnlySpan`1 json, JsonTypeInfo`1 jsonTypeInfo)
   at System.Text.Json.JsonSerializer.Deserialize[TValue](String json, JsonSerializerOptions options)
   at PointOfSale.Infrastructure.Services.MraApiClient.SendAsync[TResponse](HttpRequestMessage request, String auditRequestBody, CancellationToken cancellationToken) in C:\Users\Albert Zee\Documents\Projects\Point Of Sale\src\PointOfSale.Infrastructure\Services\MraApiClient.cs:line 309
   --- End of inner exception stack trace ---
   at PointOfSale.Infrastructure.Services.MraApiClient.SendAsync[TResponse](HttpRequestMessage request, String auditRequestBody, CancellationToken cancellationToken) in C:\Users\Albert Zee\Documents\Projects\Point Of Sale\src\PointOfSale.Infrastructure\Services\MraApiClient.cs:line 323
   at PointOfSale.Infrastructure.Services.MraApiClient.PostEmptyAsync[TResponse](String relativePath, MraRequestContext context, CancellationToken cancellationToken) in C:\Users\Albert Zee\Documents\Projects\Point Of Sale\src\PointOfSale.Infrastructure\Services\MraApiClient.cs:line 249
   at PointOfSale.Infrastructure.Services.SalesTransactionService.GetLastSubmittedTransactionAsync(String relativePath, String channelLabel, CancellationToken cancellationToken) in C:\Users\Albert Zee\Documents\Projects\Point Of Sale\src\PointOfSale.Infrastructure\Services\SalesTransactionService.cs:line 86
   at PointOfSale.Infrastructure.Services.SalesTransactionService.VerifySequenceContinuityAsync(Func`2 lookupFactory, String channelLabel, CancellationToken cancellationToken) in C:\Users\Albert Zee\Documents\Projects\Point Of Sale\src\PointOfSale.Infrastructure\Services\SalesTransactionService.cs:line 153
2026-08-07 11:11:51.286 +02:00 [INF] MRA EIS POST "https://dev-eis-api.mra.mw/api/v1/utilities/ping"
2026-08-07 11:11:54.402 +02:00 [INF] MRA POST /api/v1/utilities/ping status=200 success=true durationMs=3109
2026-08-07 11:11:54.424 +02:00 [INF] MRA connectivity restored — waking offline sync worker.
2026-08-07 11:11:56.465 +02:00 [INF] Inventory alert scan complete: 102 products, low=2, stockout=0, overstock=0, fast=0.
2026-08-07 11:12:01.252 +02:00 [INF] ART Diagnostic WorkerHeartbeat HealthCheckWorker null null: Heartbeat
2026-08-07 11:12:01.893 +02:00 [INF] ART Diagnostic DatabaseLatency SqlExpress 113 null: SQL round-trip 113 ms
2026-08-07 11:12:02.582 +02:00 [INF] MRA EIS POST "https://dev-eis-api.mra.mw/api/v1/utilities/ping"
2026-08-07 11:12:03.103 +02:00 [INF] MRA POST /api/v1/utilities/ping status=200 success=true durationMs=515
2026-08-07 11:12:03.510 +02:00 [INF] ART Diagnostic MraConnectivity MraEis 928 1: MRA ping ok in 928 ms.
2026-08-07 11:12:06.005 +02:00 [INF] MRA EIS POST "https://dev-eis-api.mra.mw/api/v1/utilities/ping"
2026-08-07 11:12:09.056 +02:00 [INF] MRA POST /api/v1/utilities/ping status=200 success=true durationMs=3047
2026-08-07 11:12:09.419 +02:00 [WRN] ART Diagnostic DatabaseLatency SqlExpress 1548 null: SQL round-trip 1548 ms
2026-08-07 11:12:10.192 +02:00 [INF] MRA connectivity restored — waking offline sync worker.
2026-08-07 11:12:10.192 +02:00 [INF] MRA EIS POST "https://dev-eis-api.mra.mw/api/v1/utilities/ping"
2026-08-07 11:12:10.192 +02:00 [INF] ART Diagnostic HealthCheck HealthCheckWorker 113 null: All subsystems healthy (SQL 113 ms, disk 33.56 GB free).
2026-08-07 11:12:11.309 +02:00 [INF] MRA EIS POST "https://dev-eis-api.mra.mw/api/v1/utilities/ping"
2026-08-07 11:12:11.362 +02:00 [INF] MRA POST /api/v1/utilities/ping status=200 success=true durationMs=62
2026-08-07 11:12:11.434 +02:00 [INF] MRA connectivity restored — waking offline sync worker.
2026-08-07 11:12:12.351 +02:00 [INF] ART Diagnostic DatabaseLatency SqlExpress 16 null: Performance profile sample (FPS 0.0)
2026-08-07 11:12:13.469 +02:00 [INF] MRA POST /api/v1/utilities/ping status=200 success=true durationMs=3266
2026-08-07 11:12:13.598 +02:00 [INF] ART Diagnostic MraConnectivity MraEis 3405 1: MRA ping ok in 3405 ms.
2026-08-07 11:12:13.754 +02:00 [INF] MRA EIS POST "https://dev-eis-api.mra.mw/api/v1/utilities/ping"
2026-08-07 11:12:13.796 +02:00 [INF] MRA POST /api/v1/utilities/ping status=200 success=true durationMs=31
2026-08-07 11:12:13.827 +02:00 [INF] MRA connectivity restored — waking offline sync worker.
2026-08-07 11:12:13.828 +02:00 [INF] ART Diagnostic HealthCheck HealthCheckWorker 1548 null: All subsystems healthy (SQL 1548 ms, disk 33.56 GB free).
2026-08-07 11:12:13.958 +02:00 [INF] MRA EIS POST "https://dev-eis-api.mra.mw/api/v1/utilities/ping"
2026-08-07 11:12:13.990 +02:00 [INF] MRA POST /api/v1/utilities/ping status=200 success=true durationMs=31
2026-08-07 11:12:14.006 +02:00 [INF] MRA connectivity restored — waking offline sync worker.
2026-08-07 11:12:14.090 +02:00 [WRN] System health alert [DATABASE_LATENCY] SQL Express latency 1548 ms exceeds warn threshold.
2026-08-07 11:12:14.091 +02:00 [WRN] ART Diagnostic Exception HealthAlert:DATABASE_LATENCY null null: SQL Express latency 1548 ms exceeds warn threshold.
2026-08-07 11:12:14.101 +02:00 [INF] ART Diagnostic WorkerHeartbeat SystemHealthMonitorService null null: SQL latency elevated (1548 ms).
2026-08-07 11:12:14.105 +02:00 [WRN] System health degraded: SQL latency elevated (1548 ms).
2026-08-07 11:12:31.346 +02:00 [INF] MRA EIS POST "https://dev-eis-api.mra.mw/api/v1/utilities/ping"
2026-08-07 11:12:31.438 +02:00 [INF] MRA POST /api/v1/utilities/ping status=200 success=true durationMs=79
2026-08-07 11:12:31.522 +02:00 [INF] MRA connectivity restored — waking offline sync worker.
2026-08-07 11:12:51.314 +02:00 [INF] MRA EIS POST "https://dev-eis-api.mra.mw/api/v1/utilities/ping"
2026-08-07 11:12:55.475 +02:00 [INF] ART Diagnostic WorkerHeartbeat HealthCheckWorker null null: Heartbeat
2026-08-07 11:12:55.663 +02:00 [INF] ART Diagnostic DatabaseLatency SqlExpress 0 null: SQL round-trip 0 ms
2026-08-07 11:12:55.672 +02:00 [INF] MRA EIS POST "https://dev-eis-api.mra.mw/api/v1/utilities/ping"
2026-08-07 11:12:55.980 +02:00 [INF] MRA POST /api/v1/utilities/ping status=200 success=true durationMs=312
2026-08-07 11:12:55.988 +02:00 [INF] ART Diagnostic MraConnectivity MraEis 316 1: MRA ping ok in 316 ms.
2026-08-07 11:12:56.008 +02:00 [INF] ART Diagnostic HealthCheck HealthCheckWorker 0 null: All subsystems healthy (SQL 0 ms, disk 33.56 GB free).
2026-08-07 11:12:56.730 +02:00 [INF] Inventory alert scan complete: 102 products, low=2, stockout=0, overstock=0, fast=0.
2026-08-07 11:12:59.110 +02:00 [INF] ART Diagnostic DatabaseLatency SqlExpress 1 null: SQL round-trip 1 ms
2026-08-07 11:12:59.116 +02:00 [INF] MRA EIS POST "https://dev-eis-api.mra.mw/api/v1/utilities/ping"
2026-08-07 11:12:59.141 +02:00 [INF] MRA POST /api/v1/utilities/ping status=200 success=true durationMs=16
2026-08-07 11:12:59.144 +02:00 [INF] ART Diagnostic MraConnectivity MraEis 28 1: MRA ping ok in 28 ms.
2026-08-07 11:12:59.147 +02:00 [INF] ART Diagnostic HealthCheck HealthCheckWorker 1 null: All subsystems healthy (SQL 1 ms, disk 33.56 GB free).
2026-08-07 11:12:59.202 +02:00 [INF] ART Diagnostic WorkerHeartbeat SystemHealthMonitorService null null: All monitored subsystems healthy.
2026-08-07 11:13:00.664 +02:00 [INF] MRA POST /api/v1/utilities/ping status=200 success=true durationMs=9344
2026-08-07 11:13:00.672 +02:00 [INF] MRA connectivity restored — waking offline sync worker.
2026-08-07 11:13:00.683 +02:00 [INF] ART Diagnostic DatabaseLatency SqlExpress 0 null: Performance profile sample (FPS 0.0)
2026-08-07 11:13:11.274 +02:00 [INF] MRA EIS POST "https://dev-eis-api.mra.mw/api/v1/utilities/ping"
2026-08-07 11:13:11.297 +02:00 [INF] MRA POST /api/v1/utilities/ping status=200 success=true durationMs=16
2026-08-07 11:13:11.370 +02:00 [INF] MRA connectivity restored — waking offline sync worker.
