2026-07-29 12:46:28.593 +02:00 [INF] SQL Express schema ready (version 32).
2026-07-29 12:46:29.556 +02:00 [WRN] Phase 37 InitialSetup.sql apply skipped after error (schema already bootstrapped in-app).
Microsoft.Data.SqlClient.SqlException (0x80131904): Filtered index 'IX_OfflineInvoiceQueue_PendingFifo' cannot be created on table 'dbo.OfflineInvoiceQueue' because the column 'Status' in the filter expression is compared with a constant of higher data type precedence or of a different collation. Converting a column to the data type of a constant is not supported for filtered indexes. To resolve this error, explicitly convert the constant to the same data type and collation as the column 'Status'.
   at Microsoft.Data.SqlClient.SqlConnection.OnError(SqlException exception, Boolean breakConnection, Action`1 wrapCloseInAction)
   at Microsoft.Data.SqlClient.SqlInternalConnection.OnError(SqlException exception, Boolean breakConnection, Action`1 wrapCloseInAction)
   at Microsoft.Data.SqlClient.TdsParser.ThrowExceptionAndWarning(TdsParserStateObject stateObj, SqlCommand command, Boolean callerHasConnectionLock, Boolean asyncClose)
   at Microsoft.Data.SqlClient.TdsParser.TryRun(RunBehavior runBehavior, SqlCommand cmdHandler, SqlDataReader dataStream, BulkCopySimpleResultSet bulkCopyHandler, TdsParserStateObject stateObj, Boolean& dataReady)
   at Microsoft.Data.SqlClient.SqlCommand.InternalEndExecuteNonQuery(IAsyncResult asyncResult, Boolean isInternal, String endMethod)
   at Microsoft.Data.SqlClient.SqlCommand.EndExecuteNonQueryInternal(IAsyncResult asyncResult)
   at Microsoft.Data.SqlClient.SqlCommand.EndExecuteNonQueryAsync(IAsyncResult asyncResult)
   at Microsoft.Data.SqlClient.SqlCommand.<>c.<InternalExecuteNonQueryAsync>b__193_1(IAsyncResult asyncResult)
   at System.Threading.Tasks.TaskFactory`1.FromAsyncCoreLogic(IAsyncResult iar, Func`2 endFunction, Action`1 endAction, Task`1 promise, Boolean requiresSynchronization)
--- End of stack trace from previous location ---
   at PointOfSale.App.Services.FirstRunBootstrapService.TryApplyInitialSetupScriptAsync(CancellationToken cancellationToken) in C:\Users\Albert Zee\Documents\Projects\Point Of Sale\src\PointOfSale.App\Services\FirstRunBootstrapService.cs:line 409
   at PointOfSale.App.Services.FirstRunBootstrapService.TryApplyInitialSetupScriptAsync(CancellationToken cancellationToken) in C:\Users\Albert Zee\Documents\Projects\Point Of Sale\src\PointOfSale.App\Services\FirstRunBootstrapService.cs:line 409
   at PointOfSale.App.Services.FirstRunBootstrapService.TryApplyInitialSetupScriptAsync(CancellationToken cancellationToken) in C:\Users\Albert Zee\Documents\Projects\Point Of Sale\src\PointOfSale.App\Services\FirstRunBootstrapService.cs:line 412
ClientConnectionId:051d095d-8332-4630-843b-8478aab88348
Error Number:10611,State:1,Class:16
2026-07-29 12:46:30.416 +02:00 [INF] Offline invoice FIFO sync worker started (interval 15s, requireConnectivity=true).
2026-07-29 12:46:30.657 +02:00 [INF] Hardware fault-tolerance loop started (probe every 20s).
2026-07-29 12:46:30.722 +02:00 [INF] ArchivalCompressionBackgroundService is disabled.
2026-07-29 12:46:30.731 +02:00 [INF] Inventory alert scanner started (interval 60s).
2026-07-29 12:46:30.828 +02:00 [INF] HealthCheckWorker started (interval 45s).
2026-07-29 12:46:30.832 +02:00 [INF] System health monitor started (interval 45s).
2026-07-29 12:46:30.835 +02:00 [INF] PerformanceProfilingBackgroundService started (sample 30s, flush 300s).
2026-07-29 12:46:30.839 +02:00 [INF] DatabaseMaintenanceBackgroundService started (interval 24h).
2026-07-29 12:46:32.098 +02:00 [INF] MRA EIS POST "https://dev-eis-api.mra.mw/api/v1/sales/last-submitted-offline-transaction"
2026-07-29 12:46:32.267 +02:00 [INF] Inventory alert scan complete: 8 products, low=0, stockout=0, overstock=0, fast=0.
2026-07-29 12:46:32.411 +02:00 [INF] SQL Express schema ready (version 32).
2026-07-29 12:46:32.420 +02:00 [WRN] Phase 37 InitialSetup.sql apply skipped after error (schema already bootstrapped in-app).
Microsoft.Data.SqlClient.SqlException (0x80131904): Filtered index 'IX_OfflineInvoiceQueue_PendingFifo' cannot be created on table 'dbo.OfflineInvoiceQueue' because the column 'Status' in the filter expression is compared with a constant of higher data type precedence or of a different collation. Converting a column to the data type of a constant is not supported for filtered indexes. To resolve this error, explicitly convert the constant to the same data type and collation as the column 'Status'.
   at Microsoft.Data.SqlClient.SqlConnection.OnError(SqlException exception, Boolean breakConnection, Action`1 wrapCloseInAction)
   at Microsoft.Data.SqlClient.SqlInternalConnection.OnError(SqlException exception, Boolean breakConnection, Action`1 wrapCloseInAction)
   at Microsoft.Data.SqlClient.TdsParser.ThrowExceptionAndWarning(TdsParserStateObject stateObj, SqlCommand command, Boolean callerHasConnectionLock, Boolean asyncClose)
   at Microsoft.Data.SqlClient.TdsParser.TryRun(RunBehavior runBehavior, SqlCommand cmdHandler, SqlDataReader dataStream, BulkCopySimpleResultSet bulkCopyHandler, TdsParserStateObject stateObj, Boolean& dataReady)
   at Microsoft.Data.SqlClient.SqlCommand.InternalEndExecuteNonQuery(IAsyncResult asyncResult, Boolean isInternal, String endMethod)
   at Microsoft.Data.SqlClient.SqlCommand.EndExecuteNonQueryInternal(IAsyncResult asyncResult)
   at Microsoft.Data.SqlClient.SqlCommand.EndExecuteNonQueryAsync(IAsyncResult asyncResult)
   at Microsoft.Data.SqlClient.SqlCommand.<>c.<InternalExecuteNonQueryAsync>b__193_1(IAsyncResult asyncResult)
   at System.Threading.Tasks.TaskFactory`1.FromAsyncCoreLogic(IAsyncResult iar, Func`2 endFunction, Action`1 endAction, Task`1 promise, Boolean requiresSynchronization)
--- End of stack trace from previous location ---
   at PointOfSale.App.Services.FirstRunBootstrapService.TryApplyInitialSetupScriptAsync(CancellationToken cancellationToken) in C:\Users\Albert Zee\Documents\Projects\Point Of Sale\src\PointOfSale.App\Services\FirstRunBootstrapService.cs:line 409
   at PointOfSale.App.Services.FirstRunBootstrapService.TryApplyInitialSetupScriptAsync(CancellationToken cancellationToken) in C:\Users\Albert Zee\Documents\Projects\Point Of Sale\src\PointOfSale.App\Services\FirstRunBootstrapService.cs:line 409
   at PointOfSale.App.Services.FirstRunBootstrapService.TryApplyInitialSetupScriptAsync(CancellationToken cancellationToken) in C:\Users\Albert Zee\Documents\Projects\Point Of Sale\src\PointOfSale.App\Services\FirstRunBootstrapService.cs:line 412
ClientConnectionId:e212ca60-5adf-4757-920d-7d949b0aef8d
Error Number:10611,State:1,Class:16
2026-07-29 12:46:33.335 +02:00 [INF] MRA POST /api/v1/sales/last-submitted-offline-transaction status=401 success=false durationMs=1219
2026-07-29 12:46:34.391 +02:00 [WRN] MRA EIS HTTP 401 for POST "https://dev-eis-api.mra.mw/api/v1/sales/last-submitted-offline-transaction". RequestPayload=(empty). ResponseBody=(empty)
2026-07-29 12:46:34.391 +02:00 [WRN] Unable to query last-submitted-offline-transaction for sequence check.
PointOfSale.Mra.Http.MraApiException: Empty MRA EIS response (401).
   at PointOfSale.Infrastructure.Services.MraApiClient.SendAsync[TResponse](HttpRequestMessage request, String auditRequestBody, CancellationToken cancellationToken) in C:\Users\Albert Zee\Documents\Projects\Point Of Sale\src\PointOfSale.Infrastructure\Services\MraApiClient.cs:line 274
   at PointOfSale.Infrastructure.Services.MraApiClient.PostEmptyAsync[TResponse](String relativePath, MraRequestContext context, CancellationToken cancellationToken) in C:\Users\Albert Zee\Documents\Projects\Point Of Sale\src\PointOfSale.Infrastructure\Services\MraApiClient.cs:line 223
   at PointOfSale.Infrastructure.Services.SalesTransactionService.GetLastSubmittedTransactionAsync(String relativePath, String channelLabel, CancellationToken cancellationToken) in C:\Users\Albert Zee\Documents\Projects\Point Of Sale\src\PointOfSale.Infrastructure\Services\SalesTransactionService.cs:line 86
   at PointOfSale.Infrastructure.Services.SalesTransactionService.VerifySequenceContinuityAsync(Func`2 lookupFactory, String channelLabel, CancellationToken cancellationToken) in C:\Users\Albert Zee\Documents\Projects\Point Of Sale\src\PointOfSale.Infrastructure\Services\SalesTransactionService.cs:line 153
2026-07-29 12:46:37.413 +02:00 [INF] MRA connectivity restored — waking offline sync worker.
2026-07-29 12:46:38.986 +02:00 [INF] ART Diagnostic WorkerHeartbeat HealthCheckWorker null null: Heartbeat
2026-07-29 12:46:40.412 +02:00 [INF] ART Diagnostic DatabaseLatency SqlExpress 3 null: SQL round-trip 3 ms
2026-07-29 12:46:41.134 +02:00 [INF] ART Diagnostic MraConnectivity MraEis 315 404: MRA reachable (404) in 315 ms.
2026-07-29 12:46:43.044 +02:00 [INF] ART Diagnostic DatabaseLatency SqlExpress 69 null: SQL round-trip 69 ms
2026-07-29 12:46:43.901 +02:00 [INF] ART Diagnostic HealthCheck HealthCheckWorker 3 null: All subsystems healthy (SQL 3 ms, disk 42.42 GB free).
2026-07-29 12:46:44.318 +02:00 [INF] ART Diagnostic MraConnectivity MraEis 441 404: MRA reachable (404) in 441 ms.
2026-07-29 12:46:47.760 +02:00 [INF] MRA connectivity restored — waking offline sync worker.
2026-07-29 12:46:47.761 +02:00 [INF] ART Diagnostic HealthCheck HealthCheckWorker 69 null: All subsystems healthy (SQL 69 ms, disk 42.42 GB free).
2026-07-29 12:46:47.949 +02:00 [INF] MRA connectivity restored — waking offline sync worker.
2026-07-29 12:46:48.031 +02:00 [INF] ART Diagnostic WorkerHeartbeat SystemHealthMonitorService null null: All monitored subsystems healthy.
2026-07-29 12:46:57.428 +02:00 [INF] MRA connectivity restored — waking offline sync worker.
2026-07-29 12:47:11.294 +02:00 [INF] ART Diagnostic DatabaseLatency SqlExpress 836 null: Performance profile sample (FPS 0.0)
2026-07-29 12:47:17.379 +02:00 [INF] MRA connectivity restored — waking offline sync worker.
2026-07-29 12:47:29.857 +02:00 [INF] ART Diagnostic WorkerHeartbeat HealthCheckWorker null null: Heartbeat
2026-07-29 12:47:29.868 +02:00 [INF] ART Diagnostic DatabaseLatency SqlExpress 0 null: SQL round-trip 0 ms
2026-07-29 12:47:29.956 +02:00 [INF] ART Diagnostic MraConnectivity MraEis 85 404: MRA reachable (404) in 85 ms.
2026-07-29 12:47:30.109 +02:00 [INF] MRA connectivity restored — waking offline sync worker.
2026-07-29 12:47:30.109 +02:00 [INF] ART Diagnostic HealthCheck HealthCheckWorker 0 null: All subsystems healthy (SQL 0 ms, disk 42.42 GB free).
2026-07-29 12:47:33.202 +02:00 [INF] ART Diagnostic DatabaseLatency SqlExpress 1 null: SQL round-trip 1 ms
2026-07-29 12:47:33.404 +02:00 [INF] ART Diagnostic MraConnectivity MraEis 127 404: MRA reachable (404) in 127 ms.
2026-07-29 12:47:36.653 +02:00 [INF] MRA connectivity restored — waking offline sync worker.
2026-07-29 12:47:36.654 +02:00 [INF] ART Diagnostic HealthCheck HealthCheckWorker 1 null: All subsystems healthy (SQL 1 ms, disk 42.42 GB free).
2026-07-29 12:47:36.827 +02:00 [INF] MRA connectivity restored — waking offline sync worker.
2026-07-29 12:47:36.903 +02:00 [INF] ART Diagnostic WorkerHeartbeat SystemHealthMonitorService null null: All monitored subsystems healthy.
2026-07-29 12:47:37.459 +02:00 [INF] MRA connectivity restored — waking offline sync worker.
2026-07-29 12:47:57.492 +02:00 [INF] MRA connectivity restored — waking offline sync worker.
2026-07-29 12:48:15.156 +02:00 [INF] ART Diagnostic WorkerHeartbeat HealthCheckWorker null null: Heartbeat
2026-07-29 12:48:15.663 +02:00 [INF] ART Diagnostic DatabaseLatency SqlExpress 0 null: SQL round-trip 0 ms
2026-07-29 12:48:15.872 +02:00 [WRN] Performance profiling iteration failed.
Microsoft.Data.SqlClient.SqlException (0x80131904): Execution Timeout Expired.  The timeout period elapsed prior to completion of the operation or the server is not responding.
 ---> System.ComponentModel.Win32Exception (258): The wait operation timed out.
   at System.Threading.Tasks.ContinuationResultTaskFromResultTask`2.InnerInvoke()
   at System.Threading.ExecutionContext.RunInternal(ExecutionContext executionContext, ContextCallback callback, Object state)
--- End of stack trace from previous location ---
   at System.Threading.ExecutionContext.RunInternal(ExecutionContext executionContext, ContextCallback callback, Object state)
   at System.Threading.Tasks.Task.ExecuteWithThreadLocal(Task& currentTaskSlot, Thread threadPoolThread)
--- End of stack trace from previous location ---
   at Dapper.SqlMapper.QueryAsync[T](IDbConnection cnn, Type effectiveType, CommandDefinition command) in /_/Dapper/SqlMapper.Async.cs:line 434
   at PointOfSale.Infrastructure.Repositories.DiagnosticTelemetryRepository.GetRecentAsync(Int32 take, String categoryFilter, String severityFilter, String search, CancellationToken cancellationToken) in C:\Users\Albert Zee\Documents\Projects\Point Of Sale\src\PointOfSale.Infrastructure\Repositories\DiagnosticTelemetryRepository.cs:line 68
   at PointOfSale.Infrastructure.Repositories.DiagnosticTelemetryRepository.GetRecentAsync(Int32 take, String categoryFilter, String severityFilter, String search, CancellationToken cancellationToken) in C:\Users\Albert Zee\Documents\Projects\Point Of Sale\src\PointOfSale.Infrastructure\Repositories\DiagnosticTelemetryRepository.cs:line 84
   at PointOfSale.App.Services.PerformanceProfilingService.LoadErrorHistogramAsync(CancellationToken cancellationToken) in C:\Users\Albert Zee\Documents\Projects\Point Of Sale\src\PointOfSale.App\Services\PerformanceProfilingService.cs:line 294
   at PointOfSale.App.Services.PerformanceProfilingService.CaptureSnapshotAsync(CancellationToken cancellationToken) in C:\Users\Albert Zee\Documents\Projects\Point Of Sale\src\PointOfSale.App\Services\PerformanceProfilingService.cs:line 110
   at PointOfSale.App.Services.PerformanceProfilingBackgroundService.ExecuteAsync(CancellationToken stoppingToken) in C:\Users\Albert Zee\Documents\Projects\Point Of Sale\src\PointOfSale.App\Services\PerformanceProfilingBackgroundService.cs:line 59
ClientConnectionId:e212ca60-5adf-4757-920d-7d949b0aef8d
Error Number:-2,State:0,Class:11
2026-07-29 12:48:17.387 +02:00 [INF] MRA connectivity restored — waking offline sync worker.
2026-07-29 12:48:19.072 +02:00 [INF] ART Diagnostic MraConnectivity MraEis 3220 404: MRA reachable (404) in 3220 ms.
2026-07-29 12:48:21.911 +02:00 [INF] ART Diagnostic DatabaseLatency SqlExpress 1 null: SQL round-trip 1 ms
2026-07-29 12:48:22.118 +02:00 [INF] ART Diagnostic MraConnectivity MraEis 125 404: MRA reachable (404) in 125 ms.
2026-07-29 12:48:22.408 +02:00 [INF] ART Diagnostic HealthCheck HealthCheckWorker 1 null: All subsystems healthy (SQL 1 ms, disk 42.42 GB free).
2026-07-29 12:48:22.497 +02:00 [INF] ART Diagnostic WorkerHeartbeat SystemHealthMonitorService null null: All monitored subsystems healthy.
2026-07-29 12:48:24.039 +02:00 [INF] MRA connectivity restored — waking offline sync worker.
2026-07-29 12:48:24.040 +02:00 [INF] ART Diagnostic HealthCheck HealthCheckWorker 0 null: All subsystems healthy (SQL 0 ms, disk 42.43 GB free).
2026-07-29 12:48:31.426 +02:00 [INF] Inventory alert scan complete: 8 products, low=0, stockout=0, overstock=0, fast=0.
2026-07-29 12:48:31.798 +02:00 [INF] MRA EIS POST "https://dev-eis-api.mra.mw/api/v1/sales/last-submitted-offline-transaction"
2026-07-29 12:48:32.092 +02:00 [INF] MRA POST /api/v1/sales/last-submitted-offline-transaction status=401 success=false durationMs=297
2026-07-29 12:48:32.801 +02:00 [WRN] MRA EIS HTTP 401 for POST "https://dev-eis-api.mra.mw/api/v1/sales/last-submitted-offline-transaction". RequestPayload=(empty). ResponseBody=(empty)
2026-07-29 12:48:32.802 +02:00 [WRN] Unable to query last-submitted-offline-transaction for sequence check.
PointOfSale.Mra.Http.MraApiException: Empty MRA EIS response (401).
   at PointOfSale.Infrastructure.Services.MraApiClient.SendAsync[TResponse](HttpRequestMessage request, String auditRequestBody, CancellationToken cancellationToken) in C:\Users\Albert Zee\Documents\Projects\Point Of Sale\src\PointOfSale.Infrastructure\Services\MraApiClient.cs:line 274
   at PointOfSale.Infrastructure.Services.MraApiClient.PostEmptyAsync[TResponse](String relativePath, MraRequestContext context, CancellationToken cancellationToken) in C:\Users\Albert Zee\Documents\Projects\Point Of Sale\src\PointOfSale.Infrastructure\Services\MraApiClient.cs:line 223
   at PointOfSale.Infrastructure.Services.SalesTransactionService.GetLastSubmittedTransactionAsync(String relativePath, String channelLabel, CancellationToken cancellationToken) in C:\Users\Albert Zee\Documents\Projects\Point Of Sale\src\PointOfSale.Infrastructure\Services\SalesTransactionService.cs:line 86
   at PointOfSale.Infrastructure.Services.SalesTransactionService.VerifySequenceContinuityAsync(Func`2 lookupFactory, String channelLabel, CancellationToken cancellationToken) in C:\Users\Albert Zee\Documents\Projects\Point Of Sale\src\PointOfSale.Infrastructure\Services\SalesTransactionService.cs:line 153
2026-07-29 12:48:37.391 +02:00 [INF] MRA connectivity restored — waking offline sync worker.
2026-07-29 12:48:51.237 +02:00 [INF] ART Diagnostic DatabaseLatency SqlExpress 1 null: Performance profile sample (FPS 0.0)
2026-07-29 12:48:57.099 +02:00 [INF] MRA EIS POST "https://dev-eis-api.mra.mw/api/v1/configuration/get-latest-configs"
2026-07-29 12:48:57.099 +02:00 [INF] MRA EIS request payload for "https://dev-eis-api.mra.mw/api/v1/configuration/get-latest-configs": {}
2026-07-29 12:48:57.362 +02:00 [INF] MRA connectivity restored — waking offline sync worker.
2026-07-29 12:48:57.408 +02:00 [INF] MRA POST /api/v1/configuration/get-latest-configs status=500 success=false durationMs=265
2026-07-29 12:48:57.416 +02:00 [WRN] MRA EIS HTTP 500 for POST "https://dev-eis-api.mra.mw/api/v1/configuration/get-latest-configs". RequestPayload={}. ResponseBody={"message":"An internal error occurred"}
2026-07-29 12:48:57.469 +02:00 [WRN] get-latest-configs threw HTTP 500 for ART-SBX-B61182AD; attempting local activation fallback.
PointOfSale.Mra.Http.MraApiException: MRA EIS HTTP 500: Internal Server Error — An internal error occurred
   at PointOfSale.Infrastructure.Services.MraApiClient.SendAsync[TResponse](HttpRequestMessage request, String auditRequestBody, CancellationToken cancellationToken) in C:\Users\Albert Zee\Documents\Projects\Point Of Sale\src\PointOfSale.Infrastructure\Services\MraApiClient.cs:line 314
   at PointOfSale.Infrastructure.Services.MraApiClient.PostAsync[TRequest,TResponse](String relativePath, TRequest body, MraRequestContext context, CancellationToken cancellationToken) in C:\Users\Albert Zee\Documents\Projects\Point Of Sale\src\PointOfSale.Infrastructure\Services\MraApiClient.cs:line 83
   at PointOfSale.Infrastructure.Services.TerminalOnboardingService.GetLatestConfigsAsync(CancellationToken cancellationToken) in C:\Users\Albert Zee\Documents\Projects\Point Of Sale\src\PointOfSale.Infrastructure\Services\TerminalOnboardingService.cs:line 313
2026-07-29 12:48:57.533 +02:00 [WRN] Using local MRA config fallback for ART-SBX-B61182AD. ActivationState=Activated, hasSecretKey=true, hasCachedConfigs=true. Detail: Live get-latest-configs unavailable (HTTP 500). Using local activation for ART-SBX-B61182AD (ActivationState=Activated, LastSyncedAt=2026-07-22T18:08:46.1300000). MRA EIS HTTP 500: Internal Server Error — An internal error occurred
2026-07-29 12:48:57.535 +02:00 [WRN] Using local activation fallback fiscal identity (live get-latest-configs unavailable). sellerTIN=1234567890 siteId=City Center taxRateId=A. Live get-latest-configs unavailable (HTTP 500). Using local activation for ART-SBX-B61182AD (ActivationState=Activated, LastSyncedAt=2026-07-22T18:08:46.1300000). MRA EIS HTTP 500: Internal Server Error — An internal error occurred
2026-07-29 12:49:01.462 +02:00 [INF] MRA EIS POST "https://dev-eis-api.mra.mw/api/v1/sales/get-invoice-by-number"
2026-07-29 12:49:01.462 +02:00 [INF] MRA EIS request payload for "https://dev-eis-api.mra.mw/api/v1/sales/get-invoice-by-number": {"invoiceNumber":"BJlgLS-B-JY4\u002B-C"}
2026-07-29 12:49:01.509 +02:00 [INF] MRA POST /api/v1/sales/get-invoice-by-number status=500 success=false durationMs=31
2026-07-29 12:49:01.528 +02:00 [WRN] MRA EIS HTTP 500 for POST "https://dev-eis-api.mra.mw/api/v1/sales/get-invoice-by-number". RequestPayload={"invoiceNumber":"BJlgLS-B-JY4\u002B-C"}. ResponseBody={"message":"An internal error occurred"}
2026-07-29 12:49:07.506 +02:00 [INF] ART Diagnostic DatabaseLatency SqlExpress 1 null: SQL round-trip 1 ms
2026-07-29 12:49:07.611 +02:00 [INF] ART Diagnostic MraConnectivity MraEis 95 404: MRA reachable (404) in 95 ms.
2026-07-29 12:49:09.160 +02:00 [INF] ART Diagnostic WorkerHeartbeat HealthCheckWorker null null: Heartbeat
2026-07-29 12:49:09.164 +02:00 [INF] ART Diagnostic DatabaseLatency SqlExpress 1 null: SQL round-trip 1 ms
2026-07-29 12:49:09.249 +02:00 [INF] ART Diagnostic MraConnectivity MraEis 81 404: MRA reachable (404) in 81 ms.
2026-07-29 12:49:10.346 +02:00 [INF] ART Diagnostic HealthCheck HealthCheckWorker 1 null: All subsystems healthy (SQL 1 ms, disk 42.28 GB free).
2026-07-29 12:49:10.846 +02:00 [INF] MRA connectivity restored — waking offline sync worker.
2026-07-29 12:49:10.928 +02:00 [INF] ART Diagnostic HealthCheck HealthCheckWorker 1 null: All subsystems healthy (SQL 1 ms, disk 42.28 GB free).
2026-07-29 12:49:11.102 +02:00 [INF] MRA connectivity restored — waking offline sync worker.
2026-07-29 12:49:11.160 +02:00 [INF] ART Diagnostic WorkerHeartbeat SystemHealthMonitorService null null: All monitored subsystems healthy.
2026-07-29 12:49:17.356 +02:00 [INF] MRA connectivity restored — waking offline sync worker.
2026-07-29 12:49:21.377 +02:00 [INF] ART Diagnostic DatabaseLatency SqlExpress 0 null: Performance profile sample (FPS 0.0)
2026-07-29 12:49:31.439 +02:00 [INF] Inventory alert scan complete: 8 products, low=0, stockout=0, overstock=0, fast=0.
2026-07-29 12:49:37.354 +02:00 [INF] MRA connectivity restored — waking offline sync worker.
2026-07-29 12:49:55.352 +02:00 [INF] ART Diagnostic WorkerHeartbeat HealthCheckWorker null null: Heartbeat
2026-07-29 12:49:55.397 +02:00 [INF] ART Diagnostic DatabaseLatency SqlExpress 0 null: SQL round-trip 0 ms
2026-07-29 12:49:56.344 +02:00 [INF] ART Diagnostic DatabaseLatency SqlExpress 1 null: SQL round-trip 1 ms
2026-07-29 12:49:56.548 +02:00 [INF] ART Diagnostic MraConnectivity MraEis 176 404: MRA reachable (404) in 176 ms.
2026-07-29 12:49:56.649 +02:00 [INF] MRA connectivity restored — waking offline sync worker.
2026-07-29 12:49:56.649 +02:00 [INF] ART Diagnostic HealthCheck HealthCheckWorker 1 null: All subsystems healthy (SQL 1 ms, disk 42.28 GB free).
2026-07-29 12:49:58.527 +02:00 [INF] ART Diagnostic MraConnectivity MraEis 3125 404: MRA reachable (404) in 3125 ms.
2026-07-29 12:49:58.530 +02:00 [INF] ART Diagnostic HealthCheck HealthCheckWorker 0 null: All subsystems healthy (SQL 0 ms, disk 42.28 GB free).
2026-07-29 12:49:58.536 +02:00 [INF] MRA connectivity restored — waking offline sync worker.
2026-07-29 12:49:58.606 +02:00 [INF] ART Diagnostic WorkerHeartbeat SystemHealthMonitorService null null: All monitored subsystems healthy.
2026-07-29 12:50:02.030 +02:00 [INF] ART Diagnostic DatabaseLatency SqlExpress 17 null: Performance profile sample (FPS 0.0)
2026-07-29 12:50:12.098 +02:00 [INF] MRA EIS POST "https://dev-eis-api.mra.mw/api/v1/configuration/get-latest-configs"
2026-07-29 12:50:12.098 +02:00 [INF] MRA EIS request payload for "https://dev-eis-api.mra.mw/api/v1/configuration/get-latest-configs": {}
2026-07-29 12:50:12.247 +02:00 [INF] MRA POST /api/v1/configuration/get-latest-configs status=500 success=false durationMs=156
2026-07-29 12:50:12.282 +02:00 [WRN] MRA EIS HTTP 500 for POST "https://dev-eis-api.mra.mw/api/v1/configuration/get-latest-configs". RequestPayload={}. ResponseBody={"message":"An internal error occurred"}
2026-07-29 12:50:12.283 +02:00 [WRN] get-latest-configs threw HTTP 500 for ART-SBX-B61182AD; attempting local activation fallback.
PointOfSale.Mra.Http.MraApiException: MRA EIS HTTP 500: Internal Server Error — An internal error occurred
   at PointOfSale.Infrastructure.Services.MraApiClient.SendAsync[TResponse](HttpRequestMessage request, String auditRequestBody, CancellationToken cancellationToken) in C:\Users\Albert Zee\Documents\Projects\Point Of Sale\src\PointOfSale.Infrastructure\Services\MraApiClient.cs:line 314
   at PointOfSale.Infrastructure.Services.MraApiClient.PostAsync[TRequest,TResponse](String relativePath, TRequest body, MraRequestContext context, CancellationToken cancellationToken) in C:\Users\Albert Zee\Documents\Projects\Point Of Sale\src\PointOfSale.Infrastructure\Services\MraApiClient.cs:line 83
   at PointOfSale.Infrastructure.Services.TerminalOnboardingService.GetLatestConfigsAsync(CancellationToken cancellationToken) in C:\Users\Albert Zee\Documents\Projects\Point Of Sale\src\PointOfSale.Infrastructure\Services\TerminalOnboardingService.cs:line 313
2026-07-29 12:50:12.298 +02:00 [WRN] Using local MRA config fallback for ART-SBX-B61182AD. ActivationState=Activated, hasSecretKey=true, hasCachedConfigs=true. Detail: Live get-latest-configs unavailable (HTTP 500). Using local activation for ART-SBX-B61182AD (ActivationState=Activated, LastSyncedAt=2026-07-22T18:08:46.1300000). MRA EIS HTTP 500: Internal Server Error — An internal error occurred
2026-07-29 12:50:12.299 +02:00 [WRN] Pre-checkout get-latest-configs unavailable for ART-SBX-B61182AD; continuing with local activation fallback. Live get-latest-configs unavailable (HTTP 500). Using local activation for ART-SBX-B61182AD (ActivationState=Activated, LastSyncedAt=2026-07-22T18:08:46.1300000). MRA EIS HTTP 500: Internal Server Error — An internal error occurred
2026-07-29 12:50:16.709 +02:00 [INF] MRA EIS POST "https://dev-eis-api.mra.mw/api/v1/sales/last-submitted-offline-transaction"
2026-07-29 12:50:17.422 +02:00 [INF] MRA connectivity restored — waking offline sync worker.
2026-07-29 12:50:19.852 +02:00 [INF] MRA POST /api/v1/sales/last-submitted-offline-transaction status=401 success=false durationMs=3140
2026-07-29 12:50:19.864 +02:00 [WRN] MRA EIS HTTP 401 for POST "https://dev-eis-api.mra.mw/api/v1/sales/last-submitted-offline-transaction". RequestPayload=(empty). ResponseBody=(empty)
2026-07-29 12:50:19.864 +02:00 [WRN] Unable to query last-submitted-offline-transaction for sequence check.
PointOfSale.Mra.Http.MraApiException: Empty MRA EIS response (401).
   at PointOfSale.Infrastructure.Services.MraApiClient.SendAsync[TResponse](HttpRequestMessage request, String auditRequestBody, CancellationToken cancellationToken) in C:\Users\Albert Zee\Documents\Projects\Point Of Sale\src\PointOfSale.Infrastructure\Services\MraApiClient.cs:line 274
   at PointOfSale.Infrastructure.Services.MraApiClient.PostEmptyAsync[TResponse](String relativePath, MraRequestContext context, CancellationToken cancellationToken) in C:\Users\Albert Zee\Documents\Projects\Point Of Sale\src\PointOfSale.Infrastructure\Services\MraApiClient.cs:line 223
   at PointOfSale.Infrastructure.Services.SalesTransactionService.GetLastSubmittedTransactionAsync(String relativePath, String channelLabel, CancellationToken cancellationToken) in C:\Users\Albert Zee\Documents\Projects\Point Of Sale\src\PointOfSale.Infrastructure\Services\SalesTransactionService.cs:line 86
   at PointOfSale.Infrastructure.Services.SalesTransactionService.VerifySequenceContinuityAsync(Func`2 lookupFactory, String channelLabel, CancellationToken cancellationToken) in C:\Users\Albert Zee\Documents\Projects\Point Of Sale\src\PointOfSale.Infrastructure\Services\SalesTransactionService.cs:line 153
2026-07-29 12:50:31.443 +02:00 [INF] Inventory alert scan complete: 8 products, low=0, stockout=0, overstock=0, fast=0.
2026-07-29 12:50:32.094 +02:00 [INF] ART Diagnostic DatabaseLatency SqlExpress 0 null: Performance profile sample (FPS 0.0)
2026-07-29 12:50:37.366 +02:00 [INF] MRA connectivity restored — waking offline sync worker.
2026-07-29 12:50:43.553 +02:00 [INF] ART Diagnostic WorkerHeartbeat HealthCheckWorker null null: Heartbeat
2026-07-29 12:50:43.557 +02:00 [INF] ART Diagnostic DatabaseLatency SqlExpress 0 null: SQL round-trip 0 ms
2026-07-29 12:50:43.584 +02:00 [INF] ART Diagnostic MraConnectivity MraEis 23 404: MRA reachable (404) in 23 ms.
2026-07-29 12:50:43.616 +02:00 [INF] ART Diagnostic DatabaseLatency SqlExpress 1 null: SQL round-trip 1 ms
2026-07-29 12:50:43.685 +02:00 [INF] ART Diagnostic MraConnectivity MraEis 61 404: MRA reachable (404) in 61 ms.
2026-07-29 12:50:43.688 +02:00 [INF] ART Diagnostic HealthCheck HealthCheckWorker 1 null: All subsystems healthy (SQL 1 ms, disk 42.28 GB free).
2026-07-29 12:50:43.751 +02:00 [INF] ART Diagnostic WorkerHeartbeat SystemHealthMonitorService null null: All monitored subsystems healthy.
2026-07-29 12:50:46.787 +02:00 [INF] MRA connectivity restored — waking offline sync worker.
2026-07-29 12:50:46.788 +02:00 [INF] ART Diagnostic HealthCheck HealthCheckWorker 0 null: All subsystems healthy (SQL 0 ms, disk 42.28 GB free).
2026-07-29 12:50:57.409 +02:00 [INF] MRA connectivity restored — waking offline sync worker.
2026-07-29 12:51:02.162 +02:00 [INF] ART Diagnostic DatabaseLatency SqlExpress 0 null: Performance profile sample (FPS 0.0)
2026-07-29 12:51:17.356 +02:00 [INF] MRA connectivity restored — waking offline sync worker.
2026-07-29 12:51:28.758 +02:00 [INF] ART Diagnostic DatabaseLatency SqlExpress 0 null: SQL round-trip 0 ms
2026-07-29 12:51:31.516 +02:00 [INF] Inventory alert scan complete: 8 products, low=0, stockout=0, overstock=0, fast=0.
2026-07-29 12:51:31.788 +02:00 [INF] ART Diagnostic WorkerHeartbeat HealthCheckWorker null null: Heartbeat
2026-07-29 12:51:31.812 +02:00 [INF] ART Diagnostic DatabaseLatency SqlExpress 0 null: SQL round-trip 0 ms
2026-07-29 12:51:31.898 +02:00 [INF] ART Diagnostic MraConnectivity MraEis 3132 404: MRA reachable (404) in 3132 ms.
2026-07-29 12:51:32.262 +02:00 [INF] ART Diagnostic DatabaseLatency SqlExpress 0 null: Performance profile sample (FPS 0.0)
2026-07-29 12:51:34.974 +02:00 [INF] ART Diagnostic MraConnectivity MraEis 3159 404: MRA reachable (404) in 3159 ms.
2026-07-29 12:51:34.978 +02:00 [INF] ART Diagnostic HealthCheck HealthCheckWorker 0 null: All subsystems healthy (SQL 0 ms, disk 42.28 GB free).
2026-07-29 12:51:34.981 +02:00 [INF] MRA connectivity restored — waking offline sync worker.
2026-07-29 12:51:34.985 +02:00 [INF] ART Diagnostic HealthCheck HealthCheckWorker 0 null: All subsystems healthy (SQL 0 ms, disk 42.28 GB free).
2026-07-29 12:51:35.085 +02:00 [INF] MRA connectivity restored — waking offline sync worker.
2026-07-29 12:51:35.142 +02:00 [INF] ART Diagnostic WorkerHeartbeat SystemHealthMonitorService null null: All monitored subsystems healthy.
2026-07-29 12:51:37.380 +02:00 [INF] MRA connectivity restored — waking offline sync worker.
2026-07-29 12:51:52.500 +02:00 [INF] MRA EIS POST "https://dev-eis-api.mra.mw/api/v1/sales/last-submitted-offline-transaction"
2026-07-29 12:51:52.645 +02:00 [INF] MRA POST /api/v1/sales/last-submitted-offline-transaction status=401 success=false durationMs=141
2026-07-29 12:51:52.652 +02:00 [WRN] MRA EIS HTTP 401 for POST "https://dev-eis-api.mra.mw/api/v1/sales/last-submitted-offline-transaction". RequestPayload=(empty). ResponseBody=(empty)
2026-07-29 12:51:52.652 +02:00 [WRN] Unable to query last-submitted-offline-transaction for sequence check.
PointOfSale.Mra.Http.MraApiException: Empty MRA EIS response (401).
   at PointOfSale.Infrastructure.Services.MraApiClient.SendAsync[TResponse](HttpRequestMessage request, String auditRequestBody, CancellationToken cancellationToken) in C:\Users\Albert Zee\Documents\Projects\Point Of Sale\src\PointOfSale.Infrastructure\Services\MraApiClient.cs:line 274
   at PointOfSale.Infrastructure.Services.MraApiClient.PostEmptyAsync[TResponse](String relativePath, MraRequestContext context, CancellationToken cancellationToken) in C:\Users\Albert Zee\Documents\Projects\Point Of Sale\src\PointOfSale.Infrastructure\Services\MraApiClient.cs:line 223
   at PointOfSale.Infrastructure.Services.SalesTransactionService.GetLastSubmittedTransactionAsync(String relativePath, String channelLabel, CancellationToken cancellationToken) in C:\Users\Albert Zee\Documents\Projects\Point Of Sale\src\PointOfSale.Infrastructure\Services\SalesTransactionService.cs:line 86
   at PointOfSale.Infrastructure.Services.SalesTransactionService.VerifySequenceContinuityAsync(Func`2 lookupFactory, String channelLabel, CancellationToken cancellationToken) in C:\Users\Albert Zee\Documents\Projects\Point Of Sale\src\PointOfSale.Infrastructure\Services\SalesTransactionService.cs:line 153
2026-07-29 12:51:57.389 +02:00 [INF] MRA connectivity restored — waking offline sync worker.
2026-07-29 12:52:12.034 +02:00 [INF] ART Diagnostic DatabaseLatency SqlExpress 0 null: Performance profile sample (FPS 0.0)
2026-07-29 12:52:17.412 +02:00 [INF] MRA connectivity restored — waking offline sync worker.
2026-07-29 12:52:20.036 +02:00 [INF] ART Diagnostic WorkerHeartbeat HealthCheckWorker null null: Heartbeat
2026-07-29 12:52:20.048 +02:00 [INF] ART Diagnostic DatabaseLatency SqlExpress 0 null: SQL round-trip 0 ms
2026-07-29 12:52:20.177 +02:00 [INF] ART Diagnostic DatabaseLatency SqlExpress 0 null: SQL round-trip 0 ms
2026-07-29 12:52:20.207 +02:00 [INF] ART Diagnostic MraConnectivity MraEis 69 404: MRA reachable (404) in 69 ms.
2026-07-29 12:52:20.215 +02:00 [INF] ART Diagnostic MraConnectivity MraEis 34 404: MRA reachable (404) in 34 ms.
2026-07-29 12:52:20.219 +02:00 [INF] ART Diagnostic HealthCheck HealthCheckWorker 0 null: All subsystems healthy (SQL 0 ms, disk 42.28 GB free).
2026-07-29 12:52:20.328 +02:00 [INF] ART Diagnostic WorkerHeartbeat SystemHealthMonitorService null null: All monitored subsystems healthy.
2026-07-29 12:52:20.354 +02:00 [INF] MRA connectivity restored — waking offline sync worker.
2026-07-29 12:52:20.355 +02:00 [INF] ART Diagnostic HealthCheck HealthCheckWorker 0 null: All subsystems healthy (SQL 0 ms, disk 42.28 GB free).
2026-07-29 12:52:31.535 +02:00 [INF] Inventory alert scan complete: 8 products, low=0, stockout=0, overstock=0, fast=0.
2026-07-29 12:52:37.389 +02:00 [INF] MRA connectivity restored — waking offline sync worker.
2026-07-29 12:52:57.426 +02:00 [INF] MRA connectivity restored — waking offline sync worker.
2026-07-29 12:53:05.322 +02:00 [INF] ART Diagnostic DatabaseLatency SqlExpress 1 null: SQL round-trip 1 ms
2026-07-29 12:53:05.354 +02:00 [INF] ART Diagnostic WorkerHeartbeat HealthCheckWorker null null: Heartbeat
2026-07-29 12:53:05.366 +02:00 [INF] ART Diagnostic DatabaseLatency SqlExpress 0 null: SQL round-trip 0 ms
2026-07-29 12:53:05.399 +02:00 [INF] ART Diagnostic MraConnectivity MraEis 40 404: MRA reachable (404) in 40 ms.
2026-07-29 12:53:05.405 +02:00 [INF] ART Diagnostic MraConnectivity MraEis 35 404: MRA reachable (404) in 35 ms.
2026-07-29 12:53:05.452 +02:00 [INF] ART Diagnostic HealthCheck HealthCheckWorker 0 null: All subsystems healthy (SQL 0 ms, disk 42.27 GB free).
2026-07-29 12:53:06.592 +02:00 [INF] MRA connectivity restored — waking offline sync worker.
2026-07-29 12:53:06.592 +02:00 [INF] ART Diagnostic HealthCheck HealthCheckWorker 1 null: All subsystems healthy (SQL 1 ms, disk 42.27 GB free).
2026-07-29 12:53:06.831 +02:00 [INF] MRA connectivity restored — waking offline sync worker.
2026-07-29 12:53:06.923 +02:00 [INF] ART Diagnostic WorkerHeartbeat SystemHealthMonitorService null null: All monitored subsystems healthy.
2026-07-29 12:53:07.914 +02:00 [INF] ART Diagnostic DatabaseLatency SqlExpress 0 null: Performance profile sample (FPS 0.0)
2026-07-29 12:53:17.365 +02:00 [INF] MRA connectivity restored — waking offline sync worker.
2026-07-29 12:53:32.779 +02:00 [INF] Inventory alert scan complete: 8 products, low=0, stockout=0, overstock=0, fast=0.
2026-07-29 12:53:37.579 +02:00 [INF] MRA connectivity restored — waking offline sync worker.
2026-07-29 12:53:37.629 +02:00 [INF] MRA EIS POST "https://dev-eis-api.mra.mw/api/v1/sales/last-submitted-offline-transaction"
2026-07-29 12:53:37.968 +02:00 [INF] MRA POST /api/v1/sales/last-submitted-offline-transaction status=401 success=false durationMs=359
2026-07-29 12:53:37.999 +02:00 [WRN] MRA EIS HTTP 401 for POST "https://dev-eis-api.mra.mw/api/v1/sales/last-submitted-offline-transaction". RequestPayload=(empty). ResponseBody=(empty)
2026-07-29 12:53:37.999 +02:00 [WRN] Unable to query last-submitted-offline-transaction for sequence check.
PointOfSale.Mra.Http.MraApiException: Empty MRA EIS response (401).
   at PointOfSale.Infrastructure.Services.MraApiClient.SendAsync[TResponse](HttpRequestMessage request, String auditRequestBody, CancellationToken cancellationToken) in C:\Users\Albert Zee\Documents\Projects\Point Of Sale\src\PointOfSale.Infrastructure\Services\MraApiClient.cs:line 274
   at PointOfSale.Infrastructure.Services.MraApiClient.PostEmptyAsync[TResponse](String relativePath, MraRequestContext context, CancellationToken cancellationToken) in C:\Users\Albert Zee\Documents\Projects\Point Of Sale\src\PointOfSale.Infrastructure\Services\MraApiClient.cs:line 223
   at PointOfSale.Infrastructure.Services.SalesTransactionService.GetLastSubmittedTransactionAsync(String relativePath, String channelLabel, CancellationToken cancellationToken) in C:\Users\Albert Zee\Documents\Projects\Point Of Sale\src\PointOfSale.Infrastructure\Services\SalesTransactionService.cs:line 86
   at PointOfSale.Infrastructure.Services.SalesTransactionService.VerifySequenceContinuityAsync(Func`2 lookupFactory, String channelLabel, CancellationToken cancellationToken) in C:\Users\Albert Zee\Documents\Projects\Point Of Sale\src\PointOfSale.Infrastructure\Services\SalesTransactionService.cs:line 153
2026-07-29 12:53:50.448 +02:00 [INF] ART Diagnostic WorkerHeartbeat HealthCheckWorker null null: Heartbeat
2026-07-29 12:53:50.609 +02:00 [INF] ART Diagnostic DatabaseLatency SqlExpress 0 null: SQL round-trip 0 ms
2026-07-29 12:53:51.966 +02:00 [INF] ART Diagnostic DatabaseLatency SqlExpress 1 null: SQL round-trip 1 ms
2026-07-29 12:53:52.039 +02:00 [INF] ART Diagnostic MraConnectivity MraEis 63 404: MRA reachable (404) in 63 ms.
2026-07-29 12:53:53.727 +02:00 [INF] ART Diagnostic MraConnectivity MraEis 3110 404: MRA reachable (404) in 3110 ms.
2026-07-29 12:53:53.737 +02:00 [INF] ART Diagnostic HealthCheck HealthCheckWorker 0 null: All subsystems healthy (SQL 0 ms, disk 42.27 GB free).
2026-07-29 12:53:53.750 +02:00 [INF] MRA connectivity restored — waking offline sync worker.
2026-07-29 12:53:53.750 +02:00 [INF] ART Diagnostic HealthCheck HealthCheckWorker 1 null: All subsystems healthy (SQL 1 ms, disk 42.27 GB free).
2026-07-29 12:53:53.993 +02:00 [INF] MRA connectivity restored — waking offline sync worker.
2026-07-29 12:53:54.063 +02:00 [INF] ART Diagnostic WorkerHeartbeat SystemHealthMonitorService null null: All monitored subsystems healthy.
2026-07-29 12:53:57.404 +02:00 [INF] MRA connectivity restored — waking offline sync worker.
2026-07-29 12:54:05.466 +02:00 [INF] ART Diagnostic DatabaseLatency SqlExpress 1 null: Performance profile sample (FPS 0.0)
2026-07-29 12:54:17.381 +02:00 [INF] MRA connectivity restored — waking offline sync worker.
2026-07-29 12:54:32.805 +02:00 [INF] Inventory alert scan complete: 8 products, low=0, stockout=0, overstock=0, fast=0.
2026-07-29 12:54:37.351 +02:00 [INF] MRA connectivity restored — waking offline sync worker.
2026-07-29 12:54:38.790 +02:00 [INF] ART Diagnostic WorkerHeartbeat HealthCheckWorker null null: Heartbeat
2026-07-29 12:54:38.807 +02:00 [INF] ART Diagnostic DatabaseLatency SqlExpress 8 null: SQL round-trip 8 ms
2026-07-29 12:54:38.854 +02:00 [INF] ART Diagnostic MraConnectivity MraEis 37 404: MRA reachable (404) in 37 ms.
2026-07-29 12:54:39.070 +02:00 [INF] ART Diagnostic DatabaseLatency SqlExpress 0 null: SQL round-trip 0 ms
2026-07-29 12:54:39.121 +02:00 [INF] ART Diagnostic MraConnectivity MraEis 39 404: MRA reachable (404) in 39 ms.
2026-07-29 12:54:39.130 +02:00 [INF] ART Diagnostic HealthCheck HealthCheckWorker 0 null: All subsystems healthy (SQL 0 ms, disk 42.27 GB free).
2026-07-29 12:54:39.213 +02:00 [INF] ART Diagnostic WorkerHeartbeat SystemHealthMonitorService null null: All monitored subsystems healthy.
2026-07-29 12:54:42.080 +02:00 [INF] MRA connectivity restored — waking offline sync worker.
2026-07-29 12:54:42.081 +02:00 [INF] ART Diagnostic HealthCheck HealthCheckWorker 8 null: All subsystems healthy (SQL 8 ms, disk 42.27 GB free).
2026-07-29 12:54:57.382 +02:00 [INF] MRA connectivity restored — waking offline sync worker.
2026-07-29 12:55:01.752 +02:00 [INF] ART Diagnostic DatabaseLatency SqlExpress 0 null: Performance profile sample (FPS 0.0)
2026-07-29 12:55:17.403 +02:00 [INF] MRA connectivity restored — waking offline sync worker.
2026-07-29 12:55:24.219 +02:00 [INF] ART Diagnostic DatabaseLatency SqlExpress 1 null: SQL round-trip 1 ms
2026-07-29 12:55:24.362 +02:00 [INF] ART Diagnostic MraConnectivity MraEis 73 404: MRA reachable (404) in 73 ms.
2026-07-29 12:55:24.815 +02:00 [INF] MRA connectivity restored — waking offline sync worker.
2026-07-29 12:55:24.815 +02:00 [INF] ART Diagnostic HealthCheck HealthCheckWorker 1 null: All subsystems healthy (SQL 1 ms, disk 42.27 GB free).
2026-07-29 12:55:25.082 +02:00 [INF] MRA connectivity restored — waking offline sync worker.
2026-07-29 12:55:25.156 +02:00 [INF] ART Diagnostic WorkerHeartbeat SystemHealthMonitorService null null: All monitored subsystems healthy.
2026-07-29 12:55:26.828 +02:00 [INF] MRA EIS POST "https://dev-eis-api.mra.mw/api/v1/sales/last-submitted-offline-transaction"
2026-07-29 12:55:27.002 +02:00 [INF] MRA POST /api/v1/sales/last-submitted-offline-transaction status=401 success=false durationMs=188
2026-07-29 12:55:27.011 +02:00 [WRN] MRA EIS HTTP 401 for POST "https://dev-eis-api.mra.mw/api/v1/sales/last-submitted-offline-transaction". RequestPayload=(empty). ResponseBody=(empty)
2026-07-29 12:55:27.011 +02:00 [WRN] Unable to query last-submitted-offline-transaction for sequence check.
PointOfSale.Mra.Http.MraApiException: Empty MRA EIS response (401).
   at PointOfSale.Infrastructure.Services.MraApiClient.SendAsync[TResponse](HttpRequestMessage request, String auditRequestBody, CancellationToken cancellationToken) in C:\Users\Albert Zee\Documents\Projects\Point Of Sale\src\PointOfSale.Infrastructure\Services\MraApiClient.cs:line 274
   at PointOfSale.Infrastructure.Services.MraApiClient.PostEmptyAsync[TResponse](String relativePath, MraRequestContext context, CancellationToken cancellationToken) in C:\Users\Albert Zee\Documents\Projects\Point Of Sale\src\PointOfSale.Infrastructure\Services\MraApiClient.cs:line 223
   at PointOfSale.Infrastructure.Services.SalesTransactionService.GetLastSubmittedTransactionAsync(String relativePath, String channelLabel, CancellationToken cancellationToken) in C:\Users\Albert Zee\Documents\Projects\Point Of Sale\src\PointOfSale.Infrastructure\Services\SalesTransactionService.cs:line 86
   at PointOfSale.Infrastructure.Services.SalesTransactionService.VerifySequenceContinuityAsync(Func`2 lookupFactory, String channelLabel, CancellationToken cancellationToken) in C:\Users\Albert Zee\Documents\Projects\Point Of Sale\src\PointOfSale.Infrastructure\Services\SalesTransactionService.cs:line 153
2026-07-29 12:55:27.174 +02:00 [INF] ART Diagnostic WorkerHeartbeat HealthCheckWorker null null: Heartbeat
2026-07-29 12:55:27.343 +02:00 [INF] ART Diagnostic DatabaseLatency SqlExpress 0 null: SQL round-trip 0 ms
2026-07-29 12:55:27.500 +02:00 [INF] ART Diagnostic MraConnectivity MraEis 83 404: MRA reachable (404) in 83 ms.
2026-07-29 12:55:27.858 +02:00 [INF] MRA connectivity restored — waking offline sync worker.
2026-07-29 12:55:27.858 +02:00 [INF] ART Diagnostic HealthCheck HealthCheckWorker 0 null: All subsystems healthy (SQL 0 ms, disk 42.27 GB free).
2026-07-29 12:55:37.391 +02:00 [INF] MRA connectivity restored — waking offline sync worker.
2026-07-29 12:55:47.261 +02:00 [INF] Inventory alert scan complete: 8 products, low=0, stockout=0, overstock=0, fast=0.
2026-07-29 12:55:47.338 +02:00 [INF] ART Diagnostic DatabaseLatency SqlExpress 0 null: Performance profile sample (FPS 0.0)
2026-07-29 12:55:57.335 +02:00 [INF] MRA connectivity restored — waking offline sync worker.
2026-07-29 12:56:10.391 +02:00 [INF] ART Diagnostic DatabaseLatency SqlExpress 0 null: SQL round-trip 0 ms
2026-07-29 12:56:10.472 +02:00 [INF] ART Diagnostic MraConnectivity MraEis 28 404: MRA reachable (404) in 28 ms.
2026-07-29 12:56:12.921 +02:00 [INF] ART Diagnostic WorkerHeartbeat HealthCheckWorker null null: Heartbeat
2026-07-29 12:56:12.925 +02:00 [INF] ART Diagnostic DatabaseLatency SqlExpress 0 null: SQL round-trip 0 ms
2026-07-29 12:56:13.631 +02:00 [INF] ART Diagnostic MraConnectivity MraEis 703 404: MRA reachable (404) in 703 ms.
2026-07-29 12:56:13.634 +02:00 [INF] ART Diagnostic HealthCheck HealthCheckWorker 0 null: All subsystems healthy (SQL 0 ms, disk 42.27 GB free).
2026-07-29 12:56:13.646 +02:00 [INF] MRA connectivity restored — waking offline sync worker.
2026-07-29 12:56:13.646 +02:00 [INF] ART Diagnostic HealthCheck HealthCheckWorker 0 null: All subsystems healthy (SQL 0 ms, disk 42.27 GB free).
2026-07-29 12:56:13.754 +02:00 [INF] MRA connectivity restored — waking offline sync worker.
2026-07-29 12:56:13.798 +02:00 [INF] ART Diagnostic WorkerHeartbeat SystemHealthMonitorService null null: All monitored subsystems healthy.
2026-07-29 12:56:17.362 +02:00 [INF] MRA connectivity restored — waking offline sync worker.
2026-07-29 12:56:17.424 +02:00 [INF] ART Diagnostic DatabaseLatency SqlExpress 0 null: Performance profile sample (FPS 0.0)
2026-07-29 12:56:37.332 +02:00 [INF] MRA connectivity restored — waking offline sync worker.
2026-07-29 12:56:47.312 +02:00 [INF] Inventory alert scan complete: 8 products, low=0, stockout=0, overstock=0, fast=0.
2026-07-29 12:56:57.417 +02:00 [INF] ART Diagnostic DatabaseLatency SqlExpress 0 null: Performance profile sample (FPS 0.0)
2026-07-29 12:56:58.632 +02:00 [INF] ART Diagnostic WorkerHeartbeat HealthCheckWorker null null: Heartbeat
2026-07-29 12:56:58.689 +02:00 [INF] ART Diagnostic DatabaseLatency SqlExpress 0 null: SQL round-trip 0 ms
2026-07-29 12:56:58.709 +02:00 [INF] ART Diagnostic MraConnectivity MraEis 16 404: MRA reachable (404) in 16 ms.
2026-07-29 12:56:58.718 +02:00 [INF] ART Diagnostic HealthCheck HealthCheckWorker 0 null: All subsystems healthy (SQL 0 ms, disk 42.27 GB free).
2026-07-29 12:56:58.805 +02:00 [INF] ART Diagnostic DatabaseLatency SqlExpress 0 null: SQL round-trip 0 ms
2026-07-29 12:56:58.843 +02:00 [INF] ART Diagnostic MraConnectivity MraEis 34 404: MRA reachable (404) in 34 ms.
2026-07-29 12:56:58.916 +02:00 [INF] ART Diagnostic HealthCheck HealthCheckWorker 0 null: All subsystems healthy (SQL 0 ms, disk 42.27 GB free).
2026-07-29 12:56:59.005 +02:00 [INF] ART Diagnostic WorkerHeartbeat SystemHealthMonitorService null null: All monitored subsystems healthy.
2026-07-29 12:57:00.418 +02:00 [INF] MRA connectivity restored — waking offline sync worker.
2026-07-29 12:57:00.426 +02:00 [INF] MRA EIS POST "https://dev-eis-api.mra.mw/api/v1/sales/last-submitted-offline-transaction"
2026-07-29 12:57:03.614 +02:00 [INF] MRA POST /api/v1/sales/last-submitted-offline-transaction status=401 success=false durationMs=3203
2026-07-29 12:57:03.619 +02:00 [WRN] MRA EIS HTTP 401 for POST "https://dev-eis-api.mra.mw/api/v1/sales/last-submitted-offline-transaction". RequestPayload=(empty). ResponseBody=(empty)
2026-07-29 12:57:03.619 +02:00 [WRN] Unable to query last-submitted-offline-transaction for sequence check.
PointOfSale.Mra.Http.MraApiException: Empty MRA EIS response (401).
   at PointOfSale.Infrastructure.Services.MraApiClient.SendAsync[TResponse](HttpRequestMessage request, String auditRequestBody, CancellationToken cancellationToken) in C:\Users\Albert Zee\Documents\Projects\Point Of Sale\src\PointOfSale.Infrastructure\Services\MraApiClient.cs:line 274
   at PointOfSale.Infrastructure.Services.MraApiClient.PostEmptyAsync[TResponse](String relativePath, MraRequestContext context, CancellationToken cancellationToken) in C:\Users\Albert Zee\Documents\Projects\Point Of Sale\src\PointOfSale.Infrastructure\Services\MraApiClient.cs:line 223
   at PointOfSale.Infrastructure.Services.SalesTransactionService.GetLastSubmittedTransactionAsync(String relativePath, String channelLabel, CancellationToken cancellationToken) in C:\Users\Albert Zee\Documents\Projects\Point Of Sale\src\PointOfSale.Infrastructure\Services\SalesTransactionService.cs:line 86
   at PointOfSale.Infrastructure.Services.SalesTransactionService.VerifySequenceContinuityAsync(Func`2 lookupFactory, String channelLabel, CancellationToken cancellationToken) in C:\Users\Albert Zee\Documents\Projects\Point Of Sale\src\PointOfSale.Infrastructure\Services\SalesTransactionService.cs:line 153
2026-07-29 12:57:17.370 +02:00 [INF] MRA connectivity restored — waking offline sync worker.
2026-07-29 12:57:27.446 +02:00 [INF] ART Diagnostic DatabaseLatency SqlExpress 0 null: Performance profile sample (FPS 0.0)
2026-07-29 12:57:37.385 +02:00 [INF] MRA connectivity restored — waking offline sync worker.
2026-07-29 12:57:43.734 +02:00 [INF] ART Diagnostic WorkerHeartbeat HealthCheckWorker null null: Heartbeat
2026-07-29 12:57:43.743 +02:00 [INF] ART Diagnostic DatabaseLatency SqlExpress 0 null: SQL round-trip 0 ms
2026-07-29 12:57:44.016 +02:00 [INF] ART Diagnostic DatabaseLatency SqlExpress 0 null: SQL round-trip 0 ms
2026-07-29 12:57:44.447 +02:00 [INF] ART Diagnostic MraConnectivity MraEis 701 404: MRA reachable (404) in 701 ms.
2026-07-29 12:57:44.530 +02:00 [INF] ART Diagnostic MraConnectivity MraEis 510 404: MRA reachable (404) in 510 ms.
2026-07-29 12:57:44.596 +02:00 [INF] ART Diagnostic HealthCheck HealthCheckWorker 0 null: All subsystems healthy (SQL 0 ms, disk 42.27 GB free).
2026-07-29 12:57:44.646 +02:00 [INF] ART Diagnostic WorkerHeartbeat SystemHealthMonitorService null null: All monitored subsystems healthy.
2026-07-29 12:57:47.324 +02:00 [INF] Inventory alert scan complete: 8 products, low=0, stockout=0, overstock=0, fast=0.
2026-07-29 12:57:47.652 +02:00 [INF] MRA connectivity restored — waking offline sync worker.
2026-07-29 12:57:47.652 +02:00 [INF] ART Diagnostic HealthCheck HealthCheckWorker 0 null: All subsystems healthy (SQL 0 ms, disk 42.27 GB free).
2026-07-29 12:57:57.378 +02:00 [INF] MRA connectivity restored — waking offline sync worker.
2026-07-29 12:57:57.486 +02:00 [INF] ART Diagnostic DatabaseLatency SqlExpress 0 null: Performance profile sample (FPS 0.0)
2026-07-29 12:58:17.358 +02:00 [INF] MRA connectivity restored — waking offline sync worker.
2026-07-29 12:58:27.512 +02:00 [INF] ART Diagnostic DatabaseLatency SqlExpress 0 null: Performance profile sample (FPS 0.0)
2026-07-29 12:58:29.642 +02:00 [INF] ART Diagnostic DatabaseLatency SqlExpress 0 null: SQL round-trip 0 ms
2026-07-29 12:58:29.675 +02:00 [INF] ART Diagnostic MraConnectivity MraEis 29 404: MRA reachable (404) in 29 ms.
2026-07-29 12:58:29.790 +02:00 [INF] MRA connectivity restored — waking offline sync worker.
2026-07-29 12:58:29.791 +02:00 [INF] ART Diagnostic HealthCheck HealthCheckWorker 0 null: All subsystems healthy (SQL 0 ms, disk 42.27 GB free).
2026-07-29 12:58:32.656 +02:00 [INF] ART Diagnostic WorkerHeartbeat HealthCheckWorker null null: Heartbeat
2026-07-29 12:58:32.660 +02:00 [INF] ART Diagnostic DatabaseLatency SqlExpress 0 null: SQL round-trip 0 ms
2026-07-29 12:58:32.728 +02:00 [INF] ART Diagnostic MraConnectivity MraEis 65 404: MRA reachable (404) in 65 ms.
2026-07-29 12:58:32.730 +02:00 [INF] ART Diagnostic HealthCheck HealthCheckWorker 0 null: All subsystems healthy (SQL 0 ms, disk 42.27 GB free).
2026-07-29 12:58:32.964 +02:00 [INF] MRA connectivity restored — waking offline sync worker.
2026-07-29 12:58:33.009 +02:00 [INF] ART Diagnostic WorkerHeartbeat SystemHealthMonitorService null null: All monitored subsystems healthy.
2026-07-29 12:58:37.377 +02:00 [INF] MRA connectivity restored — waking offline sync worker.
2026-07-29 12:58:37.385 +02:00 [INF] MRA EIS POST "https://dev-eis-api.mra.mw/api/v1/sales/last-submitted-offline-transaction"
2026-07-29 12:58:37.494 +02:00 [INF] MRA POST /api/v1/sales/last-submitted-offline-transaction status=401 success=false durationMs=109
2026-07-29 12:58:37.499 +02:00 [WRN] MRA EIS HTTP 401 for POST "https://dev-eis-api.mra.mw/api/v1/sales/last-submitted-offline-transaction". RequestPayload=(empty). ResponseBody=(empty)
2026-07-29 12:58:37.500 +02:00 [WRN] Unable to query last-submitted-offline-transaction for sequence check.
PointOfSale.Mra.Http.MraApiException: Empty MRA EIS response (401).
   at PointOfSale.Infrastructure.Services.MraApiClient.SendAsync[TResponse](HttpRequestMessage request, String auditRequestBody, CancellationToken cancellationToken) in C:\Users\Albert Zee\Documents\Projects\Point Of Sale\src\PointOfSale.Infrastructure\Services\MraApiClient.cs:line 274
   at PointOfSale.Infrastructure.Services.MraApiClient.PostEmptyAsync[TResponse](String relativePath, MraRequestContext context, CancellationToken cancellationToken) in C:\Users\Albert Zee\Documents\Projects\Point Of Sale\src\PointOfSale.Infrastructure\Services\MraApiClient.cs:line 223
   at PointOfSale.Infrastructure.Services.SalesTransactionService.GetLastSubmittedTransactionAsync(String relativePath, String channelLabel, CancellationToken cancellationToken) in C:\Users\Albert Zee\Documents\Projects\Point Of Sale\src\PointOfSale.Infrastructure\Services\SalesTransactionService.cs:line 86
   at PointOfSale.Infrastructure.Services.SalesTransactionService.VerifySequenceContinuityAsync(Func`2 lookupFactory, String channelLabel, CancellationToken cancellationToken) in C:\Users\Albert Zee\Documents\Projects\Point Of Sale\src\PointOfSale.Infrastructure\Services\SalesTransactionService.cs:line 153
2026-07-29 12:58:47.325 +02:00 [INF] Inventory alert scan complete: 8 products, low=0, stockout=0, overstock=0, fast=0.
2026-07-29 12:58:57.358 +02:00 [INF] MRA connectivity restored — waking offline sync worker.
2026-07-29 12:59:07.783 +02:00 [INF] ART Diagnostic DatabaseLatency SqlExpress 1 null: Performance profile sample (FPS 0.0)
2026-07-29 12:59:17.352 +02:00 [INF] MRA connectivity restored — waking offline sync worker.
2026-07-29 12:59:17.750 +02:00 [INF] ART Diagnostic WorkerHeartbeat HealthCheckWorker null null: Heartbeat
2026-07-29 12:59:17.777 +02:00 [INF] ART Diagnostic DatabaseLatency SqlExpress 0 null: SQL round-trip 0 ms
2026-07-29 12:59:18.048 +02:00 [INF] ART Diagnostic DatabaseLatency SqlExpress 0 null: SQL round-trip 0 ms
2026-07-29 12:59:18.136 +02:00 [INF] ART Diagnostic MraConnectivity MraEis 84 404: MRA reachable (404) in 84 ms.
2026-07-29 12:59:20.981 +02:00 [INF] ART Diagnostic MraConnectivity MraEis 3201 404: MRA reachable (404) in 3201 ms.
2026-07-29 12:59:20.983 +02:00 [INF] MRA connectivity restored — waking offline sync worker.
2026-07-29 12:59:20.983 +02:00 [INF] ART Diagnostic HealthCheck HealthCheckWorker 0 null: All subsystems healthy (SQL 0 ms, disk 42.42 GB free).
2026-07-29 12:59:21.178 +02:00 [INF] ART Diagnostic WorkerHeartbeat SystemHealthMonitorService null null: All monitored subsystems healthy.
2026-07-29 12:59:21.193 +02:00 [INF] MRA connectivity restored — waking offline sync worker.
2026-07-29 12:59:21.193 +02:00 [INF] ART Diagnostic HealthCheck HealthCheckWorker 0 null: All subsystems healthy (SQL 0 ms, disk 42.42 GB free).
2026-07-29 12:59:37.404 +02:00 [INF] MRA connectivity restored — waking offline sync worker.
2026-07-29 12:59:37.824 +02:00 [INF] ART Diagnostic DatabaseLatency SqlExpress 0 null: Performance profile sample (FPS 0.0)
2026-07-29 12:59:47.347 +02:00 [INF] Inventory alert scan complete: 8 products, low=0, stockout=0, overstock=0, fast=0.
2026-07-29 12:59:57.343 +02:00 [INF] MRA connectivity restored — waking offline sync worker.
2026-07-29 13:00:06.182 +02:00 [INF] ART Diagnostic DatabaseLatency SqlExpress 1 null: SQL round-trip 1 ms
2026-07-29 13:00:06.196 +02:00 [INF] ART Diagnostic WorkerHeartbeat HealthCheckWorker null null: Heartbeat
2026-07-29 13:00:06.201 +02:00 [INF] ART Diagnostic DatabaseLatency SqlExpress 0 null: SQL round-trip 0 ms
2026-07-29 13:00:06.258 +02:00 [INF] ART Diagnostic MraConnectivity MraEis 66 404: MRA reachable (404) in 66 ms.
2026-07-29 13:00:06.266 +02:00 [INF] ART Diagnostic MraConnectivity MraEis 61 404: MRA reachable (404) in 61 ms.
2026-07-29 13:00:06.269 +02:00 [INF] ART Diagnostic HealthCheck HealthCheckWorker 0 null: All subsystems healthy (SQL 0 ms, disk 42.27 GB free).
2026-07-29 13:00:06.394 +02:00 [INF] MRA connectivity restored — waking offline sync worker.
2026-07-29 13:00:06.394 +02:00 [INF] ART Diagnostic HealthCheck HealthCheckWorker 1 null: All subsystems healthy (SQL 1 ms, disk 42.27 GB free).
2026-07-29 13:00:06.486 +02:00 [INF] MRA connectivity restored — waking offline sync worker.
2026-07-29 13:00:06.538 +02:00 [INF] ART Diagnostic WorkerHeartbeat SystemHealthMonitorService null null: All monitored subsystems healthy.
2026-07-29 13:00:07.860 +02:00 [INF] ART Diagnostic DatabaseLatency SqlExpress 0 null: Performance profile sample (FPS 0.0)
2026-07-29 13:00:17.359 +02:00 [INF] MRA connectivity restored — waking offline sync worker.
2026-07-29 13:00:17.372 +02:00 [INF] MRA EIS POST "https://dev-eis-api.mra.mw/api/v1/sales/last-submitted-offline-transaction"
2026-07-29 13:00:17.538 +02:00 [INF] MRA POST /api/v1/sales/last-submitted-offline-transaction status=401 success=false durationMs=156
2026-07-29 13:00:17.545 +02:00 [WRN] MRA EIS HTTP 401 for POST "https://dev-eis-api.mra.mw/api/v1/sales/last-submitted-offline-transaction". RequestPayload=(empty). ResponseBody=(empty)
2026-07-29 13:00:17.546 +02:00 [WRN] Unable to query last-submitted-offline-transaction for sequence check.
PointOfSale.Mra.Http.MraApiException: Empty MRA EIS response (401).
   at PointOfSale.Infrastructure.Services.MraApiClient.SendAsync[TResponse](HttpRequestMessage request, String auditRequestBody, CancellationToken cancellationToken) in C:\Users\Albert Zee\Documents\Projects\Point Of Sale\src\PointOfSale.Infrastructure\Services\MraApiClient.cs:line 274
   at PointOfSale.Infrastructure.Services.MraApiClient.PostEmptyAsync[TResponse](String relativePath, MraRequestContext context, CancellationToken cancellationToken) in C:\Users\Albert Zee\Documents\Projects\Point Of Sale\src\PointOfSale.Infrastructure\Services\MraApiClient.cs:line 223
   at PointOfSale.Infrastructure.Services.SalesTransactionService.GetLastSubmittedTransactionAsync(String relativePath, String channelLabel, CancellationToken cancellationToken) in C:\Users\Albert Zee\Documents\Projects\Point Of Sale\src\PointOfSale.Infrastructure\Services\SalesTransactionService.cs:line 86
   at PointOfSale.Infrastructure.Services.SalesTransactionService.VerifySequenceContinuityAsync(Func`2 lookupFactory, String channelLabel, CancellationToken cancellationToken) in C:\Users\Albert Zee\Documents\Projects\Point Of Sale\src\PointOfSale.Infrastructure\Services\SalesTransactionService.cs:line 153
2026-07-29 13:00:37.372 +02:00 [INF] MRA connectivity restored — waking offline sync worker.
2026-07-29 13:00:37.919 +02:00 [INF] ART Diagnostic DatabaseLatency SqlExpress 0 null: Performance profile sample (FPS 0.0)
2026-07-29 13:00:47.393 +02:00 [INF] Inventory alert scan complete: 8 products, low=0, stockout=0, overstock=0, fast=0.
2026-07-29 13:00:51.288 +02:00 [INF] ART Diagnostic WorkerHeartbeat HealthCheckWorker null null: Heartbeat
2026-07-29 13:00:51.298 +02:00 [INF] ART Diagnostic DatabaseLatency SqlExpress 0 null: SQL round-trip 0 ms
2026-07-29 13:00:51.344 +02:00 [INF] ART Diagnostic MraConnectivity MraEis 36 404: MRA reachable (404) in 36 ms.
2026-07-29 13:00:51.531 +02:00 [INF] ART Diagnostic DatabaseLatency SqlExpress 0 null: SQL round-trip 0 ms
2026-07-29 13:00:53.891 +02:00 [INF] ART Diagnostic MraConnectivity MraEis 2357 404: MRA reachable (404) in 2357 ms.
2026-07-29 13:00:53.894 +02:00 [INF] ART Diagnostic HealthCheck HealthCheckWorker 0 null: All subsystems healthy (SQL 0 ms, disk 42.27 GB free).
2026-07-29 13:00:53.901 +02:00 [INF] MRA connectivity restored — waking offline sync worker.
2026-07-29 13:00:53.902 +02:00 [INF] ART Diagnostic HealthCheck HealthCheckWorker 0 null: All subsystems healthy (SQL 0 ms, disk 42.27 GB free).
2026-07-29 13:00:53.967 +02:00 [INF] ART Diagnostic WorkerHeartbeat SystemHealthMonitorService null null: All monitored subsystems healthy.
2026-07-29 13:00:57.336 +02:00 [INF] MRA connectivity restored — waking offline sync worker.
2026-07-29 13:01:17.341 +02:00 [INF] MRA connectivity restored — waking offline sync worker.
2026-07-29 13:01:18.002 +02:00 [INF] ART Diagnostic DatabaseLatency SqlExpress 1 null: Performance profile sample (FPS 0.0)
2026-07-29 13:01:30.900 +02:00 [ERR] ART Diagnostic Exception DatabaseMaintenanceService null null: Cannot rebuild indexes while shift 1 is open for Front Counter Cashier.
2026-07-29 13:01:30.904 +02:00 [ERR] Database maintenance FullOptimization failed.
System.InvalidOperationException: Cannot rebuild indexes while shift 1 is open for Front Counter Cashier.
   at PointOfSale.App.Services.DatabaseMaintenanceService.EnsureSafeForHeavyMaintenanceAsync(CancellationToken cancellationToken) in C:\Users\Albert Zee\Documents\Projects\Point Of Sale\src\PointOfSale.App\Services\DatabaseMaintenanceService.cs:line 258
   at PointOfSale.App.Services.DatabaseMaintenanceService.RunMaintenanceAsync(String operation, Boolean manualTrigger, CancellationToken cancellationToken) in C:\Users\Albert Zee\Documents\Projects\Point Of Sale\src\PointOfSale.App\Services\DatabaseMaintenanceService.cs:line 177
2026-07-29 13:01:37.528 +02:00 [INF] MRA connectivity restored — waking offline sync worker.
2026-07-29 13:01:38.913 +02:00 [INF] ART Diagnostic WorkerHeartbeat HealthCheckWorker null null: Heartbeat
2026-07-29 13:01:38.923 +02:00 [INF] ART Diagnostic DatabaseLatency SqlExpress 0 null: SQL round-trip 0 ms
2026-07-29 13:01:38.979 +02:00 [INF] ART Diagnostic MraConnectivity MraEis 52 404: MRA reachable (404) in 52 ms.
2026-07-29 13:01:38.991 +02:00 [INF] ART Diagnostic DatabaseLatency SqlExpress 1 null: SQL round-trip 1 ms
2026-07-29 13:01:39.100 +02:00 [INF] ART Diagnostic MraConnectivity MraEis 64 404: MRA reachable (404) in 64 ms.
2026-07-29 13:01:39.104 +02:00 [INF] ART Diagnostic HealthCheck HealthCheckWorker 1 null: All subsystems healthy (SQL 1 ms, disk 42.27 GB free).
2026-07-29 13:01:39.137 +02:00 [INF] MRA connectivity restored — waking offline sync worker.
2026-07-29 13:01:39.137 +02:00 [INF] ART Diagnostic HealthCheck HealthCheckWorker 0 null: All subsystems healthy (SQL 0 ms, disk 42.27 GB free).
2026-07-29 13:01:39.191 +02:00 [INF] ART Diagnostic WorkerHeartbeat SystemHealthMonitorService null null: All monitored subsystems healthy.
2026-07-29 13:01:47.409 +02:00 [INF] Inventory alert scan complete: 8 products, low=0, stockout=0, overstock=0, fast=0.
2026-07-29 13:01:48.059 +02:00 [INF] ART Diagnostic DatabaseLatency SqlExpress 0 null: Performance profile sample (FPS 0.0)
2026-07-29 13:01:54.177 +02:00 [INF] MRA EIS POST "https://dev-eis-api.mra.mw/api/v1/sales/last-submitted-offline-transaction"
2026-07-29 13:01:54.351 +02:00 [INF] MRA POST /api/v1/sales/last-submitted-offline-transaction status=401 success=false durationMs=187
2026-07-29 13:01:54.361 +02:00 [WRN] MRA EIS HTTP 401 for POST "https://dev-eis-api.mra.mw/api/v1/sales/last-submitted-offline-transaction". RequestPayload=(empty). ResponseBody=(empty)
2026-07-29 13:01:54.361 +02:00 [WRN] Unable to query last-submitted-offline-transaction for sequence check.
PointOfSale.Mra.Http.MraApiException: Empty MRA EIS response (401).
   at PointOfSale.Infrastructure.Services.MraApiClient.SendAsync[TResponse](HttpRequestMessage request, String auditRequestBody, CancellationToken cancellationToken) in C:\Users\Albert Zee\Documents\Projects\Point Of Sale\src\PointOfSale.Infrastructure\Services\MraApiClient.cs:line 274
   at PointOfSale.Infrastructure.Services.MraApiClient.PostEmptyAsync[TResponse](String relativePath, MraRequestContext context, CancellationToken cancellationToken) in C:\Users\Albert Zee\Documents\Projects\Point Of Sale\src\PointOfSale.Infrastructure\Services\MraApiClient.cs:line 223
   at PointOfSale.Infrastructure.Services.SalesTransactionService.GetLastSubmittedTransactionAsync(String relativePath, String channelLabel, CancellationToken cancellationToken) in C:\Users\Albert Zee\Documents\Projects\Point Of Sale\src\PointOfSale.Infrastructure\Services\SalesTransactionService.cs:line 86
   at PointOfSale.Infrastructure.Services.SalesTransactionService.VerifySequenceContinuityAsync(Func`2 lookupFactory, String channelLabel, CancellationToken cancellationToken) in C:\Users\Albert Zee\Documents\Projects\Point Of Sale\src\PointOfSale.Infrastructure\Services\SalesTransactionService.cs:line 153
2026-07-29 13:01:57.530 +02:00 [INF] MRA connectivity restored — waking offline sync worker.
2026-07-29 13:02:17.362 +02:00 [INF] MRA connectivity restored — waking offline sync worker.
2026-07-29 13:02:18.114 +02:00 [INF] ART Diagnostic DatabaseLatency SqlExpress 0 null: Performance profile sample (FPS 0.0)
2026-07-29 13:02:24.182 +02:00 [INF] ART Diagnostic WorkerHeartbeat HealthCheckWorker null null: Heartbeat
2026-07-29 13:02:24.186 +02:00 [INF] ART Diagnostic DatabaseLatency SqlExpress 0 null: SQL round-trip 0 ms
2026-07-29 13:02:24.199 +02:00 [INF] ART Diagnostic DatabaseLatency SqlExpress 1 null: SQL round-trip 1 ms
2026-07-29 13:02:24.383 +02:00 [INF] ART Diagnostic MraConnectivity MraEis 180 404: MRA reachable (404) in 180 ms.
2026-07-29 13:02:24.646 +02:00 [INF] ART Diagnostic MraConnectivity MraEis 457 404: MRA reachable (404) in 457 ms.
2026-07-29 13:02:24.648 +02:00 [INF] MRA connectivity restored — waking offline sync worker.
2026-07-29 13:02:24.648 +02:00 [INF] ART Diagnostic HealthCheck HealthCheckWorker 1 null: All subsystems healthy (SQL 1 ms, disk 42.27 GB free).
2026-07-29 13:02:24.747 +02:00 [INF] ART Diagnostic WorkerHeartbeat SystemHealthMonitorService null null: All monitored subsystems healthy.
2026-07-29 13:02:24.803 +02:00 [INF] MRA connectivity restored — waking offline sync worker.
2026-07-29 13:02:24.803 +02:00 [INF] ART Diagnostic HealthCheck HealthCheckWorker 0 null: All subsystems healthy (SQL 0 ms, disk 42.27 GB free).
2026-07-29 13:02:37.346 +02:00 [INF] MRA connectivity restored — waking offline sync worker.
2026-07-29 13:02:47.425 +02:00 [INF] Inventory alert scan complete: 8 products, low=0, stockout=0, overstock=0, fast=0.
2026-07-29 13:02:48.165 +02:00 [INF] ART Diagnostic DatabaseLatency SqlExpress 1 null: Performance profile sample (FPS 0.0)
2026-07-29 13:02:57.399 +02:00 [INF] MRA connectivity restored — waking offline sync worker.
2026-07-29 13:03:09.748 +02:00 [INF] ART Diagnostic DatabaseLatency SqlExpress 0 null: SQL round-trip 0 ms
2026-07-29 13:03:09.812 +02:00 [INF] ART Diagnostic WorkerHeartbeat HealthCheckWorker null null: Heartbeat
2026-07-29 13:03:09.934 +02:00 [INF] ART Diagnostic DatabaseLatency SqlExpress 0 null: SQL round-trip 0 ms
2026-07-29 13:03:10.020 +02:00 [INF] ART Diagnostic MraConnectivity MraEis 57 404: MRA reachable (404) in 57 ms.
2026-07-29 13:03:10.024 +02:00 [INF] ART Diagnostic MraConnectivity MraEis 90 404: MRA reachable (404) in 90 ms.
2026-07-29 13:03:10.037 +02:00 [INF] ART Diagnostic HealthCheck HealthCheckWorker 0 null: All subsystems healthy (SQL 0 ms, disk 42.27 GB free).
2026-07-29 13:03:10.183 +02:00 [INF] MRA connectivity restored — waking offline sync worker.
2026-07-29 13:03:10.183 +02:00 [INF] ART Diagnostic HealthCheck HealthCheckWorker 0 null: All subsystems healthy (SQL 0 ms, disk 42.27 GB free).
2026-07-29 13:03:10.220 +02:00 [INF] ART Diagnostic WorkerHeartbeat SystemHealthMonitorService null null: All monitored subsystems healthy.
2026-07-29 13:03:17.419 +02:00 [INF] MRA connectivity restored — waking offline sync worker.
2026-07-29 13:03:18.218 +02:00 [INF] ART Diagnostic DatabaseLatency SqlExpress 1 null: Performance profile sample (FPS 0.0)
2026-07-29 13:03:32.441 +02:00 [INF] MRA EIS POST "https://dev-eis-api.mra.mw/api/v1/sales/last-submitted-offline-transaction"
2026-07-29 13:03:32.650 +02:00 [INF] MRA POST /api/v1/sales/last-submitted-offline-transaction status=401 success=false durationMs=218
2026-07-29 13:03:32.661 +02:00 [WRN] MRA EIS HTTP 401 for POST "https://dev-eis-api.mra.mw/api/v1/sales/last-submitted-offline-transaction". RequestPayload=(empty). ResponseBody=(empty)
2026-07-29 13:03:32.662 +02:00 [WRN] Unable to query last-submitted-offline-transaction for sequence check.
PointOfSale.Mra.Http.MraApiException: Empty MRA EIS response (401).
   at PointOfSale.Infrastructure.Services.MraApiClient.SendAsync[TResponse](HttpRequestMessage request, String auditRequestBody, CancellationToken cancellationToken) in C:\Users\Albert Zee\Documents\Projects\Point Of Sale\src\PointOfSale.Infrastructure\Services\MraApiClient.cs:line 274
   at PointOfSale.Infrastructure.Services.MraApiClient.PostEmptyAsync[TResponse](String relativePath, MraRequestContext context, CancellationToken cancellationToken) in C:\Users\Albert Zee\Documents\Projects\Point Of Sale\src\PointOfSale.Infrastructure\Services\MraApiClient.cs:line 223
   at PointOfSale.Infrastructure.Services.SalesTransactionService.GetLastSubmittedTransactionAsync(String relativePath, String channelLabel, CancellationToken cancellationToken) in C:\Users\Albert Zee\Documents\Projects\Point Of Sale\src\PointOfSale.Infrastructure\Services\SalesTransactionService.cs:line 86
   at PointOfSale.Infrastructure.Services.SalesTransactionService.VerifySequenceContinuityAsync(Func`2 lookupFactory, String channelLabel, CancellationToken cancellationToken) in C:\Users\Albert Zee\Documents\Projects\Point Of Sale\src\PointOfSale.Infrastructure\Services\SalesTransactionService.cs:line 153
2026-07-29 13:03:38.954 +02:00 [INF] MRA connectivity restored — waking offline sync worker.
2026-07-29 13:03:47.460 +02:00 [INF] Inventory alert scan complete: 8 products, low=0, stockout=0, overstock=0, fast=0.
2026-07-29 13:03:48.276 +02:00 [INF] ART Diagnostic DatabaseLatency SqlExpress 0 null: Performance profile sample (FPS 0.0)
2026-07-29 13:03:55.343 +02:00 [INF] ART Diagnostic WorkerHeartbeat HealthCheckWorker null null: Heartbeat
2026-07-29 13:03:55.344 +02:00 [INF] ART Diagnostic DatabaseLatency SqlExpress 0 null: SQL round-trip 0 ms
2026-07-29 13:03:55.349 +02:00 [INF] ART Diagnostic DatabaseLatency SqlExpress 1 null: SQL round-trip 1 ms
2026-07-29 13:03:55.384 +02:00 [INF] ART Diagnostic MraConnectivity MraEis 25 404: MRA reachable (404) in 25 ms.
2026-07-29 13:03:55.387 +02:00 [INF] ART Diagnostic MraConnectivity MraEis 39 404: MRA reachable (404) in 39 ms.
2026-07-29 13:03:55.402 +02:00 [INF] ART Diagnostic HealthCheck HealthCheckWorker 0 null: All subsystems healthy (SQL 0 ms, disk 42.27 GB free).
2026-07-29 13:03:55.565 +02:00 [INF] ART Diagnostic WorkerHeartbeat SystemHealthMonitorService null null: All monitored subsystems healthy.
2026-07-29 13:03:55.669 +02:00 [INF] MRA connectivity restored — waking offline sync worker.
2026-07-29 13:03:55.670 +02:00 [INF] ART Diagnostic HealthCheck HealthCheckWorker 1 null: All subsystems healthy (SQL 1 ms, disk 42.27 GB free).
2026-07-29 13:03:57.383 +02:00 [INF] MRA connectivity restored — waking offline sync worker.
2026-07-29 13:04:18.322 +02:00 [INF] ART Diagnostic DatabaseLatency SqlExpress 0 null: Performance profile sample (FPS 0.0)
2026-07-29 13:04:20.543 +02:00 [INF] MRA connectivity restored — waking offline sync worker.
2026-07-29 13:04:37.360 +02:00 [INF] MRA connectivity restored — waking offline sync worker.
2026-07-29 13:04:40.584 +02:00 [INF] ART Diagnostic DatabaseLatency SqlExpress 2 null: SQL round-trip 2 ms
2026-07-29 13:04:40.691 +02:00 [INF] ART Diagnostic WorkerHeartbeat HealthCheckWorker null null: Heartbeat
2026-07-29 13:04:40.695 +02:00 [INF] ART Diagnostic DatabaseLatency SqlExpress 0 null: SQL round-trip 0 ms
2026-07-29 13:04:40.966 +02:00 [INF] ART Diagnostic MraConnectivity MraEis 264 404: MRA reachable (404) in 264 ms.
2026-07-29 13:04:40.974 +02:00 [INF] ART Diagnostic MraConnectivity MraEis 352 404: MRA reachable (404) in 352 ms.
2026-07-29 13:04:40.985 +02:00 [INF] ART Diagnostic HealthCheck HealthCheckWorker 2 null: All subsystems healthy (SQL 2 ms, disk 42.21 GB free).
2026-07-29 13:04:41.099 +02:00 [INF] ART Diagnostic WorkerHeartbeat SystemHealthMonitorService null null: All monitored subsystems healthy.
2026-07-29 13:04:44.306 +02:00 [INF] MRA connectivity restored — waking offline sync worker.
2026-07-29 13:04:44.307 +02:00 [INF] ART Diagnostic HealthCheck HealthCheckWorker 0 null: All subsystems healthy (SQL 0 ms, disk 42.21 GB free).
2026-07-29 13:04:47.702 +02:00 [INF] Inventory alert scan complete: 8 products, low=0, stockout=0, overstock=0, fast=0.
2026-07-29 13:04:48.405 +02:00 [INF] ART Diagnostic DatabaseLatency SqlExpress 1 null: Performance profile sample (FPS 0.0)
2026-07-29 13:04:57.362 +02:00 [INF] MRA connectivity restored — waking offline sync worker.
2026-07-29 13:05:12.376 +02:00 [INF] MRA EIS POST "https://dev-eis-api.mra.mw/api/v1/sales/last-submitted-offline-transaction"
2026-07-29 13:05:12.528 +02:00 [INF] MRA POST /api/v1/sales/last-submitted-offline-transaction status=401 success=false durationMs=156
2026-07-29 13:05:12.626 +02:00 [WRN] MRA EIS HTTP 401 for POST "https://dev-eis-api.mra.mw/api/v1/sales/last-submitted-offline-transaction". RequestPayload=(empty). ResponseBody=(empty)
2026-07-29 13:05:12.628 +02:00 [WRN] Unable to query last-submitted-offline-transaction for sequence check.
PointOfSale.Mra.Http.MraApiException: Empty MRA EIS response (401).
   at PointOfSale.Infrastructure.Services.MraApiClient.SendAsync[TResponse](HttpRequestMessage request, String auditRequestBody, CancellationToken cancellationToken) in C:\Users\Albert Zee\Documents\Projects\Point Of Sale\src\PointOfSale.Infrastructure\Services\MraApiClient.cs:line 274
   at PointOfSale.Infrastructure.Services.MraApiClient.PostEmptyAsync[TResponse](String relativePath, MraRequestContext context, CancellationToken cancellationToken) in C:\Users\Albert Zee\Documents\Projects\Point Of Sale\src\PointOfSale.Infrastructure\Services\MraApiClient.cs:line 223
   at PointOfSale.Infrastructure.Services.SalesTransactionService.GetLastSubmittedTransactionAsync(String relativePath, String channelLabel, CancellationToken cancellationToken) in C:\Users\Albert Zee\Documents\Projects\Point Of Sale\src\PointOfSale.Infrastructure\Services\SalesTransactionService.cs:line 86
   at PointOfSale.Infrastructure.Services.SalesTransactionService.VerifySequenceContinuityAsync(Func`2 lookupFactory, String channelLabel, CancellationToken cancellationToken) in C:\Users\Albert Zee\Documents\Projects\Point Of Sale\src\PointOfSale.Infrastructure\Services\SalesTransactionService.cs:line 153
2026-07-29 13:05:17.380 +02:00 [INF] MRA connectivity restored — waking offline sync worker.
2026-07-29 13:05:18.488 +02:00 [INF] ART Diagnostic DatabaseLatency SqlExpress 0 null: Performance profile sample (FPS 0.0)
2026-07-29 13:05:26.105 +02:00 [INF] ART Diagnostic DatabaseLatency SqlExpress 1 null: SQL round-trip 1 ms
2026-07-29 13:05:29.321 +02:00 [INF] ART Diagnostic WorkerHeartbeat HealthCheckWorker null null: Heartbeat
2026-07-29 13:05:29.391 +02:00 [INF] ART Diagnostic DatabaseLatency SqlExpress 0 null: SQL round-trip 0 ms
2026-07-29 13:05:29.467 +02:00 [INF] ART Diagnostic MraConnectivity MraEis 3353 404: MRA reachable (404) in 3353 ms.
2026-07-29 13:05:29.494 +02:00 [INF] ART Diagnostic MraConnectivity MraEis 97 404: MRA reachable (404) in 97 ms.
2026-07-29 13:05:29.527 +02:00 [INF] ART Diagnostic HealthCheck HealthCheckWorker 1 null: All subsystems healthy (SQL 1 ms, disk 42.21 GB free).
2026-07-29 13:05:29.734 +02:00 [INF] ART Diagnostic WorkerHeartbeat SystemHealthMonitorService null null: All monitored subsystems healthy.
2026-07-29 13:05:32.674 +02:00 [INF] MRA connectivity restored — waking offline sync worker.
2026-07-29 13:05:32.992 +02:00 [INF] ART Diagnostic HealthCheck HealthCheckWorker 0 null: All subsystems healthy (SQL 0 ms, disk 42.2 GB free).
2026-07-29 13:05:37.367 +02:00 [INF] MRA connectivity restored — waking offline sync worker.
2026-07-29 13:05:47.717 +02:00 [INF] Inventory alert scan complete: 8 products, low=0, stockout=0, overstock=0, fast=0.
2026-07-29 13:05:48.762 +02:00 [INF] ART Diagnostic DatabaseLatency SqlExpress 0 null: Performance profile sample (FPS 0.0)
2026-07-29 13:06:00.666 +02:00 [INF] MRA connectivity restored — waking offline sync worker.
2026-07-29 13:06:14.731 +02:00 [INF] ART Diagnostic DatabaseLatency SqlExpress 0 null: SQL round-trip 0 ms
2026-07-29 13:06:14.820 +02:00 [INF] ART Diagnostic MraConnectivity MraEis 73 404: MRA reachable (404) in 73 ms.
2026-07-29 13:06:15.240 +02:00 [INF] MRA connectivity restored — waking offline sync worker.
2026-07-29 13:06:15.240 +02:00 [INF] ART Diagnostic HealthCheck HealthCheckWorker 0 null: All subsystems healthy (SQL 0 ms, disk 42.2 GB free).
2026-07-29 13:06:15.330 +02:00 [INF] MRA connectivity restored — waking offline sync worker.
2026-07-29 13:06:15.399 +02:00 [INF] ART Diagnostic WorkerHeartbeat SystemHealthMonitorService null null: All monitored subsystems healthy.
2026-07-29 13:06:18.004 +02:00 [INF] ART Diagnostic WorkerHeartbeat HealthCheckWorker null null: Heartbeat
2026-07-29 13:06:18.014 +02:00 [INF] ART Diagnostic DatabaseLatency SqlExpress 0 null: SQL round-trip 0 ms
2026-07-29 13:06:18.074 +02:00 [INF] ART Diagnostic MraConnectivity MraEis 56 404: MRA reachable (404) in 56 ms.
2026-07-29 13:06:18.076 +02:00 [INF] ART Diagnostic HealthCheck HealthCheckWorker 0 null: All subsystems healthy (SQL 0 ms, disk 42.2 GB free).
2026-07-29 13:06:19.523 +02:00 [INF] MRA connectivity restored — waking offline sync worker.
2026-07-29 13:06:28.577 +02:00 [INF] ART Diagnostic DatabaseLatency SqlExpress 0 null: Performance profile sample (FPS 0.0)
2026-07-29 13:06:37.486 +02:00 [INF] MRA connectivity restored — waking offline sync worker.
2026-07-29 13:06:47.740 +02:00 [INF] Inventory alert scan complete: 8 products, low=0, stockout=0, overstock=0, fast=0.
2026-07-29 13:06:52.533 +02:00 [INF] MRA EIS POST "https://dev-eis-api.mra.mw/api/v1/sales/last-submitted-offline-transaction"
2026-07-29 13:06:52.730 +02:00 [INF] MRA POST /api/v1/sales/last-submitted-offline-transaction status=401 success=false durationMs=203
2026-07-29 13:06:52.746 +02:00 [WRN] MRA EIS HTTP 401 for POST "https://dev-eis-api.mra.mw/api/v1/sales/last-submitted-offline-transaction". RequestPayload=(empty). ResponseBody=(empty)
2026-07-29 13:06:52.747 +02:00 [WRN] Unable to query last-submitted-offline-transaction for sequence check.
PointOfSale.Mra.Http.MraApiException: Empty MRA EIS response (401).
   at PointOfSale.Infrastructure.Services.MraApiClient.SendAsync[TResponse](HttpRequestMessage request, String auditRequestBody, CancellationToken cancellationToken) in C:\Users\Albert Zee\Documents\Projects\Point Of Sale\src\PointOfSale.Infrastructure\Services\MraApiClient.cs:line 274
   at PointOfSale.Infrastructure.Services.MraApiClient.PostEmptyAsync[TResponse](String relativePath, MraRequestContext context, CancellationToken cancellationToken) in C:\Users\Albert Zee\Documents\Projects\Point Of Sale\src\PointOfSale.Infrastructure\Services\MraApiClient.cs:line 223
   at PointOfSale.Infrastructure.Services.SalesTransactionService.GetLastSubmittedTransactionAsync(String relativePath, String channelLabel, CancellationToken cancellationToken) in C:\Users\Albert Zee\Documents\Projects\Point Of Sale\src\PointOfSale.Infrastructure\Services\SalesTransactionService.cs:line 86
   at PointOfSale.Infrastructure.Services.SalesTransactionService.VerifySequenceContinuityAsync(Func`2 lookupFactory, String channelLabel, CancellationToken cancellationToken) in C:\Users\Albert Zee\Documents\Projects\Point Of Sale\src\PointOfSale.Infrastructure\Services\SalesTransactionService.cs:line 153
2026-07-29 13:06:57.373 +02:00 [INF] MRA connectivity restored — waking offline sync worker.
2026-07-29 13:06:58.619 +02:00 [INF] ART Diagnostic DatabaseLatency SqlExpress 0 null: Performance profile sample (FPS 0.0)
2026-07-29 13:07:00.416 +02:00 [INF] ART Diagnostic DatabaseLatency SqlExpress 0 null: SQL round-trip 0 ms
2026-07-29 13:07:00.719 +02:00 [INF] ART Diagnostic MraConnectivity MraEis 116 404: MRA reachable (404) in 116 ms.
2026-07-29 13:07:03.086 +02:00 [INF] ART Diagnostic WorkerHeartbeat HealthCheckWorker null null: Heartbeat
2026-07-29 13:07:03.091 +02:00 [INF] ART Diagnostic DatabaseLatency SqlExpress 0 null: SQL round-trip 0 ms
2026-07-29 13:07:03.167 +02:00 [INF] ART Diagnostic MraConnectivity MraEis 72 404: MRA reachable (404) in 72 ms.
2026-07-29 13:07:03.171 +02:00 [INF] ART Diagnostic HealthCheck HealthCheckWorker 0 null: All subsystems healthy (SQL 0 ms, disk 42.2 GB free).
2026-07-29 13:07:03.934 +02:00 [INF] MRA connectivity restored — waking offline sync worker.
2026-07-29 13:07:03.934 +02:00 [INF] ART Diagnostic HealthCheck HealthCheckWorker 0 null: All subsystems healthy (SQL 0 ms, disk 42.2 GB free).
2026-07-29 13:07:04.029 +02:00 [INF] MRA connectivity restored — waking offline sync worker.
2026-07-29 13:07:04.072 +02:00 [INF] ART Diagnostic WorkerHeartbeat SystemHealthMonitorService null null: All monitored subsystems healthy.
2026-07-29 13:07:17.389 +02:00 [INF] MRA connectivity restored — waking offline sync worker.
2026-07-29 13:07:28.692 +02:00 [INF] ART Diagnostic DatabaseLatency SqlExpress 1 null: Performance profile sample (FPS 0.0)
2026-07-29 13:07:37.441 +02:00 [INF] MRA connectivity restored — waking offline sync worker.
2026-07-29 13:07:47.770 +02:00 [INF] Inventory alert scan complete: 8 products, low=0, stockout=0, overstock=0, fast=0.
2026-07-29 13:07:48.169 +02:00 [INF] ART Diagnostic WorkerHeartbeat HealthCheckWorker null null: Heartbeat
2026-07-29 13:07:48.178 +02:00 [INF] ART Diagnostic DatabaseLatency SqlExpress 0 null: SQL round-trip 0 ms
2026-07-29 13:07:49.083 +02:00 [INF] ART Diagnostic DatabaseLatency SqlExpress 0 null: SQL round-trip 0 ms
2026-07-29 13:07:49.490 +02:00 [INF] ART Diagnostic MraConnectivity MraEis 403 404: MRA reachable (404) in 403 ms.
2026-07-29 13:07:49.702 +02:00 [INF] MRA connectivity restored — waking offline sync worker.
2026-07-29 13:07:49.702 +02:00 [INF] ART Diagnostic HealthCheck HealthCheckWorker 0 null: All subsystems healthy (SQL 0 ms, disk 42.2 GB free).
2026-07-29 13:07:50.710 +02:00 [INF] ART Diagnostic MraConnectivity MraEis 2528 404: MRA reachable (404) in 2528 ms.
2026-07-29 13:07:50.733 +02:00 [INF] MRA connectivity restored — waking offline sync worker.
2026-07-29 13:07:50.787 +02:00 [INF] ART Diagnostic WorkerHeartbeat SystemHealthMonitorService null null: All monitored subsystems healthy.
2026-07-29 13:07:51.471 +02:00 [INF] MRA connectivity restored — waking offline sync worker.
2026-07-29 13:07:51.471 +02:00 [INF] ART Diagnostic HealthCheck HealthCheckWorker 0 null: All subsystems healthy (SQL 0 ms, disk 42.2 GB free).
2026-07-29 13:07:57.560 +02:00 [INF] MRA connectivity restored — waking offline sync worker.
2026-07-29 13:07:58.749 +02:00 [INF] ART Diagnostic DatabaseLatency SqlExpress 0 null: Performance profile sample (FPS 0.0)
2026-07-29 13:08:17.393 +02:00 [INF] MRA connectivity restored — waking offline sync worker.
2026-07-29 13:08:32.404 +02:00 [INF] MRA EIS POST "https://dev-eis-api.mra.mw/api/v1/sales/last-submitted-offline-transaction"
2026-07-29 13:08:32.605 +02:00 [INF] MRA POST /api/v1/sales/last-submitted-offline-transaction status=401 success=false durationMs=203
2026-07-29 13:08:32.611 +02:00 [WRN] MRA EIS HTTP 401 for POST "https://dev-eis-api.mra.mw/api/v1/sales/last-submitted-offline-transaction". RequestPayload=(empty). ResponseBody=(empty)
2026-07-29 13:08:32.612 +02:00 [WRN] Unable to query last-submitted-offline-transaction for sequence check.
PointOfSale.Mra.Http.MraApiException: Empty MRA EIS response (401).
   at PointOfSale.Infrastructure.Services.MraApiClient.SendAsync[TResponse](HttpRequestMessage request, String auditRequestBody, CancellationToken cancellationToken) in C:\Users\Albert Zee\Documents\Projects\Point Of Sale\src\PointOfSale.Infrastructure\Services\MraApiClient.cs:line 274
   at PointOfSale.Infrastructure.Services.MraApiClient.PostEmptyAsync[TResponse](String relativePath, MraRequestContext context, CancellationToken cancellationToken) in C:\Users\Albert Zee\Documents\Projects\Point Of Sale\src\PointOfSale.Infrastructure\Services\MraApiClient.cs:line 223
   at PointOfSale.Infrastructure.Services.SalesTransactionService.GetLastSubmittedTransactionAsync(String relativePath, String channelLabel, CancellationToken cancellationToken) in C:\Users\Albert Zee\Documents\Projects\Point Of Sale\src\PointOfSale.Infrastructure\Services\SalesTransactionService.cs:line 86
   at PointOfSale.Infrastructure.Services.SalesTransactionService.VerifySequenceContinuityAsync(Func`2 lookupFactory, String channelLabel, CancellationToken cancellationToken) in C:\Users\Albert Zee\Documents\Projects\Point Of Sale\src\PointOfSale.Infrastructure\Services\SalesTransactionService.cs:line 153
2026-07-29 13:08:33.797 +02:00 [INF] ART Diagnostic DatabaseLatency SqlExpress 0 null: Performance profile sample (FPS 0.0)
2026-07-29 13:08:36.209 +02:00 [INF] ART Diagnostic DatabaseLatency SqlExpress 0 null: SQL round-trip 0 ms
2026-07-29 13:08:36.489 +02:00 [INF] ART Diagnostic WorkerHeartbeat HealthCheckWorker null null: Heartbeat
2026-07-29 13:08:36.507 +02:00 [INF] ART Diagnostic DatabaseLatency SqlExpress 0 null: SQL round-trip 0 ms
2026-07-29 13:08:36.552 +02:00 [INF] ART Diagnostic MraConnectivity MraEis 42 404: MRA reachable (404) in 42 ms.
2026-07-29 13:08:36.711 +02:00 [INF] MRA connectivity restored — waking offline sync worker.
2026-07-29 13:08:36.712 +02:00 [INF] ART Diagnostic HealthCheck HealthCheckWorker 0 null: All subsystems healthy (SQL 0 ms, disk 42.2 GB free).
2026-07-29 13:08:37.434 +02:00 [INF] MRA connectivity restored — waking offline sync worker.
2026-07-29 13:08:39.348 +02:00 [INF] ART Diagnostic MraConnectivity MraEis 3136 404: MRA reachable (404) in 3136 ms.
2026-07-29 13:08:39.457 +02:00 [INF] MRA connectivity restored — waking offline sync worker.
2026-07-29 13:08:39.458 +02:00 [INF] ART Diagnostic HealthCheck HealthCheckWorker 0 null: All subsystems healthy (SQL 0 ms, disk 42.2 GB free).
2026-07-29 13:08:39.674 +02:00 [INF] MRA connectivity restored — waking offline sync worker.
2026-07-29 13:08:39.740 +02:00 [INF] ART Diagnostic WorkerHeartbeat SystemHealthMonitorService null null: All monitored subsystems healthy.
2026-07-29 13:08:47.805 +02:00 [INF] Inventory alert scan complete: 8 products, low=0, stockout=0, overstock=0, fast=0.
2026-07-29 13:08:57.479 +02:00 [INF] MRA connectivity restored — waking offline sync worker.
2026-07-29 13:09:03.853 +02:00 [INF] ART Diagnostic DatabaseLatency SqlExpress 0 null: Performance profile sample (FPS 0.0)
2026-07-29 13:09:17.380 +02:00 [INF] MRA connectivity restored — waking offline sync worker.
2026-07-29 13:09:21.721 +02:00 [INF] ART Diagnostic WorkerHeartbeat HealthCheckWorker null null: Heartbeat
2026-07-29 13:09:21.726 +02:00 [INF] ART Diagnostic DatabaseLatency SqlExpress 0 null: SQL round-trip 0 ms
2026-07-29 13:09:21.875 +02:00 [INF] ART Diagnostic MraConnectivity MraEis 145 404: MRA reachable (404) in 145 ms.
2026-07-29 13:09:24.754 +02:00 [INF] ART Diagnostic DatabaseLatency SqlExpress 0 null: SQL round-trip 0 ms
2026-07-29 13:09:24.846 +02:00 [INF] ART Diagnostic MraConnectivity MraEis 81 404: MRA reachable (404) in 81 ms.
2026-07-29 13:09:24.849 +02:00 [INF] ART Diagnostic HealthCheck HealthCheckWorker 0 null: All subsystems healthy (SQL 0 ms, disk 42.2 GB free).
2026-07-29 13:09:24.903 +02:00 [INF] ART Diagnostic WorkerHeartbeat SystemHealthMonitorService null null: All monitored subsystems healthy.
2026-07-29 13:09:25.149 +02:00 [INF] MRA connectivity restored — waking offline sync worker.
2026-07-29 13:09:25.149 +02:00 [INF] ART Diagnostic HealthCheck HealthCheckWorker 0 null: All subsystems healthy (SQL 0 ms, disk 42.35 GB free).
2026-07-29 13:09:37.467 +02:00 [INF] MRA connectivity restored — waking offline sync worker.
2026-07-29 13:09:43.972 +02:00 [INF] ART Diagnostic DatabaseLatency SqlExpress 0 null: Performance profile sample (FPS 0.0)
2026-07-29 13:09:47.826 +02:00 [INF] Inventory alert scan complete: 8 products, low=0, stockout=0, overstock=0, fast=0.
2026-07-29 13:09:57.429 +02:00 [INF] MRA connectivity restored — waking offline sync worker.
2026-07-29 13:10:09.908 +02:00 [INF] ART Diagnostic DatabaseLatency SqlExpress 0 null: SQL round-trip 0 ms
2026-07-29 13:10:09.959 +02:00 [INF] ART Diagnostic MraConnectivity MraEis 44 404: MRA reachable (404) in 44 ms.
2026-07-29 13:10:10.098 +02:00 [INF] MRA connectivity restored — waking offline sync worker.
2026-07-29 13:10:10.099 +02:00 [INF] ART Diagnostic HealthCheck HealthCheckWorker 0 null: All subsystems healthy (SQL 0 ms, disk 42.2 GB free).
2026-07-29 13:10:10.110 +02:00 [INF] MRA EIS POST "https://dev-eis-api.mra.mw/api/v1/sales/last-submitted-offline-transaction"
2026-07-29 13:10:10.157 +02:00 [INF] ART Diagnostic WorkerHeartbeat HealthCheckWorker null null: Heartbeat
2026-07-29 13:10:10.161 +02:00 [INF] ART Diagnostic DatabaseLatency SqlExpress 0 null: SQL round-trip 0 ms
2026-07-29 13:10:10.363 +02:00 [INF] ART Diagnostic MraConnectivity MraEis 198 404: MRA reachable (404) in 198 ms.
2026-07-29 13:10:10.366 +02:00 [INF] ART Diagnostic HealthCheck HealthCheckWorker 0 null: All subsystems healthy (SQL 0 ms, disk 42.2 GB free).
2026-07-29 13:10:10.383 +02:00 [INF] MRA connectivity restored — waking offline sync worker.
2026-07-29 13:10:10.438 +02:00 [INF] ART Diagnostic WorkerHeartbeat SystemHealthMonitorService null null: All monitored subsystems healthy.
2026-07-29 13:10:10.622 +02:00 [INF] MRA POST /api/v1/sales/last-submitted-offline-transaction status=401 success=false durationMs=516
2026-07-29 13:10:10.629 +02:00 [WRN] MRA EIS HTTP 401 for POST "https://dev-eis-api.mra.mw/api/v1/sales/last-submitted-offline-transaction". RequestPayload=(empty). ResponseBody=(empty)
2026-07-29 13:10:10.630 +02:00 [WRN] Unable to query last-submitted-offline-transaction for sequence check.
PointOfSale.Mra.Http.MraApiException: Empty MRA EIS response (401).
   at PointOfSale.Infrastructure.Services.MraApiClient.SendAsync[TResponse](HttpRequestMessage request, String auditRequestBody, CancellationToken cancellationToken) in C:\Users\Albert Zee\Documents\Projects\Point Of Sale\src\PointOfSale.Infrastructure\Services\MraApiClient.cs:line 274
   at PointOfSale.Infrastructure.Services.MraApiClient.PostEmptyAsync[TResponse](String relativePath, MraRequestContext context, CancellationToken cancellationToken) in C:\Users\Albert Zee\Documents\Projects\Point Of Sale\src\PointOfSale.Infrastructure\Services\MraApiClient.cs:line 223
   at PointOfSale.Infrastructure.Services.SalesTransactionService.GetLastSubmittedTransactionAsync(String relativePath, String channelLabel, CancellationToken cancellationToken) in C:\Users\Albert Zee\Documents\Projects\Point Of Sale\src\PointOfSale.Infrastructure\Services\SalesTransactionService.cs:line 86
   at PointOfSale.Infrastructure.Services.SalesTransactionService.VerifySequenceContinuityAsync(Func`2 lookupFactory, String channelLabel, CancellationToken cancellationToken) in C:\Users\Albert Zee\Documents\Projects\Point Of Sale\src\PointOfSale.Infrastructure\Services\SalesTransactionService.cs:line 153
2026-07-29 13:10:14.042 +02:00 [INF] ART Diagnostic DatabaseLatency SqlExpress 0 null: Performance profile sample (FPS 0.0)
2026-07-29 13:10:17.371 +02:00 [INF] MRA connectivity restored — waking offline sync worker.
2026-07-29 13:10:37.355 +02:00 [INF] MRA connectivity restored — waking offline sync worker.
2026-07-29 13:10:44.080 +02:00 [INF] ART Diagnostic DatabaseLatency SqlExpress 0 null: Performance profile sample (FPS 0.0)
2026-07-29 13:10:47.842 +02:00 [INF] Inventory alert scan complete: 8 products, low=0, stockout=0, overstock=0, fast=0.
2026-07-29 13:10:55.421 +02:00 [INF] ART Diagnostic WorkerHeartbeat HealthCheckWorker null null: Heartbeat
2026-07-29 13:10:55.425 +02:00 [INF] ART Diagnostic DatabaseLatency SqlExpress 0 null: SQL round-trip 0 ms
2026-07-29 13:10:55.458 +02:00 [INF] ART Diagnostic MraConnectivity MraEis 30 404: MRA reachable (404) in 30 ms.
2026-07-29 13:10:55.516 +02:00 [INF] ART Diagnostic DatabaseLatency SqlExpress 0 null: SQL round-trip 0 ms
2026-07-29 13:10:55.558 +02:00 [INF] ART Diagnostic MraConnectivity MraEis 39 404: MRA reachable (404) in 39 ms.
2026-07-29 13:10:55.561 +02:00 [INF] ART Diagnostic HealthCheck HealthCheckWorker 0 null: All subsystems healthy (SQL 0 ms, disk 42.18 GB free).
2026-07-29 13:10:55.628 +02:00 [INF] ART Diagnostic WorkerHeartbeat SystemHealthMonitorService null null: All monitored subsystems healthy.
2026-07-29 13:10:58.621 +02:00 [INF] MRA connectivity restored — waking offline sync worker.
2026-07-29 13:10:58.621 +02:00 [INF] ART Diagnostic HealthCheck HealthCheckWorker 0 null: All subsystems healthy (SQL 0 ms, disk 42.18 GB free).
2026-07-29 13:11:14.153 +02:00 [INF] ART Diagnostic DatabaseLatency SqlExpress 0 null: Performance profile sample (FPS 0.0)
2026-07-29 13:11:17.459 +02:00 [INF] MRA connectivity restored — waking offline sync worker.
2026-07-29 13:11:37.342 +02:00 [INF] MRA connectivity restored — waking offline sync worker.
2026-07-29 13:11:40.639 +02:00 [INF] ART Diagnostic DatabaseLatency SqlExpress 1 null: SQL round-trip 1 ms
2026-07-29 13:11:40.784 +02:00 [INF] ART Diagnostic MraConnectivity MraEis 113 404: MRA reachable (404) in 113 ms.
2026-07-29 13:11:40.941 +02:00 [INF] MRA connectivity restored — waking offline sync worker.
2026-07-29 13:11:40.941 +02:00 [INF] ART Diagnostic HealthCheck HealthCheckWorker 1 null: All subsystems healthy (SQL 1 ms, disk 42.2 GB free).
2026-07-29 13:11:40.952 +02:00 [INF] MRA EIS POST "https://dev-eis-api.mra.mw/api/v1/sales/last-submitted-offline-transaction"
2026-07-29 13:11:43.637 +02:00 [INF] ART Diagnostic WorkerHeartbeat HealthCheckWorker null null: Heartbeat
2026-07-29 13:11:43.642 +02:00 [INF] ART Diagnostic DatabaseLatency SqlExpress 0 null: SQL round-trip 0 ms
2026-07-29 13:11:43.773 +02:00 [INF] ART Diagnostic MraConnectivity MraEis 127 404: MRA reachable (404) in 127 ms.
2026-07-29 13:11:43.776 +02:00 [INF] ART Diagnostic HealthCheck HealthCheckWorker 0 null: All subsystems healthy (SQL 0 ms, disk 42.2 GB free).
2026-07-29 13:11:44.117 +02:00 [INF] MRA POST /api/v1/sales/last-submitted-offline-transaction status=401 success=false durationMs=3156
2026-07-29 13:11:44.145 +02:00 [WRN] MRA EIS HTTP 401 for POST "https://dev-eis-api.mra.mw/api/v1/sales/last-submitted-offline-transaction". RequestPayload=(empty). ResponseBody=(empty)
2026-07-29 13:11:44.145 +02:00 [WRN] Unable to query last-submitted-offline-transaction for sequence check.
PointOfSale.Mra.Http.MraApiException: Empty MRA EIS response (401).
   at PointOfSale.Infrastructure.Services.MraApiClient.SendAsync[TResponse](HttpRequestMessage request, String auditRequestBody, CancellationToken cancellationToken) in C:\Users\Albert Zee\Documents\Projects\Point Of Sale\src\PointOfSale.Infrastructure\Services\MraApiClient.cs:line 274
   at PointOfSale.Infrastructure.Services.MraApiClient.PostEmptyAsync[TResponse](String relativePath, MraRequestContext context, CancellationToken cancellationToken) in C:\Users\Albert Zee\Documents\Projects\Point Of Sale\src\PointOfSale.Infrastructure\Services\MraApiClient.cs:line 223
   at PointOfSale.Infrastructure.Services.SalesTransactionService.GetLastSubmittedTransactionAsync(String relativePath, String channelLabel, CancellationToken cancellationToken) in C:\Users\Albert Zee\Documents\Projects\Point Of Sale\src\PointOfSale.Infrastructure\Services\SalesTransactionService.cs:line 86
   at PointOfSale.Infrastructure.Services.SalesTransactionService.VerifySequenceContinuityAsync(Func`2 lookupFactory, String channelLabel, CancellationToken cancellationToken) in C:\Users\Albert Zee\Documents\Projects\Point Of Sale\src\PointOfSale.Infrastructure\Services\SalesTransactionService.cs:line 153
2026-07-29 13:11:44.148 +02:00 [INF] MRA connectivity restored — waking offline sync worker.
2026-07-29 13:11:44.226 +02:00 [INF] ART Diagnostic WorkerHeartbeat SystemHealthMonitorService null null: All monitored subsystems healthy.
2026-07-29 13:11:54.186 +02:00 [INF] Inventory alert scan complete: 8 products, low=0, stockout=0, overstock=0, fast=0.
2026-07-29 13:11:54.202 +02:00 [INF] ART Diagnostic DatabaseLatency SqlExpress 8 null: Performance profile sample (FPS 0.0)
2026-07-29 13:11:57.529 +02:00 [INF] MRA connectivity restored — waking offline sync worker.
2026-07-29 13:12:17.590 +02:00 [INF] MRA connectivity restored — waking offline sync worker.
2026-07-29 13:12:24.260 +02:00 [INF] ART Diagnostic DatabaseLatency SqlExpress 0 null: Performance profile sample (FPS 0.0)
2026-07-29 13:12:28.786 +02:00 [INF] ART Diagnostic WorkerHeartbeat HealthCheckWorker null null: Heartbeat
2026-07-29 13:12:28.791 +02:00 [INF] ART Diagnostic DatabaseLatency SqlExpress 0 null: SQL round-trip 0 ms
2026-07-29 13:12:28.881 +02:00 [INF] ART Diagnostic MraConnectivity MraEis 76 404: MRA reachable (404) in 76 ms.
2026-07-29 13:12:29.236 +02:00 [INF] ART Diagnostic DatabaseLatency SqlExpress 1 null: SQL round-trip 1 ms
2026-07-29 13:12:29.435 +02:00 [INF] ART Diagnostic MraConnectivity MraEis 98 404: MRA reachable (404) in 98 ms.
2026-07-29 13:12:29.440 +02:00 [INF] ART Diagnostic HealthCheck HealthCheckWorker 1 null: All subsystems healthy (SQL 1 ms, disk 42.19 GB free).
2026-07-29 13:12:29.509 +02:00 [INF] ART Diagnostic WorkerHeartbeat SystemHealthMonitorService null null: All monitored subsystems healthy.
2026-07-29 13:12:32.200 +02:00 [INF] MRA connectivity restored — waking offline sync worker.
2026-07-29 13:12:32.200 +02:00 [INF] ART Diagnostic HealthCheck HealthCheckWorker 0 null: All subsystems healthy (SQL 0 ms, disk 42.19 GB free).
2026-07-29 13:12:37.384 +02:00 [INF] MRA connectivity restored — waking offline sync worker.
2026-07-29 13:12:54.216 +02:00 [INF] Inventory alert scan complete: 8 products, low=0, stockout=0, overstock=0, fast=0.
2026-07-29 13:12:57.597 +02:00 [INF] MRA connectivity restored — waking offline sync worker.
2026-07-29 13:13:04.345 +02:00 [INF] ART Diagnostic DatabaseLatency SqlExpress 0 null: Performance profile sample (FPS 0.0)
2026-07-29 13:13:14.520 +02:00 [INF] ART Diagnostic DatabaseLatency SqlExpress 1 null: SQL round-trip 1 ms
2026-07-29 13:13:17.211 +02:00 [INF] ART Diagnostic WorkerHeartbeat HealthCheckWorker null null: Heartbeat
2026-07-29 13:13:17.239 +02:00 [INF] ART Diagnostic DatabaseLatency SqlExpress 1 null: SQL round-trip 1 ms
2026-07-29 13:13:17.483 +02:00 [INF] MRA connectivity restored — waking offline sync worker.
2026-07-29 13:13:17.492 +02:00 [INF] MRA EIS POST "https://dev-eis-api.mra.mw/api/v1/sales/last-submitted-offline-transaction"
2026-07-29 13:13:17.529 +02:00 [INF] ART Diagnostic MraConnectivity MraEis 284 404: MRA reachable (404) in 284 ms.
2026-07-29 13:13:17.617 +02:00 [INF] ART Diagnostic MraConnectivity MraEis 3090 404: MRA reachable (404) in 3090 ms.
2026-07-29 13:13:17.696 +02:00 [INF] ART Diagnostic HealthCheck HealthCheckWorker 1 null: All subsystems healthy (SQL 1 ms, disk 42.19 GB free).
2026-07-29 13:13:17.798 +02:00 [INF] MRA POST /api/v1/sales/last-submitted-offline-transaction status=401 success=false durationMs=313
2026-07-29 13:13:17.799 +02:00 [INF] MRA connectivity restored — waking offline sync worker.
2026-07-29 13:13:17.799 +02:00 [INF] ART Diagnostic HealthCheck HealthCheckWorker 1 null: All subsystems healthy (SQL 1 ms, disk 41.31 GB free).
2026-07-29 13:13:17.991 +02:00 [INF] ART Diagnostic WorkerHeartbeat SystemHealthMonitorService null null: All monitored subsystems healthy.
2026-07-29 13:13:18.103 +02:00 [WRN] MRA EIS HTTP 401 for POST "https://dev-eis-api.mra.mw/api/v1/sales/last-submitted-offline-transaction". RequestPayload=(empty). ResponseBody=(empty)
2026-07-29 13:13:18.103 +02:00 [WRN] Unable to query last-submitted-offline-transaction for sequence check.
PointOfSale.Mra.Http.MraApiException: Empty MRA EIS response (401).
   at PointOfSale.Infrastructure.Services.MraApiClient.SendAsync[TResponse](HttpRequestMessage request, String auditRequestBody, CancellationToken cancellationToken) in C:\Users\Albert Zee\Documents\Projects\Point Of Sale\src\PointOfSale.Infrastructure\Services\MraApiClient.cs:line 274
   at PointOfSale.Infrastructure.Services.MraApiClient.PostEmptyAsync[TResponse](String relativePath, MraRequestContext context, CancellationToken cancellationToken) in C:\Users\Albert Zee\Documents\Projects\Point Of Sale\src\PointOfSale.Infrastructure\Services\MraApiClient.cs:line 223
   at PointOfSale.Infrastructure.Services.SalesTransactionService.GetLastSubmittedTransactionAsync(String relativePath, String channelLabel, CancellationToken cancellationToken) in C:\Users\Albert Zee\Documents\Projects\Point Of Sale\src\PointOfSale.Infrastructure\Services\SalesTransactionService.cs:line 86
   at PointOfSale.Infrastructure.Services.SalesTransactionService.VerifySequenceContinuityAsync(Func`2 lookupFactory, String channelLabel, CancellationToken cancellationToken) in C:\Users\Albert Zee\Documents\Projects\Point Of Sale\src\PointOfSale.Infrastructure\Services\SalesTransactionService.cs:line 153
2026-07-29 13:13:34.479 +02:00 [INF] ART Diagnostic DatabaseLatency SqlExpress 0 null: Performance profile sample (FPS 0.0)
2026-07-29 13:13:40.603 +02:00 [INF] MRA connectivity restored — waking offline sync worker.
2026-07-29 13:13:54.244 +02:00 [INF] Inventory alert scan complete: 8 products, low=0, stockout=0, overstock=0, fast=0.
2026-07-29 13:13:58.897 +02:00 [INF] MRA connectivity restored — waking offline sync worker.
2026-07-29 13:13:59.026 +02:00 [INF] MRA EIS POST "https://dev-eis-api.mra.mw/api/v1/configuration/get-latest-configs"
2026-07-29 13:13:59.026 +02:00 [INF] MRA EIS request payload for "https://dev-eis-api.mra.mw/api/v1/configuration/get-latest-configs": {}
2026-07-29 13:13:59.501 +02:00 [INF] MRA POST /api/v1/configuration/get-latest-configs status=500 success=false durationMs=469
2026-07-29 13:13:59.733 +02:00 [WRN] MRA EIS HTTP 500 for POST "https://dev-eis-api.mra.mw/api/v1/configuration/get-latest-configs". RequestPayload={}. ResponseBody={"message":"An internal error occurred"}
2026-07-29 13:13:59.734 +02:00 [WRN] get-latest-configs threw HTTP 500 for ART-SBX-B61182AD; attempting local activation fallback.
PointOfSale.Mra.Http.MraApiException: MRA EIS HTTP 500: Internal Server Error — An internal error occurred
   at PointOfSale.Infrastructure.Services.MraApiClient.SendAsync[TResponse](HttpRequestMessage request, String auditRequestBody, CancellationToken cancellationToken) in C:\Users\Albert Zee\Documents\Projects\Point Of Sale\src\PointOfSale.Infrastructure\Services\MraApiClient.cs:line 314
   at PointOfSale.Infrastructure.Services.MraApiClient.PostAsync[TRequest,TResponse](String relativePath, TRequest body, MraRequestContext context, CancellationToken cancellationToken) in C:\Users\Albert Zee\Documents\Projects\Point Of Sale\src\PointOfSale.Infrastructure\Services\MraApiClient.cs:line 83
   at PointOfSale.Infrastructure.Services.TerminalOnboardingService.GetLatestConfigsAsync(CancellationToken cancellationToken) in C:\Users\Albert Zee\Documents\Projects\Point Of Sale\src\PointOfSale.Infrastructure\Services\TerminalOnboardingService.cs:line 313
2026-07-29 13:13:59.760 +02:00 [WRN] Using local MRA config fallback for ART-SBX-B61182AD. ActivationState=Activated, hasSecretKey=true, hasCachedConfigs=true. Detail: Live get-latest-configs unavailable (HTTP 500). Using local activation for ART-SBX-B61182AD (ActivationState=Activated, LastSyncedAt=2026-07-22T18:08:46.1300000). MRA EIS HTTP 500: Internal Server Error — An internal error occurred
2026-07-29 13:13:59.760 +02:00 [WRN] Using local activation fallback fiscal identity (live get-latest-configs unavailable). sellerTIN=1234567890 siteId=City Center taxRateId=A. Live get-latest-configs unavailable (HTTP 500). Using local activation for ART-SBX-B61182AD (ActivationState=Activated, LastSyncedAt=2026-07-22T18:08:46.1300000). MRA EIS HTTP 500: Internal Server Error — An internal error occurred
2026-07-29 13:14:02.955 +02:00 [INF] ART Diagnostic WorkerHeartbeat HealthCheckWorker null null: Heartbeat
2026-07-29 13:14:03.114 +02:00 [INF] ART Diagnostic DatabaseLatency SqlExpress 1 null: SQL round-trip 1 ms
2026-07-29 13:14:03.141 +02:00 [INF] ART Diagnostic DatabaseLatency SqlExpress 0 null: SQL round-trip 0 ms
2026-07-29 13:14:03.488 +02:00 [INF] ART Diagnostic MraConnectivity MraEis 333 404: MRA reachable (404) in 333 ms.
2026-07-29 13:14:03.495 +02:00 [INF] ART Diagnostic MraConnectivity MraEis 339 404: MRA reachable (404) in 339 ms.
2026-07-29 13:14:03.577 +02:00 [INF] ART Diagnostic HealthCheck HealthCheckWorker 0 null: All subsystems healthy (SQL 0 ms, disk 40.65 GB free).
2026-07-29 13:14:03.852 +02:00 [INF] MRA connectivity restored — waking offline sync worker.
2026-07-29 13:14:03.852 +02:00 [INF] ART Diagnostic HealthCheck HealthCheckWorker 1 null: All subsystems healthy (SQL 1 ms, disk 40.65 GB free).
2026-07-29 13:14:04.748 +02:00 [INF] ART Diagnostic DatabaseLatency SqlExpress 0 null: Performance profile sample (FPS 0.0)
2026-07-29 13:14:07.129 +02:00 [INF] MRA connectivity restored — waking offline sync worker.
2026-07-29 13:14:07.205 +02:00 [INF] ART Diagnostic WorkerHeartbeat SystemHealthMonitorService null null: All monitored subsystems healthy.
2026-07-29 13:14:17.391 +02:00 [INF] MRA connectivity restored — waking offline sync worker.
2026-07-29 13:14:34.786 +02:00 [INF] ART Diagnostic DatabaseLatency SqlExpress 0 null: Performance profile sample (FPS 0.0)
2026-07-29 13:14:37.427 +02:00 [INF] MRA connectivity restored — waking offline sync worker.
2026-07-29 13:14:48.600 +02:00 [INF] ART Diagnostic WorkerHeartbeat HealthCheckWorker null null: Heartbeat
2026-07-29 13:14:48.685 +02:00 [INF] ART Diagnostic DatabaseLatency SqlExpress 0 null: SQL round-trip 0 ms
2026-07-29 13:14:49.180 +02:00 [INF] ART Diagnostic MraConnectivity MraEis 371 404: MRA reachable (404) in 371 ms.
2026-07-29 13:14:52.217 +02:00 [INF] ART Diagnostic DatabaseLatency SqlExpress 2 null: SQL round-trip 2 ms
2026-07-29 13:14:52.659 +02:00 [INF] MRA EIS POST "https://dev-eis-api.mra.mw/api/v1/sales/last-submitted-offline-transaction"
2026-07-29 13:14:52.837 +02:00 [INF] MRA POST /api/v1/sales/last-submitted-offline-transaction status=401 success=false durationMs=188
2026-07-29 13:14:52.875 +02:00 [WRN] MRA EIS HTTP 401 for POST "https://dev-eis-api.mra.mw/api/v1/sales/last-submitted-offline-transaction". RequestPayload=(empty). ResponseBody=(empty)
2026-07-29 13:14:52.875 +02:00 [WRN] Unable to query last-submitted-offline-transaction for sequence check.
PointOfSale.Mra.Http.MraApiException: Empty MRA EIS response (401).
   at PointOfSale.Infrastructure.Services.MraApiClient.SendAsync[TResponse](HttpRequestMessage request, String auditRequestBody, CancellationToken cancellationToken) in C:\Users\Albert Zee\Documents\Projects\Point Of Sale\src\PointOfSale.Infrastructure\Services\MraApiClient.cs:line 274
   at PointOfSale.Infrastructure.Services.MraApiClient.PostEmptyAsync[TResponse](String relativePath, MraRequestContext context, CancellationToken cancellationToken) in C:\Users\Albert Zee\Documents\Projects\Point Of Sale\src\PointOfSale.Infrastructure\Services\MraApiClient.cs:line 223
   at PointOfSale.Infrastructure.Services.SalesTransactionService.GetLastSubmittedTransactionAsync(String relativePath, String channelLabel, CancellationToken cancellationToken) in C:\Users\Albert Zee\Documents\Projects\Point Of Sale\src\PointOfSale.Infrastructure\Services\SalesTransactionService.cs:line 86
   at PointOfSale.Infrastructure.Services.SalesTransactionService.VerifySequenceContinuityAsync(Func`2 lookupFactory, String channelLabel, CancellationToken cancellationToken) in C:\Users\Albert Zee\Documents\Projects\Point Of Sale\src\PointOfSale.Infrastructure\Services\SalesTransactionService.cs:line 153
2026-07-29 13:14:52.957 +02:00 [INF] ART Diagnostic MraConnectivity MraEis 658 404: MRA reachable (404) in 658 ms.
2026-07-29 13:14:53.068 +02:00 [INF] MRA connectivity restored — waking offline sync worker.
2026-07-29 13:14:53.191 +02:00 [INF] ART Diagnostic HealthCheck HealthCheckWorker 2 null: All subsystems healthy (SQL 2 ms, disk 40.65 GB free).
2026-07-29 13:14:53.193 +02:00 [INF] ART Diagnostic HealthCheck HealthCheckWorker 0 null: All subsystems healthy (SQL 0 ms, disk 40.65 GB free).
2026-07-29 13:14:53.481 +02:00 [INF] MRA connectivity restored — waking offline sync worker.
2026-07-29 13:14:53.580 +02:00 [INF] ART Diagnostic WorkerHeartbeat SystemHealthMonitorService null null: All monitored subsystems healthy.
2026-07-29 13:14:54.648 +02:00 [INF] Inventory alert scan complete: 8 products, low=0, stockout=0, overstock=0, fast=0.
2026-07-29 13:14:57.427 +02:00 [INF] MRA connectivity restored — waking offline sync worker.
2026-07-29 13:15:14.710 +02:00 [INF] ART Diagnostic DatabaseLatency SqlExpress 0 null: Performance profile sample (FPS 0.0)
2026-07-29 13:15:17.513 +02:00 [INF] MRA connectivity restored — waking offline sync worker.
2026-07-29 13:15:37.493 +02:00 [INF] MRA connectivity restored — waking offline sync worker.
2026-07-29 13:15:38.268 +02:00 [INF] ART Diagnostic WorkerHeartbeat HealthCheckWorker null null: Heartbeat
2026-07-29 13:15:38.276 +02:00 [INF] ART Diagnostic DatabaseLatency SqlExpress 0 null: SQL round-trip 0 ms
2026-07-29 13:15:38.435 +02:00 [INF] ART Diagnostic MraConnectivity MraEis 156 404: MRA reachable (404) in 156 ms.
2026-07-29 13:15:38.597 +02:00 [INF] ART Diagnostic DatabaseLatency SqlExpress 0 null: SQL round-trip 0 ms
2026-07-29 13:15:38.750 +02:00 [INF] ART Diagnostic MraConnectivity MraEis 111 404: MRA reachable (404) in 111 ms.
2026-07-29 13:15:38.752 +02:00 [INF] ART Diagnostic HealthCheck HealthCheckWorker 0 null: All subsystems healthy (SQL 0 ms, disk 40.65 GB free).
2026-07-29 13:15:38.823 +02:00 [INF] ART Diagnostic WorkerHeartbeat SystemHealthMonitorService null null: All monitored subsystems healthy.
2026-07-29 13:15:41.700 +02:00 [INF] MRA connectivity restored — waking offline sync worker.
2026-07-29 13:15:41.701 +02:00 [INF] ART Diagnostic HealthCheck HealthCheckWorker 0 null: All subsystems healthy (SQL 0 ms, disk 40.65 GB free).
2026-07-29 13:15:44.822 +02:00 [INF] ART Diagnostic DatabaseLatency SqlExpress 0 null: Performance profile sample (FPS 0.0)
2026-07-29 13:15:54.672 +02:00 [INF] Inventory alert scan complete: 8 products, low=0, stockout=0, overstock=0, fast=0.
2026-07-29 13:15:57.693 +02:00 [INF] MRA connectivity restored — waking offline sync worker.
2026-07-29 13:16:14.867 +02:00 [INF] ART Diagnostic DatabaseLatency SqlExpress 0 null: Performance profile sample (FPS 0.0)
2026-07-29 13:16:17.732 +02:00 [INF] MRA connectivity restored — waking offline sync worker.
2026-07-29 13:16:23.833 +02:00 [INF] ART Diagnostic DatabaseLatency SqlExpress 1 null: SQL round-trip 1 ms
2026-07-29 13:16:23.884 +02:00 [INF] ART Diagnostic MraConnectivity MraEis 47 404: MRA reachable (404) in 47 ms.
2026-07-29 13:16:26.738 +02:00 [INF] ART Diagnostic WorkerHeartbeat HealthCheckWorker null null: Heartbeat
2026-07-29 13:16:26.746 +02:00 [INF] ART Diagnostic DatabaseLatency SqlExpress 0 null: SQL round-trip 0 ms
2026-07-29 13:16:26.903 +02:00 [INF] ART Diagnostic MraConnectivity MraEis 154 404: MRA reachable (404) in 154 ms.
2026-07-29 13:16:26.906 +02:00 [INF] ART Diagnostic HealthCheck HealthCheckWorker 0 null: All subsystems healthy (SQL 0 ms, disk 40.65 GB free).
2026-07-29 13:16:27.141 +02:00 [INF] MRA connectivity restored — waking offline sync worker.
2026-07-29 13:16:27.141 +02:00 [INF] ART Diagnostic HealthCheck HealthCheckWorker 1 null: All subsystems healthy (SQL 1 ms, disk 40.65 GB free).
2026-07-29 13:16:27.155 +02:00 [INF] MRA EIS POST "https://dev-eis-api.mra.mw/api/v1/sales/last-submitted-offline-transaction"
2026-07-29 13:16:27.557 +02:00 [INF] MRA connectivity restored — waking offline sync worker.
2026-07-29 13:16:27.602 +02:00 [INF] ART Diagnostic WorkerHeartbeat SystemHealthMonitorService null null: All monitored subsystems healthy.
2026-07-29 13:16:27.778 +02:00 [INF] MRA POST /api/v1/sales/last-submitted-offline-transaction status=401 success=false durationMs=609
2026-07-29 13:16:27.785 +02:00 [WRN] MRA EIS HTTP 401 for POST "https://dev-eis-api.mra.mw/api/v1/sales/last-submitted-offline-transaction". RequestPayload=(empty). ResponseBody=(empty)
2026-07-29 13:16:27.786 +02:00 [WRN] Unable to query last-submitted-offline-transaction for sequence check.
PointOfSale.Mra.Http.MraApiException: Empty MRA EIS response (401).
   at PointOfSale.Infrastructure.Services.MraApiClient.SendAsync[TResponse](HttpRequestMessage request, String auditRequestBody, CancellationToken cancellationToken) in C:\Users\Albert Zee\Documents\Projects\Point Of Sale\src\PointOfSale.Infrastructure\Services\MraApiClient.cs:line 274
   at PointOfSale.Infrastructure.Services.MraApiClient.PostEmptyAsync[TResponse](String relativePath, MraRequestContext context, CancellationToken cancellationToken) in C:\Users\Albert Zee\Documents\Projects\Point Of Sale\src\PointOfSale.Infrastructure\Services\MraApiClient.cs:line 223
   at PointOfSale.Infrastructure.Services.SalesTransactionService.GetLastSubmittedTransactionAsync(String relativePath, String channelLabel, CancellationToken cancellationToken) in C:\Users\Albert Zee\Documents\Projects\Point Of Sale\src\PointOfSale.Infrastructure\Services\SalesTransactionService.cs:line 86
   at PointOfSale.Infrastructure.Services.SalesTransactionService.VerifySequenceContinuityAsync(Func`2 lookupFactory, String channelLabel, CancellationToken cancellationToken) in C:\Users\Albert Zee\Documents\Projects\Point Of Sale\src\PointOfSale.Infrastructure\Services\SalesTransactionService.cs:line 153
2026-07-29 13:16:37.337 +02:00 [INF] MRA connectivity restored — waking offline sync worker.
2026-07-29 13:16:44.927 +02:00 [INF] ART Diagnostic DatabaseLatency SqlExpress 0 null: Performance profile sample (FPS 0.0)
2026-07-29 13:16:54.673 +02:00 [INF] Inventory alert scan complete: 8 products, low=0, stockout=0, overstock=0, fast=0.
2026-07-29 13:16:57.508 +02:00 [INF] MRA connectivity restored — waking offline sync worker.
2026-07-29 13:17:11.910 +02:00 [INF] ART Diagnostic WorkerHeartbeat HealthCheckWorker null null: Heartbeat
2026-07-29 13:17:11.917 +02:00 [INF] ART Diagnostic DatabaseLatency SqlExpress 1 null: SQL round-trip 1 ms
2026-07-29 13:17:12.598 +02:00 [INF] ART Diagnostic DatabaseLatency SqlExpress 0 null: SQL round-trip 0 ms
2026-07-29 13:17:12.852 +02:00 [INF] ART Diagnostic MraConnectivity MraEis 246 404: MRA reachable (404) in 246 ms.
2026-07-29 13:17:15.061 +02:00 [INF] ART Diagnostic MraConnectivity MraEis 3139 404: MRA reachable (404) in 3139 ms.
2026-07-29 13:17:15.086 +02:00 [INF] ART Diagnostic HealthCheck HealthCheckWorker 1 null: All subsystems healthy (SQL 1 ms, disk 40.65 GB free).
2026-07-29 13:17:15.104 +02:00 [INF] MRA connectivity restored — waking offline sync worker.
2026-07-29 13:17:15.104 +02:00 [INF] ART Diagnostic HealthCheck HealthCheckWorker 0 null: All subsystems healthy (SQL 0 ms, disk 40.65 GB free).
2026-07-29 13:17:15.334 +02:00 [INF] MRA connectivity restored — waking offline sync worker.
2026-07-29 13:17:15.411 +02:00 [INF] ART Diagnostic WorkerHeartbeat SystemHealthMonitorService null null: All monitored subsystems healthy.
2026-07-29 13:17:17.352 +02:00 [INF] MRA connectivity restored — waking offline sync worker.
2026-07-29 13:17:25.041 +02:00 [INF] ART Diagnostic DatabaseLatency SqlExpress 0 null: Performance profile sample (FPS 0.0)
2026-07-29 13:17:37.480 +02:00 [INF] MRA connectivity restored — waking offline sync worker.
2026-07-29 13:17:54.692 +02:00 [INF] Inventory alert scan complete: 8 products, low=0, stockout=0, overstock=0, fast=0.
2026-07-29 13:17:55.083 +02:00 [INF] ART Diagnostic DatabaseLatency SqlExpress 1 null: Performance profile sample (FPS 0.0)
2026-07-29 13:17:57.628 +02:00 [INF] MRA connectivity restored — waking offline sync worker.
2026-07-29 13:18:00.127 +02:00 [INF] ART Diagnostic WorkerHeartbeat HealthCheckWorker null null: Heartbeat
2026-07-29 13:18:00.131 +02:00 [INF] ART Diagnostic DatabaseLatency SqlExpress 0 null: SQL round-trip 0 ms
2026-07-29 13:18:00.262 +02:00 [INF] ART Diagnostic MraConnectivity MraEis 127 404: MRA reachable (404) in 127 ms.
2026-07-29 13:18:00.534 +02:00 [INF] ART Diagnostic DatabaseLatency SqlExpress 0 null: SQL round-trip 0 ms
2026-07-29 13:18:00.546 +02:00 [INF] MRA connectivity restored — waking offline sync worker.
2026-07-29 13:18:00.546 +02:00 [INF] ART Diagnostic HealthCheck HealthCheckWorker 0 null: All subsystems healthy (SQL 0 ms, disk 40.65 GB free).
2026-07-29 13:18:00.557 +02:00 [INF] MRA EIS POST "https://dev-eis-api.mra.mw/api/v1/sales/last-submitted-offline-transaction"
2026-07-29 13:18:00.654 +02:00 [INF] ART Diagnostic MraConnectivity MraEis 117 404: MRA reachable (404) in 117 ms.
2026-07-29 13:18:00.773 +02:00 [INF] MRA connectivity restored — waking offline sync worker.
2026-07-29 13:18:00.773 +02:00 [INF] ART Diagnostic HealthCheck HealthCheckWorker 0 null: All subsystems healthy (SQL 0 ms, disk 40.65 GB free).
2026-07-29 13:18:00.803 +02:00 [INF] MRA POST /api/v1/sales/last-submitted-offline-transaction status=401 success=false durationMs=250
2026-07-29 13:18:00.811 +02:00 [WRN] MRA EIS HTTP 401 for POST "https://dev-eis-api.mra.mw/api/v1/sales/last-submitted-offline-transaction". RequestPayload=(empty). ResponseBody=(empty)
2026-07-29 13:18:00.811 +02:00 [WRN] Unable to query last-submitted-offline-transaction for sequence check.
PointOfSale.Mra.Http.MraApiException: Empty MRA EIS response (401).
   at PointOfSale.Infrastructure.Services.MraApiClient.SendAsync[TResponse](HttpRequestMessage request, String auditRequestBody, CancellationToken cancellationToken) in C:\Users\Albert Zee\Documents\Projects\Point Of Sale\src\PointOfSale.Infrastructure\Services\MraApiClient.cs:line 274
   at PointOfSale.Infrastructure.Services.MraApiClient.PostEmptyAsync[TResponse](String relativePath, MraRequestContext context, CancellationToken cancellationToken) in C:\Users\Albert Zee\Documents\Projects\Point Of Sale\src\PointOfSale.Infrastructure\Services\MraApiClient.cs:line 223
   at PointOfSale.Infrastructure.Services.SalesTransactionService.GetLastSubmittedTransactionAsync(String relativePath, String channelLabel, CancellationToken cancellationToken) in C:\Users\Albert Zee\Documents\Projects\Point Of Sale\src\PointOfSale.Infrastructure\Services\SalesTransactionService.cs:line 86
   at PointOfSale.Infrastructure.Services.SalesTransactionService.VerifySequenceContinuityAsync(Func`2 lookupFactory, String channelLabel, CancellationToken cancellationToken) in C:\Users\Albert Zee\Documents\Projects\Point Of Sale\src\PointOfSale.Infrastructure\Services\SalesTransactionService.cs:line 153
2026-07-29 13:18:00.911 +02:00 [INF] MRA connectivity restored — waking offline sync worker.
2026-07-29 13:18:00.956 +02:00 [INF] ART Diagnostic WorkerHeartbeat SystemHealthMonitorService null null: All monitored subsystems healthy.
2026-07-29 13:18:17.641 +02:00 [INF] MRA connectivity restored — waking offline sync worker.
2026-07-29 13:18:25.142 +02:00 [INF] ART Diagnostic DatabaseLatency SqlExpress 0 null: Performance profile sample (FPS 0.0)
2026-07-29 13:18:37.564 +02:00 [INF] MRA connectivity restored — waking offline sync worker.
2026-07-29 13:18:45.566 +02:00 [INF] ART Diagnostic WorkerHeartbeat HealthCheckWorker null null: Heartbeat
2026-07-29 13:18:45.591 +02:00 [INF] ART Diagnostic DatabaseLatency SqlExpress 1 null: SQL round-trip 1 ms
2026-07-29 13:18:45.961 +02:00 [INF] ART Diagnostic DatabaseLatency SqlExpress 1 null: SQL round-trip 1 ms
2026-07-29 13:18:46.108 +02:00 [INF] ART Diagnostic MraConnectivity MraEis 137 404: MRA reachable (404) in 137 ms.
2026-07-29 13:18:46.197 +02:00 [INF] ART Diagnostic MraConnectivity MraEis 602 404: MRA reachable (404) in 602 ms.
2026-07-29 13:18:46.209 +02:00 [INF] ART Diagnostic HealthCheck HealthCheckWorker 1 null: All subsystems healthy (SQL 1 ms, disk 40.65 GB free).
2026-07-29 13:18:49.397 +02:00 [INF] MRA connectivity restored — waking offline sync worker.
2026-07-29 13:18:49.397 +02:00 [INF] ART Diagnostic HealthCheck HealthCheckWorker 1 null: All subsystems healthy (SQL 1 ms, disk 40.65 GB free).
2026-07-29 13:18:49.618 +02:00 [INF] MRA connectivity restored — waking offline sync worker.
2026-07-29 13:18:49.667 +02:00 [INF] ART Diagnostic WorkerHeartbeat SystemHealthMonitorService null null: All monitored subsystems healthy.
2026-07-29 13:18:54.706 +02:00 [INF] Inventory alert scan complete: 8 products, low=0, stockout=0, overstock=0, fast=0.
2026-07-29 13:18:55.286 +02:00 [INF] ART Diagnostic DatabaseLatency SqlExpress 26 null: Performance profile sample (FPS 0.0)
2026-07-29 13:18:57.432 +02:00 [INF] MRA connectivity restored — waking offline sync worker.
2026-07-29 13:19:17.484 +02:00 [INF] MRA connectivity restored — waking offline sync worker.
2026-07-29 13:19:30.259 +02:00 [INF] ART Diagnostic DatabaseLatency SqlExpress 0 null: Performance profile sample (FPS 0.0)
2026-07-29 13:19:31.219 +02:00 [INF] ART Diagnostic WorkerHeartbeat HealthCheckWorker null null: Heartbeat
2026-07-29 13:19:31.288 +02:00 [INF] ART Diagnostic DatabaseLatency SqlExpress 0 null: SQL round-trip 0 ms
2026-07-29 13:19:31.333 +02:00 [INF] ART Diagnostic MraConnectivity MraEis 42 404: MRA reachable (404) in 42 ms.
2026-07-29 13:19:31.621 +02:00 [INF] MRA connectivity restored — waking offline sync worker.
2026-07-29 13:19:31.622 +02:00 [INF] ART Diagnostic HealthCheck HealthCheckWorker 0 null: All subsystems healthy (SQL 0 ms, disk 40.82 GB free).
2026-07-29 13:19:31.632 +02:00 [INF] MRA EIS POST "https://dev-eis-api.mra.mw/api/v1/sales/last-submitted-offline-transaction"
2026-07-29 13:19:31.914 +02:00 [INF] MRA POST /api/v1/sales/last-submitted-offline-transaction status=401 success=false durationMs=265
2026-07-29 13:19:31.920 +02:00 [WRN] MRA EIS HTTP 401 for POST "https://dev-eis-api.mra.mw/api/v1/sales/last-submitted-offline-transaction". RequestPayload=(empty). ResponseBody=(empty)
2026-07-29 13:19:31.921 +02:00 [WRN] Unable to query last-submitted-offline-transaction for sequence check.
PointOfSale.Mra.Http.MraApiException: Empty MRA EIS response (401).
   at PointOfSale.Infrastructure.Services.MraApiClient.SendAsync[TResponse](HttpRequestMessage request, String auditRequestBody, CancellationToken cancellationToken) in C:\Users\Albert Zee\Documents\Projects\Point Of Sale\src\PointOfSale.Infrastructure\Services\MraApiClient.cs:line 274
   at PointOfSale.Infrastructure.Services.MraApiClient.PostEmptyAsync[TResponse](String relativePath, MraRequestContext context, CancellationToken cancellationToken) in C:\Users\Albert Zee\Documents\Projects\Point Of Sale\src\PointOfSale.Infrastructure\Services\MraApiClient.cs:line 223
   at PointOfSale.Infrastructure.Services.SalesTransactionService.GetLastSubmittedTransactionAsync(String relativePath, String channelLabel, CancellationToken cancellationToken) in C:\Users\Albert Zee\Documents\Projects\Point Of Sale\src\PointOfSale.Infrastructure\Services\SalesTransactionService.cs:line 86
   at PointOfSale.Infrastructure.Services.SalesTransactionService.VerifySequenceContinuityAsync(Func`2 lookupFactory, String channelLabel, CancellationToken cancellationToken) in C:\Users\Albert Zee\Documents\Projects\Point Of Sale\src\PointOfSale.Infrastructure\Services\SalesTransactionService.cs:line 153
2026-07-29 13:19:34.678 +02:00 [INF] ART Diagnostic DatabaseLatency SqlExpress 0 null: SQL round-trip 0 ms
2026-07-29 13:19:34.857 +02:00 [INF] ART Diagnostic MraConnectivity MraEis 141 404: MRA reachable (404) in 141 ms.
2026-07-29 13:19:37.716 +02:00 [INF] MRA connectivity restored — waking offline sync worker.
2026-07-29 13:19:37.716 +02:00 [INF] ART Diagnostic HealthCheck HealthCheckWorker 0 null: All subsystems healthy (SQL 0 ms, disk 40.82 GB free).
2026-07-29 13:19:37.824 +02:00 [INF] MRA connectivity restored — waking offline sync worker.
2026-07-29 13:19:37.888 +02:00 [INF] ART Diagnostic WorkerHeartbeat SystemHealthMonitorService null null: All monitored subsystems healthy.
2026-07-29 13:19:54.750 +02:00 [INF] Inventory alert scan complete: 8 products, low=0, stockout=0, overstock=0, fast=0.
2026-07-29 13:19:57.474 +02:00 [INF] MRA connectivity restored — waking offline sync worker.
2026-07-29 13:20:16.644 +02:00 [INF] ART Diagnostic WorkerHeartbeat HealthCheckWorker null null: Heartbeat
2026-07-29 13:20:16.654 +02:00 [INF] ART Diagnostic DatabaseLatency SqlExpress 0 null: SQL round-trip 0 ms
2026-07-29 13:20:16.809 +02:00 [INF] ART Diagnostic MraConnectivity MraEis 127 404: MRA reachable (404) in 127 ms.
2026-07-29 13:20:17.141 +02:00 [INF] MRA connectivity restored — waking offline sync worker.
2026-07-29 13:20:17.141 +02:00 [INF] ART Diagnostic HealthCheck HealthCheckWorker 0 null: All subsystems healthy (SQL 0 ms, disk 40.8 GB free).
2026-07-29 13:20:19.069 +02:00 [INF] MRA connectivity restored — waking offline sync worker.
2026-07-29 13:20:22.907 +02:00 [INF] ART Diagnostic DatabaseLatency SqlExpress 2 null: SQL round-trip 2 ms
2026-07-29 13:20:25.237 +02:00 [INF] ART Diagnostic MraConnectivity MraEis 2319 404: MRA reachable (404) in 2319 ms.
2026-07-29 13:20:25.486 +02:00 [INF] MRA connectivity restored — waking offline sync worker.
2026-07-29 13:20:25.486 +02:00 [INF] ART Diagnostic HealthCheck HealthCheckWorker 2 null: All subsystems healthy (SQL 2 ms, disk 40.8 GB free).
2026-07-29 13:20:26.242 +02:00 [INF] ART Diagnostic DatabaseLatency SqlExpress 1 null: Performance profile sample (FPS 0.0)
2026-07-29 13:20:26.660 +02:00 [INF] MRA connectivity restored — waking offline sync worker.
2026-07-29 13:20:26.726 +02:00 [INF] ART Diagnostic WorkerHeartbeat SystemHealthMonitorService null null: All monitored subsystems healthy.
2026-07-29 13:20:37.541 +02:00 [INF] MRA connectivity restored — waking offline sync worker.
2026-07-29 13:20:57.665 +02:00 [INF] MRA connectivity restored — waking offline sync worker.
2026-07-29 13:21:02.160 +02:00 [INF] ART Diagnostic WorkerHeartbeat HealthCheckWorker null null: Heartbeat
2026-07-29 13:21:02.381 +02:00 [INF] ART Diagnostic DatabaseLatency SqlExpress 2 null: SQL round-trip 2 ms
2026-07-29 13:21:03.010 +02:00 [INF] ART Diagnostic MraConnectivity MraEis 111 404: MRA reachable (404) in 111 ms.
2026-07-29 13:21:06.488 +02:00 [INF] MRA connectivity restored — waking offline sync worker.
2026-07-29 13:21:06.488 +02:00 [INF] ART Diagnostic HealthCheck HealthCheckWorker 2 null: All subsystems healthy (SQL 2 ms, disk 40.8 GB free).
2026-07-29 13:21:11.725 +02:00 [INF] ART Diagnostic DatabaseLatency SqlExpress 0 null: SQL round-trip 0 ms
2026-07-29 13:21:12.216 +02:00 [INF] ART Diagnostic MraConnectivity MraEis 95 404: MRA reachable (404) in 95 ms.
2026-07-29 13:21:12.445 +02:00 [INF] MRA connectivity restored — waking offline sync worker.
2026-07-29 13:21:12.445 +02:00 [INF] ART Diagnostic HealthCheck HealthCheckWorker 0 null: All subsystems healthy (SQL 0 ms, disk 40.8 GB free).
2026-07-29 13:21:12.868 +02:00 [INF] MRA connectivity restored — waking offline sync worker.
2026-07-29 13:21:13.031 +02:00 [INF] ART Diagnostic WorkerHeartbeat SystemHealthMonitorService null null: All monitored subsystems healthy.
2026-07-29 13:21:17.334 +02:00 [INF] MRA connectivity restored — waking offline sync worker.
2026-07-29 13:21:20.540 +02:00 [INF] Inventory alert scan complete: 8 products, low=0, stockout=0, overstock=0, fast=0.
2026-07-29 13:21:20.542 +02:00 [INF] MRA EIS POST "https://dev-eis-api.mra.mw/api/v1/sales/last-submitted-offline-transaction"
2026-07-29 13:21:20.615 +02:00 [INF] ART Diagnostic DatabaseLatency SqlExpress 2 null: Performance profile sample (FPS 0.0)
2026-07-29 13:21:20.838 +02:00 [INF] MRA POST /api/v1/sales/last-submitted-offline-transaction status=401 success=false durationMs=297
2026-07-29 13:21:20.978 +02:00 [WRN] MRA EIS HTTP 401 for POST "https://dev-eis-api.mra.mw/api/v1/sales/last-submitted-offline-transaction". RequestPayload=(empty). ResponseBody=(empty)
2026-07-29 13:21:20.979 +02:00 [WRN] Unable to query last-submitted-offline-transaction for sequence check.
PointOfSale.Mra.Http.MraApiException: Empty MRA EIS response (401).
   at PointOfSale.Infrastructure.Services.MraApiClient.SendAsync[TResponse](HttpRequestMessage request, String auditRequestBody, CancellationToken cancellationToken) in C:\Users\Albert Zee\Documents\Projects\Point Of Sale\src\PointOfSale.Infrastructure\Services\MraApiClient.cs:line 274
   at PointOfSale.Infrastructure.Services.MraApiClient.PostEmptyAsync[TResponse](String relativePath, MraRequestContext context, CancellationToken cancellationToken) in C:\Users\Albert Zee\Documents\Projects\Point Of Sale\src\PointOfSale.Infrastructure\Services\MraApiClient.cs:line 223
   at PointOfSale.Infrastructure.Services.SalesTransactionService.GetLastSubmittedTransactionAsync(String relativePath, String channelLabel, CancellationToken cancellationToken) in C:\Users\Albert Zee\Documents\Projects\Point Of Sale\src\PointOfSale.Infrastructure\Services\SalesTransactionService.cs:line 86
   at PointOfSale.Infrastructure.Services.SalesTransactionService.VerifySequenceContinuityAsync(Func`2 lookupFactory, String channelLabel, CancellationToken cancellationToken) in C:\Users\Albert Zee\Documents\Projects\Point Of Sale\src\PointOfSale.Infrastructure\Services\SalesTransactionService.cs:line 153
2026-07-29 13:21:37.399 +02:00 [INF] MRA connectivity restored — waking offline sync worker.
2026-07-29 13:21:50.652 +02:00 [INF] ART Diagnostic DatabaseLatency SqlExpress 0 null: Performance profile sample (FPS 0.0)
2026-07-29 13:21:51.617 +02:00 [INF] ART Diagnostic WorkerHeartbeat HealthCheckWorker null null: Heartbeat
2026-07-29 13:21:51.632 +02:00 [INF] ART Diagnostic DatabaseLatency SqlExpress 0 null: SQL round-trip 0 ms
2026-07-29 13:21:54.808 +02:00 [INF] ART Diagnostic MraConnectivity MraEis 3171 404: MRA reachable (404) in 3171 ms.
2026-07-29 13:21:58.050 +02:00 [INF] ART Diagnostic DatabaseLatency SqlExpress 1 null: SQL round-trip 1 ms
2026-07-29 13:21:58.214 +02:00 [INF] ART Diagnostic MraConnectivity MraEis 160 404: MRA reachable (404) in 160 ms.
2026-07-29 13:21:58.244 +02:00 [INF] ART Diagnostic HealthCheck HealthCheckWorker 1 null: All subsystems healthy (SQL 1 ms, disk 40.8 GB free).
2026-07-29 13:21:58.322 +02:00 [INF] ART Diagnostic WorkerHeartbeat SystemHealthMonitorService null null: All monitored subsystems healthy.
2026-07-29 13:21:58.337 +02:00 [INF] MRA connectivity restored — waking offline sync worker.
2026-07-29 13:21:58.337 +02:00 [INF] ART Diagnostic HealthCheck HealthCheckWorker 0 null: All subsystems healthy (SQL 0 ms, disk 40.8 GB free).
2026-07-29 13:22:17.491 +02:00 [INF] MRA connectivity restored — waking offline sync worker.
2026-07-29 13:22:20.591 +02:00 [INF] Inventory alert scan complete: 8 products, low=0, stockout=0, overstock=0, fast=0.
2026-07-29 13:22:37.344 +02:00 [INF] MRA connectivity restored — waking offline sync worker.
2026-07-29 13:22:43.580 +02:00 [INF] ART Diagnostic WorkerHeartbeat HealthCheckWorker null null: Heartbeat
2026-07-29 13:22:43.598 +02:00 [INF] ART Diagnostic DatabaseLatency SqlExpress 13 null: SQL round-trip 13 ms
2026-07-29 13:22:46.875 +02:00 [INF] ART Diagnostic DatabaseLatency SqlExpress 1 null: SQL round-trip 1 ms
2026-07-29 13:22:46.908 +02:00 [INF] ART Diagnostic MraConnectivity MraEis 34 404: MRA reachable (404) in 34 ms.
2026-07-29 13:22:47.093 +02:00 [INF] ART Diagnostic MraConnectivity MraEis 54 404: MRA reachable (404) in 54 ms.
2026-07-29 13:22:47.774 +02:00 [INF] ART Diagnostic HealthCheck HealthCheckWorker 1 null: All subsystems healthy (SQL 1 ms, disk 40.8 GB free).
2026-07-29 13:22:48.362 +02:00 [INF] MRA connectivity restored — waking offline sync worker.
2026-07-29 13:22:48.363 +02:00 [INF] ART Diagnostic HealthCheck HealthCheckWorker 13 null: All subsystems healthy (SQL 13 ms, disk 40.8 GB free).
2026-07-29 13:22:48.668 +02:00 [INF] MRA connectivity restored — waking offline sync worker.
2026-07-29 13:22:48.763 +02:00 [INF] ART Diagnostic WorkerHeartbeat SystemHealthMonitorService null null: All monitored subsystems healthy.
2026-07-29 13:22:49.564 +02:00 [INF] ART Diagnostic DatabaseLatency SqlExpress 11 null: Performance profile sample (FPS 0.0)
2026-07-29 13:22:57.420 +02:00 [INF] MRA connectivity restored — waking offline sync worker.
2026-07-29 13:23:17.382 +02:00 [INF] MRA connectivity restored — waking offline sync worker.
2026-07-29 13:23:17.991 +02:00 [INF] MRA EIS POST "https://dev-eis-api.mra.mw/api/v1/sales/last-submitted-offline-transaction"
2026-07-29 13:23:18.288 +02:00 [INF] MRA POST /api/v1/sales/last-submitted-offline-transaction status=401 success=false durationMs=297
2026-07-29 13:23:18.770 +02:00 [WRN] MRA EIS HTTP 401 for POST "https://dev-eis-api.mra.mw/api/v1/sales/last-submitted-offline-transaction". RequestPayload=(empty). ResponseBody=(empty)
2026-07-29 13:23:18.770 +02:00 [WRN] Unable to query last-submitted-offline-transaction for sequence check.
PointOfSale.Mra.Http.MraApiException: Empty MRA EIS response (401).
   at PointOfSale.Infrastructure.Services.MraApiClient.SendAsync[TResponse](HttpRequestMessage request, String auditRequestBody, CancellationToken cancellationToken) in C:\Users\Albert Zee\Documents\Projects\Point Of Sale\src\PointOfSale.Infrastructure\Services\MraApiClient.cs:line 274
   at PointOfSale.Infrastructure.Services.MraApiClient.PostEmptyAsync[TResponse](String relativePath, MraRequestContext context, CancellationToken cancellationToken) in C:\Users\Albert Zee\Documents\Projects\Point Of Sale\src\PointOfSale.Infrastructure\Services\MraApiClient.cs:line 223
   at PointOfSale.Infrastructure.Services.SalesTransactionService.GetLastSubmittedTransactionAsync(String relativePath, String channelLabel, CancellationToken cancellationToken) in C:\Users\Albert Zee\Documents\Projects\Point Of Sale\src\PointOfSale.Infrastructure\Services\SalesTransactionService.cs:line 86
   at PointOfSale.Infrastructure.Services.SalesTransactionService.VerifySequenceContinuityAsync(Func`2 lookupFactory, String channelLabel, CancellationToken cancellationToken) in C:\Users\Albert Zee\Documents\Projects\Point Of Sale\src\PointOfSale.Infrastructure\Services\SalesTransactionService.cs:line 153
2026-07-29 13:23:33.362 +02:00 [INF] ART Diagnostic WorkerHeartbeat HealthCheckWorker null null: Heartbeat
2026-07-29 13:23:33.377 +02:00 [INF] ART Diagnostic DatabaseLatency SqlExpress 0 null: SQL round-trip 0 ms
2026-07-29 13:23:34.910 +02:00 [INF] ART Diagnostic DatabaseLatency SqlExpress 1 null: SQL round-trip 1 ms
2026-07-29 13:23:34.982 +02:00 [INF] ART Diagnostic MraConnectivity MraEis 61 404: MRA reachable (404) in 61 ms.
2026-07-29 13:23:36.498 +02:00 [INF] ART Diagnostic MraConnectivity MraEis 3116 404: MRA reachable (404) in 3116 ms.
2026-07-29 13:23:36.506 +02:00 [INF] MRA connectivity restored — waking offline sync worker.
2026-07-29 13:23:36.506 +02:00 [INF] ART Diagnostic HealthCheck HealthCheckWorker 1 null: All subsystems healthy (SQL 1 ms, disk 40.8 GB free).
2026-07-29 13:23:36.648 +02:00 [INF] MRA connectivity restored — waking offline sync worker.
2026-07-29 13:23:36.648 +02:00 [INF] ART Diagnostic HealthCheck HealthCheckWorker 0 null: All subsystems healthy (SQL 0 ms, disk 40.8 GB free).
2026-07-29 13:23:36.650 +02:00 [INF] ART Diagnostic WorkerHeartbeat SystemHealthMonitorService null null: All monitored subsystems healthy.
2026-07-29 13:23:37.442 +02:00 [INF] MRA connectivity restored — waking offline sync worker.
2026-07-29 13:23:46.318 +02:00 [INF] Inventory alert scan complete: 8 products, low=0, stockout=0, overstock=0, fast=0.
2026-07-29 13:23:48.290 +02:00 [INF] ART Diagnostic DatabaseLatency SqlExpress 0 null: Performance profile sample (FPS 0.0)
2026-07-29 13:23:57.359 +02:00 [INF] MRA connectivity restored — waking offline sync worker.
2026-07-29 13:24:17.456 +02:00 [INF] MRA connectivity restored — waking offline sync worker.
2026-07-29 13:24:21.706 +02:00 [INF] ART Diagnostic WorkerHeartbeat HealthCheckWorker null null: Heartbeat
2026-07-29 13:24:21.708 +02:00 [INF] ART Diagnostic DatabaseLatency SqlExpress 1 null: SQL round-trip 1 ms
2026-07-29 13:24:21.728 +02:00 [INF] ART Diagnostic DatabaseLatency SqlExpress 0 null: SQL round-trip 0 ms
2026-07-29 13:24:21.939 +02:00 [INF] ART Diagnostic MraConnectivity MraEis 207 404: MRA reachable (404) in 207 ms.
2026-07-29 13:24:21.994 +02:00 [INF] ART Diagnostic MraConnectivity MraEis 274 404: MRA reachable (404) in 274 ms.
2026-07-29 13:24:22.030 +02:00 [INF] ART Diagnostic HealthCheck HealthCheckWorker 1 null: All subsystems healthy (SQL 1 ms, disk 40.8 GB free).
2026-07-29 13:24:22.140 +02:00 [INF] ART Diagnostic WorkerHeartbeat SystemHealthMonitorService null null: All monitored subsystems healthy.
2026-07-29 13:24:25.209 +02:00 [INF] MRA connectivity restored — waking offline sync worker.
2026-07-29 13:24:25.209 +02:00 [INF] ART Diagnostic HealthCheck HealthCheckWorker 0 null: All subsystems healthy (SQL 0 ms, disk 40.8 GB free).
2026-07-29 13:24:37.390 +02:00 [INF] MRA connectivity restored — waking offline sync worker.
2026-07-29 13:24:49.692 +02:00 [INF] Inventory alert scan complete: 8 products, low=0, stockout=0, overstock=0, fast=0.
2026-07-29 13:24:49.783 +02:00 [WRN] Performance profiling iteration failed.
Microsoft.Data.SqlClient.SqlException (0x80131904): Execution Timeout Expired.  The timeout period elapsed prior to completion of the operation or the server is not responding.
 ---> System.ComponentModel.Win32Exception (258): The wait operation timed out.
   at System.Threading.Tasks.ContinuationResultTaskFromResultTask`2.InnerInvoke()
   at System.Threading.ExecutionContext.RunInternal(ExecutionContext executionContext, ContextCallback callback, Object state)
--- End of stack trace from previous location ---
   at System.Threading.ExecutionContext.RunInternal(ExecutionContext executionContext, ContextCallback callback, Object state)
   at System.Threading.Tasks.Task.ExecuteWithThreadLocal(Task& currentTaskSlot, Thread threadPoolThread)
--- End of stack trace from previous location ---
   at Dapper.SqlMapper.QueryAsync[T](IDbConnection cnn, Type effectiveType, CommandDefinition command) in /_/Dapper/SqlMapper.Async.cs:line 434
   at PointOfSale.Infrastructure.Repositories.DiagnosticTelemetryRepository.GetRecentAsync(Int32 take, String categoryFilter, String severityFilter, String search, CancellationToken cancellationToken) in C:\Users\Albert Zee\Documents\Projects\Point Of Sale\src\PointOfSale.Infrastructure\Repositories\DiagnosticTelemetryRepository.cs:line 68
   at PointOfSale.Infrastructure.Repositories.DiagnosticTelemetryRepository.GetRecentAsync(Int32 take, String categoryFilter, String severityFilter, String search, CancellationToken cancellationToken) in C:\Users\Albert Zee\Documents\Projects\Point Of Sale\src\PointOfSale.Infrastructure\Repositories\DiagnosticTelemetryRepository.cs:line 84
   at PointOfSale.App.Services.PerformanceProfilingService.LoadErrorHistogramAsync(CancellationToken cancellationToken) in C:\Users\Albert Zee\Documents\Projects\Point Of Sale\src\PointOfSale.App\Services\PerformanceProfilingService.cs:line 294
   at PointOfSale.App.Services.PerformanceProfilingService.CaptureSnapshotAsync(CancellationToken cancellationToken) in C:\Users\Albert Zee\Documents\Projects\Point Of Sale\src\PointOfSale.App\Services\PerformanceProfilingService.cs:line 110
   at PointOfSale.App.Services.PerformanceProfilingBackgroundService.ExecuteAsync(CancellationToken stoppingToken) in C:\Users\Albert Zee\Documents\Projects\Point Of Sale\src\PointOfSale.App\Services\PerformanceProfilingBackgroundService.cs:line 59
ClientConnectionId:54f7ff94-6187-4fe4-8f09-98bea815a87f
Error Number:-2,State:0,Class:11
2026-07-29 13:24:57.406 +02:00 [INF] MRA connectivity restored — waking offline sync worker.
2026-07-29 13:25:07.161 +02:00 [INF] ART Diagnostic DatabaseLatency SqlExpress 0 null: SQL round-trip 0 ms
2026-07-29 13:25:07.272 +02:00 [INF] ART Diagnostic MraConnectivity MraEis 102 404: MRA reachable (404) in 102 ms.
2026-07-29 13:25:10.301 +02:00 [INF] ART Diagnostic WorkerHeartbeat HealthCheckWorker null null: Heartbeat
2026-07-29 13:25:10.310 +02:00 [INF] ART Diagnostic DatabaseLatency SqlExpress 0 null: SQL round-trip 0 ms
2026-07-29 13:25:10.518 +02:00 [INF] MRA connectivity restored — waking offline sync worker.
2026-07-29 13:25:10.518 +02:00 [INF] ART Diagnostic HealthCheck HealthCheckWorker 0 null: All subsystems healthy (SQL 0 ms, disk 40.8 GB free).
2026-07-29 13:25:10.692 +02:00 [INF] MRA connectivity restored — waking offline sync worker.
2026-07-29 13:25:10.707 +02:00 [INF] ART Diagnostic MraConnectivity MraEis 393 404: MRA reachable (404) in 393 ms.
2026-07-29 13:25:10.786 +02:00 [INF] ART Diagnostic WorkerHeartbeat SystemHealthMonitorService null null: All monitored subsystems healthy.
2026-07-29 13:25:10.880 +02:00 [INF] MRA connectivity restored — waking offline sync worker.
2026-07-29 13:25:10.880 +02:00 [INF] ART Diagnostic HealthCheck HealthCheckWorker 0 null: All subsystems healthy (SQL 0 ms, disk 40.8 GB free).
2026-07-29 13:25:15.055 +02:00 [INF] MRA EIS POST "https://dev-eis-api.mra.mw/api/v1/sales/last-submitted-offline-transaction"
2026-07-29 13:25:15.517 +02:00 [INF] MRA POST /api/v1/sales/last-submitted-offline-transaction status=401 success=false durationMs=468
2026-07-29 13:25:15.854 +02:00 [WRN] MRA EIS HTTP 401 for POST "https://dev-eis-api.mra.mw/api/v1/sales/last-submitted-offline-transaction". RequestPayload=(empty). ResponseBody=(empty)
2026-07-29 13:25:15.855 +02:00 [WRN] Unable to query last-submitted-offline-transaction for sequence check.
PointOfSale.Mra.Http.MraApiException: Empty MRA EIS response (401).
   at PointOfSale.Infrastructure.Services.MraApiClient.SendAsync[TResponse](HttpRequestMessage request, String auditRequestBody, CancellationToken cancellationToken) in C:\Users\Albert Zee\Documents\Projects\Point Of Sale\src\PointOfSale.Infrastructure\Services\MraApiClient.cs:line 274
   at PointOfSale.Infrastructure.Services.MraApiClient.PostEmptyAsync[TResponse](String relativePath, MraRequestContext context, CancellationToken cancellationToken) in C:\Users\Albert Zee\Documents\Projects\Point Of Sale\src\PointOfSale.Infrastructure\Services\MraApiClient.cs:line 223
   at PointOfSale.Infrastructure.Services.SalesTransactionService.GetLastSubmittedTransactionAsync(String relativePath, String channelLabel, CancellationToken cancellationToken) in C:\Users\Albert Zee\Documents\Projects\Point Of Sale\src\PointOfSale.Infrastructure\Services\SalesTransactionService.cs:line 86
   at PointOfSale.Infrastructure.Services.SalesTransactionService.VerifySequenceContinuityAsync(Func`2 lookupFactory, String channelLabel, CancellationToken cancellationToken) in C:\Users\Albert Zee\Documents\Projects\Point Of Sale\src\PointOfSale.Infrastructure\Services\SalesTransactionService.cs:line 153
2026-07-29 13:25:17.385 +02:00 [INF] MRA connectivity restored — waking offline sync worker.
2026-07-29 13:25:37.463 +02:00 [INF] MRA connectivity restored — waking offline sync worker.
2026-07-29 13:25:52.752 +02:00 [INF] ART Diagnostic DatabaseLatency SqlExpress 0 null: Performance profile sample (FPS 0.0)
2026-07-29 13:25:52.822 +02:00 [INF] Inventory alert scan complete: 8 products, low=0, stockout=0, overstock=0, fast=0.
2026-07-29 13:25:55.805 +02:00 [INF] ART Diagnostic DatabaseLatency SqlExpress 1 null: SQL round-trip 1 ms
2026-07-29 13:25:55.910 +02:00 [INF] ART Diagnostic WorkerHeartbeat HealthCheckWorker null null: Heartbeat
2026-07-29 13:25:55.914 +02:00 [INF] ART Diagnostic DatabaseLatency SqlExpress 0 null: SQL round-trip 0 ms
2026-07-29 13:25:56.244 +02:00 [INF] ART Diagnostic MraConnectivity MraEis 326 404: MRA reachable (404) in 326 ms.
2026-07-29 13:25:56.400 +02:00 [INF] ART Diagnostic MraConnectivity MraEis 560 404: MRA reachable (404) in 560 ms.
2026-07-29 13:25:56.414 +02:00 [INF] ART Diagnostic HealthCheck HealthCheckWorker 1 null: All subsystems healthy (SQL 1 ms, disk 40.8 GB free).
2026-07-29 13:25:56.456 +02:00 [INF] MRA connectivity restored — waking offline sync worker.
2026-07-29 13:25:56.457 +02:00 [INF] ART Diagnostic HealthCheck HealthCheckWorker 0 null: All subsystems healthy (SQL 0 ms, disk 40.8 GB free).
2026-07-29 13:25:56.495 +02:00 [INF] ART Diagnostic WorkerHeartbeat SystemHealthMonitorService null null: All monitored subsystems healthy.
2026-07-29 13:26:00.500 +02:00 [INF] MRA connectivity restored — waking offline sync worker.
2026-07-29 13:26:17.700 +02:00 [INF] MRA connectivity restored — waking offline sync worker.
2026-07-29 13:26:37.906 +02:00 [INF] MRA connectivity restored — waking offline sync worker.
2026-07-29 13:26:41.484 +02:00 [INF] ART Diagnostic WorkerHeartbeat HealthCheckWorker null null: Heartbeat
2026-07-29 13:26:41.508 +02:00 [INF] ART Diagnostic DatabaseLatency SqlExpress 3 null: SQL round-trip 3 ms
2026-07-29 13:26:41.781 +02:00 [INF] ART Diagnostic DatabaseLatency SqlExpress 1 null: SQL round-trip 1 ms
2026-07-29 13:26:41.853 +02:00 [INF] ART Diagnostic MraConnectivity MraEis 93 404: MRA reachable (404) in 93 ms.
2026-07-29 13:26:41.857 +02:00 [INF] ART Diagnostic MraConnectivity MraEis 66 404: MRA reachable (404) in 66 ms.
2026-07-29 13:26:41.914 +02:00 [INF] ART Diagnostic HealthCheck HealthCheckWorker 1 null: All subsystems healthy (SQL 1 ms, disk 40.15 GB free).
2026-07-29 13:26:45.310 +02:00 [INF] MRA connectivity restored — waking offline sync worker.
2026-07-29 13:26:45.310 +02:00 [INF] ART Diagnostic HealthCheck HealthCheckWorker 3 null: All subsystems healthy (SQL 3 ms, disk 40.15 GB free).
2026-07-29 13:26:45.606 +02:00 [INF] MRA connectivity restored — waking offline sync worker.
2026-07-29 13:26:45.687 +02:00 [INF] ART Diagnostic WorkerHeartbeat SystemHealthMonitorService null null: All monitored subsystems healthy.
2026-07-29 13:26:49.137 +02:00 [INF] ART Diagnostic DatabaseLatency SqlExpress 1 null: Performance profile sample (FPS 0.0)
2026-07-29 13:26:57.401 +02:00 [INF] MRA connectivity restored — waking offline sync worker.
2026-07-29 13:27:14.880 +02:00 [INF] MRA EIS POST "https://dev-eis-api.mra.mw/api/v1/sales/last-submitted-offline-transaction"
2026-07-29 13:27:15.114 +02:00 [INF] MRA POST /api/v1/sales/last-submitted-offline-transaction status=401 success=false durationMs=234
2026-07-29 13:27:16.142 +02:00 [INF] Inventory alert scan complete: 8 products, low=0, stockout=0, overstock=0, fast=0.
2026-07-29 13:27:16.312 +02:00 [WRN] MRA EIS HTTP 401 for POST "https://dev-eis-api.mra.mw/api/v1/sales/last-submitted-offline-transaction". RequestPayload=(empty). ResponseBody=(empty)
2026-07-29 13:27:16.313 +02:00 [WRN] Unable to query last-submitted-offline-transaction for sequence check.
PointOfSale.Mra.Http.MraApiException: Empty MRA EIS response (401).
   at PointOfSale.Infrastructure.Services.MraApiClient.SendAsync[TResponse](HttpRequestMessage request, String auditRequestBody, CancellationToken cancellationToken) in C:\Users\Albert Zee\Documents\Projects\Point Of Sale\src\PointOfSale.Infrastructure\Services\MraApiClient.cs:line 274
   at PointOfSale.Infrastructure.Services.MraApiClient.PostEmptyAsync[TResponse](String relativePath, MraRequestContext context, CancellationToken cancellationToken) in C:\Users\Albert Zee\Documents\Projects\Point Of Sale\src\PointOfSale.Infrastructure\Services\MraApiClient.cs:line 223
   at PointOfSale.Infrastructure.Services.SalesTransactionService.GetLastSubmittedTransactionAsync(String relativePath, String channelLabel, CancellationToken cancellationToken) in C:\Users\Albert Zee\Documents\Projects\Point Of Sale\src\PointOfSale.Infrastructure\Services\SalesTransactionService.cs:line 86
   at PointOfSale.Infrastructure.Services.SalesTransactionService.VerifySequenceContinuityAsync(Func`2 lookupFactory, String channelLabel, CancellationToken cancellationToken) in C:\Users\Albert Zee\Documents\Projects\Point Of Sale\src\PointOfSale.Infrastructure\Services\SalesTransactionService.cs:line 153
2026-07-29 13:27:17.432 +02:00 [INF] MRA connectivity restored — waking offline sync worker.
2026-07-29 13:27:27.081 +02:00 [INF] ART Diagnostic WorkerHeartbeat HealthCheckWorker null null: Heartbeat
2026-07-29 13:27:27.244 +02:00 [INF] ART Diagnostic DatabaseLatency SqlExpress 1 null: SQL round-trip 1 ms
2026-07-29 13:27:27.313 +02:00 [INF] ART Diagnostic MraConnectivity MraEis 42 404: MRA reachable (404) in 42 ms.
2026-07-29 13:27:30.584 +02:00 [INF] MRA connectivity restored — waking offline sync worker.
2026-07-29 13:27:30.584 +02:00 [INF] ART Diagnostic HealthCheck HealthCheckWorker 1 null: All subsystems healthy (SQL 1 ms, disk 40.15 GB free).
2026-07-29 13:27:31.082 +02:00 [INF] ART Diagnostic DatabaseLatency SqlExpress 1 null: SQL round-trip 1 ms
2026-07-29 13:27:34.248 +02:00 [INF] ART Diagnostic MraConnectivity MraEis 3139 404: MRA reachable (404) in 3139 ms.
2026-07-29 13:27:34.522 +02:00 [INF] MRA connectivity restored — waking offline sync worker.
2026-07-29 13:27:34.522 +02:00 [INF] ART Diagnostic HealthCheck HealthCheckWorker 1 null: All subsystems healthy (SQL 1 ms, disk 40.15 GB free).
2026-07-29 13:27:34.670 +02:00 [INF] MRA connectivity restored — waking offline sync worker.
2026-07-29 13:27:34.745 +02:00 [INF] ART Diagnostic WorkerHeartbeat SystemHealthMonitorService null null: All monitored subsystems healthy.
2026-07-29 13:27:37.330 +02:00 [INF] MRA connectivity restored — waking offline sync worker.
2026-07-29 13:27:45.116 +02:00 [INF] ART Diagnostic DatabaseLatency SqlExpress 1 null: Performance profile sample (FPS 0.0)
2026-07-29 13:27:57.499 +02:00 [INF] MRA connectivity restored — waking offline sync worker.
2026-07-29 13:28:15.787 +02:00 [INF] ART Diagnostic WorkerHeartbeat HealthCheckWorker null null: Heartbeat
2026-07-29 13:28:15.824 +02:00 [INF] ART Diagnostic DatabaseLatency SqlExpress 10 null: SQL round-trip 10 ms
2026-07-29 13:28:15.970 +02:00 [INF] ART Diagnostic MraConnectivity MraEis 73 404: MRA reachable (404) in 73 ms.
2026-07-29 13:28:16.162 +02:00 [INF] MRA connectivity restored — waking offline sync worker.
2026-07-29 13:28:16.162 +02:00 [INF] ART Diagnostic HealthCheck HealthCheckWorker 10 null: All subsystems healthy (SQL 10 ms, disk 40.15 GB free).
2026-07-29 13:28:19.829 +02:00 [INF] ART Diagnostic DatabaseLatency SqlExpress 1 null: SQL round-trip 1 ms
2026-07-29 13:28:19.892 +02:00 [INF] ART Diagnostic MraConnectivity MraEis 52 404: MRA reachable (404) in 52 ms.
2026-07-29 13:28:19.964 +02:00 [INF] ART Diagnostic HealthCheck HealthCheckWorker 1 null: All subsystems healthy (SQL 1 ms, disk 40.15 GB free).
2026-07-29 13:28:20.166 +02:00 [INF] ART Diagnostic WorkerHeartbeat SystemHealthMonitorService null null: All monitored subsystems healthy.
2026-07-29 13:28:20.599 +02:00 [INF] MRA connectivity restored — waking offline sync worker.
2026-07-29 13:28:37.516 +02:00 [INF] MRA connectivity restored — waking offline sync worker.
2026-07-29 13:28:41.212 +02:00 [INF] Inventory alert scan complete: 8 products, low=0, stockout=0, overstock=0, fast=0.
2026-07-29 13:28:45.140 +02:00 [WRN] Performance profiling iteration failed.
Microsoft.Data.SqlClient.SqlException (0x80131904): Execution Timeout Expired.  The timeout period elapsed prior to completion of the operation or the server is not responding.
 ---> System.ComponentModel.Win32Exception (258): The wait operation timed out.
   at System.Threading.Tasks.ContinuationResultTaskFromResultTask`2.InnerInvoke()
   at System.Threading.ExecutionContext.RunInternal(ExecutionContext executionContext, ContextCallback callback, Object state)
--- End of stack trace from previous location ---
   at System.Threading.ExecutionContext.RunInternal(ExecutionContext executionContext, ContextCallback callback, Object state)
   at System.Threading.Tasks.Task.ExecuteWithThreadLocal(Task& currentTaskSlot, Thread threadPoolThread)
--- End of stack trace from previous location ---
   at Dapper.SqlMapper.QueryAsync[T](IDbConnection cnn, Type effectiveType, CommandDefinition command) in /_/Dapper/SqlMapper.Async.cs:line 434
   at PointOfSale.Infrastructure.Repositories.DiagnosticTelemetryRepository.GetRecentAsync(Int32 take, String categoryFilter, String severityFilter, String search, CancellationToken cancellationToken) in C:\Users\Albert Zee\Documents\Projects\Point Of Sale\src\PointOfSale.Infrastructure\Repositories\DiagnosticTelemetryRepository.cs:line 68
   at PointOfSale.Infrastructure.Repositories.DiagnosticTelemetryRepository.GetRecentAsync(Int32 take, String categoryFilter, String severityFilter, String search, CancellationToken cancellationToken) in C:\Users\Albert Zee\Documents\Projects\Point Of Sale\src\PointOfSale.Infrastructure\Repositories\DiagnosticTelemetryRepository.cs:line 84
   at PointOfSale.App.Services.PerformanceProfilingService.LoadErrorHistogramAsync(CancellationToken cancellationToken) in C:\Users\Albert Zee\Documents\Projects\Point Of Sale\src\PointOfSale.App\Services\PerformanceProfilingService.cs:line 294
   at PointOfSale.App.Services.PerformanceProfilingService.CaptureSnapshotAsync(CancellationToken cancellationToken) in C:\Users\Albert Zee\Documents\Projects\Point Of Sale\src\PointOfSale.App\Services\PerformanceProfilingService.cs:line 110
   at PointOfSale.App.Services.PerformanceProfilingBackgroundService.ExecuteAsync(CancellationToken stoppingToken) in C:\Users\Albert Zee\Documents\Projects\Point Of Sale\src\PointOfSale.App\Services\PerformanceProfilingBackgroundService.cs:line 59
ClientConnectionId:5c0ad6ba-0cf7-447d-95c9-b79725a4dfc8
Error Number:-2,State:0,Class:11
2026-07-29 13:28:57.416 +02:00 [INF] MRA connectivity restored — waking offline sync worker.
2026-07-29 13:29:01.223 +02:00 [INF] ART Diagnostic WorkerHeartbeat HealthCheckWorker null null: Heartbeat
2026-07-29 13:29:01.280 +02:00 [INF] ART Diagnostic DatabaseLatency SqlExpress 0 null: SQL round-trip 0 ms
2026-07-29 13:29:04.553 +02:00 [INF] ART Diagnostic MraConnectivity MraEis 3109 404: MRA reachable (404) in 3109 ms.
2026-07-29 13:29:05.186 +02:00 [INF] ART Diagnostic DatabaseLatency SqlExpress 4 null: SQL round-trip 4 ms
2026-07-29 13:29:05.321 +02:00 [INF] ART Diagnostic MraConnectivity MraEis 122 404: MRA reachable (404) in 122 ms.
2026-07-29 13:29:05.324 +02:00 [INF] ART Diagnostic HealthCheck HealthCheckWorker 4 null: All subsystems healthy (SQL 4 ms, disk 40.14 GB free).
2026-07-29 13:29:05.570 +02:00 [INF] ART Diagnostic WorkerHeartbeat SystemHealthMonitorService null null: All monitored subsystems healthy.
2026-07-29 13:29:06.843 +02:00 [INF] MRA EIS POST "https://dev-eis-api.mra.mw/api/v1/sales/last-submitted-offline-transaction"
2026-07-29 13:29:07.094 +02:00 [INF] MRA POST /api/v1/sales/last-submitted-offline-transaction status=401 success=false durationMs=250
2026-07-29 13:29:07.801 +02:00 [INF] MRA connectivity restored — waking offline sync worker.
2026-07-29 13:29:07.802 +02:00 [INF] ART Diagnostic HealthCheck HealthCheckWorker 0 null: All subsystems healthy (SQL 0 ms, disk 40.14 GB free).
2026-07-29 13:29:07.810 +02:00 [WRN] MRA EIS HTTP 401 for POST "https://dev-eis-api.mra.mw/api/v1/sales/last-submitted-offline-transaction". RequestPayload=(empty). ResponseBody=(empty)
2026-07-29 13:29:07.810 +02:00 [WRN] Unable to query last-submitted-offline-transaction for sequence check.
PointOfSale.Mra.Http.MraApiException: Empty MRA EIS response (401).
   at PointOfSale.Infrastructure.Services.MraApiClient.SendAsync[TResponse](HttpRequestMessage request, String auditRequestBody, CancellationToken cancellationToken) in C:\Users\Albert Zee\Documents\Projects\Point Of Sale\src\PointOfSale.Infrastructure\Services\MraApiClient.cs:line 274
   at PointOfSale.Infrastructure.Services.MraApiClient.PostEmptyAsync[TResponse](String relativePath, MraRequestContext context, CancellationToken cancellationToken) in C:\Users\Albert Zee\Documents\Projects\Point Of Sale\src\PointOfSale.Infrastructure\Services\MraApiClient.cs:line 223
   at PointOfSale.Infrastructure.Services.SalesTransactionService.GetLastSubmittedTransactionAsync(String relativePath, String channelLabel, CancellationToken cancellationToken) in C:\Users\Albert Zee\Documents\Projects\Point Of Sale\src\PointOfSale.Infrastructure\Services\SalesTransactionService.cs:line 86
   at PointOfSale.Infrastructure.Services.SalesTransactionService.VerifySequenceContinuityAsync(Func`2 lookupFactory, String channelLabel, CancellationToken cancellationToken) in C:\Users\Albert Zee\Documents\Projects\Point Of Sale\src\PointOfSale.Infrastructure\Services\SalesTransactionService.cs:line 153
2026-07-29 13:29:17.491 +02:00 [INF] MRA connectivity restored — waking offline sync worker.
2026-07-29 13:29:37.438 +02:00 [INF] MRA connectivity restored — waking offline sync worker.
2026-07-29 13:29:41.971 +02:00 [INF] ART Diagnostic DatabaseLatency SqlExpress 0 null: Performance profile sample (FPS 0.0)
2026-07-29 13:29:41.989 +02:00 [INF] Inventory alert scan complete: 8 products, low=0, stockout=0, overstock=0, fast=0.
2026-07-29 13:29:50.955 +02:00 [INF] ART Diagnostic DatabaseLatency SqlExpress 1 null: SQL round-trip 1 ms
2026-07-29 13:29:51.125 +02:00 [INF] ART Diagnostic MraConnectivity MraEis 124 404: MRA reachable (404) in 124 ms.
2026-07-29 13:29:51.278 +02:00 [INF] MRA connectivity restored — waking offline sync worker.
2026-07-29 13:29:51.279 +02:00 [INF] ART Diagnostic HealthCheck HealthCheckWorker 1 null: All subsystems healthy (SQL 1 ms, disk 40.14 GB free).
2026-07-29 13:29:51.559 +02:00 [INF] MRA connectivity restored — waking offline sync worker.
2026-07-29 13:29:51.648 +02:00 [INF] ART Diagnostic WorkerHeartbeat SystemHealthMonitorService null null: All monitored subsystems healthy.
2026-07-29 13:29:52.857 +02:00 [INF] ART Diagnostic WorkerHeartbeat HealthCheckWorker null null: Heartbeat
2026-07-29 13:29:52.890 +02:00 [INF] ART Diagnostic DatabaseLatency SqlExpress 1 null: SQL round-trip 1 ms
2026-07-29 13:29:52.952 +02:00 [INF] ART Diagnostic MraConnectivity MraEis 37 404: MRA reachable (404) in 37 ms.
2026-07-29 13:29:53.164 +02:00 [INF] MRA connectivity restored — waking offline sync worker.
2026-07-29 13:29:53.165 +02:00 [INF] ART Diagnostic HealthCheck HealthCheckWorker 1 null: All subsystems healthy (SQL 1 ms, disk 40.15 GB free).
2026-07-29 13:29:57.344 +02:00 [INF] MRA connectivity restored — waking offline sync worker.
2026-07-29 13:30:17.804 +02:00 [INF] MRA connectivity restored — waking offline sync worker.
2026-07-29 13:30:36.678 +02:00 [INF] ART Diagnostic DatabaseLatency SqlExpress 1 null: SQL round-trip 1 ms
2026-07-29 13:30:37.436 +02:00 [INF] MRA connectivity restored — waking offline sync worker.
2026-07-29 13:30:38.613 +02:00 [INF] ART Diagnostic WorkerHeartbeat HealthCheckWorker null null: Heartbeat
2026-07-29 13:30:38.732 +02:00 [INF] ART Diagnostic DatabaseLatency SqlExpress 0 null: SQL round-trip 0 ms
2026-07-29 13:30:38.915 +02:00 [INF] ART Diagnostic MraConnectivity MraEis 164 404: MRA reachable (404) in 164 ms.
2026-07-29 13:30:39.914 +02:00 [INF] ART Diagnostic MraConnectivity MraEis 3172 404: MRA reachable (404) in 3172 ms.
2026-07-29 13:30:39.925 +02:00 [INF] MRA connectivity restored — waking offline sync worker.
2026-07-29 13:30:39.925 +02:00 [INF] ART Diagnostic HealthCheck HealthCheckWorker 0 null: All subsystems healthy (SQL 0 ms, disk 40.14 GB free).
2026-07-29 13:30:40.258 +02:00 [INF] MRA connectivity restored — waking offline sync worker.
2026-07-29 13:30:40.259 +02:00 [INF] ART Diagnostic HealthCheck HealthCheckWorker 1 null: All subsystems healthy (SQL 1 ms, disk 40.14 GB free).
2026-07-29 13:30:40.584 +02:00 [INF] MRA connectivity restored — waking offline sync worker.
2026-07-29 13:30:40.645 +02:00 [INF] ART Diagnostic WorkerHeartbeat SystemHealthMonitorService null null: All monitored subsystems healthy.
2026-07-29 13:30:42.067 +02:00 [WRN] Performance profiling iteration failed.
Microsoft.Data.SqlClient.SqlException (0x80131904): Execution Timeout Expired.  The timeout period elapsed prior to completion of the operation or the server is not responding.
 ---> System.ComponentModel.Win32Exception (258): The wait operation timed out.
   at System.Threading.Tasks.ContinuationResultTaskFromResultTask`2.InnerInvoke()
   at System.Threading.ExecutionContext.RunInternal(ExecutionContext executionContext, ContextCallback callback, Object state)
--- End of stack trace from previous location ---
   at System.Threading.ExecutionContext.RunInternal(ExecutionContext executionContext, ContextCallback callback, Object state)
   at System.Threading.Tasks.Task.ExecuteWithThreadLocal(Task& currentTaskSlot, Thread threadPoolThread)
--- End of stack trace from previous location ---
   at Dapper.SqlMapper.QueryAsync[T](IDbConnection cnn, Type effectiveType, CommandDefinition command) in /_/Dapper/SqlMapper.Async.cs:line 434
   at PointOfSale.Infrastructure.Repositories.DiagnosticTelemetryRepository.GetRecentAsync(Int32 take, String categoryFilter, String severityFilter, String search, CancellationToken cancellationToken) in C:\Users\Albert Zee\Documents\Projects\Point Of Sale\src\PointOfSale.Infrastructure\Repositories\DiagnosticTelemetryRepository.cs:line 68
   at PointOfSale.Infrastructure.Repositories.DiagnosticTelemetryRepository.GetRecentAsync(Int32 take, String categoryFilter, String severityFilter, String search, CancellationToken cancellationToken) in C:\Users\Albert Zee\Documents\Projects\Point Of Sale\src\PointOfSale.Infrastructure\Repositories\DiagnosticTelemetryRepository.cs:line 84
   at PointOfSale.App.Services.PerformanceProfilingService.LoadErrorHistogramAsync(CancellationToken cancellationToken) in C:\Users\Albert Zee\Documents\Projects\Point Of Sale\src\PointOfSale.App\Services\PerformanceProfilingService.cs:line 294
   at PointOfSale.App.Services.PerformanceProfilingService.CaptureSnapshotAsync(CancellationToken cancellationToken) in C:\Users\Albert Zee\Documents\Projects\Point Of Sale\src\PointOfSale.App\Services\PerformanceProfilingService.cs:line 110
   at PointOfSale.App.Services.PerformanceProfilingBackgroundService.ExecuteAsync(CancellationToken stoppingToken) in C:\Users\Albert Zee\Documents\Projects\Point Of Sale\src\PointOfSale.App\Services\PerformanceProfilingBackgroundService.cs:line 59
ClientConnectionId:900a2f94-2c18-4fa3-aadc-9163594279d6
Error Number:-2,State:0,Class:11
2026-07-29 13:30:42.104 +02:00 [INF] Inventory alert scan complete: 8 products, low=0, stockout=0, overstock=0, fast=0.
2026-07-29 13:30:57.470 +02:00 [INF] MRA connectivity restored — waking offline sync worker.
2026-07-29 13:31:07.151 +02:00 [INF] MRA EIS POST "https://dev-eis-api.mra.mw/api/v1/sales/last-submitted-offline-transaction"
2026-07-29 13:31:07.534 +02:00 [INF] MRA POST /api/v1/sales/last-submitted-offline-transaction status=401 success=false durationMs=344
2026-07-29 13:31:07.560 +02:00 [WRN] MRA EIS HTTP 401 for POST "https://dev-eis-api.mra.mw/api/v1/sales/last-submitted-offline-transaction". RequestPayload=(empty). ResponseBody=(empty)
2026-07-29 13:31:07.561 +02:00 [WRN] Unable to query last-submitted-offline-transaction for sequence check.
PointOfSale.Mra.Http.MraApiException: Empty MRA EIS response (401).
   at PointOfSale.Infrastructure.Services.MraApiClient.SendAsync[TResponse](HttpRequestMessage request, String auditRequestBody, CancellationToken cancellationToken) in C:\Users\Albert Zee\Documents\Projects\Point Of Sale\src\PointOfSale.Infrastructure\Services\MraApiClient.cs:line 274
   at PointOfSale.Infrastructure.Services.MraApiClient.PostEmptyAsync[TResponse](String relativePath, MraRequestContext context, CancellationToken cancellationToken) in C:\Users\Albert Zee\Documents\Projects\Point Of Sale\src\PointOfSale.Infrastructure\Services\MraApiClient.cs:line 223
   at PointOfSale.Infrastructure.Services.SalesTransactionService.GetLastSubmittedTransactionAsync(String relativePath, String channelLabel, CancellationToken cancellationToken) in C:\Users\Albert Zee\Documents\Projects\Point Of Sale\src\PointOfSale.Infrastructure\Services\SalesTransactionService.cs:line 86
   at PointOfSale.Infrastructure.Services.SalesTransactionService.VerifySequenceContinuityAsync(Func`2 lookupFactory, String channelLabel, CancellationToken cancellationToken) in C:\Users\Albert Zee\Documents\Projects\Point Of Sale\src\PointOfSale.Infrastructure\Services\SalesTransactionService.cs:line 153
2026-07-29 13:31:17.906 +02:00 [INF] MRA connectivity restored — waking offline sync worker.
2026-07-29 13:31:25.019 +02:00 [INF] ART Diagnostic WorkerHeartbeat HealthCheckWorker null null: Heartbeat
2026-07-29 13:31:25.139 +02:00 [INF] ART Diagnostic DatabaseLatency SqlExpress 20 null: SQL round-trip 20 ms
2026-07-29 13:31:25.423 +02:00 [INF] ART Diagnostic MraConnectivity MraEis 152 404: MRA reachable (404) in 152 ms.
2026-07-29 13:31:25.681 +02:00 [INF] MRA connectivity restored — waking offline sync worker.
2026-07-29 13:31:25.682 +02:00 [INF] ART Diagnostic HealthCheck HealthCheckWorker 20 null: All subsystems healthy (SQL 20 ms, disk 40.14 GB free).
2026-07-29 13:31:25.711 +02:00 [INF] ART Diagnostic DatabaseLatency SqlExpress 1 null: SQL round-trip 1 ms
2026-07-29 13:31:25.752 +02:00 [INF] ART Diagnostic MraConnectivity MraEis 29 404: MRA reachable (404) in 29 ms.
2026-07-29 13:31:25.928 +02:00 [INF] MRA connectivity restored — waking offline sync worker.
2026-07-29 13:31:25.928 +02:00 [INF] ART Diagnostic HealthCheck HealthCheckWorker 1 null: All subsystems healthy (SQL 1 ms, disk 40.14 GB free).
2026-07-29 13:31:26.073 +02:00 [INF] MRA connectivity restored — waking offline sync worker.
2026-07-29 13:31:26.161 +02:00 [INF] ART Diagnostic WorkerHeartbeat SystemHealthMonitorService null null: All monitored subsystems healthy.
2026-07-29 13:31:37.368 +02:00 [INF] MRA connectivity restored — waking offline sync worker.
2026-07-29 13:31:42.214 +02:00 [WRN] Performance profiling iteration failed.
Microsoft.Data.SqlClient.SqlException (0x80131904): Execution Timeout Expired.  The timeout period elapsed prior to completion of the operation or the server is not responding.
 ---> System.ComponentModel.Win32Exception (258): The wait operation timed out.
   at System.Threading.Tasks.ContinuationResultTaskFromResultTask`2.InnerInvoke()
   at System.Threading.ExecutionContext.RunInternal(ExecutionContext executionContext, ContextCallback callback, Object state)
--- End of stack trace from previous location ---
   at System.Threading.ExecutionContext.RunInternal(ExecutionContext executionContext, ContextCallback callback, Object state)
   at System.Threading.Tasks.Task.ExecuteWithThreadLocal(Task& currentTaskSlot, Thread threadPoolThread)
--- End of stack trace from previous location ---
   at Dapper.SqlMapper.QueryAsync[T](IDbConnection cnn, Type effectiveType, CommandDefinition command) in /_/Dapper/SqlMapper.Async.cs:line 434
   at PointOfSale.Infrastructure.Repositories.DiagnosticTelemetryRepository.GetRecentAsync(Int32 take, String categoryFilter, String severityFilter, String search, CancellationToken cancellationToken) in C:\Users\Albert Zee\Documents\Projects\Point Of Sale\src\PointOfSale.Infrastructure\Repositories\DiagnosticTelemetryRepository.cs:line 68
   at PointOfSale.Infrastructure.Repositories.DiagnosticTelemetryRepository.GetRecentAsync(Int32 take, String categoryFilter, String severityFilter, String search, CancellationToken cancellationToken) in C:\Users\Albert Zee\Documents\Projects\Point Of Sale\src\PointOfSale.Infrastructure\Repositories\DiagnosticTelemetryRepository.cs:line 84
   at PointOfSale.App.Services.PerformanceProfilingService.LoadErrorHistogramAsync(CancellationToken cancellationToken) in C:\Users\Albert Zee\Documents\Projects\Point Of Sale\src\PointOfSale.App\Services\PerformanceProfilingService.cs:line 294
   at PointOfSale.App.Services.PerformanceProfilingService.CaptureSnapshotAsync(CancellationToken cancellationToken) in C:\Users\Albert Zee\Documents\Projects\Point Of Sale\src\PointOfSale.App\Services\PerformanceProfilingService.cs:line 110
   at PointOfSale.App.Services.PerformanceProfilingBackgroundService.ExecuteAsync(CancellationToken stoppingToken) in C:\Users\Albert Zee\Documents\Projects\Point Of Sale\src\PointOfSale.App\Services\PerformanceProfilingBackgroundService.cs:line 59
ClientConnectionId:54f7ff94-6187-4fe4-8f09-98bea815a87f
Error Number:-2,State:0,Class:11
2026-07-29 13:31:42.236 +02:00 [INF] Inventory alert scan complete: 8 products, low=0, stockout=0, overstock=0, fast=0.
2026-07-29 13:31:57.420 +02:00 [INF] MRA connectivity restored — waking offline sync worker.
2026-07-29 13:32:10.736 +02:00 [INF] ART Diagnostic WorkerHeartbeat HealthCheckWorker null null: Heartbeat
2026-07-29 13:32:10.821 +02:00 [INF] ART Diagnostic DatabaseLatency SqlExpress 0 null: SQL round-trip 0 ms
2026-07-29 13:32:10.887 +02:00 [INF] ART Diagnostic MraConnectivity MraEis 35 404: MRA reachable (404) in 35 ms.
2026-07-29 13:32:11.394 +02:00 [INF] ART Diagnostic DatabaseLatency SqlExpress 1 null: SQL round-trip 1 ms
2026-07-29 13:32:11.451 +02:00 [INF] ART Diagnostic MraConnectivity MraEis 23 404: MRA reachable (404) in 23 ms.
2026-07-29 13:32:11.477 +02:00 [INF] ART Diagnostic HealthCheck HealthCheckWorker 1 null: All subsystems healthy (SQL 1 ms, disk 40.14 GB free).
2026-07-29 13:32:11.735 +02:00 [INF] ART Diagnostic WorkerHeartbeat SystemHealthMonitorService null null: All monitored subsystems healthy.
2026-07-29 13:32:14.150 +02:00 [INF] MRA connectivity restored — waking offline sync worker.
2026-07-29 13:32:14.151 +02:00 [INF] ART Diagnostic HealthCheck HealthCheckWorker 0 null: All subsystems healthy (SQL 0 ms, disk 40.14 GB free).
2026-07-29 13:32:17.566 +02:00 [INF] MRA connectivity restored — waking offline sync worker.
2026-07-29 13:32:37.626 +02:00 [INF] MRA connectivity restored — waking offline sync worker.
2026-07-29 13:32:39.225 +02:00 [INF] ART Diagnostic DatabaseLatency SqlExpress 0 null: Performance profile sample (FPS 0.0)
2026-07-29 13:32:56.754 +02:00 [INF] ART Diagnostic DatabaseLatency SqlExpress 0 null: SQL round-trip 0 ms
2026-07-29 13:32:56.830 +02:00 [INF] ART Diagnostic MraConnectivity MraEis 48 404: MRA reachable (404) in 48 ms.
2026-07-29 13:32:57.018 +02:00 [INF] MRA connectivity restored — waking offline sync worker.
2026-07-29 13:32:57.019 +02:00 [INF] ART Diagnostic HealthCheck HealthCheckWorker 0 null: All subsystems healthy (SQL 0 ms, disk 40.14 GB free).
2026-07-29 13:32:57.174 +02:00 [INF] MRA connectivity restored — waking offline sync worker.
2026-07-29 13:32:57.270 +02:00 [INF] ART Diagnostic WorkerHeartbeat SystemHealthMonitorService null null: All monitored subsystems healthy.
2026-07-29 13:32:59.332 +02:00 [INF] ART Diagnostic WorkerHeartbeat HealthCheckWorker null null: Heartbeat
2026-07-29 13:32:59.522 +02:00 [INF] ART Diagnostic DatabaseLatency SqlExpress 0 null: SQL round-trip 0 ms
2026-07-29 13:32:59.558 +02:00 [INF] ART Diagnostic MraConnectivity MraEis 33 404: MRA reachable (404) in 33 ms.
2026-07-29 13:32:59.573 +02:00 [INF] ART Diagnostic HealthCheck HealthCheckWorker 0 null: All subsystems healthy (SQL 0 ms, disk 40.14 GB free).
2026-07-29 13:33:00.481 +02:00 [INF] MRA connectivity restored — waking offline sync worker.
2026-07-29 13:33:05.520 +02:00 [INF] Inventory alert scan complete: 8 products, low=0, stockout=0, overstock=0, fast=0.
2026-07-29 13:33:05.521 +02:00 [INF] MRA EIS POST "https://dev-eis-api.mra.mw/api/v1/sales/last-submitted-offline-transaction"
2026-07-29 13:33:05.741 +02:00 [INF] MRA POST /api/v1/sales/last-submitted-offline-transaction status=401 success=false durationMs=234
2026-07-29 13:33:05.878 +02:00 [WRN] MRA EIS HTTP 401 for POST "https://dev-eis-api.mra.mw/api/v1/sales/last-submitted-offline-transaction". RequestPayload=(empty). ResponseBody=(empty)
2026-07-29 13:33:05.878 +02:00 [WRN] Unable to query last-submitted-offline-transaction for sequence check.
PointOfSale.Mra.Http.MraApiException: Empty MRA EIS response (401).
   at PointOfSale.Infrastructure.Services.MraApiClient.SendAsync[TResponse](HttpRequestMessage request, String auditRequestBody, CancellationToken cancellationToken) in C:\Users\Albert Zee\Documents\Projects\Point Of Sale\src\PointOfSale.Infrastructure\Services\MraApiClient.cs:line 274
   at PointOfSale.Infrastructure.Services.MraApiClient.PostEmptyAsync[TResponse](String relativePath, MraRequestContext context, CancellationToken cancellationToken) in C:\Users\Albert Zee\Documents\Projects\Point Of Sale\src\PointOfSale.Infrastructure\Services\MraApiClient.cs:line 223
   at PointOfSale.Infrastructure.Services.SalesTransactionService.GetLastSubmittedTransactionAsync(String relativePath, String channelLabel, CancellationToken cancellationToken) in C:\Users\Albert Zee\Documents\Projects\Point Of Sale\src\PointOfSale.Infrastructure\Services\SalesTransactionService.cs:line 86
   at PointOfSale.Infrastructure.Services.SalesTransactionService.VerifySequenceContinuityAsync(Func`2 lookupFactory, String channelLabel, CancellationToken cancellationToken) in C:\Users\Albert Zee\Documents\Projects\Point Of Sale\src\PointOfSale.Infrastructure\Services\SalesTransactionService.cs:line 153
2026-07-29 13:33:17.435 +02:00 [INF] MRA connectivity restored — waking offline sync worker.
2026-07-29 13:33:35.176 +02:00 [INF] ART Diagnostic DatabaseLatency SqlExpress 0 null: Performance profile sample (FPS 0.0)
2026-07-29 13:33:37.613 +02:00 [INF] MRA connectivity restored — waking offline sync worker.
2026-07-29 13:33:42.307 +02:00 [INF] ART Diagnostic DatabaseLatency SqlExpress 1 null: SQL round-trip 1 ms
2026-07-29 13:33:44.587 +02:00 [INF] ART Diagnostic WorkerHeartbeat HealthCheckWorker null null: Heartbeat
2026-07-29 13:33:44.597 +02:00 [INF] ART Diagnostic DatabaseLatency SqlExpress 0 null: SQL round-trip 0 ms
2026-07-29 13:33:44.914 +02:00 [INF] ART Diagnostic MraConnectivity MraEis 310 404: MRA reachable (404) in 310 ms.
2026-07-29 13:33:45.639 +02:00 [INF] ART Diagnostic MraConnectivity MraEis 3295 404: MRA reachable (404) in 3295 ms.
2026-07-29 13:33:45.659 +02:00 [INF] MRA connectivity restored — waking offline sync worker.
2026-07-29 13:33:45.660 +02:00 [INF] ART Diagnostic HealthCheck HealthCheckWorker 0 null: All subsystems healthy (SQL 0 ms, disk 40.14 GB free).
2026-07-29 13:33:45.877 +02:00 [INF] MRA connectivity restored — waking offline sync worker.
2026-07-29 13:33:45.877 +02:00 [INF] ART Diagnostic HealthCheck HealthCheckWorker 1 null: All subsystems healthy (SQL 1 ms, disk 40.14 GB free).
2026-07-29 13:33:46.250 +02:00 [INF] MRA connectivity restored — waking offline sync worker.
2026-07-29 13:33:46.391 +02:00 [INF] ART Diagnostic WorkerHeartbeat SystemHealthMonitorService null null: All monitored subsystems healthy.
2026-07-29 13:33:57.518 +02:00 [INF] MRA connectivity restored — waking offline sync worker.
2026-07-29 13:34:17.490 +02:00 [INF] MRA connectivity restored — waking offline sync worker.
2026-07-29 13:34:30.549 +02:00 [INF] Inventory alert scan complete: 8 products, low=0, stockout=0, overstock=0, fast=0.
2026-07-29 13:34:30.676 +02:00 [INF] ART Diagnostic WorkerHeartbeat HealthCheckWorker null null: Heartbeat
2026-07-29 13:34:31.453 +02:00 [INF] ART Diagnostic DatabaseLatency SqlExpress 4 null: SQL round-trip 4 ms
2026-07-29 13:34:31.611 +02:00 [INF] ART Diagnostic DatabaseLatency SqlExpress 1 null: Performance profile sample (FPS 0.0)
2026-07-29 13:34:31.614 +02:00 [INF] ART Diagnostic DatabaseLatency SqlExpress 2 null: SQL round-trip 2 ms
2026-07-29 13:34:31.679 +02:00 [INF] ART Diagnostic MraConnectivity MraEis 67 404: MRA reachable (404) in 67 ms.
2026-07-29 13:34:31.682 +02:00 [INF] ART Diagnostic MraConnectivity MraEis 64 404: MRA reachable (404) in 64 ms.
2026-07-29 13:34:31.686 +02:00 [INF] ART Diagnostic HealthCheck HealthCheckWorker 2 null: All subsystems healthy (SQL 2 ms, disk 40.14 GB free).
2026-07-29 13:34:31.875 +02:00 [INF] MRA connectivity restored — waking offline sync worker.
2026-07-29 13:34:31.875 +02:00 [INF] ART Diagnostic HealthCheck HealthCheckWorker 4 null: All subsystems healthy (SQL 4 ms, disk 40.14 GB free).
2026-07-29 13:34:32.193 +02:00 [INF] MRA connectivity restored — waking offline sync worker.
2026-07-29 13:34:32.298 +02:00 [INF] ART Diagnostic WorkerHeartbeat SystemHealthMonitorService null null: All monitored subsystems healthy.
2026-07-29 13:34:40.568 +02:00 [INF] MRA connectivity restored — waking offline sync worker.
2026-07-29 13:34:57.404 +02:00 [INF] MRA connectivity restored — waking offline sync worker.
2026-07-29 13:34:57.413 +02:00 [INF] MRA EIS POST "https://dev-eis-api.mra.mw/api/v1/sales/last-submitted-offline-transaction"
2026-07-29 13:34:57.829 +02:00 [INF] MRA POST /api/v1/sales/last-submitted-offline-transaction status=401 success=false durationMs=406
2026-07-29 13:34:57.872 +02:00 [WRN] MRA EIS HTTP 401 for POST "https://dev-eis-api.mra.mw/api/v1/sales/last-submitted-offline-transaction". RequestPayload=(empty). ResponseBody=(empty)
2026-07-29 13:34:57.873 +02:00 [WRN] Unable to query last-submitted-offline-transaction for sequence check.
PointOfSale.Mra.Http.MraApiException: Empty MRA EIS response (401).
   at PointOfSale.Infrastructure.Services.MraApiClient.SendAsync[TResponse](HttpRequestMessage request, String auditRequestBody, CancellationToken cancellationToken) in C:\Users\Albert Zee\Documents\Projects\Point Of Sale\src\PointOfSale.Infrastructure\Services\MraApiClient.cs:line 274
   at PointOfSale.Infrastructure.Services.MraApiClient.PostEmptyAsync[TResponse](String relativePath, MraRequestContext context, CancellationToken cancellationToken) in C:\Users\Albert Zee\Documents\Projects\Point Of Sale\src\PointOfSale.Infrastructure\Services\MraApiClient.cs:line 223
   at PointOfSale.Infrastructure.Services.SalesTransactionService.GetLastSubmittedTransactionAsync(String relativePath, String channelLabel, CancellationToken cancellationToken) in C:\Users\Albert Zee\Documents\Projects\Point Of Sale\src\PointOfSale.Infrastructure\Services\SalesTransactionService.cs:line 86
   at PointOfSale.Infrastructure.Services.SalesTransactionService.VerifySequenceContinuityAsync(Func`2 lookupFactory, String channelLabel, CancellationToken cancellationToken) in C:\Users\Albert Zee\Documents\Projects\Point Of Sale\src\PointOfSale.Infrastructure\Services\SalesTransactionService.cs:line 153
2026-07-29 13:35:16.698 +02:00 [INF] ART Diagnostic WorkerHeartbeat HealthCheckWorker null null: Heartbeat
2026-07-29 13:35:16.709 +02:00 [INF] ART Diagnostic DatabaseLatency SqlExpress 0 null: SQL round-trip 0 ms
2026-07-29 13:35:16.766 +02:00 [INF] ART Diagnostic MraConnectivity MraEis 54 404: MRA reachable (404) in 54 ms.
2026-07-29 13:35:16.906 +02:00 [INF] MRA connectivity restored — waking offline sync worker.
2026-07-29 13:35:16.907 +02:00 [INF] ART Diagnostic HealthCheck HealthCheckWorker 0 null: All subsystems healthy (SQL 0 ms, disk 40.14 GB free).
2026-07-29 13:35:17.368 +02:00 [INF] ART Diagnostic DatabaseLatency SqlExpress 1 null: SQL round-trip 1 ms
2026-07-29 13:35:17.403 +02:00 [INF] ART Diagnostic MraConnectivity MraEis 26 404: MRA reachable (404) in 26 ms.
2026-07-29 13:35:17.419 +02:00 [INF] ART Diagnostic HealthCheck HealthCheckWorker 1 null: All subsystems healthy (SQL 1 ms, disk 40.14 GB free).
2026-07-29 13:35:17.533 +02:00 [INF] ART Diagnostic WorkerHeartbeat SystemHealthMonitorService null null: All monitored subsystems healthy.
2026-07-29 13:35:20.502 +02:00 [INF] MRA connectivity restored — waking offline sync worker.
2026-07-29 13:35:28.902 +02:00 [INF] ART Diagnostic DatabaseLatency SqlExpress 0 null: Performance profile sample (FPS 0.0)
2026-07-29 13:35:37.534 +02:00 [INF] MRA connectivity restored — waking offline sync worker.
2026-07-29 13:35:52.800 +02:00 [INF] Inventory alert scan complete: 8 products, low=0, stockout=0, overstock=0, fast=0.
2026-07-29 13:35:57.527 +02:00 [INF] MRA connectivity restored — waking offline sync worker.
2026-07-29 13:36:01.956 +02:00 [INF] ART Diagnostic WorkerHeartbeat HealthCheckWorker null null: Heartbeat
2026-07-29 13:36:01.966 +02:00 [INF] ART Diagnostic DatabaseLatency SqlExpress 0 null: SQL round-trip 0 ms
2026-07-29 13:36:02.008 +02:00 [INF] ART Diagnostic MraConnectivity MraEis 27 404: MRA reachable (404) in 27 ms.
2026-07-29 13:36:02.150 +02:00 [INF] MRA connectivity restored — waking offline sync worker.
2026-07-29 13:36:02.150 +02:00 [INF] ART Diagnostic HealthCheck HealthCheckWorker 0 null: All subsystems healthy (SQL 0 ms, disk 40.14 GB free).
2026-07-29 13:36:02.560 +02:00 [INF] ART Diagnostic DatabaseLatency SqlExpress 1 null: SQL round-trip 1 ms
2026-07-29 13:36:02.733 +02:00 [INF] ART Diagnostic MraConnectivity MraEis 157 404: MRA reachable (404) in 157 ms.
2026-07-29 13:36:05.998 +02:00 [INF] MRA connectivity restored — waking offline sync worker.
2026-07-29 13:36:05.998 +02:00 [INF] ART Diagnostic HealthCheck HealthCheckWorker 1 null: All subsystems healthy (SQL 1 ms, disk 40.14 GB free).
2026-07-29 13:36:06.304 +02:00 [INF] MRA connectivity restored — waking offline sync worker.
2026-07-29 13:36:06.395 +02:00 [INF] ART Diagnostic WorkerHeartbeat SystemHealthMonitorService null null: All monitored subsystems healthy.
2026-07-29 13:36:17.471 +02:00 [INF] MRA connectivity restored — waking offline sync worker.
2026-07-29 13:36:26.048 +02:00 [INF] ART Diagnostic DatabaseLatency SqlExpress 0 null: Performance profile sample (FPS 0.0)
2026-07-29 13:36:37.492 +02:00 [INF] MRA connectivity restored — waking offline sync worker.
2026-07-29 13:36:47.180 +02:00 [INF] ART Diagnostic WorkerHeartbeat HealthCheckWorker null null: Heartbeat
2026-07-29 13:36:47.286 +02:00 [INF] ART Diagnostic DatabaseLatency SqlExpress 0 null: SQL round-trip 0 ms
2026-07-29 13:36:47.509 +02:00 [INF] ART Diagnostic MraConnectivity MraEis 220 404: MRA reachable (404) in 220 ms.
2026-07-29 13:36:50.867 +02:00 [INF] MRA connectivity restored — waking offline sync worker.
2026-07-29 13:36:50.868 +02:00 [INF] ART Diagnostic HealthCheck HealthCheckWorker 0 null: All subsystems healthy (SQL 0 ms, disk 40.14 GB free).
2026-07-29 13:36:51.138 +02:00 [INF] MRA EIS POST "https://dev-eis-api.mra.mw/api/v1/sales/last-submitted-offline-transaction"
2026-07-29 13:36:51.412 +02:00 [INF] ART Diagnostic DatabaseLatency SqlExpress 1 null: SQL round-trip 1 ms
2026-07-29 13:36:51.434 +02:00 [INF] MRA POST /api/v1/sales/last-submitted-offline-transaction status=401 success=false durationMs=297
2026-07-29 13:36:51.952 +02:00 [WRN] MRA EIS HTTP 401 for POST "https://dev-eis-api.mra.mw/api/v1/sales/last-submitted-offline-transaction". RequestPayload=(empty). ResponseBody=(empty)
2026-07-29 13:36:51.952 +02:00 [WRN] Unable to query last-submitted-offline-transaction for sequence check.
PointOfSale.Mra.Http.MraApiException: Empty MRA EIS response (401).
   at PointOfSale.Infrastructure.Services.MraApiClient.SendAsync[TResponse](HttpRequestMessage request, String auditRequestBody, CancellationToken cancellationToken) in C:\Users\Albert Zee\Documents\Projects\Point Of Sale\src\PointOfSale.Infrastructure\Services\MraApiClient.cs:line 274
   at PointOfSale.Infrastructure.Services.MraApiClient.PostEmptyAsync[TResponse](String relativePath, MraRequestContext context, CancellationToken cancellationToken) in C:\Users\Albert Zee\Documents\Projects\Point Of Sale\src\PointOfSale.Infrastructure\Services\MraApiClient.cs:line 223
   at PointOfSale.Infrastructure.Services.SalesTransactionService.GetLastSubmittedTransactionAsync(String relativePath, String channelLabel, CancellationToken cancellationToken) in C:\Users\Albert Zee\Documents\Projects\Point Of Sale\src\PointOfSale.Infrastructure\Services\SalesTransactionService.cs:line 86
   at PointOfSale.Infrastructure.Services.SalesTransactionService.VerifySequenceContinuityAsync(Func`2 lookupFactory, String channelLabel, CancellationToken cancellationToken) in C:\Users\Albert Zee\Documents\Projects\Point Of Sale\src\PointOfSale.Infrastructure\Services\SalesTransactionService.cs:line 153
2026-07-29 13:36:52.093 +02:00 [INF] ART Diagnostic MraConnectivity MraEis 141 404: MRA reachable (404) in 141 ms.
2026-07-29 13:36:52.350 +02:00 [INF] MRA connectivity restored — waking offline sync worker.
2026-07-29 13:36:52.351 +02:00 [INF] ART Diagnostic HealthCheck HealthCheckWorker 1 null: All subsystems healthy (SQL 1 ms, disk 40.14 GB free).
2026-07-29 13:36:52.576 +02:00 [INF] MRA connectivity restored — waking offline sync worker.
2026-07-29 13:36:52.650 +02:00 [INF] ART Diagnostic WorkerHeartbeat SystemHealthMonitorService null null: All monitored subsystems healthy.
2026-07-29 13:36:53.005 +02:00 [INF] Inventory alert scan complete: 8 products, low=0, stockout=0, overstock=0, fast=0.
2026-07-29 13:36:57.375 +02:00 [INF] MRA connectivity restored — waking offline sync worker.
2026-07-29 13:37:17.595 +02:00 [INF] MRA connectivity restored — waking offline sync worker.
2026-07-29 13:37:22.296 +02:00 [INF] ART Diagnostic DatabaseLatency SqlExpress 9 null: Performance profile sample (FPS 0.0)
2026-07-29 13:37:35.997 +02:00 [INF] ART Diagnostic WorkerHeartbeat HealthCheckWorker null null: Heartbeat
2026-07-29 13:37:36.009 +02:00 [INF] ART Diagnostic DatabaseLatency SqlExpress 0 null: SQL round-trip 0 ms
2026-07-29 13:37:36.118 +02:00 [INF] ART Diagnostic MraConnectivity MraEis 106 404: MRA reachable (404) in 106 ms.
2026-07-29 13:37:36.356 +02:00 [INF] MRA connectivity restored — waking offline sync worker.
2026-07-29 13:37:36.356 +02:00 [INF] ART Diagnostic HealthCheck HealthCheckWorker 0 null: All subsystems healthy (SQL 0 ms, disk 40.14 GB free).
2026-07-29 13:37:37.423 +02:00 [INF] MRA connectivity restored — waking offline sync worker.
2026-07-29 13:37:37.666 +02:00 [INF] ART Diagnostic DatabaseLatency SqlExpress 1 null: SQL round-trip 1 ms
2026-07-29 13:37:37.769 +02:00 [INF] ART Diagnostic MraConnectivity MraEis 95 404: MRA reachable (404) in 95 ms.
2026-07-29 13:37:40.909 +02:00 [INF] MRA connectivity restored — waking offline sync worker.
2026-07-29 13:37:40.909 +02:00 [INF] ART Diagnostic HealthCheck HealthCheckWorker 1 null: All subsystems healthy (SQL 1 ms, disk 40.14 GB free).
2026-07-29 13:37:41.238 +02:00 [INF] MRA connectivity restored — waking offline sync worker.
2026-07-29 13:37:41.319 +02:00 [INF] ART Diagnostic WorkerHeartbeat SystemHealthMonitorService null null: All monitored subsystems healthy.
2026-07-29 13:37:57.387 +02:00 [INF] MRA connectivity restored — waking offline sync worker.
2026-07-29 13:38:17.576 +02:00 [INF] MRA connectivity restored — waking offline sync worker.
2026-07-29 13:38:18.377 +02:00 [INF] ART Diagnostic DatabaseLatency SqlExpress 1 null: Performance profile sample (FPS 0.0)
2026-07-29 13:38:21.421 +02:00 [INF] ART Diagnostic WorkerHeartbeat HealthCheckWorker null null: Heartbeat
2026-07-29 13:38:21.480 +02:00 [INF] ART Diagnostic DatabaseLatency SqlExpress 0 null: SQL round-trip 0 ms
2026-07-29 13:38:21.529 +02:00 [INF] ART Diagnostic MraConnectivity MraEis 46 404: MRA reachable (404) in 46 ms.
2026-07-29 13:38:24.757 +02:00 [INF] MRA connectivity restored — waking offline sync worker.
2026-07-29 13:38:24.757 +02:00 [INF] ART Diagnostic HealthCheck HealthCheckWorker 0 null: All subsystems healthy (SQL 0 ms, disk 40.14 GB free).
2026-07-29 13:38:26.471 +02:00 [INF] ART Diagnostic DatabaseLatency SqlExpress 68 null: SQL round-trip 68 ms
2026-07-29 13:38:26.852 +02:00 [INF] ART Diagnostic MraConnectivity MraEis 231 404: MRA reachable (404) in 231 ms.
2026-07-29 13:38:27.146 +02:00 [INF] MRA connectivity restored — waking offline sync worker.
2026-07-29 13:38:27.146 +02:00 [INF] ART Diagnostic HealthCheck HealthCheckWorker 68 null: All subsystems healthy (SQL 68 ms, disk 40.14 GB free).
2026-07-29 13:38:27.343 +02:00 [INF] MRA connectivity restored — waking offline sync worker.
2026-07-29 13:38:27.412 +02:00 [INF] ART Diagnostic WorkerHeartbeat SystemHealthMonitorService null null: All monitored subsystems healthy.
2026-07-29 13:38:37.373 +02:00 [INF] MRA connectivity restored — waking offline sync worker.
2026-07-29 13:38:42.572 +02:00 [INF] Inventory alert scan complete: 8 products, low=0, stockout=0, overstock=0, fast=0.
2026-07-29 13:38:57.549 +02:00 [INF] MRA connectivity restored — waking offline sync worker.
2026-07-29 13:39:09.845 +02:00 [INF] ART Diagnostic WorkerHeartbeat HealthCheckWorker null null: Heartbeat
2026-07-29 13:39:09.881 +02:00 [INF] ART Diagnostic DatabaseLatency SqlExpress 0 null: SQL round-trip 0 ms
2026-07-29 13:39:12.427 +02:00 [INF] ART Diagnostic DatabaseLatency SqlExpress 1 null: SQL round-trip 1 ms
2026-07-29 13:39:12.524 +02:00 [INF] ART Diagnostic MraConnectivity MraEis 88 404: MRA reachable (404) in 88 ms.
2026-07-29 13:39:13.013 +02:00 [INF] ART Diagnostic MraConnectivity MraEis 3128 404: MRA reachable (404) in 3128 ms.
2026-07-29 13:39:13.051 +02:00 [INF] ART Diagnostic HealthCheck HealthCheckWorker 0 null: All subsystems healthy (SQL 0 ms, disk 40.14 GB free).
2026-07-29 13:39:13.051 +02:00 [INF] MRA connectivity restored — waking offline sync worker.
2026-07-29 13:39:13.052 +02:00 [INF] ART Diagnostic HealthCheck HealthCheckWorker 1 null: All subsystems healthy (SQL 1 ms, disk 40.14 GB free).
2026-07-29 13:39:13.454 +02:00 [INF] MRA connectivity restored — waking offline sync worker.
2026-07-29 13:39:13.552 +02:00 [INF] ART Diagnostic WorkerHeartbeat SystemHealthMonitorService null null: All monitored subsystems healthy.
2026-07-29 13:39:14.552 +02:00 [INF] ART Diagnostic DatabaseLatency SqlExpress 0 null: Performance profile sample (FPS 0.0)
2026-07-29 13:39:14.645 +02:00 [INF] MRA EIS POST "https://dev-eis-api.mra.mw/api/v1/sales/last-submitted-offline-transaction"
2026-07-29 13:39:14.824 +02:00 [INF] MRA POST /api/v1/sales/last-submitted-offline-transaction status=401 success=false durationMs=172
2026-07-29 13:39:14.897 +02:00 [WRN] MRA EIS HTTP 401 for POST "https://dev-eis-api.mra.mw/api/v1/sales/last-submitted-offline-transaction". RequestPayload=(empty). ResponseBody=(empty)
2026-07-29 13:39:14.897 +02:00 [WRN] Unable to query last-submitted-offline-transaction for sequence check.
PointOfSale.Mra.Http.MraApiException: Empty MRA EIS response (401).
   at PointOfSale.Infrastructure.Services.MraApiClient.SendAsync[TResponse](HttpRequestMessage request, String auditRequestBody, CancellationToken cancellationToken) in C:\Users\Albert Zee\Documents\Projects\Point Of Sale\src\PointOfSale.Infrastructure\Services\MraApiClient.cs:line 274
   at PointOfSale.Infrastructure.Services.MraApiClient.PostEmptyAsync[TResponse](String relativePath, MraRequestContext context, CancellationToken cancellationToken) in C:\Users\Albert Zee\Documents\Projects\Point Of Sale\src\PointOfSale.Infrastructure\Services\MraApiClient.cs:line 223
   at PointOfSale.Infrastructure.Services.SalesTransactionService.GetLastSubmittedTransactionAsync(String relativePath, String channelLabel, CancellationToken cancellationToken) in C:\Users\Albert Zee\Documents\Projects\Point Of Sale\src\PointOfSale.Infrastructure\Services\SalesTransactionService.cs:line 86
   at PointOfSale.Infrastructure.Services.SalesTransactionService.VerifySequenceContinuityAsync(Func`2 lookupFactory, String channelLabel, CancellationToken cancellationToken) in C:\Users\Albert Zee\Documents\Projects\Point Of Sale\src\PointOfSale.Infrastructure\Services\SalesTransactionService.cs:line 153
2026-07-29 13:39:17.418 +02:00 [INF] MRA connectivity restored — waking offline sync worker.
2026-07-29 13:39:37.399 +02:00 [INF] MRA connectivity restored — waking offline sync worker.
2026-07-29 13:39:42.602 +02:00 [INF] Inventory alert scan complete: 8 products, low=0, stockout=0, overstock=0, fast=0.
2026-07-29 13:39:57.372 +02:00 [INF] MRA connectivity restored — waking offline sync worker.
2026-07-29 13:39:58.102 +02:00 [INF] ART Diagnostic WorkerHeartbeat HealthCheckWorker null null: Heartbeat
2026-07-29 13:39:58.128 +02:00 [INF] ART Diagnostic DatabaseLatency SqlExpress 17 null: SQL round-trip 17 ms
2026-07-29 13:39:58.305 +02:00 [INF] ART Diagnostic MraConnectivity MraEis 104 404: MRA reachable (404) in 104 ms.
2026-07-29 13:39:58.576 +02:00 [INF] ART Diagnostic DatabaseLatency SqlExpress 1 null: SQL round-trip 1 ms
2026-07-29 13:39:58.653 +02:00 [INF] MRA connectivity restored — waking offline sync worker.
2026-07-29 13:39:58.653 +02:00 [INF] ART Diagnostic HealthCheck HealthCheckWorker 17 null: All subsystems healthy (SQL 17 ms, disk 40.14 GB free).
2026-07-29 13:39:58.761 +02:00 [INF] ART Diagnostic MraConnectivity MraEis 83 404: MRA reachable (404) in 83 ms.
2026-07-29 13:39:59.018 +02:00 [INF] MRA connectivity restored — waking offline sync worker.
2026-07-29 13:39:59.018 +02:00 [INF] ART Diagnostic HealthCheck HealthCheckWorker 1 null: All subsystems healthy (SQL 1 ms, disk 40.14 GB free).
2026-07-29 13:39:59.252 +02:00 [INF] MRA connectivity restored — waking offline sync worker.
2026-07-29 13:39:59.336 +02:00 [INF] ART Diagnostic WorkerHeartbeat SystemHealthMonitorService null null: All monitored subsystems healthy.
2026-07-29 13:40:10.257 +02:00 [INF] ART Diagnostic DatabaseLatency SqlExpress 0 null: Performance profile sample (FPS 0.0)
2026-07-29 13:40:17.435 +02:00 [INF] MRA connectivity restored — waking offline sync worker.
2026-07-29 13:40:37.450 +02:00 [INF] MRA connectivity restored — waking offline sync worker.
2026-07-29 13:40:43.824 +02:00 [INF] ART Diagnostic WorkerHeartbeat HealthCheckWorker null null: Heartbeat
2026-07-29 13:40:43.916 +02:00 [INF] ART Diagnostic DatabaseLatency SqlExpress 0 null: SQL round-trip 0 ms
2026-07-29 13:40:44.389 +02:00 [INF] ART Diagnostic DatabaseLatency SqlExpress 41 null: SQL round-trip 41 ms
2026-07-29 13:40:44.520 +02:00 [INF] ART Diagnostic MraConnectivity MraEis 87 404: MRA reachable (404) in 87 ms.
2026-07-29 13:40:47.149 +02:00 [INF] MRA connectivity restored — waking offline sync worker.
2026-07-29 13:40:47.150 +02:00 [INF] ART Diagnostic HealthCheck HealthCheckWorker 41 null: All subsystems healthy (SQL 41 ms, disk 40.14 GB free).
2026-07-29 13:40:47.166 +02:00 [INF] ART Diagnostic MraConnectivity MraEis 3201 404: MRA reachable (404) in 3201 ms.
2026-07-29 13:40:47.225 +02:00 [INF] ART Diagnostic HealthCheck HealthCheckWorker 0 null: All subsystems healthy (SQL 0 ms, disk 40.14 GB free).
2026-07-29 13:40:47.376 +02:00 [INF] MRA connectivity restored — waking offline sync worker.
2026-07-29 13:40:47.466 +02:00 [INF] ART Diagnostic WorkerHeartbeat SystemHealthMonitorService null null: All monitored subsystems healthy.
2026-07-29 13:40:57.513 +02:00 [INF] MRA connectivity restored — waking offline sync worker.
2026-07-29 13:41:05.954 +02:00 [INF] ART Diagnostic DatabaseLatency SqlExpress 1 null: Performance profile sample (FPS 0.0)
2026-07-29 13:41:06.006 +02:00 [INF] MRA EIS POST "https://dev-eis-api.mra.mw/api/v1/sales/last-submitted-offline-transaction"
2026-07-29 13:41:06.031 +02:00 [INF] Inventory alert scan complete: 8 products, low=0, stockout=0, overstock=0, fast=0.
2026-07-29 13:41:06.536 +02:00 [INF] MRA POST /api/v1/sales/last-submitted-offline-transaction status=401 success=false durationMs=531
2026-07-29 13:41:06.569 +02:00 [WRN] MRA EIS HTTP 401 for POST "https://dev-eis-api.mra.mw/api/v1/sales/last-submitted-offline-transaction". RequestPayload=(empty). ResponseBody=(empty)
2026-07-29 13:41:06.569 +02:00 [WRN] Unable to query last-submitted-offline-transaction for sequence check.
PointOfSale.Mra.Http.MraApiException: Empty MRA EIS response (401).
   at PointOfSale.Infrastructure.Services.MraApiClient.SendAsync[TResponse](HttpRequestMessage request, String auditRequestBody, CancellationToken cancellationToken) in C:\Users\Albert Zee\Documents\Projects\Point Of Sale\src\PointOfSale.Infrastructure\Services\MraApiClient.cs:line 274
   at PointOfSale.Infrastructure.Services.MraApiClient.PostEmptyAsync[TResponse](String relativePath, MraRequestContext context, CancellationToken cancellationToken) in C:\Users\Albert Zee\Documents\Projects\Point Of Sale\src\PointOfSale.Infrastructure\Services\MraApiClient.cs:line 223
   at PointOfSale.Infrastructure.Services.SalesTransactionService.GetLastSubmittedTransactionAsync(String relativePath, String channelLabel, CancellationToken cancellationToken) in C:\Users\Albert Zee\Documents\Projects\Point Of Sale\src\PointOfSale.Infrastructure\Services\SalesTransactionService.cs:line 86
   at PointOfSale.Infrastructure.Services.SalesTransactionService.VerifySequenceContinuityAsync(Func`2 lookupFactory, String channelLabel, CancellationToken cancellationToken) in C:\Users\Albert Zee\Documents\Projects\Point Of Sale\src\PointOfSale.Infrastructure\Services\SalesTransactionService.cs:line 153
2026-07-29 13:41:17.351 +02:00 [INF] MRA connectivity restored — waking offline sync worker.
2026-07-29 13:41:32.285 +02:00 [INF] ART Diagnostic WorkerHeartbeat HealthCheckWorker null null: Heartbeat
2026-07-29 13:41:32.410 +02:00 [INF] ART Diagnostic DatabaseLatency SqlExpress 0 null: SQL round-trip 0 ms
2026-07-29 13:41:32.489 +02:00 [INF] ART Diagnostic DatabaseLatency SqlExpress 0 null: SQL round-trip 0 ms
2026-07-29 13:41:32.670 +02:00 [INF] ART Diagnostic MraConnectivity MraEis 143 404: MRA reachable (404) in 143 ms.
2026-07-29 13:41:32.726 +02:00 [INF] ART Diagnostic MraConnectivity MraEis 313 404: MRA reachable (404) in 313 ms.
2026-07-29 13:41:32.729 +02:00 [INF] ART Diagnostic HealthCheck HealthCheckWorker 0 null: All subsystems healthy (SQL 0 ms, disk 40.13 GB free).
2026-07-29 13:41:32.779 +02:00 [INF] MRA connectivity restored — waking offline sync worker.
2026-07-29 13:41:32.779 +02:00 [INF] ART Diagnostic HealthCheck HealthCheckWorker 0 null: All subsystems healthy (SQL 0 ms, disk 40.13 GB free).
2026-07-29 13:41:36.084 +02:00 [INF] ART Diagnostic DatabaseLatency SqlExpress 0 null: Performance profile sample (FPS 0.0)
2026-07-29 13:41:36.423 +02:00 [INF] MRA connectivity restored — waking offline sync worker.
2026-07-29 13:41:36.485 +02:00 [INF] ART Diagnostic WorkerHeartbeat SystemHealthMonitorService null null: All monitored subsystems healthy.
2026-07-29 13:41:37.365 +02:00 [INF] MRA connectivity restored — waking offline sync worker.
2026-07-29 13:41:57.362 +02:00 [INF] MRA connectivity restored — waking offline sync worker.
2026-07-29 13:42:06.050 +02:00 [INF] Inventory alert scan complete: 8 products, low=0, stockout=0, overstock=0, fast=0.
2026-07-29 13:42:06.162 +02:00 [INF] ART Diagnostic DatabaseLatency SqlExpress 0 null: Performance profile sample (FPS 0.0)
2026-07-29 13:42:12.710 +02:00 [INF] Hardware fault-tolerance loop stopped.
2026-07-29 13:42:14.524 +02:00 [ERR] Offline FIFO sync worker iteration failed.
Microsoft.Data.SqlClient.SqlException (0x80131904): A severe error occurred on the current command.  The results, if any, should be discarded.
Operation cancelled by user.
   at System.Threading.Tasks.ContinuationResultTaskFromResultTask`2.InnerInvoke()
   at System.Threading.ExecutionContext.RunInternal(ExecutionContext executionContext, ContextCallback callback, Object state)
--- End of stack trace from previous location ---
   at System.Threading.ExecutionContext.RunInternal(ExecutionContext executionContext, ContextCallback callback, Object state)
   at System.Threading.Tasks.Task.ExecuteWithThreadLocal(Task& currentTaskSlot, Thread threadPoolThread)
--- End of stack trace from previous location ---
   at Dapper.SqlMapper.QueryRowAsync[T](IDbConnection cnn, Row row, Type effectiveType, CommandDefinition command) in /_/Dapper/SqlMapper.Async.cs:line 489
   at PointOfSale.Infrastructure.Repositories.OfflineInvoiceQueueRepository.GetNextFifoEligibleAsync(CancellationToken cancellationToken) in C:\Users\Albert Zee\Documents\Projects\Point Of Sale\src\PointOfSale.Infrastructure\Repositories\OfflineInvoiceQueueRepository.cs:line 113
   at PointOfSale.Infrastructure.Repositories.OfflineInvoiceQueueRepository.GetNextFifoEligibleAsync(CancellationToken cancellationToken) in C:\Users\Albert Zee\Documents\Projects\Point Of Sale\src\PointOfSale.Infrastructure\Repositories\OfflineInvoiceQueueRepository.cs:line 113
   at PointOfSale.Infrastructure.Services.OfflineSalesQueueService.ProcessNextFifoWithComplianceAsync(Func`4 prepareAndValidate, CancellationToken cancellationToken) in C:\Users\Albert Zee\Documents\Projects\Point Of Sale\src\PointOfSale.Infrastructure\Services\OfflineSalesQueueService.cs:line 133
   at PointOfSale.Infrastructure.Services.OfflineTransactionSyncService.ProcessNextCompliantAsync(CancellationToken cancellationToken) in C:\Users\Albert Zee\Documents\Projects\Point Of Sale\src\PointOfSale.Infrastructure\Services\OfflineTransactionSyncService.cs:line 135
   at PointOfSale.Infrastructure.Services.OfflineTransactionSyncService.DrainPendingAsync(CancellationToken cancellationToken) in C:\Users\Albert Zee\Documents\Projects\Point Of Sale\src\PointOfSale.Infrastructure\Services\OfflineTransactionSyncService.cs:line 89
   at PointOfSale.Infrastructure.Workers.OfflineInvoiceFifoSyncBackgroundService.ExecuteAsync(CancellationToken stoppingToken) in C:\Users\Albert Zee\Documents\Projects\Point Of Sale\src\PointOfSale.Infrastructure\Workers\OfflineInvoiceFifoSyncBackgroundService.cs:line 58
ClientConnectionId:54f7ff94-6187-4fe4-8f09-98bea815a87f
2026-07-29 14:27:50.691 +02:00 [INF] SQL Express schema ready (version 32).
2026-07-29 14:27:50.914 +02:00 [WRN] Phase 37 InitialSetup.sql apply skipped after error (schema already bootstrapped in-app).
Microsoft.Data.SqlClient.SqlException (0x80131904): Filtered index 'IX_OfflineInvoiceQueue_PendingFifo' cannot be created on table 'dbo.OfflineInvoiceQueue' because the column 'Status' in the filter expression is compared with a constant of higher data type precedence or of a different collation. Converting a column to the data type of a constant is not supported for filtered indexes. To resolve this error, explicitly convert the constant to the same data type and collation as the column 'Status'.
   at Microsoft.Data.SqlClient.SqlConnection.OnError(SqlException exception, Boolean breakConnection, Action`1 wrapCloseInAction)
   at Microsoft.Data.SqlClient.SqlInternalConnection.OnError(SqlException exception, Boolean breakConnection, Action`1 wrapCloseInAction)
   at Microsoft.Data.SqlClient.TdsParser.ThrowExceptionAndWarning(TdsParserStateObject stateObj, SqlCommand command, Boolean callerHasConnectionLock, Boolean asyncClose)
   at Microsoft.Data.SqlClient.TdsParser.TryRun(RunBehavior runBehavior, SqlCommand cmdHandler, SqlDataReader dataStream, BulkCopySimpleResultSet bulkCopyHandler, TdsParserStateObject stateObj, Boolean& dataReady)
   at Microsoft.Data.SqlClient.SqlCommand.InternalEndExecuteNonQuery(IAsyncResult asyncResult, Boolean isInternal, String endMethod)
   at Microsoft.Data.SqlClient.SqlCommand.EndExecuteNonQueryInternal(IAsyncResult asyncResult)
   at Microsoft.Data.SqlClient.SqlCommand.EndExecuteNonQueryAsync(IAsyncResult asyncResult)
   at Microsoft.Data.SqlClient.SqlCommand.<>c.<InternalExecuteNonQueryAsync>b__193_1(IAsyncResult asyncResult)
   at System.Threading.Tasks.TaskFactory`1.FromAsyncCoreLogic(IAsyncResult iar, Func`2 endFunction, Action`1 endAction, Task`1 promise, Boolean requiresSynchronization)
--- End of stack trace from previous location ---
   at PointOfSale.App.Services.FirstRunBootstrapService.TryApplyInitialSetupScriptAsync(CancellationToken cancellationToken) in C:\Users\Albert Zee\Documents\Projects\Point Of Sale\src\PointOfSale.App\Services\FirstRunBootstrapService.cs:line 409
   at PointOfSale.App.Services.FirstRunBootstrapService.TryApplyInitialSetupScriptAsync(CancellationToken cancellationToken) in C:\Users\Albert Zee\Documents\Projects\Point Of Sale\src\PointOfSale.App\Services\FirstRunBootstrapService.cs:line 409
   at PointOfSale.App.Services.FirstRunBootstrapService.TryApplyInitialSetupScriptAsync(CancellationToken cancellationToken) in C:\Users\Albert Zee\Documents\Projects\Point Of Sale\src\PointOfSale.App\Services\FirstRunBootstrapService.cs:line 412
ClientConnectionId:6f72af96-6a67-4d27-9922-44bbda22f6bc
Error Number:10611,State:1,Class:16
2026-07-29 14:27:52.144 +02:00 [INF] Offline invoice FIFO sync worker started (interval 15s, requireConnectivity=true).
2026-07-29 14:27:52.376 +02:00 [INF] Hardware fault-tolerance loop started (probe every 20s).
2026-07-29 14:27:52.379 +02:00 [INF] ArchivalCompressionBackgroundService is disabled.
2026-07-29 14:27:52.388 +02:00 [INF] Inventory alert scanner started (interval 60s).
2026-07-29 14:27:52.413 +02:00 [INF] HealthCheckWorker started (interval 45s).
2026-07-29 14:27:52.417 +02:00 [INF] System health monitor started (interval 45s).
2026-07-29 14:27:52.420 +02:00 [INF] PerformanceProfilingBackgroundService started (sample 30s, flush 300s).
2026-07-29 14:27:52.424 +02:00 [INF] DatabaseMaintenanceBackgroundService started (interval 24h).
2026-07-29 14:27:52.575 +02:00 [INF] MRA EIS POST "https://dev-eis-api.mra.mw/api/v1/sales/last-submitted-offline-transaction"
2026-07-29 14:27:52.905 +02:00 [INF] Inventory alert scan complete: 8 products, low=0, stockout=0, overstock=0, fast=0.
2026-07-29 14:27:53.212 +02:00 [INF] SQL Express schema ready (version 32).
2026-07-29 14:27:53.213 +02:00 [INF] MRA POST /api/v1/sales/last-submitted-offline-transaction status=401 success=false durationMs=625
2026-07-29 14:27:53.222 +02:00 [WRN] Phase 37 InitialSetup.sql apply skipped after error (schema already bootstrapped in-app).
Microsoft.Data.SqlClient.SqlException (0x80131904): Filtered index 'IX_OfflineInvoiceQueue_PendingFifo' cannot be created on table 'dbo.OfflineInvoiceQueue' because the column 'Status' in the filter expression is compared with a constant of higher data type precedence or of a different collation. Converting a column to the data type of a constant is not supported for filtered indexes. To resolve this error, explicitly convert the constant to the same data type and collation as the column 'Status'.
   at Microsoft.Data.SqlClient.SqlConnection.OnError(SqlException exception, Boolean breakConnection, Action`1 wrapCloseInAction)
   at Microsoft.Data.SqlClient.SqlInternalConnection.OnError(SqlException exception, Boolean breakConnection, Action`1 wrapCloseInAction)
   at Microsoft.Data.SqlClient.TdsParser.ThrowExceptionAndWarning(TdsParserStateObject stateObj, SqlCommand command, Boolean callerHasConnectionLock, Boolean asyncClose)
   at Microsoft.Data.SqlClient.TdsParser.TryRun(RunBehavior runBehavior, SqlCommand cmdHandler, SqlDataReader dataStream, BulkCopySimpleResultSet bulkCopyHandler, TdsParserStateObject stateObj, Boolean& dataReady)
   at Microsoft.Data.SqlClient.SqlCommand.InternalEndExecuteNonQuery(IAsyncResult asyncResult, Boolean isInternal, String endMethod)
   at Microsoft.Data.SqlClient.SqlCommand.EndExecuteNonQueryInternal(IAsyncResult asyncResult)
   at Microsoft.Data.SqlClient.SqlCommand.EndExecuteNonQueryAsync(IAsyncResult asyncResult)
   at Microsoft.Data.SqlClient.SqlCommand.<>c.<InternalExecuteNonQueryAsync>b__193_1(IAsyncResult asyncResult)
   at System.Threading.Tasks.TaskFactory`1.FromAsyncCoreLogic(IAsyncResult iar, Func`2 endFunction, Action`1 endAction, Task`1 promise, Boolean requiresSynchronization)
--- End of stack trace from previous location ---
   at PointOfSale.App.Services.FirstRunBootstrapService.TryApplyInitialSetupScriptAsync(CancellationToken cancellationToken) in C:\Users\Albert Zee\Documents\Projects\Point Of Sale\src\PointOfSale.App\Services\FirstRunBootstrapService.cs:line 409
   at PointOfSale.App.Services.FirstRunBootstrapService.TryApplyInitialSetupScriptAsync(CancellationToken cancellationToken) in C:\Users\Albert Zee\Documents\Projects\Point Of Sale\src\PointOfSale.App\Services\FirstRunBootstrapService.cs:line 409
   at PointOfSale.App.Services.FirstRunBootstrapService.TryApplyInitialSetupScriptAsync(CancellationToken cancellationToken) in C:\Users\Albert Zee\Documents\Projects\Point Of Sale\src\PointOfSale.App\Services\FirstRunBootstrapService.cs:line 412
ClientConnectionId:6f72af96-6a67-4d27-9922-44bbda22f6bc
Error Number:10611,State:1,Class:16
2026-07-29 14:27:53.485 +02:00 [WRN] MRA EIS HTTP 401 for POST "https://dev-eis-api.mra.mw/api/v1/sales/last-submitted-offline-transaction". RequestPayload=(empty). ResponseBody=(empty)
2026-07-29 14:27:53.486 +02:00 [WRN] Unable to query last-submitted-offline-transaction for sequence check.
PointOfSale.Mra.Http.MraApiException: Empty MRA EIS response (401).
   at PointOfSale.Infrastructure.Services.MraApiClient.SendAsync[TResponse](HttpRequestMessage request, String auditRequestBody, CancellationToken cancellationToken) in C:\Users\Albert Zee\Documents\Projects\Point Of Sale\src\PointOfSale.Infrastructure\Services\MraApiClient.cs:line 274
   at PointOfSale.Infrastructure.Services.MraApiClient.PostEmptyAsync[TResponse](String relativePath, MraRequestContext context, CancellationToken cancellationToken) in C:\Users\Albert Zee\Documents\Projects\Point Of Sale\src\PointOfSale.Infrastructure\Services\MraApiClient.cs:line 223
   at PointOfSale.Infrastructure.Services.SalesTransactionService.GetLastSubmittedTransactionAsync(String relativePath, String channelLabel, CancellationToken cancellationToken) in C:\Users\Albert Zee\Documents\Projects\Point Of Sale\src\PointOfSale.Infrastructure\Services\SalesTransactionService.cs:line 86
   at PointOfSale.Infrastructure.Services.SalesTransactionService.VerifySequenceContinuityAsync(Func`2 lookupFactory, String channelLabel, CancellationToken cancellationToken) in C:\Users\Albert Zee\Documents\Projects\Point Of Sale\src\PointOfSale.Infrastructure\Services\SalesTransactionService.cs:line 153
2026-07-29 14:28:00.613 +02:00 [INF] ART Diagnostic WorkerHeartbeat HealthCheckWorker null null: Heartbeat
2026-07-29 14:28:01.018 +02:00 [INF] ART Diagnostic DatabaseLatency SqlExpress 3 null: SQL round-trip 3 ms
2026-07-29 14:28:01.493 +02:00 [INF] ART Diagnostic MraConnectivity MraEis 341 404: MRA reachable (404) in 341 ms.
2026-07-29 14:28:01.921 +02:00 [INF] MRA connectivity restored — waking offline sync worker.
2026-07-29 14:28:01.944 +02:00 [INF] ART Diagnostic HealthCheck HealthCheckWorker 3 null: All subsystems healthy (SQL 3 ms, disk 40.09 GB free).
2026-07-29 14:28:04.434 +02:00 [INF] ART Diagnostic DatabaseLatency SqlExpress 2 null: SQL round-trip 2 ms
2026-07-29 14:28:04.496 +02:00 [INF] ART Diagnostic MraConnectivity MraEis 51 404: MRA reachable (404) in 51 ms.
2026-07-29 14:28:04.662 +02:00 [INF] MRA connectivity restored — waking offline sync worker.
2026-07-29 14:28:04.663 +02:00 [INF] ART Diagnostic HealthCheck HealthCheckWorker 2 null: All subsystems healthy (SQL 2 ms, disk 40.09 GB free).
2026-07-29 14:28:08.204 +02:00 [INF] MRA connectivity restored — waking offline sync worker.
2026-07-29 14:28:08.277 +02:00 [INF] ART Diagnostic WorkerHeartbeat SystemHealthMonitorService null null: All monitored subsystems healthy.
2026-07-29 14:28:25.748 +02:00 [INF] MRA connectivity restored — waking offline sync worker.
2026-07-29 14:28:31.109 +02:00 [INF] ART Diagnostic DatabaseLatency SqlExpress 1 null: Performance profile sample (FPS 0.0)
2026-07-29 14:28:45.823 +02:00 [INF] MRA connectivity restored — waking offline sync worker.
2026-07-29 14:28:47.105 +02:00 [INF] ART Diagnostic WorkerHeartbeat HealthCheckWorker null null: Heartbeat
2026-07-29 14:28:47.140 +02:00 [INF] ART Diagnostic DatabaseLatency SqlExpress 4 null: SQL round-trip 4 ms
2026-07-29 14:28:47.198 +02:00 [INF] ART Diagnostic MraConnectivity MraEis 46 404: MRA reachable (404) in 46 ms.
2026-07-29 14:28:50.572 +02:00 [INF] MRA connectivity restored — waking offline sync worker.
2026-07-29 14:28:50.572 +02:00 [INF] ART Diagnostic HealthCheck HealthCheckWorker 4 null: All subsystems healthy (SQL 4 ms, disk 40.09 GB free).
2026-07-29 14:28:53.289 +02:00 [INF] ART Diagnostic DatabaseLatency SqlExpress 0 null: SQL round-trip 0 ms
2026-07-29 14:28:55.086 +02:00 [INF] ART Diagnostic MraConnectivity MraEis 1726 404: MRA reachable (404) in 1726 ms.
2026-07-29 14:28:55.516 +02:00 [INF] MRA connectivity restored — waking offline sync worker.
2026-07-29 14:28:55.517 +02:00 [INF] ART Diagnostic HealthCheck HealthCheckWorker 0 null: All subsystems healthy (SQL 0 ms, disk 40.09 GB free).
2026-07-29 14:28:55.814 +02:00 [INF] MRA connectivity restored — waking offline sync worker.
2026-07-29 14:28:55.862 +02:00 [INF] Inventory alert scan complete: 8 products, low=0, stockout=0, overstock=0, fast=0.
2026-07-29 14:28:55.877 +02:00 [INF] ART Diagnostic WorkerHeartbeat SystemHealthMonitorService null null: All monitored subsystems healthy.
2026-07-29 14:29:05.811 +02:00 [INF] MRA connectivity restored — waking offline sync worker.
2026-07-29 14:29:25.651 +02:00 [INF] MRA connectivity restored — waking offline sync worker.
2026-07-29 14:29:26.689 +02:00 [INF] ART Diagnostic DatabaseLatency SqlExpress 1 null: Performance profile sample (FPS 0.0)
2026-07-29 14:29:35.635 +02:00 [INF] ART Diagnostic WorkerHeartbeat HealthCheckWorker null null: Heartbeat
2026-07-29 14:29:35.669 +02:00 [INF] ART Diagnostic DatabaseLatency SqlExpress 0 null: SQL round-trip 0 ms
2026-07-29 14:29:35.815 +02:00 [INF] ART Diagnostic MraConnectivity MraEis 142 404: MRA reachable (404) in 142 ms.
2026-07-29 14:29:39.086 +02:00 [INF] MRA connectivity restored — waking offline sync worker.
2026-07-29 14:29:39.086 +02:00 [INF] ART Diagnostic HealthCheck HealthCheckWorker 0 null: All subsystems healthy (SQL 0 ms, disk 40.09 GB free).
2026-07-29 14:29:40.890 +02:00 [INF] ART Diagnostic DatabaseLatency SqlExpress 1 null: SQL round-trip 1 ms
2026-07-29 14:29:41.204 +02:00 [INF] ART Diagnostic MraConnectivity MraEis 305 404: MRA reachable (404) in 305 ms.
2026-07-29 14:29:41.733 +02:00 [INF] MRA connectivity restored — waking offline sync worker.
2026-07-29 14:29:41.733 +02:00 [INF] ART Diagnostic HealthCheck HealthCheckWorker 1 null: All subsystems healthy (SQL 1 ms, disk 40.09 GB free).
2026-07-29 14:29:43.482 +02:00 [INF] MRA connectivity restored — waking offline sync worker.
2026-07-29 14:29:43.557 +02:00 [INF] ART Diagnostic WorkerHeartbeat SystemHealthMonitorService null null: All monitored subsystems healthy.
2026-07-29 14:29:46.497 +02:00 [INF] MRA connectivity restored — waking offline sync worker.
2026-07-29 14:29:51.751 +02:00 [INF] MRA EIS POST "https://dev-eis-api.mra.mw/api/v1/sales/last-submitted-offline-transaction"
2026-07-29 14:29:52.694 +02:00 [INF] MRA POST /api/v1/sales/last-submitted-offline-transaction status=401 success=false durationMs=937
2026-07-29 14:29:52.703 +02:00 [WRN] MRA EIS HTTP 401 for POST "https://dev-eis-api.mra.mw/api/v1/sales/last-submitted-offline-transaction". RequestPayload=(empty). ResponseBody=(empty)
2026-07-29 14:29:52.703 +02:00 [WRN] Unable to query last-submitted-offline-transaction for sequence check.
PointOfSale.Mra.Http.MraApiException: Empty MRA EIS response (401).
   at PointOfSale.Infrastructure.Services.MraApiClient.SendAsync[TResponse](HttpRequestMessage request, String auditRequestBody, CancellationToken cancellationToken) in C:\Users\Albert Zee\Documents\Projects\Point Of Sale\src\PointOfSale.Infrastructure\Services\MraApiClient.cs:line 274
   at PointOfSale.Infrastructure.Services.MraApiClient.PostEmptyAsync[TResponse](String relativePath, MraRequestContext context, CancellationToken cancellationToken) in C:\Users\Albert Zee\Documents\Projects\Point Of Sale\src\PointOfSale.Infrastructure\Services\MraApiClient.cs:line 223
   at PointOfSale.Infrastructure.Services.SalesTransactionService.GetLastSubmittedTransactionAsync(String relativePath, String channelLabel, CancellationToken cancellationToken) in C:\Users\Albert Zee\Documents\Projects\Point Of Sale\src\PointOfSale.Infrastructure\Services\SalesTransactionService.cs:line 86
   at PointOfSale.Infrastructure.Services.SalesTransactionService.VerifySequenceContinuityAsync(Func`2 lookupFactory, String channelLabel, CancellationToken cancellationToken) in C:\Users\Albert Zee\Documents\Projects\Point Of Sale\src\PointOfSale.Infrastructure\Services\SalesTransactionService.cs:line 153
2026-07-29 14:29:55.908 +02:00 [INF] Inventory alert scan complete: 8 products, low=0, stockout=0, overstock=0, fast=0.
2026-07-29 14:30:05.726 +02:00 [INF] MRA connectivity restored — waking offline sync worker.
2026-07-29 14:30:22.509 +02:00 [INF] ART Diagnostic DatabaseLatency SqlExpress 1 null: Performance profile sample (FPS 0.0)
2026-07-29 14:30:24.135 +02:00 [INF] ART Diagnostic WorkerHeartbeat HealthCheckWorker null null: Heartbeat
2026-07-29 14:30:24.169 +02:00 [INF] ART Diagnostic DatabaseLatency SqlExpress 1 null: SQL round-trip 1 ms
2026-07-29 14:30:26.649 +02:00 [INF] MRA connectivity restored — waking offline sync worker.
2026-07-29 14:30:27.461 +02:00 [INF] ART Diagnostic MraConnectivity MraEis 3278 404: MRA reachable (404) in 3278 ms.
2026-07-29 14:30:28.591 +02:00 [INF] ART Diagnostic DatabaseLatency SqlExpress 0 null: SQL round-trip 0 ms
2026-07-29 14:30:29.133 +02:00 [INF] ART Diagnostic MraConnectivity MraEis 196 404: MRA reachable (404) in 196 ms.
2026-07-29 14:30:29.147 +02:00 [INF] ART Diagnostic HealthCheck HealthCheckWorker 0 null: All subsystems healthy (SQL 0 ms, disk 40.09 GB free).
2026-07-29 14:30:29.233 +02:00 [INF] ART Diagnostic WorkerHeartbeat SystemHealthMonitorService null null: All monitored subsystems healthy.
2026-07-29 14:30:30.786 +02:00 [INF] MRA connectivity restored — waking offline sync worker.
2026-07-29 14:30:30.787 +02:00 [INF] ART Diagnostic HealthCheck HealthCheckWorker 1 null: All subsystems healthy (SQL 1 ms, disk 40.09 GB free).
2026-07-29 14:30:46.234 +02:00 [INF] MRA connectivity restored — waking offline sync worker.
2026-07-29 14:31:05.116 +02:00 [INF] Inventory alert scan complete: 8 products, low=0, stockout=0, overstock=0, fast=0.
2026-07-29 14:31:05.245 +02:00 [INF] ART Diagnostic DatabaseLatency SqlExpress 34 null: Performance profile sample (FPS 0.0)
2026-07-29 14:31:05.729 +02:00 [INF] MRA connectivity restored — waking offline sync worker.
2026-07-29 14:31:14.255 +02:00 [INF] ART Diagnostic DatabaseLatency SqlExpress 2 null: SQL round-trip 2 ms
2026-07-29 14:31:14.371 +02:00 [INF] ART Diagnostic MraConnectivity MraEis 105 404: MRA reachable (404) in 105 ms.
2026-07-29 14:31:14.841 +02:00 [INF] MRA connectivity restored — waking offline sync worker.
2026-07-29 14:31:14.841 +02:00 [INF] ART Diagnostic HealthCheck HealthCheckWorker 2 null: All subsystems healthy (SQL 2 ms, disk 40.09 GB free).
2026-07-29 14:31:15.812 +02:00 [INF] ART Diagnostic WorkerHeartbeat HealthCheckWorker null null: Heartbeat
2026-07-29 14:31:15.823 +02:00 [INF] ART Diagnostic DatabaseLatency SqlExpress 1 null: SQL round-trip 1 ms
2026-07-29 14:31:16.110 +02:00 [INF] ART Diagnostic MraConnectivity MraEis 278 404: MRA reachable (404) in 278 ms.
2026-07-29 14:31:16.150 +02:00 [INF] ART Diagnostic HealthCheck HealthCheckWorker 1 null: All subsystems healthy (SQL 1 ms, disk 40.09 GB free).
2026-07-29 14:31:16.248 +02:00 [INF] MRA connectivity restored — waking offline sync worker.
2026-07-29 14:31:16.317 +02:00 [INF] ART Diagnostic WorkerHeartbeat SystemHealthMonitorService null null: All monitored subsystems healthy.
2026-07-29 14:31:25.633 +02:00 [INF] MRA connectivity restored — waking offline sync worker.
2026-07-29 14:31:25.955 +02:00 [INF] MRA EIS POST "https://dev-eis-api.mra.mw/api/v1/sales/last-submitted-offline-transaction"
2026-07-29 14:31:26.260 +02:00 [INF] MRA POST /api/v1/sales/last-submitted-offline-transaction status=401 success=false durationMs=297
2026-07-29 14:31:26.269 +02:00 [WRN] MRA EIS HTTP 401 for POST "https://dev-eis-api.mra.mw/api/v1/sales/last-submitted-offline-transaction". RequestPayload=(empty). ResponseBody=(empty)
2026-07-29 14:31:26.270 +02:00 [WRN] Unable to query last-submitted-offline-transaction for sequence check.
PointOfSale.Mra.Http.MraApiException: Empty MRA EIS response (401).
   at PointOfSale.Infrastructure.Services.MraApiClient.SendAsync[TResponse](HttpRequestMessage request, String auditRequestBody, CancellationToken cancellationToken) in C:\Users\Albert Zee\Documents\Projects\Point Of Sale\src\PointOfSale.Infrastructure\Services\MraApiClient.cs:line 274
   at PointOfSale.Infrastructure.Services.MraApiClient.PostEmptyAsync[TResponse](String relativePath, MraRequestContext context, CancellationToken cancellationToken) in C:\Users\Albert Zee\Documents\Projects\Point Of Sale\src\PointOfSale.Infrastructure\Services\MraApiClient.cs:line 223
   at PointOfSale.Infrastructure.Services.SalesTransactionService.GetLastSubmittedTransactionAsync(String relativePath, String channelLabel, CancellationToken cancellationToken) in C:\Users\Albert Zee\Documents\Projects\Point Of Sale\src\PointOfSale.Infrastructure\Services\SalesTransactionService.cs:line 86
   at PointOfSale.Infrastructure.Services.SalesTransactionService.VerifySequenceContinuityAsync(Func`2 lookupFactory, String channelLabel, CancellationToken cancellationToken) in C:\Users\Albert Zee\Documents\Projects\Point Of Sale\src\PointOfSale.Infrastructure\Services\SalesTransactionService.cs:line 153
2026-07-29 14:31:35.316 +02:00 [INF] ART Diagnostic DatabaseLatency SqlExpress 0 null: Performance profile sample (FPS 0.0)
2026-07-29 14:31:45.593 +02:00 [INF] MRA connectivity restored — waking offline sync worker.
2026-07-29 14:32:01.185 +02:00 [INF] ART Diagnostic WorkerHeartbeat HealthCheckWorker null null: Heartbeat
2026-07-29 14:32:01.203 +02:00 [INF] ART Diagnostic DatabaseLatency SqlExpress 6 null: SQL round-trip 6 ms
2026-07-29 14:32:01.343 +02:00 [INF] ART Diagnostic DatabaseLatency SqlExpress 1 null: SQL round-trip 1 ms
2026-07-29 14:32:01.438 +02:00 [INF] ART Diagnostic MraConnectivity MraEis 91 404: MRA reachable (404) in 91 ms.
2026-07-29 14:32:01.671 +02:00 [INF] MRA connectivity restored — waking offline sync worker.
2026-07-29 14:32:01.672 +02:00 [INF] ART Diagnostic HealthCheck HealthCheckWorker 1 null: All subsystems healthy (SQL 1 ms, disk 40.09 GB free).
2026-07-29 14:32:04.439 +02:00 [INF] MRA connectivity restored — waking offline sync worker.
2026-07-29 14:32:04.439 +02:00 [INF] ART Diagnostic MraConnectivity MraEis 3232 404: MRA reachable (404) in 3232 ms.
2026-07-29 14:32:04.558 +02:00 [INF] ART Diagnostic WorkerHeartbeat SystemHealthMonitorService null null: All monitored subsystems healthy.
2026-07-29 14:32:04.991 +02:00 [INF] MRA connectivity restored — waking offline sync worker.
2026-07-29 14:32:04.992 +02:00 [INF] ART Diagnostic HealthCheck HealthCheckWorker 6 null: All subsystems healthy (SQL 6 ms, disk 40.09 GB free).
2026-07-29 14:32:05.371 +02:00 [INF] Inventory alert scan complete: 8 products, low=0, stockout=0, overstock=0, fast=0.
2026-07-29 14:32:05.772 +02:00 [INF] MRA connectivity restored — waking offline sync worker.
2026-07-29 14:32:26.666 +02:00 [INF] MRA connectivity restored — waking offline sync worker.
2026-07-29 14:32:32.328 +02:00 [INF] ART Diagnostic DatabaseLatency SqlExpress 18 null: Performance profile sample (FPS 0.0)
2026-07-29 14:32:45.697 +02:00 [INF] MRA connectivity restored — waking offline sync worker.
2026-07-29 14:32:50.015 +02:00 [INF] ART Diagnostic DatabaseLatency SqlExpress 1 null: SQL round-trip 1 ms
2026-07-29 14:32:50.098 +02:00 [INF] ART Diagnostic MraConnectivity MraEis 70 404: MRA reachable (404) in 70 ms.
2026-07-29 14:32:50.125 +02:00 [INF] ART Diagnostic WorkerHeartbeat HealthCheckWorker null null: Heartbeat
2026-07-29 14:32:50.213 +02:00 [INF] ART Diagnostic DatabaseLatency SqlExpress 1 null: SQL round-trip 1 ms
2026-07-29 14:32:50.314 +02:00 [INF] ART Diagnostic MraConnectivity MraEis 44 404: MRA reachable (404) in 44 ms.
2026-07-29 14:32:50.324 +02:00 [INF] MRA connectivity restored — waking offline sync worker.
2026-07-29 14:32:50.325 +02:00 [INF] ART Diagnostic HealthCheck HealthCheckWorker 1 null: All subsystems healthy (SQL 1 ms, disk 40.09 GB free).
2026-07-29 14:32:50.451 +02:00 [INF] ART Diagnostic WorkerHeartbeat SystemHealthMonitorService null null: All monitored subsystems healthy.
2026-07-29 14:32:53.699 +02:00 [INF] MRA connectivity restored — waking offline sync worker.
2026-07-29 14:32:53.700 +02:00 [INF] ART Diagnostic HealthCheck HealthCheckWorker 1 null: All subsystems healthy (SQL 1 ms, disk 40.09 GB free).
2026-07-29 14:33:05.641 +02:00 [INF] MRA connectivity restored — waking offline sync worker.
2026-07-29 14:33:25.685 +02:00 [INF] MRA connectivity restored — waking offline sync worker.
2026-07-29 14:33:28.782 +02:00 [INF] ART Diagnostic DatabaseLatency SqlExpress 0 null: Performance profile sample (FPS 0.0)
2026-07-29 14:33:28.820 +02:00 [INF] MRA EIS POST "https://dev-eis-api.mra.mw/api/v1/sales/last-submitted-offline-transaction"
2026-07-29 14:33:29.199 +02:00 [INF] MRA POST /api/v1/sales/last-submitted-offline-transaction status=401 success=false durationMs=391
2026-07-29 14:33:29.255 +02:00 [WRN] MRA EIS HTTP 401 for POST "https://dev-eis-api.mra.mw/api/v1/sales/last-submitted-offline-transaction". RequestPayload=(empty). ResponseBody=(empty)
2026-07-29 14:33:29.255 +02:00 [WRN] Unable to query last-submitted-offline-transaction for sequence check.
PointOfSale.Mra.Http.MraApiException: Empty MRA EIS response (401).
   at PointOfSale.Infrastructure.Services.MraApiClient.SendAsync[TResponse](HttpRequestMessage request, String auditRequestBody, CancellationToken cancellationToken) in C:\Users\Albert Zee\Documents\Projects\Point Of Sale\src\PointOfSale.Infrastructure\Services\MraApiClient.cs:line 274
   at PointOfSale.Infrastructure.Services.MraApiClient.PostEmptyAsync[TResponse](String relativePath, MraRequestContext context, CancellationToken cancellationToken) in C:\Users\Albert Zee\Documents\Projects\Point Of Sale\src\PointOfSale.Infrastructure\Services\MraApiClient.cs:line 223
   at PointOfSale.Infrastructure.Services.SalesTransactionService.GetLastSubmittedTransactionAsync(String relativePath, String channelLabel, CancellationToken cancellationToken) in C:\Users\Albert Zee\Documents\Projects\Point Of Sale\src\PointOfSale.Infrastructure\Services\SalesTransactionService.cs:line 86
   at PointOfSale.Infrastructure.Services.SalesTransactionService.VerifySequenceContinuityAsync(Func`2 lookupFactory, String channelLabel, CancellationToken cancellationToken) in C:\Users\Albert Zee\Documents\Projects\Point Of Sale\src\PointOfSale.Infrastructure\Services\SalesTransactionService.cs:line 153
2026-07-29 14:33:35.492 +02:00 [INF] ART Diagnostic DatabaseLatency SqlExpress 1 null: SQL round-trip 1 ms
2026-07-29 14:33:35.607 +02:00 [INF] ART Diagnostic MraConnectivity MraEis 83 404: MRA reachable (404) in 83 ms.
2026-07-29 14:33:38.748 +02:00 [INF] ART Diagnostic WorkerHeartbeat HealthCheckWorker null null: Heartbeat
2026-07-29 14:33:38.758 +02:00 [INF] ART Diagnostic DatabaseLatency SqlExpress 0 null: SQL round-trip 0 ms
2026-07-29 14:33:38.877 +02:00 [INF] ART Diagnostic MraConnectivity MraEis 115 404: MRA reachable (404) in 115 ms.
2026-07-29 14:33:38.880 +02:00 [INF] ART Diagnostic HealthCheck HealthCheckWorker 0 null: All subsystems healthy (SQL 0 ms, disk 40.09 GB free).
2026-07-29 14:33:38.887 +02:00 [INF] MRA connectivity restored — waking offline sync worker.
2026-07-29 14:33:38.887 +02:00 [INF] ART Diagnostic HealthCheck HealthCheckWorker 1 null: All subsystems healthy (SQL 1 ms, disk 40.09 GB free).
2026-07-29 14:33:39.053 +02:00 [INF] MRA connectivity restored — waking offline sync worker.
2026-07-29 14:33:39.116 +02:00 [INF] ART Diagnostic WorkerHeartbeat SystemHealthMonitorService null null: All monitored subsystems healthy.
2026-07-29 14:33:45.593 +02:00 [INF] MRA connectivity restored — waking offline sync worker.
2026-07-29 14:33:53.898 +02:00 [INF] Inventory alert scan complete: 8 products, low=0, stockout=0, overstock=0, fast=0.
2026-07-29 14:33:58.946 +02:00 [INF] ART Diagnostic DatabaseLatency SqlExpress 0 null: Performance profile sample (FPS 0.0)
2026-07-29 14:34:05.603 +02:00 [INF] MRA connectivity restored — waking offline sync worker.
2026-07-29 14:34:24.024 +02:00 [INF] ART Diagnostic WorkerHeartbeat HealthCheckWorker null null: Heartbeat
2026-07-29 14:34:24.145 +02:00 [INF] ART Diagnostic DatabaseLatency SqlExpress 32 null: SQL round-trip 32 ms
2026-07-29 14:34:24.307 +02:00 [INF] ART Diagnostic DatabaseLatency SqlExpress 6 null: SQL round-trip 6 ms
2026-07-29 14:34:24.351 +02:00 [INF] ART Diagnostic MraConnectivity MraEis 102 404: MRA reachable (404) in 102 ms.
2026-07-29 14:34:24.421 +02:00 [INF] ART Diagnostic MraConnectivity MraEis 84 404: MRA reachable (404) in 84 ms.
2026-07-29 14:34:24.425 +02:00 [INF] ART Diagnostic HealthCheck HealthCheckWorker 6 null: All subsystems healthy (SQL 6 ms, disk 40.09 GB free).
2026-07-29 14:34:24.558 +02:00 [INF] ART Diagnostic WorkerHeartbeat SystemHealthMonitorService null null: All monitored subsystems healthy.
2026-07-29 14:34:24.591 +02:00 [INF] MRA connectivity restored — waking offline sync worker.
2026-07-29 14:34:24.591 +02:00 [INF] ART Diagnostic HealthCheck HealthCheckWorker 32 null: All subsystems healthy (SQL 32 ms, disk 40.09 GB free).
2026-07-29 14:34:28.739 +02:00 [INF] MRA connectivity restored — waking offline sync worker.
2026-07-29 14:34:45.837 +02:00 [INF] MRA connectivity restored — waking offline sync worker.
2026-07-29 14:34:54.176 +02:00 [INF] Inventory alert scan complete: 8 products, low=0, stockout=0, overstock=0, fast=0.
2026-07-29 14:34:55.678 +02:00 [INF] ART Diagnostic DatabaseLatency SqlExpress 0 null: Performance profile sample (FPS 0.0)
2026-07-29 14:35:04.465 +02:00 [INF] MRA EIS POST "https://dev-eis-api.mra.mw/api/v1/sales/last-submitted-offline-transaction"
2026-07-29 14:35:04.622 +02:00 [INF] MRA POST /api/v1/sales/last-submitted-offline-transaction status=401 success=false durationMs=157
2026-07-29 14:35:04.805 +02:00 [WRN] MRA EIS HTTP 401 for POST "https://dev-eis-api.mra.mw/api/v1/sales/last-submitted-offline-transaction". RequestPayload=(empty). ResponseBody=(empty)
2026-07-29 14:35:04.805 +02:00 [WRN] Unable to query last-submitted-offline-transaction for sequence check.
PointOfSale.Mra.Http.MraApiException: Empty MRA EIS response (401).
   at PointOfSale.Infrastructure.Services.MraApiClient.SendAsync[TResponse](HttpRequestMessage request, String auditRequestBody, CancellationToken cancellationToken) in C:\Users\Albert Zee\Documents\Projects\Point Of Sale\src\PointOfSale.Infrastructure\Services\MraApiClient.cs:line 274
   at PointOfSale.Infrastructure.Services.MraApiClient.PostEmptyAsync[TResponse](String relativePath, MraRequestContext context, CancellationToken cancellationToken) in C:\Users\Albert Zee\Documents\Projects\Point Of Sale\src\PointOfSale.Infrastructure\Services\MraApiClient.cs:line 223
   at PointOfSale.Infrastructure.Services.SalesTransactionService.GetLastSubmittedTransactionAsync(String relativePath, String channelLabel, CancellationToken cancellationToken) in C:\Users\Albert Zee\Documents\Projects\Point Of Sale\src\PointOfSale.Infrastructure\Services\SalesTransactionService.cs:line 86
   at PointOfSale.Infrastructure.Services.SalesTransactionService.VerifySequenceContinuityAsync(Func`2 lookupFactory, String channelLabel, CancellationToken cancellationToken) in C:\Users\Albert Zee\Documents\Projects\Point Of Sale\src\PointOfSale.Infrastructure\Services\SalesTransactionService.cs:line 153
2026-07-29 14:35:05.812 +02:00 [INF] MRA connectivity restored — waking offline sync worker.
2026-07-29 14:35:09.579 +02:00 [INF] ART Diagnostic DatabaseLatency SqlExpress 0 null: SQL round-trip 0 ms
2026-07-29 14:35:09.751 +02:00 [INF] ART Diagnostic WorkerHeartbeat HealthCheckWorker null null: Heartbeat
2026-07-29 14:35:09.976 +02:00 [INF] ART Diagnostic MraConnectivity MraEis 49 404: MRA reachable (404) in 49 ms.
2026-07-29 14:35:10.036 +02:00 [INF] ART Diagnostic DatabaseLatency SqlExpress 9 null: SQL round-trip 9 ms
2026-07-29 14:35:10.508 +02:00 [INF] ART Diagnostic MraConnectivity MraEis 58 404: MRA reachable (404) in 58 ms.
2026-07-29 14:35:10.551 +02:00 [INF] ART Diagnostic HealthCheck HealthCheckWorker 9 null: All subsystems healthy (SQL 9 ms, disk 40.09 GB free).
2026-07-29 14:35:13.510 +02:00 [INF] MRA connectivity restored — waking offline sync worker.
2026-07-29 14:35:13.510 +02:00 [INF] ART Diagnostic HealthCheck HealthCheckWorker 0 null: All subsystems healthy (SQL 0 ms, disk 40.09 GB free).
2026-07-29 14:35:13.731 +02:00 [INF] MRA connectivity restored — waking offline sync worker.
2026-07-29 14:35:13.812 +02:00 [INF] ART Diagnostic WorkerHeartbeat SystemHealthMonitorService null null: All monitored subsystems healthy.
2026-07-29 14:35:25.692 +02:00 [INF] MRA connectivity restored — waking offline sync worker.
2026-07-29 14:35:33.954 +02:00 [INF] Hardware fault-tolerance loop stopped.
2026-07-29 15:57:58.799 +02:00 [INF] MRA EIS POST "https://dev-eis-api.mra.mw/api/v1/utilities/ping"
2026-07-29 15:58:00.897 +02:00 [INF] SQL Express schema ready (version 32).
2026-07-29 15:58:04.638 +02:00 [WRN] Phase 37 InitialSetup.sql apply skipped after error (schema already bootstrapped in-app).
Microsoft.Data.SqlClient.SqlException (0x80131904): Filtered index 'IX_OfflineInvoiceQueue_PendingFifo' cannot be created on table 'dbo.OfflineInvoiceQueue' because the column 'Status' in the filter expression is compared with a constant of higher data type precedence or of a different collation. Converting a column to the data type of a constant is not supported for filtered indexes. To resolve this error, explicitly convert the constant to the same data type and collation as the column 'Status'.
   at Microsoft.Data.SqlClient.SqlConnection.OnError(SqlException exception, Boolean breakConnection, Action`1 wrapCloseInAction)
   at Microsoft.Data.SqlClient.SqlInternalConnection.OnError(SqlException exception, Boolean breakConnection, Action`1 wrapCloseInAction)
   at Microsoft.Data.SqlClient.TdsParser.ThrowExceptionAndWarning(TdsParserStateObject stateObj, SqlCommand command, Boolean callerHasConnectionLock, Boolean asyncClose)
   at Microsoft.Data.SqlClient.TdsParser.TryRun(RunBehavior runBehavior, SqlCommand cmdHandler, SqlDataReader dataStream, BulkCopySimpleResultSet bulkCopyHandler, TdsParserStateObject stateObj, Boolean& dataReady)
   at Microsoft.Data.SqlClient.SqlCommand.InternalEndExecuteNonQuery(IAsyncResult asyncResult, Boolean isInternal, String endMethod)
   at Microsoft.Data.SqlClient.SqlCommand.EndExecuteNonQueryInternal(IAsyncResult asyncResult)
   at Microsoft.Data.SqlClient.SqlCommand.EndExecuteNonQueryAsync(IAsyncResult asyncResult)
   at Microsoft.Data.SqlClient.SqlCommand.<>c.<InternalExecuteNonQueryAsync>b__193_1(IAsyncResult asyncResult)
   at System.Threading.Tasks.TaskFactory`1.FromAsyncCoreLogic(IAsyncResult iar, Func`2 endFunction, Action`1 endAction, Task`1 promise, Boolean requiresSynchronization)
--- End of stack trace from previous location ---
   at PointOfSale.App.Services.FirstRunBootstrapService.TryApplyInitialSetupScriptAsync(CancellationToken cancellationToken) in C:\Users\Albert Zee\Documents\Projects\Point Of Sale\src\PointOfSale.App\Services\FirstRunBootstrapService.cs:line 409
   at PointOfSale.App.Services.FirstRunBootstrapService.TryApplyInitialSetupScriptAsync(CancellationToken cancellationToken) in C:\Users\Albert Zee\Documents\Projects\Point Of Sale\src\PointOfSale.App\Services\FirstRunBootstrapService.cs:line 409
   at PointOfSale.App.Services.FirstRunBootstrapService.TryApplyInitialSetupScriptAsync(CancellationToken cancellationToken) in C:\Users\Albert Zee\Documents\Projects\Point Of Sale\src\PointOfSale.App\Services\FirstRunBootstrapService.cs:line 412
ClientConnectionId:0a85b5aa-f213-4d8c-a7c1-e0995d293184
Error Number:10611,State:1,Class:16
2026-07-29 15:58:07.470 +02:00 [INF] MRA POST /api/v1/utilities/ping status=500 success=false durationMs=8063
2026-07-29 15:58:08.884 +02:00 [WRN] MRA EIS HTTP 500 for POST "https://dev-eis-api.mra.mw/api/v1/utilities/ping". RequestPayload=(empty). ResponseBody={"message":"An internal error occurred"}
2026-07-29 15:58:09.425 +02:00 [WRN] utilities/ping failed after 11173 ms
PointOfSale.Mra.Http.MraApiException: MRA EIS HTTP 500: Internal Server Error — An internal error occurred
   at PointOfSale.Infrastructure.Services.MraApiClient.SendAsync[TResponse](HttpRequestMessage request, String auditRequestBody, CancellationToken cancellationToken) in C:\Users\Albert Zee\Documents\Projects\Point Of Sale\src\PointOfSale.Infrastructure\Services\MraApiClient.cs:line 314
   at PointOfSale.Infrastructure.Services.MraApiClient.PostEmptyAsync[TResponse](String relativePath, MraRequestContext context, CancellationToken cancellationToken) in C:\Users\Albert Zee\Documents\Projects\Point Of Sale\src\PointOfSale.Infrastructure\Services\MraApiClient.cs:line 223
   at PointOfSale.Infrastructure.Services.MraEisPingService.PingAsync(CancellationToken cancellationToken) in C:\Users\Albert Zee\Documents\Projects\Point Of Sale\src\PointOfSale.Infrastructure\Services\MraEisPingService.cs:line 48
2026-07-29 15:58:10.741 +02:00 [INF] Offline invoice FIFO sync worker started (interval 15s, requireConnectivity=true).
2026-07-29 15:58:10.754 +02:00 [INF] Hardware fault-tolerance loop started (probe every 20s).
2026-07-29 15:58:10.767 +02:00 [INF] ArchivalCompressionBackgroundService is disabled.
2026-07-29 15:58:10.811 +02:00 [INF] Inventory alert scanner started (interval 60s).
2026-07-29 15:58:11.030 +02:00 [INF] HealthCheckWorker started (interval 45s).
2026-07-29 15:58:11.033 +02:00 [INF] System health monitor started (interval 45s).
2026-07-29 15:58:11.036 +02:00 [INF] PerformanceProfilingBackgroundService started (sample 30s, flush 300s).
2026-07-29 15:58:11.039 +02:00 [INF] DatabaseMaintenanceBackgroundService started (interval 24h).
2026-07-29 15:58:12.142 +02:00 [INF] SQL Express schema ready (version 32).
2026-07-29 15:58:12.152 +02:00 [WRN] Phase 37 InitialSetup.sql apply skipped after error (schema already bootstrapped in-app).
Microsoft.Data.SqlClient.SqlException (0x80131904): Filtered index 'IX_OfflineInvoiceQueue_PendingFifo' cannot be created on table 'dbo.OfflineInvoiceQueue' because the column 'Status' in the filter expression is compared with a constant of higher data type precedence or of a different collation. Converting a column to the data type of a constant is not supported for filtered indexes. To resolve this error, explicitly convert the constant to the same data type and collation as the column 'Status'.
   at Microsoft.Data.SqlClient.SqlConnection.OnError(SqlException exception, Boolean breakConnection, Action`1 wrapCloseInAction)
   at Microsoft.Data.SqlClient.SqlInternalConnection.OnError(SqlException exception, Boolean breakConnection, Action`1 wrapCloseInAction)
   at Microsoft.Data.SqlClient.TdsParser.ThrowExceptionAndWarning(TdsParserStateObject stateObj, SqlCommand command, Boolean callerHasConnectionLock, Boolean asyncClose)
   at Microsoft.Data.SqlClient.TdsParser.TryRun(RunBehavior runBehavior, SqlCommand cmdHandler, SqlDataReader dataStream, BulkCopySimpleResultSet bulkCopyHandler, TdsParserStateObject stateObj, Boolean& dataReady)
   at Microsoft.Data.SqlClient.SqlCommand.InternalEndExecuteNonQuery(IAsyncResult asyncResult, Boolean isInternal, String endMethod)
   at Microsoft.Data.SqlClient.SqlCommand.EndExecuteNonQueryInternal(IAsyncResult asyncResult)
   at Microsoft.Data.SqlClient.SqlCommand.EndExecuteNonQueryAsync(IAsyncResult asyncResult)
   at Microsoft.Data.SqlClient.SqlCommand.<>c.<InternalExecuteNonQueryAsync>b__193_1(IAsyncResult asyncResult)
   at System.Threading.Tasks.TaskFactory`1.FromAsyncCoreLogic(IAsyncResult iar, Func`2 endFunction, Action`1 endAction, Task`1 promise, Boolean requiresSynchronization)
--- End of stack trace from previous location ---
   at PointOfSale.App.Services.FirstRunBootstrapService.TryApplyInitialSetupScriptAsync(CancellationToken cancellationToken) in C:\Users\Albert Zee\Documents\Projects\Point Of Sale\src\PointOfSale.App\Services\FirstRunBootstrapService.cs:line 409
   at PointOfSale.App.Services.FirstRunBootstrapService.TryApplyInitialSetupScriptAsync(CancellationToken cancellationToken) in C:\Users\Albert Zee\Documents\Projects\Point Of Sale\src\PointOfSale.App\Services\FirstRunBootstrapService.cs:line 409
   at PointOfSale.App.Services.FirstRunBootstrapService.TryApplyInitialSetupScriptAsync(CancellationToken cancellationToken) in C:\Users\Albert Zee\Documents\Projects\Point Of Sale\src\PointOfSale.App\Services\FirstRunBootstrapService.cs:line 412
ClientConnectionId:a4c35957-4525-454b-84d8-f6f06989a412
Error Number:10611,State:1,Class:16
2026-07-29 15:58:12.712 +02:00 [INF] MRA EIS POST "https://dev-eis-api.mra.mw/api/v1/utilities/ping"
2026-07-29 15:58:12.962 +02:00 [INF] Inventory alert scan complete: 8 products, low=0, stockout=0, overstock=0, fast=0.
2026-07-29 15:58:12.979 +02:00 [INF] MRA POST /api/v1/utilities/ping status=500 success=false durationMs=265
2026-07-29 15:58:13.037 +02:00 [WRN] MRA EIS HTTP 500 for POST "https://dev-eis-api.mra.mw/api/v1/utilities/ping". RequestPayload=(empty). ResponseBody={"message":"An internal error occurred"}
2026-07-29 15:58:13.037 +02:00 [WRN] utilities/ping failed after 325 ms
PointOfSale.Mra.Http.MraApiException: MRA EIS HTTP 500: Internal Server Error — An internal error occurred
   at PointOfSale.Infrastructure.Services.MraApiClient.SendAsync[TResponse](HttpRequestMessage request, String auditRequestBody, CancellationToken cancellationToken) in C:\Users\Albert Zee\Documents\Projects\Point Of Sale\src\PointOfSale.Infrastructure\Services\MraApiClient.cs:line 314
   at PointOfSale.Infrastructure.Services.MraApiClient.PostEmptyAsync[TResponse](String relativePath, MraRequestContext context, CancellationToken cancellationToken) in C:\Users\Albert Zee\Documents\Projects\Point Of Sale\src\PointOfSale.Infrastructure\Services\MraApiClient.cs:line 223
   at PointOfSale.Infrastructure.Services.MraEisPingService.PingAsync(CancellationToken cancellationToken) in C:\Users\Albert Zee\Documents\Projects\Point Of Sale\src\PointOfSale.Infrastructure\Services\MraEisPingService.cs:line 48
2026-07-29 15:58:19.634 +02:00 [INF] ART Diagnostic WorkerHeartbeat HealthCheckWorker null null: Heartbeat
2026-07-29 15:58:20.412 +02:00 [INF] ART Diagnostic DatabaseLatency SqlExpress 4 null: SQL round-trip 4 ms
2026-07-29 15:58:20.720 +02:00 [INF] MRA EIS POST "https://dev-eis-api.mra.mw/api/v1/utilities/ping"
2026-07-29 15:58:23.506 +02:00 [INF] ART Diagnostic DatabaseLatency SqlExpress 74 null: SQL round-trip 74 ms
2026-07-29 15:58:23.522 +02:00 [INF] MRA EIS POST "https://dev-eis-api.mra.mw/api/v1/utilities/ping"
2026-07-29 15:58:23.967 +02:00 [INF] MRA POST /api/v1/utilities/ping status=500 success=false durationMs=3235
2026-07-29 15:58:23.974 +02:00 [WRN] MRA EIS HTTP 500 for POST "https://dev-eis-api.mra.mw/api/v1/utilities/ping". RequestPayload=(empty). ResponseBody={"message":"An internal error occurred"}
2026-07-29 15:58:23.974 +02:00 [WRN] utilities/ping failed after 3253 ms
PointOfSale.Mra.Http.MraApiException: MRA EIS HTTP 500: Internal Server Error — An internal error occurred
   at PointOfSale.Infrastructure.Services.MraApiClient.SendAsync[TResponse](HttpRequestMessage request, String auditRequestBody, CancellationToken cancellationToken) in C:\Users\Albert Zee\Documents\Projects\Point Of Sale\src\PointOfSale.Infrastructure\Services\MraApiClient.cs:line 314
   at PointOfSale.Infrastructure.Services.MraApiClient.PostEmptyAsync[TResponse](String relativePath, MraRequestContext context, CancellationToken cancellationToken) in C:\Users\Albert Zee\Documents\Projects\Point Of Sale\src\PointOfSale.Infrastructure\Services\MraApiClient.cs:line 223
   at PointOfSale.Infrastructure.Services.MraEisPingService.PingAsync(CancellationToken cancellationToken) in C:\Users\Albert Zee\Documents\Projects\Point Of Sale\src\PointOfSale.Infrastructure\Services\MraEisPingService.cs:line 48
2026-07-29 15:58:23.982 +02:00 [WRN] ART Diagnostic MraConnectivity MraEis 3253 Unreachable: MRA ping failed in 3253 ms: MRA EIS HTTP 500: Internal Server Error — An internal error occurred
2026-07-29 15:58:24.859 +02:00 [INF] MRA POST /api/v1/utilities/ping status=500 success=false durationMs=1344
2026-07-29 15:58:24.880 +02:00 [WRN] MRA EIS HTTP 500 for POST "https://dev-eis-api.mra.mw/api/v1/utilities/ping". RequestPayload=(empty). ResponseBody={"message":"An internal error occurred"}
2026-07-29 15:58:24.880 +02:00 [WRN] utilities/ping failed after 1358 ms
PointOfSale.Mra.Http.MraApiException: MRA EIS HTTP 500: Internal Server Error — An internal error occurred
   at PointOfSale.Infrastructure.Services.MraApiClient.SendAsync[TResponse](HttpRequestMessage request, String auditRequestBody, CancellationToken cancellationToken) in C:\Users\Albert Zee\Documents\Projects\Point Of Sale\src\PointOfSale.Infrastructure\Services\MraApiClient.cs:line 314
   at PointOfSale.Infrastructure.Services.MraApiClient.PostEmptyAsync[TResponse](String relativePath, MraRequestContext context, CancellationToken cancellationToken) in C:\Users\Albert Zee\Documents\Projects\Point Of Sale\src\PointOfSale.Infrastructure\Services\MraApiClient.cs:line 223
   at PointOfSale.Infrastructure.Services.MraEisPingService.PingAsync(CancellationToken cancellationToken) in C:\Users\Albert Zee\Documents\Projects\Point Of Sale\src\PointOfSale.Infrastructure\Services\MraEisPingService.cs:line 48
2026-07-29 15:58:24.881 +02:00 [WRN] ART Diagnostic MraConnectivity MraEis 1358 Unreachable: MRA ping failed in 1358 ms: MRA EIS HTTP 500: Internal Server Error — An internal error occurred
2026-07-29 15:58:31.011 +02:00 [WRN] ART Diagnostic HealthCheck HealthCheckWorker 4 null: Degraded: MRA.
2026-07-29 15:58:31.011 +02:00 [WRN] ART Diagnostic HealthCheck HealthCheckWorker 74 null: Degraded: MRA.
2026-07-29 15:58:31.203 +02:00 [INF] MRA EIS POST "https://dev-eis-api.mra.mw/api/v1/utilities/ping"
2026-07-29 15:58:31.368 +02:00 [INF] MRA POST /api/v1/utilities/ping status=500 success=false durationMs=156
2026-07-29 15:58:31.439 +02:00 [WRN] MRA EIS HTTP 500 for POST "https://dev-eis-api.mra.mw/api/v1/utilities/ping". RequestPayload=(empty). ResponseBody={"message":"An internal error occurred"}
2026-07-29 15:58:31.440 +02:00 [WRN] utilities/ping failed after 237 ms
PointOfSale.Mra.Http.MraApiException: MRA EIS HTTP 500: Internal Server Error — An internal error occurred
   at PointOfSale.Infrastructure.Services.MraApiClient.SendAsync[TResponse](HttpRequestMessage request, String auditRequestBody, CancellationToken cancellationToken) in C:\Users\Albert Zee\Documents\Projects\Point Of Sale\src\PointOfSale.Infrastructure\Services\MraApiClient.cs:line 314
   at PointOfSale.Infrastructure.Services.MraApiClient.PostEmptyAsync[TResponse](String relativePath, MraRequestContext context, CancellationToken cancellationToken) in C:\Users\Albert Zee\Documents\Projects\Point Of Sale\src\PointOfSale.Infrastructure\Services\MraApiClient.cs:line 223
   at PointOfSale.Infrastructure.Services.MraEisPingService.PingAsync(CancellationToken cancellationToken) in C:\Users\Albert Zee\Documents\Projects\Point Of Sale\src\PointOfSale.Infrastructure\Services\MraEisPingService.cs:line 48
2026-07-29 15:58:31.513 +02:00 [WRN] Health check degraded: Degraded: MRA.
2026-07-29 15:58:31.558 +02:00 [WRN] System health alert [MRA_UNREACHABLE] MRA EIS API gateway unreachable while internet is online.
2026-07-29 15:58:31.628 +02:00 [ERR] ART Diagnostic Exception HealthAlert:MRA_UNREACHABLE null null: MRA EIS API gateway unreachable while internet is online.
2026-07-29 15:58:31.634 +02:00 [INF] ART Diagnostic WorkerHeartbeat SystemHealthMonitorService null null: MRA EIS API gateway is unreachable.
2026-07-29 15:58:32.111 +02:00 [WRN] System health degraded: MRA EIS API gateway is unreachable.
2026-07-29 15:58:32.471 +02:00 [INF] MRA EIS POST "https://dev-eis-api.mra.mw/api/v1/utilities/ping"
2026-07-29 15:58:32.586 +02:00 [INF] MRA POST /api/v1/utilities/ping status=500 success=false durationMs=110
2026-07-29 15:58:32.644 +02:00 [WRN] MRA EIS HTTP 500 for POST "https://dev-eis-api.mra.mw/api/v1/utilities/ping". RequestPayload=(empty). ResponseBody={"message":"An internal error occurred"}
2026-07-29 15:58:32.645 +02:00 [WRN] utilities/ping failed after 174 ms
PointOfSale.Mra.Http.MraApiException: MRA EIS HTTP 500: Internal Server Error — An internal error occurred
   at PointOfSale.Infrastructure.Services.MraApiClient.SendAsync[TResponse](HttpRequestMessage request, String auditRequestBody, CancellationToken cancellationToken) in C:\Users\Albert Zee\Documents\Projects\Point Of Sale\src\PointOfSale.Infrastructure\Services\MraApiClient.cs:line 314
   at PointOfSale.Infrastructure.Services.MraApiClient.PostEmptyAsync[TResponse](String relativePath, MraRequestContext context, CancellationToken cancellationToken) in C:\Users\Albert Zee\Documents\Projects\Point Of Sale\src\PointOfSale.Infrastructure\Services\MraApiClient.cs:line 223
   at PointOfSale.Infrastructure.Services.MraEisPingService.PingAsync(CancellationToken cancellationToken) in C:\Users\Albert Zee\Documents\Projects\Point Of Sale\src\PointOfSale.Infrastructure\Services\MraEisPingService.cs:line 48
2026-07-29 15:58:52.481 +02:00 [INF] MRA EIS POST "https://dev-eis-api.mra.mw/api/v1/utilities/ping"
2026-07-29 15:58:52.723 +02:00 [INF] MRA POST /api/v1/utilities/ping status=500 success=false durationMs=235
2026-07-29 15:58:52.763 +02:00 [WRN] MRA EIS HTTP 500 for POST "https://dev-eis-api.mra.mw/api/v1/utilities/ping". RequestPayload=(empty). ResponseBody={"message":"An internal error occurred"}
2026-07-29 15:58:52.764 +02:00 [WRN] utilities/ping failed after 282 ms
PointOfSale.Mra.Http.MraApiException: MRA EIS HTTP 500: Internal Server Error — An internal error occurred
   at PointOfSale.Infrastructure.Services.MraApiClient.SendAsync[TResponse](HttpRequestMessage request, String auditRequestBody, CancellationToken cancellationToken) in C:\Users\Albert Zee\Documents\Projects\Point Of Sale\src\PointOfSale.Infrastructure\Services\MraApiClient.cs:line 314
   at PointOfSale.Infrastructure.Services.MraApiClient.PostEmptyAsync[TResponse](String relativePath, MraRequestContext context, CancellationToken cancellationToken) in C:\Users\Albert Zee\Documents\Projects\Point Of Sale\src\PointOfSale.Infrastructure\Services\MraApiClient.cs:line 223
   at PointOfSale.Infrastructure.Services.MraEisPingService.PingAsync(CancellationToken cancellationToken) in C:\Users\Albert Zee\Documents\Projects\Point Of Sale\src\PointOfSale.Infrastructure\Services\MraEisPingService.cs:line 48
2026-07-29 15:58:54.248 +02:00 [WRN] Performance profiling iteration failed.
Microsoft.Data.SqlClient.SqlException (0x80131904): Execution Timeout Expired.  The timeout period elapsed prior to completion of the operation or the server is not responding.
 ---> System.ComponentModel.Win32Exception (258): The wait operation timed out.
   at System.Threading.Tasks.ContinuationResultTaskFromResultTask`2.InnerInvoke()
   at System.Threading.ExecutionContext.RunInternal(ExecutionContext executionContext, ContextCallback callback, Object state)
--- End of stack trace from previous location ---
   at System.Threading.ExecutionContext.RunInternal(ExecutionContext executionContext, ContextCallback callback, Object state)
   at System.Threading.Tasks.Task.ExecuteWithThreadLocal(Task& currentTaskSlot, Thread threadPoolThread)
--- End of stack trace from previous location ---
   at Dapper.SqlMapper.QueryAsync[T](IDbConnection cnn, Type effectiveType, CommandDefinition command) in /_/Dapper/SqlMapper.Async.cs:line 434
   at PointOfSale.Infrastructure.Repositories.DiagnosticTelemetryRepository.GetRecentAsync(Int32 take, String categoryFilter, String severityFilter, String search, CancellationToken cancellationToken) in C:\Users\Albert Zee\Documents\Projects\Point Of Sale\src\PointOfSale.Infrastructure\Repositories\DiagnosticTelemetryRepository.cs:line 68
   at PointOfSale.Infrastructure.Repositories.DiagnosticTelemetryRepository.GetRecentAsync(Int32 take, String categoryFilter, String severityFilter, String search, CancellationToken cancellationToken) in C:\Users\Albert Zee\Documents\Projects\Point Of Sale\src\PointOfSale.Infrastructure\Repositories\DiagnosticTelemetryRepository.cs:line 84
   at PointOfSale.App.Services.PerformanceProfilingService.LoadErrorHistogramAsync(CancellationToken cancellationToken) in C:\Users\Albert Zee\Documents\Projects\Point Of Sale\src\PointOfSale.App\Services\PerformanceProfilingService.cs:line 294
   at PointOfSale.App.Services.PerformanceProfilingService.CaptureSnapshotAsync(CancellationToken cancellationToken) in C:\Users\Albert Zee\Documents\Projects\Point Of Sale\src\PointOfSale.App\Services\PerformanceProfilingService.cs:line 110
   at PointOfSale.App.Services.PerformanceProfilingBackgroundService.ExecuteAsync(CancellationToken stoppingToken) in C:\Users\Albert Zee\Documents\Projects\Point Of Sale\src\PointOfSale.App\Services\PerformanceProfilingBackgroundService.cs:line 59
ClientConnectionId:a4c35957-4525-454b-84d8-f6f06989a412
Error Number:-2,State:0,Class:11
2026-07-29 15:59:12.476 +02:00 [INF] MRA EIS POST "https://dev-eis-api.mra.mw/api/v1/utilities/ping"
2026-07-29 15:59:12.696 +02:00 [INF] MRA POST /api/v1/utilities/ping status=500 success=false durationMs=219
2026-07-29 15:59:12.723 +02:00 [WRN] MRA EIS HTTP 500 for POST "https://dev-eis-api.mra.mw/api/v1/utilities/ping". RequestPayload=(empty). ResponseBody={"message":"An internal error occurred"}
2026-07-29 15:59:12.723 +02:00 [WRN] utilities/ping failed after 247 ms
PointOfSale.Mra.Http.MraApiException: MRA EIS HTTP 500: Internal Server Error — An internal error occurred
   at PointOfSale.Infrastructure.Services.MraApiClient.SendAsync[TResponse](HttpRequestMessage request, String auditRequestBody, CancellationToken cancellationToken) in C:\Users\Albert Zee\Documents\Projects\Point Of Sale\src\PointOfSale.Infrastructure\Services\MraApiClient.cs:line 314
   at PointOfSale.Infrastructure.Services.MraApiClient.PostEmptyAsync[TResponse](String relativePath, MraRequestContext context, CancellationToken cancellationToken) in C:\Users\Albert Zee\Documents\Projects\Point Of Sale\src\PointOfSale.Infrastructure\Services\MraApiClient.cs:line 223
   at PointOfSale.Infrastructure.Services.MraEisPingService.PingAsync(CancellationToken cancellationToken) in C:\Users\Albert Zee\Documents\Projects\Point Of Sale\src\PointOfSale.Infrastructure\Services\MraEisPingService.cs:line 48
2026-07-29 15:59:12.995 +02:00 [INF] Inventory alert scan complete: 8 products, low=0, stockout=0, overstock=0, fast=0.
2026-07-29 15:59:16.500 +02:00 [INF] ART Diagnostic WorkerHeartbeat HealthCheckWorker null null: Heartbeat
2026-07-29 15:59:16.513 +02:00 [INF] ART Diagnostic DatabaseLatency SqlExpress 0 null: SQL round-trip 0 ms
2026-07-29 15:59:16.766 +02:00 [INF] MRA EIS POST "https://dev-eis-api.mra.mw/api/v1/utilities/ping"
2026-07-29 15:59:17.110 +02:00 [INF] ART Diagnostic DatabaseLatency SqlExpress 0 null: SQL round-trip 0 ms
2026-07-29 15:59:17.472 +02:00 [INF] MRA EIS POST "https://dev-eis-api.mra.mw/api/v1/utilities/ping"
2026-07-29 15:59:17.531 +02:00 [INF] MRA POST /api/v1/utilities/ping status=500 success=false durationMs=63
2026-07-29 15:59:17.587 +02:00 [WRN] MRA EIS HTTP 500 for POST "https://dev-eis-api.mra.mw/api/v1/utilities/ping". RequestPayload=(empty). ResponseBody={"message":"An internal error occurred"}
2026-07-29 15:59:17.588 +02:00 [WRN] utilities/ping failed after 115 ms
PointOfSale.Mra.Http.MraApiException: MRA EIS HTTP 500: Internal Server Error — An internal error occurred
   at PointOfSale.Infrastructure.Services.MraApiClient.SendAsync[TResponse](HttpRequestMessage request, String auditRequestBody, CancellationToken cancellationToken) in C:\Users\Albert Zee\Documents\Projects\Point Of Sale\src\PointOfSale.Infrastructure\Services\MraApiClient.cs:line 314
   at PointOfSale.Infrastructure.Services.MraApiClient.PostEmptyAsync[TResponse](String relativePath, MraRequestContext context, CancellationToken cancellationToken) in C:\Users\Albert Zee\Documents\Projects\Point Of Sale\src\PointOfSale.Infrastructure\Services\MraApiClient.cs:line 223
   at PointOfSale.Infrastructure.Services.MraEisPingService.PingAsync(CancellationToken cancellationToken) in C:\Users\Albert Zee\Documents\Projects\Point Of Sale\src\PointOfSale.Infrastructure\Services\MraEisPingService.cs:line 48
2026-07-29 15:59:17.588 +02:00 [WRN] ART Diagnostic MraConnectivity MraEis 115 Unreachable: MRA ping failed in 115 ms: MRA EIS HTTP 500: Internal Server Error — An internal error occurred
2026-07-29 15:59:17.820 +02:00 [INF] MRA EIS POST "https://dev-eis-api.mra.mw/api/v1/utilities/ping"
2026-07-29 15:59:17.865 +02:00 [INF] MRA POST /api/v1/utilities/ping status=500 success=false durationMs=47
2026-07-29 15:59:17.873 +02:00 [WRN] MRA EIS HTTP 500 for POST "https://dev-eis-api.mra.mw/api/v1/utilities/ping". RequestPayload=(empty). ResponseBody={"message":"An internal error occurred"}
2026-07-29 15:59:17.873 +02:00 [WRN] utilities/ping failed after 52 ms
PointOfSale.Mra.Http.MraApiException: MRA EIS HTTP 500: Internal Server Error — An internal error occurred
   at PointOfSale.Infrastructure.Services.MraApiClient.SendAsync[TResponse](HttpRequestMessage request, String auditRequestBody, CancellationToken cancellationToken) in C:\Users\Albert Zee\Documents\Projects\Point Of Sale\src\PointOfSale.Infrastructure\Services\MraApiClient.cs:line 314
   at PointOfSale.Infrastructure.Services.MraApiClient.PostEmptyAsync[TResponse](String relativePath, MraRequestContext context, CancellationToken cancellationToken) in C:\Users\Albert Zee\Documents\Projects\Point Of Sale\src\PointOfSale.Infrastructure\Services\MraApiClient.cs:line 223
   at PointOfSale.Infrastructure.Services.MraEisPingService.PingAsync(CancellationToken cancellationToken) in C:\Users\Albert Zee\Documents\Projects\Point Of Sale\src\PointOfSale.Infrastructure\Services\MraEisPingService.cs:line 48
2026-07-29 15:59:17.894 +02:00 [WRN] ART Diagnostic HealthCheck HealthCheckWorker 0 null: Degraded: MRA.
2026-07-29 15:59:17.987 +02:00 [INF] MRA EIS POST "https://dev-eis-api.mra.mw/api/v1/utilities/ping"
2026-07-29 15:59:19.960 +02:00 [INF] MRA POST /api/v1/utilities/ping status=500 success=false durationMs=3172
2026-07-29 15:59:19.963 +02:00 [INF] MRA POST /api/v1/utilities/ping status=500 success=false durationMs=1985
2026-07-29 15:59:19.972 +02:00 [WRN] MRA EIS HTTP 500 for POST "https://dev-eis-api.mra.mw/api/v1/utilities/ping". RequestPayload=(empty). ResponseBody={"message":"An internal error occurred"}
2026-07-29 15:59:19.972 +02:00 [WRN] utilities/ping failed after 1985 ms
PointOfSale.Mra.Http.MraApiException: MRA EIS HTTP 500: Internal Server Error — An internal error occurred
   at PointOfSale.Infrastructure.Services.MraApiClient.SendAsync[TResponse](HttpRequestMessage request, String auditRequestBody, CancellationToken cancellationToken) in C:\Users\Albert Zee\Documents\Projects\Point Of Sale\src\PointOfSale.Infrastructure\Services\MraApiClient.cs:line 314
   at PointOfSale.Infrastructure.Services.MraApiClient.PostEmptyAsync[TResponse](String relativePath, MraRequestContext context, CancellationToken cancellationToken) in C:\Users\Albert Zee\Documents\Projects\Point Of Sale\src\PointOfSale.Infrastructure\Services\MraApiClient.cs:line 223
   at PointOfSale.Infrastructure.Services.MraEisPingService.PingAsync(CancellationToken cancellationToken) in C:\Users\Albert Zee\Documents\Projects\Point Of Sale\src\PointOfSale.Infrastructure\Services\MraEisPingService.cs:line 48
2026-07-29 15:59:19.974 +02:00 [WRN] MRA EIS HTTP 500 for POST "https://dev-eis-api.mra.mw/api/v1/utilities/ping". RequestPayload=(empty). ResponseBody={"message":"An internal error occurred"}
2026-07-29 15:59:19.974 +02:00 [WRN] utilities/ping failed after 3207 ms
PointOfSale.Mra.Http.MraApiException: MRA EIS HTTP 500: Internal Server Error — An internal error occurred
   at PointOfSale.Infrastructure.Services.MraApiClient.SendAsync[TResponse](HttpRequestMessage request, String auditRequestBody, CancellationToken cancellationToken) in C:\Users\Albert Zee\Documents\Projects\Point Of Sale\src\PointOfSale.Infrastructure\Services\MraApiClient.cs:line 314
   at PointOfSale.Infrastructure.Services.MraApiClient.PostEmptyAsync[TResponse](String relativePath, MraRequestContext context, CancellationToken cancellationToken) in C:\Users\Albert Zee\Documents\Projects\Point Of Sale\src\PointOfSale.Infrastructure\Services\MraApiClient.cs:line 223
   at PointOfSale.Infrastructure.Services.MraEisPingService.PingAsync(CancellationToken cancellationToken) in C:\Users\Albert Zee\Documents\Projects\Point Of Sale\src\PointOfSale.Infrastructure\Services\MraEisPingService.cs:line 48
2026-07-29 15:59:19.975 +02:00 [WRN] ART Diagnostic MraConnectivity MraEis 3207 Unreachable: MRA ping failed in 3207 ms: MRA EIS HTTP 500: Internal Server Error — An internal error occurred
2026-07-29 15:59:20.120 +02:00 [INF] MRA EIS POST "https://dev-eis-api.mra.mw/api/v1/utilities/ping"
2026-07-29 15:59:20.121 +02:00 [INF] ART Diagnostic WorkerHeartbeat SystemHealthMonitorService null null: MRA EIS API gateway is unreachable.
2026-07-29 15:59:20.149 +02:00 [WRN] System health degraded: MRA EIS API gateway is unreachable.
2026-07-29 15:59:20.176 +02:00 [INF] MRA POST /api/v1/utilities/ping status=500 success=false durationMs=47
2026-07-29 15:59:20.228 +02:00 [WRN] MRA EIS HTTP 500 for POST "https://dev-eis-api.mra.mw/api/v1/utilities/ping". RequestPayload=(empty). ResponseBody={"message":"An internal error occurred"}
2026-07-29 15:59:20.228 +02:00 [WRN] utilities/ping failed after 108 ms
PointOfSale.Mra.Http.MraApiException: MRA EIS HTTP 500: Internal Server Error — An internal error occurred
   at PointOfSale.Infrastructure.Services.MraApiClient.SendAsync[TResponse](HttpRequestMessage request, String auditRequestBody, CancellationToken cancellationToken) in C:\Users\Albert Zee\Documents\Projects\Point Of Sale\src\PointOfSale.Infrastructure\Services\MraApiClient.cs:line 314
   at PointOfSale.Infrastructure.Services.MraApiClient.PostEmptyAsync[TResponse](String relativePath, MraRequestContext context, CancellationToken cancellationToken) in C:\Users\Albert Zee\Documents\Projects\Point Of Sale\src\PointOfSale.Infrastructure\Services\MraApiClient.cs:line 223
   at PointOfSale.Infrastructure.Services.MraEisPingService.PingAsync(CancellationToken cancellationToken) in C:\Users\Albert Zee\Documents\Projects\Point Of Sale\src\PointOfSale.Infrastructure\Services\MraEisPingService.cs:line 48
2026-07-29 15:59:20.235 +02:00 [WRN] ART Diagnostic HealthCheck HealthCheckWorker 0 null: Degraded: MRA.
2026-07-29 15:59:20.248 +02:00 [WRN] Health check degraded: Degraded: MRA.
2026-07-29 15:59:32.483 +02:00 [INF] MRA EIS POST "https://dev-eis-api.mra.mw/api/v1/utilities/ping"
2026-07-29 15:59:32.573 +02:00 [INF] MRA POST /api/v1/utilities/ping status=500 success=false durationMs=94
2026-07-29 15:59:32.578 +02:00 [WRN] MRA EIS HTTP 500 for POST "https://dev-eis-api.mra.mw/api/v1/utilities/ping". RequestPayload=(empty). ResponseBody={"message":"An internal error occurred"}
2026-07-29 15:59:32.578 +02:00 [WRN] utilities/ping failed after 95 ms
PointOfSale.Mra.Http.MraApiException: MRA EIS HTTP 500: Internal Server Error — An internal error occurred
   at PointOfSale.Infrastructure.Services.MraApiClient.SendAsync[TResponse](HttpRequestMessage request, String auditRequestBody, CancellationToken cancellationToken) in C:\Users\Albert Zee\Documents\Projects\Point Of Sale\src\PointOfSale.Infrastructure\Services\MraApiClient.cs:line 314
   at PointOfSale.Infrastructure.Services.MraApiClient.PostEmptyAsync[TResponse](String relativePath, MraRequestContext context, CancellationToken cancellationToken) in C:\Users\Albert Zee\Documents\Projects\Point Of Sale\src\PointOfSale.Infrastructure\Services\MraApiClient.cs:line 223
   at PointOfSale.Infrastructure.Services.MraEisPingService.PingAsync(CancellationToken cancellationToken) in C:\Users\Albert Zee\Documents\Projects\Point Of Sale\src\PointOfSale.Infrastructure\Services\MraEisPingService.cs:line 48
2026-07-29 15:59:35.285 +02:00 [INF] MRA EIS POST "https://dev-eis-api.mra.mw/api/v1/utilities/ping"
2026-07-29 15:59:35.520 +02:00 [INF] MRA POST /api/v1/utilities/ping status=500 success=false durationMs=235
2026-07-29 15:59:35.714 +02:00 [WRN] MRA EIS HTTP 500 for POST "https://dev-eis-api.mra.mw/api/v1/utilities/ping". RequestPayload=(empty). ResponseBody={"message":"An internal error occurred"}
2026-07-29 15:59:35.715 +02:00 [WRN] utilities/ping failed after 430 ms
PointOfSale.Mra.Http.MraApiException: MRA EIS HTTP 500: Internal Server Error — An internal error occurred
   at PointOfSale.Infrastructure.Services.MraApiClient.SendAsync[TResponse](HttpRequestMessage request, String auditRequestBody, CancellationToken cancellationToken) in C:\Users\Albert Zee\Documents\Projects\Point Of Sale\src\PointOfSale.Infrastructure\Services\MraApiClient.cs:line 314
   at PointOfSale.Infrastructure.Services.MraApiClient.PostEmptyAsync[TResponse](String relativePath, MraRequestContext context, CancellationToken cancellationToken) in C:\Users\Albert Zee\Documents\Projects\Point Of Sale\src\PointOfSale.Infrastructure\Services\MraApiClient.cs:line 223
   at PointOfSale.Infrastructure.Services.MraEisPingService.PingAsync(CancellationToken cancellationToken) in C:\Users\Albert Zee\Documents\Projects\Point Of Sale\src\PointOfSale.Infrastructure\Services\MraEisPingService.cs:line 48
2026-07-29 15:59:37.692 +02:00 [INF] MRA EIS POST "https://dev-eis-api.mra.mw/api/v1/utilities/ping"
2026-07-29 15:59:40.941 +02:00 [INF] MRA POST /api/v1/utilities/ping status=500 success=false durationMs=3250
2026-07-29 15:59:41.043 +02:00 [WRN] MRA EIS HTTP 500 for POST "https://dev-eis-api.mra.mw/api/v1/utilities/ping". RequestPayload=(empty). ResponseBody={"message":"An internal error occurred"}
2026-07-29 15:59:41.043 +02:00 [WRN] utilities/ping failed after 3351 ms
PointOfSale.Mra.Http.MraApiException: MRA EIS HTTP 500: Internal Server Error — An internal error occurred
   at PointOfSale.Infrastructure.Services.MraApiClient.SendAsync[TResponse](HttpRequestMessage request, String auditRequestBody, CancellationToken cancellationToken) in C:\Users\Albert Zee\Documents\Projects\Point Of Sale\src\PointOfSale.Infrastructure\Services\MraApiClient.cs:line 314
   at PointOfSale.Infrastructure.Services.MraApiClient.PostEmptyAsync[TResponse](String relativePath, MraRequestContext context, CancellationToken cancellationToken) in C:\Users\Albert Zee\Documents\Projects\Point Of Sale\src\PointOfSale.Infrastructure\Services\MraApiClient.cs:line 223
   at PointOfSale.Infrastructure.Services.MraEisPingService.PingAsync(CancellationToken cancellationToken) in C:\Users\Albert Zee\Documents\Projects\Point Of Sale\src\PointOfSale.Infrastructure\Services\MraEisPingService.cs:line 48
2026-07-29 15:59:52.465 +02:00 [INF] MRA EIS POST "https://dev-eis-api.mra.mw/api/v1/utilities/ping"
2026-07-29 15:59:52.523 +02:00 [INF] MRA POST /api/v1/utilities/ping status=500 success=false durationMs=63
2026-07-29 15:59:52.530 +02:00 [WRN] MRA EIS HTTP 500 for POST "https://dev-eis-api.mra.mw/api/v1/utilities/ping". RequestPayload=(empty). ResponseBody={"message":"An internal error occurred"}
2026-07-29 15:59:52.530 +02:00 [WRN] utilities/ping failed after 65 ms
PointOfSale.Mra.Http.MraApiException: MRA EIS HTTP 500: Internal Server Error — An internal error occurred
   at PointOfSale.Infrastructure.Services.MraApiClient.SendAsync[TResponse](HttpRequestMessage request, String auditRequestBody, CancellationToken cancellationToken) in C:\Users\Albert Zee\Documents\Projects\Point Of Sale\src\PointOfSale.Infrastructure\Services\MraApiClient.cs:line 314
   at PointOfSale.Infrastructure.Services.MraApiClient.PostEmptyAsync[TResponse](String relativePath, MraRequestContext context, CancellationToken cancellationToken) in C:\Users\Albert Zee\Documents\Projects\Point Of Sale\src\PointOfSale.Infrastructure\Services\MraApiClient.cs:line 223
   at PointOfSale.Infrastructure.Services.MraEisPingService.PingAsync(CancellationToken cancellationToken) in C:\Users\Albert Zee\Documents\Projects\Point Of Sale\src\PointOfSale.Infrastructure\Services\MraEisPingService.cs:line 48
2026-07-29 15:59:55.966 +02:00 [WRN] Performance profiling iteration failed.
Microsoft.Data.SqlClient.SqlException (0x80131904): Execution Timeout Expired.  The timeout period elapsed prior to completion of the operation or the server is not responding.
 ---> System.ComponentModel.Win32Exception (258): The wait operation timed out.
   at System.Threading.Tasks.ContinuationResultTaskFromResultTask`2.InnerInvoke()
   at System.Threading.ExecutionContext.RunInternal(ExecutionContext executionContext, ContextCallback callback, Object state)
--- End of stack trace from previous location ---
   at System.Threading.ExecutionContext.RunInternal(ExecutionContext executionContext, ContextCallback callback, Object state)
   at System.Threading.Tasks.Task.ExecuteWithThreadLocal(Task& currentTaskSlot, Thread threadPoolThread)
--- End of stack trace from previous location ---
   at Dapper.SqlMapper.QueryAsync[T](IDbConnection cnn, Type effectiveType, CommandDefinition command) in /_/Dapper/SqlMapper.Async.cs:line 434
   at PointOfSale.Infrastructure.Repositories.DiagnosticTelemetryRepository.GetRecentAsync(Int32 take, String categoryFilter, String severityFilter, String search, CancellationToken cancellationToken) in C:\Users\Albert Zee\Documents\Projects\Point Of Sale\src\PointOfSale.Infrastructure\Repositories\DiagnosticTelemetryRepository.cs:line 68
   at PointOfSale.Infrastructure.Repositories.DiagnosticTelemetryRepository.GetRecentAsync(Int32 take, String categoryFilter, String severityFilter, String search, CancellationToken cancellationToken) in C:\Users\Albert Zee\Documents\Projects\Point Of Sale\src\PointOfSale.Infrastructure\Repositories\DiagnosticTelemetryRepository.cs:line 84
   at PointOfSale.App.Services.PerformanceProfilingService.LoadErrorHistogramAsync(CancellationToken cancellationToken) in C:\Users\Albert Zee\Documents\Projects\Point Of Sale\src\PointOfSale.App\Services\PerformanceProfilingService.cs:line 294
   at PointOfSale.App.Services.PerformanceProfilingService.CaptureSnapshotAsync(CancellationToken cancellationToken) in C:\Users\Albert Zee\Documents\Projects\Point Of Sale\src\PointOfSale.App\Services\PerformanceProfilingService.cs:line 110
   at PointOfSale.App.Services.PerformanceProfilingBackgroundService.ExecuteAsync(CancellationToken stoppingToken) in C:\Users\Albert Zee\Documents\Projects\Point Of Sale\src\PointOfSale.App\Services\PerformanceProfilingBackgroundService.cs:line 59
ClientConnectionId:a4c35957-4525-454b-84d8-f6f06989a412
Error Number:-2,State:0,Class:11
2026-07-29 16:00:05.154 +02:00 [INF] ART Diagnostic DatabaseLatency SqlExpress 0 null: SQL round-trip 0 ms
2026-07-29 16:00:05.247 +02:00 [INF] ART Diagnostic WorkerHeartbeat HealthCheckWorker null null: Heartbeat
2026-07-29 16:00:05.891 +02:00 [INF] ART Diagnostic DatabaseLatency SqlExpress 1 null: SQL round-trip 1 ms
2026-07-29 16:00:05.896 +02:00 [INF] MRA EIS POST "https://dev-eis-api.mra.mw/api/v1/utilities/ping"
2026-07-29 16:00:07.328 +02:00 [INF] MRA EIS POST "https://dev-eis-api.mra.mw/api/v1/utilities/ping"
2026-07-29 16:00:07.419 +02:00 [INF] MRA POST /api/v1/utilities/ping status=500 success=false durationMs=1515
2026-07-29 16:00:07.465 +02:00 [WRN] MRA EIS HTTP 500 for POST "https://dev-eis-api.mra.mw/api/v1/utilities/ping". RequestPayload=(empty). ResponseBody={"message":"An internal error occurred"}
2026-07-29 16:00:07.466 +02:00 [WRN] utilities/ping failed after 1569 ms
PointOfSale.Mra.Http.MraApiException: MRA EIS HTTP 500: Internal Server Error — An internal error occurred
   at PointOfSale.Infrastructure.Services.MraApiClient.SendAsync[TResponse](HttpRequestMessage request, String auditRequestBody, CancellationToken cancellationToken) in C:\Users\Albert Zee\Documents\Projects\Point Of Sale\src\PointOfSale.Infrastructure\Services\MraApiClient.cs:line 314
   at PointOfSale.Infrastructure.Services.MraApiClient.PostEmptyAsync[TResponse](String relativePath, MraRequestContext context, CancellationToken cancellationToken) in C:\Users\Albert Zee\Documents\Projects\Point Of Sale\src\PointOfSale.Infrastructure\Services\MraApiClient.cs:line 223
   at PointOfSale.Infrastructure.Services.MraEisPingService.PingAsync(CancellationToken cancellationToken) in C:\Users\Albert Zee\Documents\Projects\Point Of Sale\src\PointOfSale.Infrastructure\Services\MraEisPingService.cs:line 48
2026-07-29 16:00:07.466 +02:00 [WRN] ART Diagnostic MraConnectivity MraEis 1569 Unreachable: MRA ping failed in 1569 ms: MRA EIS HTTP 500: Internal Server Error — An internal error occurred
2026-07-29 16:00:07.484 +02:00 [INF] MRA POST /api/v1/utilities/ping status=500 success=false durationMs=156
2026-07-29 16:00:07.587 +02:00 [INF] MRA EIS POST "https://dev-eis-api.mra.mw/api/v1/utilities/ping"
2026-07-29 16:00:07.654 +02:00 [INF] MRA POST /api/v1/utilities/ping status=500 success=false durationMs=78
2026-07-29 16:00:07.991 +02:00 [WRN] MRA EIS HTTP 500 for POST "https://dev-eis-api.mra.mw/api/v1/utilities/ping". RequestPayload=(empty). ResponseBody={"message":"An internal error occurred"}
2026-07-29 16:00:07.992 +02:00 [WRN] utilities/ping failed after 663 ms
PointOfSale.Mra.Http.MraApiException: MRA EIS HTTP 500: Internal Server Error — An internal error occurred
   at PointOfSale.Infrastructure.Services.MraApiClient.SendAsync[TResponse](HttpRequestMessage request, String auditRequestBody, CancellationToken cancellationToken) in C:\Users\Albert Zee\Documents\Projects\Point Of Sale\src\PointOfSale.Infrastructure\Services\MraApiClient.cs:line 314
   at PointOfSale.Infrastructure.Services.MraApiClient.PostEmptyAsync[TResponse](String relativePath, MraRequestContext context, CancellationToken cancellationToken) in C:\Users\Albert Zee\Documents\Projects\Point Of Sale\src\PointOfSale.Infrastructure\Services\MraApiClient.cs:line 223
   at PointOfSale.Infrastructure.Services.MraEisPingService.PingAsync(CancellationToken cancellationToken) in C:\Users\Albert Zee\Documents\Projects\Point Of Sale\src\PointOfSale.Infrastructure\Services\MraEisPingService.cs:line 48
2026-07-29 16:00:07.992 +02:00 [WRN] ART Diagnostic MraConnectivity MraEis 663 Unreachable: MRA ping failed in 663 ms: MRA EIS HTTP 500: Internal Server Error — An internal error occurred
2026-07-29 16:00:08.008 +02:00 [WRN] ART Diagnostic HealthCheck HealthCheckWorker 1 null: Degraded: MRA.
2026-07-29 16:00:08.016 +02:00 [WRN] Health check degraded: Degraded: MRA.
2026-07-29 16:00:08.768 +02:00 [WRN] MRA EIS HTTP 500 for POST "https://dev-eis-api.mra.mw/api/v1/utilities/ping". RequestPayload=(empty). ResponseBody={"message":"An internal error occurred"}
2026-07-29 16:00:08.768 +02:00 [WRN] utilities/ping failed after 1181 ms
PointOfSale.Mra.Http.MraApiException: MRA EIS HTTP 500: Internal Server Error — An internal error occurred
   at PointOfSale.Infrastructure.Services.MraApiClient.SendAsync[TResponse](HttpRequestMessage request, String auditRequestBody, CancellationToken cancellationToken) in C:\Users\Albert Zee\Documents\Projects\Point Of Sale\src\PointOfSale.Infrastructure\Services\MraApiClient.cs:line 314
   at PointOfSale.Infrastructure.Services.MraApiClient.PostEmptyAsync[TResponse](String relativePath, MraRequestContext context, CancellationToken cancellationToken) in C:\Users\Albert Zee\Documents\Projects\Point Of Sale\src\PointOfSale.Infrastructure\Services\MraApiClient.cs:line 223
   at PointOfSale.Infrastructure.Services.MraEisPingService.PingAsync(CancellationToken cancellationToken) in C:\Users\Albert Zee\Documents\Projects\Point Of Sale\src\PointOfSale.Infrastructure\Services\MraEisPingService.cs:line 48
2026-07-29 16:00:08.775 +02:00 [WRN] ART Diagnostic HealthCheck HealthCheckWorker 0 null: Degraded: MRA.
2026-07-29 16:00:08.871 +02:00 [INF] MRA EIS POST "https://dev-eis-api.mra.mw/api/v1/utilities/ping"
2026-07-29 16:00:09.001 +02:00 [INF] MRA POST /api/v1/utilities/ping status=500 success=false durationMs=141
2026-07-29 16:00:09.009 +02:00 [WRN] MRA EIS HTTP 500 for POST "https://dev-eis-api.mra.mw/api/v1/utilities/ping". RequestPayload=(empty). ResponseBody={"message":"An internal error occurred"}
2026-07-29 16:00:09.009 +02:00 [WRN] utilities/ping failed after 138 ms
PointOfSale.Mra.Http.MraApiException: MRA EIS HTTP 500: Internal Server Error — An internal error occurred
   at PointOfSale.Infrastructure.Services.MraApiClient.SendAsync[TResponse](HttpRequestMessage request, String auditRequestBody, CancellationToken cancellationToken) in C:\Users\Albert Zee\Documents\Projects\Point Of Sale\src\PointOfSale.Infrastructure\Services\MraApiClient.cs:line 314
   at PointOfSale.Infrastructure.Services.MraApiClient.PostEmptyAsync[TResponse](String relativePath, MraRequestContext context, CancellationToken cancellationToken) in C:\Users\Albert Zee\Documents\Projects\Point Of Sale\src\PointOfSale.Infrastructure\Services\MraApiClient.cs:line 223
   at PointOfSale.Infrastructure.Services.MraEisPingService.PingAsync(CancellationToken cancellationToken) in C:\Users\Albert Zee\Documents\Projects\Point Of Sale\src\PointOfSale.Infrastructure\Services\MraEisPingService.cs:line 48
2026-07-29 16:00:09.071 +02:00 [INF] ART Diagnostic WorkerHeartbeat SystemHealthMonitorService null null: MRA EIS API gateway is unreachable.
2026-07-29 16:00:09.183 +02:00 [WRN] System health degraded: MRA EIS API gateway is unreachable.
2026-07-29 16:00:12.462 +02:00 [INF] MRA EIS POST "https://dev-eis-api.mra.mw/api/v1/utilities/ping"
2026-07-29 16:00:12.529 +02:00 [INF] MRA POST /api/v1/utilities/ping status=500 success=false durationMs=78
2026-07-29 16:00:12.683 +02:00 [WRN] MRA EIS HTTP 500 for POST "https://dev-eis-api.mra.mw/api/v1/utilities/ping". RequestPayload=(empty). ResponseBody={"message":"An internal error occurred"}
2026-07-29 16:00:12.683 +02:00 [WRN] utilities/ping failed after 221 ms
PointOfSale.Mra.Http.MraApiException: MRA EIS HTTP 500: Internal Server Error — An internal error occurred
   at PointOfSale.Infrastructure.Services.MraApiClient.SendAsync[TResponse](HttpRequestMessage request, String auditRequestBody, CancellationToken cancellationToken) in C:\Users\Albert Zee\Documents\Projects\Point Of Sale\src\PointOfSale.Infrastructure\Services\MraApiClient.cs:line 314
   at PointOfSale.Infrastructure.Services.MraApiClient.PostEmptyAsync[TResponse](String relativePath, MraRequestContext context, CancellationToken cancellationToken) in C:\Users\Albert Zee\Documents\Projects\Point Of Sale\src\PointOfSale.Infrastructure\Services\MraApiClient.cs:line 223
   at PointOfSale.Infrastructure.Services.MraEisPingService.PingAsync(CancellationToken cancellationToken) in C:\Users\Albert Zee\Documents\Projects\Point Of Sale\src\PointOfSale.Infrastructure\Services\MraEisPingService.cs:line 48
2026-07-29 16:00:13.015 +02:00 [INF] Inventory alert scan complete: 8 products, low=0, stockout=0, overstock=0, fast=0.
2026-07-29 16:00:32.455 +02:00 [INF] MRA EIS POST "https://dev-eis-api.mra.mw/api/v1/utilities/ping"
2026-07-29 16:00:32.515 +02:00 [INF] MRA POST /api/v1/utilities/ping status=500 success=false durationMs=47
2026-07-29 16:00:32.565 +02:00 [WRN] MRA EIS HTTP 500 for POST "https://dev-eis-api.mra.mw/api/v1/utilities/ping". RequestPayload=(empty). ResponseBody={"message":"An internal error occurred"}
2026-07-29 16:00:32.565 +02:00 [WRN] utilities/ping failed after 110 ms
PointOfSale.Mra.Http.MraApiException: MRA EIS HTTP 500: Internal Server Error — An internal error occurred
   at PointOfSale.Infrastructure.Services.MraApiClient.SendAsync[TResponse](HttpRequestMessage request, String auditRequestBody, CancellationToken cancellationToken) in C:\Users\Albert Zee\Documents\Projects\Point Of Sale\src\PointOfSale.Infrastructure\Services\MraApiClient.cs:line 314
   at PointOfSale.Infrastructure.Services.MraApiClient.PostEmptyAsync[TResponse](String relativePath, MraRequestContext context, CancellationToken cancellationToken) in C:\Users\Albert Zee\Documents\Projects\Point Of Sale\src\PointOfSale.Infrastructure\Services\MraApiClient.cs:line 223
   at PointOfSale.Infrastructure.Services.MraEisPingService.PingAsync(CancellationToken cancellationToken) in C:\Users\Albert Zee\Documents\Projects\Point Of Sale\src\PointOfSale.Infrastructure\Services\MraEisPingService.cs:line 48
2026-07-29 16:00:52.478 +02:00 [INF] MRA EIS POST "https://dev-eis-api.mra.mw/api/v1/utilities/ping"
2026-07-29 16:00:53.013 +02:00 [INF] ART Diagnostic WorkerHeartbeat HealthCheckWorker null null: Heartbeat
2026-07-29 16:00:53.040 +02:00 [INF] MRA POST /api/v1/utilities/ping status=500 success=false durationMs=562
2026-07-29 16:00:54.172 +02:00 [INF] ART Diagnostic DatabaseLatency SqlExpress 1 null: SQL round-trip 1 ms
2026-07-29 16:00:54.554 +02:00 [WRN] MRA EIS HTTP 500 for POST "https://dev-eis-api.mra.mw/api/v1/utilities/ping". RequestPayload=(empty). ResponseBody={"message":"An internal error occurred"}
2026-07-29 16:00:54.554 +02:00 [WRN] utilities/ping failed after 2076 ms
PointOfSale.Mra.Http.MraApiException: MRA EIS HTTP 500: Internal Server Error — An internal error occurred
   at PointOfSale.Infrastructure.Services.MraApiClient.SendAsync[TResponse](HttpRequestMessage request, String auditRequestBody, CancellationToken cancellationToken) in C:\Users\Albert Zee\Documents\Projects\Point Of Sale\src\PointOfSale.Infrastructure\Services\MraApiClient.cs:line 314
   at PointOfSale.Infrastructure.Services.MraApiClient.PostEmptyAsync[TResponse](String relativePath, MraRequestContext context, CancellationToken cancellationToken) in C:\Users\Albert Zee\Documents\Projects\Point Of Sale\src\PointOfSale.Infrastructure\Services\MraApiClient.cs:line 223
   at PointOfSale.Infrastructure.Services.MraEisPingService.PingAsync(CancellationToken cancellationToken) in C:\Users\Albert Zee\Documents\Projects\Point Of Sale\src\PointOfSale.Infrastructure\Services\MraEisPingService.cs:line 48
2026-07-29 16:00:54.555 +02:00 [INF] ART Diagnostic DatabaseLatency SqlExpress 0 null: SQL round-trip 0 ms
2026-07-29 16:00:54.607 +02:00 [INF] MRA EIS POST "https://dev-eis-api.mra.mw/api/v1/utilities/ping"
2026-07-29 16:00:54.704 +02:00 [INF] MRA POST /api/v1/utilities/ping status=500 success=false durationMs=110
2026-07-29 16:00:54.883 +02:00 [WRN] MRA EIS HTTP 500 for POST "https://dev-eis-api.mra.mw/api/v1/utilities/ping". RequestPayload=(empty). ResponseBody={"message":"An internal error occurred"}
2026-07-29 16:00:54.883 +02:00 [WRN] utilities/ping failed after 276 ms
PointOfSale.Mra.Http.MraApiException: MRA EIS HTTP 500: Internal Server Error — An internal error occurred
   at PointOfSale.Infrastructure.Services.MraApiClient.SendAsync[TResponse](HttpRequestMessage request, String auditRequestBody, CancellationToken cancellationToken) in C:\Users\Albert Zee\Documents\Projects\Point Of Sale\src\PointOfSale.Infrastructure\Services\MraApiClient.cs:line 314
   at PointOfSale.Infrastructure.Services.MraApiClient.PostEmptyAsync[TResponse](String relativePath, MraRequestContext context, CancellationToken cancellationToken) in C:\Users\Albert Zee\Documents\Projects\Point Of Sale\src\PointOfSale.Infrastructure\Services\MraApiClient.cs:line 223
   at PointOfSale.Infrastructure.Services.MraEisPingService.PingAsync(CancellationToken cancellationToken) in C:\Users\Albert Zee\Documents\Projects\Point Of Sale\src\PointOfSale.Infrastructure\Services\MraEisPingService.cs:line 48
2026-07-29 16:00:54.884 +02:00 [WRN] ART Diagnostic MraConnectivity MraEis 276 Unreachable: MRA ping failed in 276 ms: MRA EIS HTTP 500: Internal Server Error — An internal error occurred
2026-07-29 16:00:55.083 +02:00 [INF] MRA EIS POST "https://dev-eis-api.mra.mw/api/v1/utilities/ping"
2026-07-29 16:00:55.180 +02:00 [INF] MRA POST /api/v1/utilities/ping status=500 success=false durationMs=94
2026-07-29 16:00:55.543 +02:00 [WRN] MRA EIS HTTP 500 for POST "https://dev-eis-api.mra.mw/api/v1/utilities/ping". RequestPayload=(empty). ResponseBody={"message":"An internal error occurred"}
2026-07-29 16:00:55.543 +02:00 [WRN] utilities/ping failed after 460 ms
PointOfSale.Mra.Http.MraApiException: MRA EIS HTTP 500: Internal Server Error — An internal error occurred
   at PointOfSale.Infrastructure.Services.MraApiClient.SendAsync[TResponse](HttpRequestMessage request, String auditRequestBody, CancellationToken cancellationToken) in C:\Users\Albert Zee\Documents\Projects\Point Of Sale\src\PointOfSale.Infrastructure\Services\MraApiClient.cs:line 314
   at PointOfSale.Infrastructure.Services.MraApiClient.PostEmptyAsync[TResponse](String relativePath, MraRequestContext context, CancellationToken cancellationToken) in C:\Users\Albert Zee\Documents\Projects\Point Of Sale\src\PointOfSale.Infrastructure\Services\MraApiClient.cs:line 223
   at PointOfSale.Infrastructure.Services.MraEisPingService.PingAsync(CancellationToken cancellationToken) in C:\Users\Albert Zee\Documents\Projects\Point Of Sale\src\PointOfSale.Infrastructure\Services\MraEisPingService.cs:line 48
2026-07-29 16:00:55.544 +02:00 [WRN] ART Diagnostic MraConnectivity MraEis 460 Unreachable: MRA ping failed in 460 ms: MRA EIS HTTP 500: Internal Server Error — An internal error occurred
2026-07-29 16:00:55.631 +02:00 [INF] MRA EIS POST "https://dev-eis-api.mra.mw/api/v1/utilities/ping"
2026-07-29 16:00:55.857 +02:00 [INF] MRA POST /api/v1/utilities/ping status=500 success=false durationMs=218
2026-07-29 16:00:55.959 +02:00 [WRN] MRA EIS HTTP 500 for POST "https://dev-eis-api.mra.mw/api/v1/utilities/ping". RequestPayload=(empty). ResponseBody={"message":"An internal error occurred"}
2026-07-29 16:00:55.960 +02:00 [WRN] utilities/ping failed after 328 ms
PointOfSale.Mra.Http.MraApiException: MRA EIS HTTP 500: Internal Server Error — An internal error occurred
   at PointOfSale.Infrastructure.Services.MraApiClient.SendAsync[TResponse](HttpRequestMessage request, String auditRequestBody, CancellationToken cancellationToken) in C:\Users\Albert Zee\Documents\Projects\Point Of Sale\src\PointOfSale.Infrastructure\Services\MraApiClient.cs:line 314
   at PointOfSale.Infrastructure.Services.MraApiClient.PostEmptyAsync[TResponse](String relativePath, MraRequestContext context, CancellationToken cancellationToken) in C:\Users\Albert Zee\Documents\Projects\Point Of Sale\src\PointOfSale.Infrastructure\Services\MraApiClient.cs:line 223
   at PointOfSale.Infrastructure.Services.MraEisPingService.PingAsync(CancellationToken cancellationToken) in C:\Users\Albert Zee\Documents\Projects\Point Of Sale\src\PointOfSale.Infrastructure\Services\MraEisPingService.cs:line 48
2026-07-29 16:00:55.979 +02:00 [WRN] ART Diagnostic HealthCheck HealthCheckWorker 1 null: Degraded: MRA.
2026-07-29 16:00:56.063 +02:00 [WRN] Performance profiling iteration failed.
Microsoft.Data.SqlClient.SqlException (0x80131904): Execution Timeout Expired.  The timeout period elapsed prior to completion of the operation or the server is not responding.
 ---> System.ComponentModel.Win32Exception (258): The wait operation timed out.
   at System.Threading.Tasks.ContinuationResultTaskFromResultTask`2.InnerInvoke()
   at System.Threading.ExecutionContext.RunInternal(ExecutionContext executionContext, ContextCallback callback, Object state)
--- End of stack trace from previous location ---
   at System.Threading.ExecutionContext.RunInternal(ExecutionContext executionContext, ContextCallback callback, Object state)
   at System.Threading.Tasks.Task.ExecuteWithThreadLocal(Task& currentTaskSlot, Thread threadPoolThread)
--- End of stack trace from previous location ---
   at Dapper.SqlMapper.QueryAsync[T](IDbConnection cnn, Type effectiveType, CommandDefinition command) in /_/Dapper/SqlMapper.Async.cs:line 434
   at PointOfSale.Infrastructure.Repositories.DiagnosticTelemetryRepository.GetRecentAsync(Int32 take, String categoryFilter, String severityFilter, String search, CancellationToken cancellationToken) in C:\Users\Albert Zee\Documents\Projects\Point Of Sale\src\PointOfSale.Infrastructure\Repositories\DiagnosticTelemetryRepository.cs:line 68
   at PointOfSale.Infrastructure.Repositories.DiagnosticTelemetryRepository.GetRecentAsync(Int32 take, String categoryFilter, String severityFilter, String search, CancellationToken cancellationToken) in C:\Users\Albert Zee\Documents\Projects\Point Of Sale\src\PointOfSale.Infrastructure\Repositories\DiagnosticTelemetryRepository.cs:line 84
   at PointOfSale.App.Services.PerformanceProfilingService.LoadErrorHistogramAsync(CancellationToken cancellationToken) in C:\Users\Albert Zee\Documents\Projects\Point Of Sale\src\PointOfSale.App\Services\PerformanceProfilingService.cs:line 294
   at PointOfSale.App.Services.PerformanceProfilingService.CaptureSnapshotAsync(CancellationToken cancellationToken) in C:\Users\Albert Zee\Documents\Projects\Point Of Sale\src\PointOfSale.App\Services\PerformanceProfilingService.cs:line 110
   at PointOfSale.App.Services.PerformanceProfilingBackgroundService.ExecuteAsync(CancellationToken stoppingToken) in C:\Users\Albert Zee\Documents\Projects\Point Of Sale\src\PointOfSale.App\Services\PerformanceProfilingBackgroundService.cs:line 59
ClientConnectionId:edd93e00-76e5-4acd-a411-65ca05568620
Error Number:-2,State:0,Class:11
2026-07-29 16:00:56.149 +02:00 [WRN] ART Diagnostic HealthCheck HealthCheckWorker 0 null: Degraded: MRA.
2026-07-29 16:00:56.194 +02:00 [INF] MRA EIS POST "https://dev-eis-api.mra.mw/api/v1/utilities/ping"
2026-07-29 16:00:56.259 +02:00 [INF] MRA POST /api/v1/utilities/ping status=500 success=false durationMs=63
2026-07-29 16:00:56.719 +02:00 [WRN] MRA EIS HTTP 500 for POST "https://dev-eis-api.mra.mw/api/v1/utilities/ping". RequestPayload=(empty). ResponseBody={"message":"An internal error occurred"}
2026-07-29 16:00:56.719 +02:00 [WRN] Health check degraded: Degraded: MRA.
2026-07-29 16:00:56.720 +02:00 [WRN] utilities/ping failed after 525 ms
PointOfSale.Mra.Http.MraApiException: MRA EIS HTTP 500: Internal Server Error — An internal error occurred
   at PointOfSale.Infrastructure.Services.MraApiClient.SendAsync[TResponse](HttpRequestMessage request, String auditRequestBody, CancellationToken cancellationToken) in C:\Users\Albert Zee\Documents\Projects\Point Of Sale\src\PointOfSale.Infrastructure\Services\MraApiClient.cs:line 314
   at PointOfSale.Infrastructure.Services.MraApiClient.PostEmptyAsync[TResponse](String relativePath, MraRequestContext context, CancellationToken cancellationToken) in C:\Users\Albert Zee\Documents\Projects\Point Of Sale\src\PointOfSale.Infrastructure\Services\MraApiClient.cs:line 223
   at PointOfSale.Infrastructure.Services.MraEisPingService.PingAsync(CancellationToken cancellationToken) in C:\Users\Albert Zee\Documents\Projects\Point Of Sale\src\PointOfSale.Infrastructure\Services\MraEisPingService.cs:line 48
2026-07-29 16:00:58.584 +02:00 [WRN] System health alert [MRA_UNREACHABLE] MRA EIS API gateway unreachable while internet is online.
2026-07-29 16:00:58.584 +02:00 [ERR] ART Diagnostic Exception HealthAlert:MRA_UNREACHABLE null null: MRA EIS API gateway unreachable while internet is online.
2026-07-29 16:00:59.699 +02:00 [INF] ART Diagnostic WorkerHeartbeat SystemHealthMonitorService null null: MRA EIS API gateway is unreachable.
2026-07-29 16:00:59.791 +02:00 [WRN] System health degraded: MRA EIS API gateway is unreachable.
2026-07-29 16:01:02.144 +02:00 [INF] MRA EIS POST "https://dev-eis-api.mra.mw/api/v1/configuration/get-latest-configs"
2026-07-29 16:01:02.144 +02:00 [INF] MRA EIS request payload for "https://dev-eis-api.mra.mw/api/v1/configuration/get-latest-configs": {}
2026-07-29 16:01:02.304 +02:00 [INF] MRA POST /api/v1/configuration/get-latest-configs status=500 success=false durationMs=157
2026-07-29 16:01:02.436 +02:00 [WRN] MRA EIS HTTP 500 for POST "https://dev-eis-api.mra.mw/api/v1/configuration/get-latest-configs". RequestPayload={}. ResponseBody={"message":"An internal error occurred"}
2026-07-29 16:01:02.438 +02:00 [WRN] get-latest-configs threw HTTP 500 for ART-SBX-B61182AD; attempting local activation fallback.
PointOfSale.Mra.Http.MraApiException: MRA EIS HTTP 500: Internal Server Error — An internal error occurred
   at PointOfSale.Infrastructure.Services.MraApiClient.SendAsync[TResponse](HttpRequestMessage request, String auditRequestBody, CancellationToken cancellationToken) in C:\Users\Albert Zee\Documents\Projects\Point Of Sale\src\PointOfSale.Infrastructure\Services\MraApiClient.cs:line 314
   at PointOfSale.Infrastructure.Services.MraApiClient.PostAsync[TRequest,TResponse](String relativePath, TRequest body, MraRequestContext context, CancellationToken cancellationToken) in C:\Users\Albert Zee\Documents\Projects\Point Of Sale\src\PointOfSale.Infrastructure\Services\MraApiClient.cs:line 83
   at PointOfSale.Infrastructure.Services.TerminalOnboardingService.GetLatestConfigsAsync(CancellationToken cancellationToken) in C:\Users\Albert Zee\Documents\Projects\Point Of Sale\src\PointOfSale.Infrastructure\Services\TerminalOnboardingService.cs:line 314
2026-07-29 16:01:02.822 +02:00 [WRN] Using local MRA config fallback for ART-SBX-B61182AD. ActivationState=Activated, hasSecretKey=true, hasCachedConfigs=true. Detail: Live get-latest-configs unavailable (HTTP 500). Using local activation for ART-SBX-B61182AD (ActivationState=Activated, LastSyncedAt=2026-07-22T18:08:46.1300000). MRA EIS HTTP 500: Internal Server Error — An internal error occurred
2026-07-29 16:01:02.824 +02:00 [WRN] Using local activation fallback fiscal identity (live get-latest-configs unavailable). sellerTIN=1234567890 siteId=City Center taxRateId=A. Live get-latest-configs unavailable (HTTP 500). Using local activation for ART-SBX-B61182AD (ActivationState=Activated, LastSyncedAt=2026-07-22T18:08:46.1300000). MRA EIS HTTP 500: Internal Server Error — An internal error occurred
2026-07-29 16:01:12.475 +02:00 [INF] MRA EIS POST "https://dev-eis-api.mra.mw/api/v1/utilities/ping"
2026-07-29 16:01:12.585 +02:00 [INF] MRA POST /api/v1/utilities/ping status=500 success=false durationMs=110
2026-07-29 16:01:13.038 +02:00 [INF] Inventory alert scan complete: 8 products, low=0, stockout=0, overstock=0, fast=0.
2026-07-29 16:01:13.722 +02:00 [WRN] MRA EIS HTTP 500 for POST "https://dev-eis-api.mra.mw/api/v1/utilities/ping". RequestPayload=(empty). ResponseBody={"message":"An internal error occurred"}
2026-07-29 16:01:13.723 +02:00 [WRN] utilities/ping failed after 1247 ms
PointOfSale.Mra.Http.MraApiException: MRA EIS HTTP 500: Internal Server Error — An internal error occurred
   at PointOfSale.Infrastructure.Services.MraApiClient.SendAsync[TResponse](HttpRequestMessage request, String auditRequestBody, CancellationToken cancellationToken) in C:\Users\Albert Zee\Documents\Projects\Point Of Sale\src\PointOfSale.Infrastructure\Services\MraApiClient.cs:line 314
   at PointOfSale.Infrastructure.Services.MraApiClient.PostEmptyAsync[TResponse](String relativePath, MraRequestContext context, CancellationToken cancellationToken) in C:\Users\Albert Zee\Documents\Projects\Point Of Sale\src\PointOfSale.Infrastructure\Services\MraApiClient.cs:line 223
   at PointOfSale.Infrastructure.Services.MraEisPingService.PingAsync(CancellationToken cancellationToken) in C:\Users\Albert Zee\Documents\Projects\Point Of Sale\src\PointOfSale.Infrastructure\Services\MraEisPingService.cs:line 48
2026-07-29 16:01:37.449 +02:00 [INF] MRA EIS POST "https://dev-eis-api.mra.mw/api/v1/utilities/ping"
2026-07-29 16:01:41.720 +02:00 [INF] ART Diagnostic WorkerHeartbeat HealthCheckWorker null null: Heartbeat
2026-07-29 16:01:41.886 +02:00 [INF] ART Diagnostic DatabaseLatency SqlExpress 1 null: SQL round-trip 1 ms
2026-07-29 16:01:42.547 +02:00 [INF] MRA EIS POST "https://dev-eis-api.mra.mw/api/v1/utilities/ping"
2026-07-29 16:01:44.800 +02:00 [INF] ART Diagnostic DatabaseLatency SqlExpress 1 null: SQL round-trip 1 ms
2026-07-29 16:01:45.594 +02:00 [INF] MRA EIS POST "https://dev-eis-api.mra.mw/api/v1/utilities/ping"
2026-07-29 16:01:56.187 +02:00 [WRN] Performance profiling iteration failed.
Microsoft.Data.SqlClient.SqlException (0x80131904): Execution Timeout Expired.  The timeout period elapsed prior to completion of the operation or the server is not responding.
 ---> System.ComponentModel.Win32Exception (258): The wait operation timed out.
   at System.Threading.Tasks.ContinuationResultTaskFromResultTask`2.InnerInvoke()
   at System.Threading.ExecutionContext.RunInternal(ExecutionContext executionContext, ContextCallback callback, Object state)
--- End of stack trace from previous location ---
   at System.Threading.ExecutionContext.RunInternal(ExecutionContext executionContext, ContextCallback callback, Object state)
   at System.Threading.Tasks.Task.ExecuteWithThreadLocal(Task& currentTaskSlot, Thread threadPoolThread)
--- End of stack trace from previous location ---
   at Dapper.SqlMapper.QueryAsync[T](IDbConnection cnn, Type effectiveType, CommandDefinition command) in /_/Dapper/SqlMapper.Async.cs:line 434
   at PointOfSale.Infrastructure.Repositories.DiagnosticTelemetryRepository.GetRecentAsync(Int32 take, String categoryFilter, String severityFilter, String search, CancellationToken cancellationToken) in C:\Users\Albert Zee\Documents\Projects\Point Of Sale\src\PointOfSale.Infrastructure\Repositories\DiagnosticTelemetryRepository.cs:line 68
   at PointOfSale.Infrastructure.Repositories.DiagnosticTelemetryRepository.GetRecentAsync(Int32 take, String categoryFilter, String severityFilter, String search, CancellationToken cancellationToken) in C:\Users\Albert Zee\Documents\Projects\Point Of Sale\src\PointOfSale.Infrastructure\Repositories\DiagnosticTelemetryRepository.cs:line 84
   at PointOfSale.App.Services.PerformanceProfilingService.LoadErrorHistogramAsync(CancellationToken cancellationToken) in C:\Users\Albert Zee\Documents\Projects\Point Of Sale\src\PointOfSale.App\Services\PerformanceProfilingService.cs:line 294
   at PointOfSale.App.Services.PerformanceProfilingService.CaptureSnapshotAsync(CancellationToken cancellationToken) in C:\Users\Albert Zee\Documents\Projects\Point Of Sale\src\PointOfSale.App\Services\PerformanceProfilingService.cs:line 110
   at PointOfSale.App.Services.PerformanceProfilingBackgroundService.ExecuteAsync(CancellationToken stoppingToken) in C:\Users\Albert Zee\Documents\Projects\Point Of Sale\src\PointOfSale.App\Services\PerformanceProfilingBackgroundService.cs:line 59
ClientConnectionId:5584efa8-d013-4191-8cd6-2669725f0eef
Error Number:-2,State:0,Class:11
2026-07-29 16:01:56.247 +02:00 [INF] MRA POST /api/v1/utilities/ping status=500 success=false durationMs=13687
2026-07-29 16:01:56.265 +02:00 [INF] MRA POST /api/v1/utilities/ping status=500 success=false durationMs=18813
2026-07-29 16:01:56.271 +02:00 [INF] MRA POST /api/v1/utilities/ping status=500 success=false durationMs=10672
2026-07-29 16:01:56.390 +02:00 [WRN] MRA EIS HTTP 500 for POST "https://dev-eis-api.mra.mw/api/v1/utilities/ping". RequestPayload=(empty). ResponseBody={"message":"An internal error occurred"}
2026-07-29 16:01:56.390 +02:00 [WRN] utilities/ping failed after 13843 ms
PointOfSale.Mra.Http.MraApiException: MRA EIS HTTP 500: Internal Server Error — An internal error occurred
   at PointOfSale.Infrastructure.Services.MraApiClient.SendAsync[TResponse](HttpRequestMessage request, String auditRequestBody, CancellationToken cancellationToken) in C:\Users\Albert Zee\Documents\Projects\Point Of Sale\src\PointOfSale.Infrastructure\Services\MraApiClient.cs:line 314
   at PointOfSale.Infrastructure.Services.MraApiClient.PostEmptyAsync[TResponse](String relativePath, MraRequestContext context, CancellationToken cancellationToken) in C:\Users\Albert Zee\Documents\Projects\Point Of Sale\src\PointOfSale.Infrastructure\Services\MraApiClient.cs:line 223
   at PointOfSale.Infrastructure.Services.MraEisPingService.PingAsync(CancellationToken cancellationToken) in C:\Users\Albert Zee\Documents\Projects\Point Of Sale\src\PointOfSale.Infrastructure\Services\MraEisPingService.cs:line 48
2026-07-29 16:01:56.391 +02:00 [WRN] ART Diagnostic MraConnectivity MraEis 13843 Unreachable: MRA ping failed in 13843 ms: MRA EIS HTTP 500: Internal Server Error — An internal error occurred
2026-07-29 16:01:56.911 +02:00 [WRN] ART Diagnostic HealthCheck HealthCheckWorker 1 null: Degraded: MRA.
2026-07-29 16:01:58.200 +02:00 [WRN] MRA EIS HTTP 500 for POST "https://dev-eis-api.mra.mw/api/v1/utilities/ping". RequestPayload=(empty). ResponseBody={"message":"An internal error occurred"}
2026-07-29 16:01:58.200 +02:00 [WRN] MRA EIS HTTP 500 for POST "https://dev-eis-api.mra.mw/api/v1/utilities/ping". RequestPayload=(empty). ResponseBody={"message":"An internal error occurred"}
2026-07-29 16:01:58.200 +02:00 [WRN] utilities/ping failed after 12605 ms
PointOfSale.Mra.Http.MraApiException: MRA EIS HTTP 500: Internal Server Error — An internal error occurred
   at PointOfSale.Infrastructure.Services.MraApiClient.SendAsync[TResponse](HttpRequestMessage request, String auditRequestBody, CancellationToken cancellationToken) in C:\Users\Albert Zee\Documents\Projects\Point Of Sale\src\PointOfSale.Infrastructure\Services\MraApiClient.cs:line 314
   at PointOfSale.Infrastructure.Services.MraApiClient.PostEmptyAsync[TResponse](String relativePath, MraRequestContext context, CancellationToken cancellationToken) in C:\Users\Albert Zee\Documents\Projects\Point Of Sale\src\PointOfSale.Infrastructure\Services\MraApiClient.cs:line 223
   at PointOfSale.Infrastructure.Services.MraEisPingService.PingAsync(CancellationToken cancellationToken) in C:\Users\Albert Zee\Documents\Projects\Point Of Sale\src\PointOfSale.Infrastructure\Services\MraEisPingService.cs:line 48
2026-07-29 16:01:58.200 +02:00 [WRN] utilities/ping failed after 20751 ms
PointOfSale.Mra.Http.MraApiException: MRA EIS HTTP 500: Internal Server Error — An internal error occurred
   at PointOfSale.Infrastructure.Services.MraApiClient.SendAsync[TResponse](HttpRequestMessage request, String auditRequestBody, CancellationToken cancellationToken) in C:\Users\Albert Zee\Documents\Projects\Point Of Sale\src\PointOfSale.Infrastructure\Services\MraApiClient.cs:line 314
   at PointOfSale.Infrastructure.Services.MraApiClient.PostEmptyAsync[TResponse](String relativePath, MraRequestContext context, CancellationToken cancellationToken) in C:\Users\Albert Zee\Documents\Projects\Point Of Sale\src\PointOfSale.Infrastructure\Services\MraApiClient.cs:line 223
   at PointOfSale.Infrastructure.Services.MraEisPingService.PingAsync(CancellationToken cancellationToken) in C:\Users\Albert Zee\Documents\Projects\Point Of Sale\src\PointOfSale.Infrastructure\Services\MraEisPingService.cs:line 48
2026-07-29 16:01:58.201 +02:00 [WRN] ART Diagnostic MraConnectivity MraEis 12605 Unreachable: MRA ping failed in 12605 ms: MRA EIS HTTP 500: Internal Server Error — An internal error occurred
2026-07-29 16:01:58.207 +02:00 [WRN] Health check degraded: Degraded: MRA.
2026-07-29 16:01:58.532 +02:00 [INF] MRA EIS POST "https://dev-eis-api.mra.mw/api/v1/utilities/ping"
2026-07-29 16:01:58.610 +02:00 [INF] MRA POST /api/v1/utilities/ping status=500 success=false durationMs=78
2026-07-29 16:01:58.695 +02:00 [WRN] MRA EIS HTTP 500 for POST "https://dev-eis-api.mra.mw/api/v1/utilities/ping". RequestPayload=(empty). ResponseBody={"message":"An internal error occurred"}
2026-07-29 16:01:58.696 +02:00 [WRN] utilities/ping failed after 164 ms
PointOfSale.Mra.Http.MraApiException: MRA EIS HTTP 500: Internal Server Error — An internal error occurred
   at PointOfSale.Infrastructure.Services.MraApiClient.SendAsync[TResponse](HttpRequestMessage request, String auditRequestBody, CancellationToken cancellationToken) in C:\Users\Albert Zee\Documents\Projects\Point Of Sale\src\PointOfSale.Infrastructure\Services\MraApiClient.cs:line 314
   at PointOfSale.Infrastructure.Services.MraApiClient.PostEmptyAsync[TResponse](String relativePath, MraRequestContext context, CancellationToken cancellationToken) in C:\Users\Albert Zee\Documents\Projects\Point Of Sale\src\PointOfSale.Infrastructure\Services\MraApiClient.cs:line 223
   at PointOfSale.Infrastructure.Services.MraEisPingService.PingAsync(CancellationToken cancellationToken) in C:\Users\Albert Zee\Documents\Projects\Point Of Sale\src\PointOfSale.Infrastructure\Services\MraEisPingService.cs:line 48
2026-07-29 16:01:58.703 +02:00 [WRN] ART Diagnostic HealthCheck HealthCheckWorker 1 null: Degraded: MRA.
2026-07-29 16:01:59.404 +02:00 [INF] MRA EIS POST "https://dev-eis-api.mra.mw/api/v1/utilities/ping"
2026-07-29 16:01:59.451 +02:00 [INF] MRA POST /api/v1/utilities/ping status=500 success=false durationMs=47
2026-07-29 16:02:00.731 +02:00 [WRN] MRA EIS HTTP 500 for POST "https://dev-eis-api.mra.mw/api/v1/utilities/ping". RequestPayload=(empty). ResponseBody={"message":"An internal error occurred"}
2026-07-29 16:02:00.731 +02:00 [WRN] utilities/ping failed after 1327 ms
PointOfSale.Mra.Http.MraApiException: MRA EIS HTTP 500: Internal Server Error — An internal error occurred
   at PointOfSale.Infrastructure.Services.MraApiClient.SendAsync[TResponse](HttpRequestMessage request, String auditRequestBody, CancellationToken cancellationToken) in C:\Users\Albert Zee\Documents\Projects\Point Of Sale\src\PointOfSale.Infrastructure\Services\MraApiClient.cs:line 314
   at PointOfSale.Infrastructure.Services.MraApiClient.PostEmptyAsync[TResponse](String relativePath, MraRequestContext context, CancellationToken cancellationToken) in C:\Users\Albert Zee\Documents\Projects\Point Of Sale\src\PointOfSale.Infrastructure\Services\MraApiClient.cs:line 223
   at PointOfSale.Infrastructure.Services.MraEisPingService.PingAsync(CancellationToken cancellationToken) in C:\Users\Albert Zee\Documents\Projects\Point Of Sale\src\PointOfSale.Infrastructure\Services\MraEisPingService.cs:line 48
2026-07-29 16:02:00.783 +02:00 [INF] ART Diagnostic WorkerHeartbeat SystemHealthMonitorService null null: MRA EIS API gateway is unreachable.
2026-07-29 16:02:00.788 +02:00 [WRN] System health degraded: MRA EIS API gateway is unreachable.
2026-07-29 16:02:12.483 +02:00 [INF] MRA EIS POST "https://dev-eis-api.mra.mw/api/v1/utilities/ping"
2026-07-29 16:02:12.676 +02:00 [INF] MRA POST /api/v1/utilities/ping status=500 success=false durationMs=188
2026-07-29 16:02:13.006 +02:00 [WRN] MRA EIS HTTP 500 for POST "https://dev-eis-api.mra.mw/api/v1/utilities/ping". RequestPayload=(empty). ResponseBody={"message":"An internal error occurred"}
2026-07-29 16:02:13.006 +02:00 [WRN] utilities/ping failed after 523 ms
PointOfSale.Mra.Http.MraApiException: MRA EIS HTTP 500: Internal Server Error — An internal error occurred
   at PointOfSale.Infrastructure.Services.MraApiClient.SendAsync[TResponse](HttpRequestMessage request, String auditRequestBody, CancellationToken cancellationToken) in C:\Users\Albert Zee\Documents\Projects\Point Of Sale\src\PointOfSale.Infrastructure\Services\MraApiClient.cs:line 314
   at PointOfSale.Infrastructure.Services.MraApiClient.PostEmptyAsync[TResponse](String relativePath, MraRequestContext context, CancellationToken cancellationToken) in C:\Users\Albert Zee\Documents\Projects\Point Of Sale\src\PointOfSale.Infrastructure\Services\MraApiClient.cs:line 223
   at PointOfSale.Infrastructure.Services.MraEisPingService.PingAsync(CancellationToken cancellationToken) in C:\Users\Albert Zee\Documents\Projects\Point Of Sale\src\PointOfSale.Infrastructure\Services\MraEisPingService.cs:line 48
2026-07-29 16:02:13.722 +02:00 [INF] Inventory alert scan complete: 8 products, low=0, stockout=0, overstock=0, fast=0.
2026-07-29 16:02:32.454 +02:00 [INF] MRA EIS POST "https://dev-eis-api.mra.mw/api/v1/utilities/ping"
2026-07-29 16:02:43.210 +02:00 [INF] ART Diagnostic WorkerHeartbeat HealthCheckWorker null null: Heartbeat
2026-07-29 16:02:43.747 +02:00 [INF] ART Diagnostic DatabaseLatency SqlExpress 18 null: SQL round-trip 18 ms
2026-07-29 16:02:43.935 +02:00 [INF] MRA EIS POST "https://dev-eis-api.mra.mw/api/v1/utilities/ping"
2026-07-29 16:02:45.785 +02:00 [INF] ART Diagnostic DatabaseLatency SqlExpress 0 null: SQL round-trip 0 ms
2026-07-29 16:02:47.254 +02:00 [INF] MRA EIS POST "https://dev-eis-api.mra.mw/api/v1/utilities/ping"
2026-07-29 16:02:54.388 +02:00 [INF] MRA POST /api/v1/utilities/ping status=500 success=false durationMs=21938
2026-07-29 16:02:54.553 +02:00 [INF] MRA POST /api/v1/utilities/ping status=500 success=false durationMs=10625
2026-07-29 16:02:54.622 +02:00 [INF] MRA POST /api/v1/utilities/ping status=500 success=false durationMs=7359
2026-07-29 16:02:55.063 +02:00 [WRN] MRA EIS HTTP 500 for POST "https://dev-eis-api.mra.mw/api/v1/utilities/ping". RequestPayload=(empty). ResponseBody={"message":"An internal error occurred"}
2026-07-29 16:02:55.064 +02:00 [WRN] utilities/ping failed after 22609 ms
PointOfSale.Mra.Http.MraApiException: MRA EIS HTTP 500: Internal Server Error — An internal error occurred
   at PointOfSale.Infrastructure.Services.MraApiClient.SendAsync[TResponse](HttpRequestMessage request, String auditRequestBody, CancellationToken cancellationToken) in C:\Users\Albert Zee\Documents\Projects\Point Of Sale\src\PointOfSale.Infrastructure\Services\MraApiClient.cs:line 314
   at PointOfSale.Infrastructure.Services.MraApiClient.PostEmptyAsync[TResponse](String relativePath, MraRequestContext context, CancellationToken cancellationToken) in C:\Users\Albert Zee\Documents\Projects\Point Of Sale\src\PointOfSale.Infrastructure\Services\MraApiClient.cs:line 223
   at PointOfSale.Infrastructure.Services.MraEisPingService.PingAsync(CancellationToken cancellationToken) in C:\Users\Albert Zee\Documents\Projects\Point Of Sale\src\PointOfSale.Infrastructure\Services\MraEisPingService.cs:line 48
2026-07-29 16:02:55.116 +02:00 [WRN] MRA EIS HTTP 500 for POST "https://dev-eis-api.mra.mw/api/v1/utilities/ping". RequestPayload=(empty). ResponseBody={"message":"An internal error occurred"}
2026-07-29 16:02:55.117 +02:00 [WRN] utilities/ping failed after 11181 ms
PointOfSale.Mra.Http.MraApiException: MRA EIS HTTP 500: Internal Server Error — An internal error occurred
   at PointOfSale.Infrastructure.Services.MraApiClient.SendAsync[TResponse](HttpRequestMessage request, String auditRequestBody, CancellationToken cancellationToken) in C:\Users\Albert Zee\Documents\Projects\Point Of Sale\src\PointOfSale.Infrastructure\Services\MraApiClient.cs:line 314
   at PointOfSale.Infrastructure.Services.MraApiClient.PostEmptyAsync[TResponse](String relativePath, MraRequestContext context, CancellationToken cancellationToken) in C:\Users\Albert Zee\Documents\Projects\Point Of Sale\src\PointOfSale.Infrastructure\Services\MraApiClient.cs:line 223
   at PointOfSale.Infrastructure.Services.MraEisPingService.PingAsync(CancellationToken cancellationToken) in C:\Users\Albert Zee\Documents\Projects\Point Of Sale\src\PointOfSale.Infrastructure\Services\MraEisPingService.cs:line 48
2026-07-29 16:02:55.117 +02:00 [WRN] ART Diagnostic MraConnectivity MraEis 11181 Unreachable: MRA ping failed in 11181 ms: MRA EIS HTTP 500: Internal Server Error — An internal error occurred
2026-07-29 16:02:55.119 +02:00 [WRN] MRA EIS HTTP 500 for POST "https://dev-eis-api.mra.mw/api/v1/utilities/ping". RequestPayload=(empty). ResponseBody={"message":"An internal error occurred"}
2026-07-29 16:02:55.119 +02:00 [WRN] utilities/ping failed after 7865 ms
PointOfSale.Mra.Http.MraApiException: MRA EIS HTTP 500: Internal Server Error — An internal error occurred
   at PointOfSale.Infrastructure.Services.MraApiClient.SendAsync[TResponse](HttpRequestMessage request, String auditRequestBody, CancellationToken cancellationToken) in C:\Users\Albert Zee\Documents\Projects\Point Of Sale\src\PointOfSale.Infrastructure\Services\MraApiClient.cs:line 314
   at PointOfSale.Infrastructure.Services.MraApiClient.PostEmptyAsync[TResponse](String relativePath, MraRequestContext context, CancellationToken cancellationToken) in C:\Users\Albert Zee\Documents\Projects\Point Of Sale\src\PointOfSale.Infrastructure\Services\MraApiClient.cs:line 223
   at PointOfSale.Infrastructure.Services.MraEisPingService.PingAsync(CancellationToken cancellationToken) in C:\Users\Albert Zee\Documents\Projects\Point Of Sale\src\PointOfSale.Infrastructure\Services\MraEisPingService.cs:line 48
2026-07-29 16:02:55.120 +02:00 [WRN] ART Diagnostic MraConnectivity MraEis 7865 Unreachable: MRA ping failed in 7865 ms: MRA EIS HTTP 500: Internal Server Error — An internal error occurred
2026-07-29 16:02:55.317 +02:00 [WRN] ART Diagnostic HealthCheck HealthCheckWorker 0 null: Degraded: MRA.
2026-07-29 16:02:55.461 +02:00 [INF] MRA EIS POST "https://dev-eis-api.mra.mw/api/v1/utilities/ping"
2026-07-29 16:02:55.504 +02:00 [INF] ART Diagnostic WorkerHeartbeat SystemHealthMonitorService null null: MRA EIS API gateway is unreachable.
2026-07-29 16:02:55.904 +02:00 [WRN] System health degraded: MRA EIS API gateway is unreachable.
2026-07-29 16:02:56.642 +02:00 [WRN] Performance profiling iteration failed.
Microsoft.Data.SqlClient.SqlException (0x80131904): Execution Timeout Expired.  The timeout period elapsed prior to completion of the operation or the server is not responding.
 ---> System.ComponentModel.Win32Exception (258): The wait operation timed out.
   at System.Threading.Tasks.ContinuationResultTaskFromResultTask`2.InnerInvoke()
   at System.Threading.ExecutionContext.RunInternal(ExecutionContext executionContext, ContextCallback callback, Object state)
--- End of stack trace from previous location ---
   at System.Threading.ExecutionContext.RunInternal(ExecutionContext executionContext, ContextCallback callback, Object state)
   at System.Threading.Tasks.Task.ExecuteWithThreadLocal(Task& currentTaskSlot, Thread threadPoolThread)
--- End of stack trace from previous location ---
   at Dapper.SqlMapper.QueryAsync[T](IDbConnection cnn, Type effectiveType, CommandDefinition command) in /_/Dapper/SqlMapper.Async.cs:line 434
   at PointOfSale.Infrastructure.Repositories.DiagnosticTelemetryRepository.GetRecentAsync(Int32 take, String categoryFilter, String severityFilter, String search, CancellationToken cancellationToken) in C:\Users\Albert Zee\Documents\Projects\Point Of Sale\src\PointOfSale.Infrastructure\Repositories\DiagnosticTelemetryRepository.cs:line 68
   at PointOfSale.Infrastructure.Repositories.DiagnosticTelemetryRepository.GetRecentAsync(Int32 take, String categoryFilter, String severityFilter, String search, CancellationToken cancellationToken) in C:\Users\Albert Zee\Documents\Projects\Point Of Sale\src\PointOfSale.Infrastructure\Repositories\DiagnosticTelemetryRepository.cs:line 84
   at PointOfSale.App.Services.PerformanceProfilingService.LoadErrorHistogramAsync(CancellationToken cancellationToken) in C:\Users\Albert Zee\Documents\Projects\Point Of Sale\src\PointOfSale.App\Services\PerformanceProfilingService.cs:line 294
   at PointOfSale.App.Services.PerformanceProfilingService.CaptureSnapshotAsync(CancellationToken cancellationToken) in C:\Users\Albert Zee\Documents\Projects\Point Of Sale\src\PointOfSale.App\Services\PerformanceProfilingService.cs:line 110
   at PointOfSale.App.Services.PerformanceProfilingBackgroundService.ExecuteAsync(CancellationToken stoppingToken) in C:\Users\Albert Zee\Documents\Projects\Point Of Sale\src\PointOfSale.App\Services\PerformanceProfilingBackgroundService.cs:line 59
ClientConnectionId:998ad8de-8a45-48bd-8a0b-4668bdd155bd
Error Number:-2,State:0,Class:11
2026-07-29 16:02:57.089 +02:00 [INF] MRA POST /api/v1/utilities/ping status=500 success=false durationMs=1625
2026-07-29 16:02:58.000 +02:00 [WRN] MRA EIS HTTP 500 for POST "https://dev-eis-api.mra.mw/api/v1/utilities/ping". RequestPayload=(empty). ResponseBody={"message":"An internal error occurred"}
2026-07-29 16:02:58.000 +02:00 [WRN] utilities/ping failed after 2538 ms
PointOfSale.Mra.Http.MraApiException: MRA EIS HTTP 500: Internal Server Error — An internal error occurred
   at PointOfSale.Infrastructure.Services.MraApiClient.SendAsync[TResponse](HttpRequestMessage request, String auditRequestBody, CancellationToken cancellationToken) in C:\Users\Albert Zee\Documents\Projects\Point Of Sale\src\PointOfSale.Infrastructure\Services\MraApiClient.cs:line 314
   at PointOfSale.Infrastructure.Services.MraApiClient.PostEmptyAsync[TResponse](String relativePath, MraRequestContext context, CancellationToken cancellationToken) in C:\Users\Albert Zee\Documents\Projects\Point Of Sale\src\PointOfSale.Infrastructure\Services\MraApiClient.cs:line 223
   at PointOfSale.Infrastructure.Services.MraEisPingService.PingAsync(CancellationToken cancellationToken) in C:\Users\Albert Zee\Documents\Projects\Point Of Sale\src\PointOfSale.Infrastructure\Services\MraEisPingService.cs:line 48
2026-07-29 16:02:58.007 +02:00 [WRN] ART Diagnostic HealthCheck HealthCheckWorker 18 null: Degraded: MRA.
2026-07-29 16:02:58.086 +02:00 [WRN] Health check degraded: Degraded: MRA.
2026-07-29 16:03:12.453 +02:00 [INF] MRA EIS POST "https://dev-eis-api.mra.mw/api/v1/utilities/ping"
2026-07-29 16:03:12.514 +02:00 [INF] MRA POST /api/v1/utilities/ping status=500 success=false durationMs=63
2026-07-29 16:03:12.550 +02:00 [WRN] MRA EIS HTTP 500 for POST "https://dev-eis-api.mra.mw/api/v1/utilities/ping". RequestPayload=(empty). ResponseBody={"message":"An internal error occurred"}
2026-07-29 16:03:12.550 +02:00 [WRN] utilities/ping failed after 97 ms
PointOfSale.Mra.Http.MraApiException: MRA EIS HTTP 500: Internal Server Error — An internal error occurred
   at PointOfSale.Infrastructure.Services.MraApiClient.SendAsync[TResponse](HttpRequestMessage request, String auditRequestBody, CancellationToken cancellationToken) in C:\Users\Albert Zee\Documents\Projects\Point Of Sale\src\PointOfSale.Infrastructure\Services\MraApiClient.cs:line 314
   at PointOfSale.Infrastructure.Services.MraApiClient.PostEmptyAsync[TResponse](String relativePath, MraRequestContext context, CancellationToken cancellationToken) in C:\Users\Albert Zee\Documents\Projects\Point Of Sale\src\PointOfSale.Infrastructure\Services\MraApiClient.cs:line 223
   at PointOfSale.Infrastructure.Services.MraEisPingService.PingAsync(CancellationToken cancellationToken) in C:\Users\Albert Zee\Documents\Projects\Point Of Sale\src\PointOfSale.Infrastructure\Services\MraEisPingService.cs:line 48
2026-07-29 16:03:13.763 +02:00 [INF] Inventory alert scan complete: 8 products, low=0, stockout=0, overstock=0, fast=0.
2026-07-29 16:03:32.450 +02:00 [INF] MRA EIS POST "https://dev-eis-api.mra.mw/api/v1/utilities/ping"
2026-07-29 16:03:40.903 +02:00 [INF] ART Diagnostic DatabaseLatency SqlExpress 0 null: SQL round-trip 0 ms
2026-07-29 16:03:41.678 +02:00 [INF] MRA EIS POST "https://dev-eis-api.mra.mw/api/v1/utilities/ping"
2026-07-29 16:03:43.094 +02:00 [INF] ART Diagnostic WorkerHeartbeat HealthCheckWorker null null: Heartbeat
2026-07-29 16:03:43.902 +02:00 [INF] ART Diagnostic DatabaseLatency SqlExpress 1 null: SQL round-trip 1 ms
2026-07-29 16:03:45.317 +02:00 [INF] MRA EIS POST "https://dev-eis-api.mra.mw/api/v1/utilities/ping"
2026-07-29 16:03:51.928 +02:00 [INF] MRA POST /api/v1/utilities/ping status=500 success=false durationMs=6594
2026-07-29 16:03:51.931 +02:00 [INF] MRA POST /api/v1/utilities/ping status=500 success=false durationMs=19469
2026-07-29 16:03:51.934 +02:00 [INF] MRA POST /api/v1/utilities/ping status=500 success=false durationMs=10250
2026-07-29 16:03:52.597 +02:00 [WRN] MRA EIS HTTP 500 for POST "https://dev-eis-api.mra.mw/api/v1/utilities/ping". RequestPayload=(empty). ResponseBody={"message":"An internal error occurred"}
2026-07-29 16:03:52.601 +02:00 [WRN] utilities/ping failed after 7284 ms
PointOfSale.Mra.Http.MraApiException: MRA EIS HTTP 500: Internal Server Error — An internal error occurred
   at PointOfSale.Infrastructure.Services.MraApiClient.SendAsync[TResponse](HttpRequestMessage request, String auditRequestBody, CancellationToken cancellationToken) in C:\Users\Albert Zee\Documents\Projects\Point Of Sale\src\PointOfSale.Infrastructure\Services\MraApiClient.cs:line 314
   at PointOfSale.Infrastructure.Services.MraApiClient.PostEmptyAsync[TResponse](String relativePath, MraRequestContext context, CancellationToken cancellationToken) in C:\Users\Albert Zee\Documents\Projects\Point Of Sale\src\PointOfSale.Infrastructure\Services\MraApiClient.cs:line 223
   at PointOfSale.Infrastructure.Services.MraEisPingService.PingAsync(CancellationToken cancellationToken) in C:\Users\Albert Zee\Documents\Projects\Point Of Sale\src\PointOfSale.Infrastructure\Services\MraEisPingService.cs:line 48
2026-07-29 16:03:52.602 +02:00 [WRN] ART Diagnostic MraConnectivity MraEis 7284 Unreachable: MRA ping failed in 7284 ms: MRA EIS HTTP 500: Internal Server Error — An internal error occurred
2026-07-29 16:03:53.492 +02:00 [WRN] MRA EIS HTTP 500 for POST "https://dev-eis-api.mra.mw/api/v1/utilities/ping". RequestPayload=(empty). ResponseBody={"message":"An internal error occurred"}
2026-07-29 16:03:53.492 +02:00 [WRN] utilities/ping failed after 21042 ms
PointOfSale.Mra.Http.MraApiException: MRA EIS HTTP 500: Internal Server Error — An internal error occurred
   at PointOfSale.Infrastructure.Services.MraApiClient.SendAsync[TResponse](HttpRequestMessage request, String auditRequestBody, CancellationToken cancellationToken) in C:\Users\Albert Zee\Documents\Projects\Point Of Sale\src\PointOfSale.Infrastructure\Services\MraApiClient.cs:line 314
   at PointOfSale.Infrastructure.Services.MraApiClient.PostEmptyAsync[TResponse](String relativePath, MraRequestContext context, CancellationToken cancellationToken) in C:\Users\Albert Zee\Documents\Projects\Point Of Sale\src\PointOfSale.Infrastructure\Services\MraApiClient.cs:line 223
   at PointOfSale.Infrastructure.Services.MraEisPingService.PingAsync(CancellationToken cancellationToken) in C:\Users\Albert Zee\Documents\Projects\Point Of Sale\src\PointOfSale.Infrastructure\Services\MraEisPingService.cs:line 48
2026-07-29 16:03:53.736 +02:00 [WRN] MRA EIS HTTP 500 for POST "https://dev-eis-api.mra.mw/api/v1/utilities/ping". RequestPayload=(empty). ResponseBody={"message":"An internal error occurred"}
2026-07-29 16:03:53.736 +02:00 [WRN] utilities/ping failed after 12057 ms
PointOfSale.Mra.Http.MraApiException: MRA EIS HTTP 500: Internal Server Error — An internal error occurred
   at PointOfSale.Infrastructure.Services.MraApiClient.SendAsync[TResponse](HttpRequestMessage request, String auditRequestBody, CancellationToken cancellationToken) in C:\Users\Albert Zee\Documents\Projects\Point Of Sale\src\PointOfSale.Infrastructure\Services\MraApiClient.cs:line 314
   at PointOfSale.Infrastructure.Services.MraApiClient.PostEmptyAsync[TResponse](String relativePath, MraRequestContext context, CancellationToken cancellationToken) in C:\Users\Albert Zee\Documents\Projects\Point Of Sale\src\PointOfSale.Infrastructure\Services\MraApiClient.cs:line 223
   at PointOfSale.Infrastructure.Services.MraEisPingService.PingAsync(CancellationToken cancellationToken) in C:\Users\Albert Zee\Documents\Projects\Point Of Sale\src\PointOfSale.Infrastructure\Services\MraEisPingService.cs:line 48
2026-07-29 16:03:53.736 +02:00 [WRN] ART Diagnostic MraConnectivity MraEis 12057 Unreachable: MRA ping failed in 12057 ms: MRA EIS HTTP 500: Internal Server Error — An internal error occurred
2026-07-29 16:03:53.808 +02:00 [INF] MRA EIS POST "https://dev-eis-api.mra.mw/api/v1/utilities/ping"
2026-07-29 16:03:54.158 +02:00 [WRN] ART Diagnostic HealthCheck HealthCheckWorker 0 null: Degraded: MRA.
2026-07-29 16:03:57.089 +02:00 [WRN] Performance profiling iteration failed.
Microsoft.Data.SqlClient.SqlException (0x80131904): Execution Timeout Expired.  The timeout period elapsed prior to completion of the operation or the server is not responding.
 ---> System.ComponentModel.Win32Exception (258): The wait operation timed out.
   at System.Threading.Tasks.ContinuationResultTaskFromResultTask`2.InnerInvoke()
   at System.Threading.ExecutionContext.RunInternal(ExecutionContext executionContext, ContextCallback callback, Object state)
--- End of stack trace from previous location ---
   at System.Threading.ExecutionContext.RunInternal(ExecutionContext executionContext, ContextCallback callback, Object state)
   at System.Threading.Tasks.Task.ExecuteWithThreadLocal(Task& currentTaskSlot, Thread threadPoolThread)
--- End of stack trace from previous location ---
   at Dapper.SqlMapper.QueryAsync[T](IDbConnection cnn, Type effectiveType, CommandDefinition command) in /_/Dapper/SqlMapper.Async.cs:line 434
   at PointOfSale.Infrastructure.Repositories.DiagnosticTelemetryRepository.GetRecentAsync(Int32 take, String categoryFilter, String severityFilter, String search, CancellationToken cancellationToken) in C:\Users\Albert Zee\Documents\Projects\Point Of Sale\src\PointOfSale.Infrastructure\Repositories\DiagnosticTelemetryRepository.cs:line 68
   at PointOfSale.Infrastructure.Repositories.DiagnosticTelemetryRepository.GetRecentAsync(Int32 take, String categoryFilter, String severityFilter, String search, CancellationToken cancellationToken) in C:\Users\Albert Zee\Documents\Projects\Point Of Sale\src\PointOfSale.Infrastructure\Repositories\DiagnosticTelemetryRepository.cs:line 84
   at PointOfSale.App.Services.PerformanceProfilingService.LoadErrorHistogramAsync(CancellationToken cancellationToken) in C:\Users\Albert Zee\Documents\Projects\Point Of Sale\src\PointOfSale.App\Services\PerformanceProfilingService.cs:line 294
   at PointOfSale.App.Services.PerformanceProfilingService.CaptureSnapshotAsync(CancellationToken cancellationToken) in C:\Users\Albert Zee\Documents\Projects\Point Of Sale\src\PointOfSale.App\Services\PerformanceProfilingService.cs:line 110
   at PointOfSale.App.Services.PerformanceProfilingBackgroundService.ExecuteAsync(CancellationToken stoppingToken) in C:\Users\Albert Zee\Documents\Projects\Point Of Sale\src\PointOfSale.App\Services\PerformanceProfilingBackgroundService.cs:line 59
ClientConnectionId:1c51d09a-dca9-4a86-86c5-992ed55a7836
Error Number:-2,State:0,Class:11
2026-07-29 16:03:57.224 +02:00 [WRN] System health alert [MRA_UNREACHABLE] MRA EIS API gateway unreachable while internet is online.
2026-07-29 16:03:57.224 +02:00 [ERR] ART Diagnostic Exception HealthAlert:MRA_UNREACHABLE null null: MRA EIS API gateway unreachable while internet is online.
2026-07-29 16:03:57.306 +02:00 [INF] ART Diagnostic WorkerHeartbeat SystemHealthMonitorService null null: MRA EIS API gateway is unreachable.
2026-07-29 16:03:57.309 +02:00 [WRN] System health degraded: MRA EIS API gateway is unreachable.
2026-07-29 16:04:00.219 +02:00 [INF] MRA POST /api/v1/utilities/ping status=500 success=false durationMs=6406
2026-07-29 16:04:00.356 +02:00 [WRN] MRA EIS HTTP 500 for POST "https://dev-eis-api.mra.mw/api/v1/utilities/ping". RequestPayload=(empty). ResponseBody={"message":"An internal error occurred"}
2026-07-29 16:04:00.356 +02:00 [WRN] utilities/ping failed after 6548 ms
PointOfSale.Mra.Http.MraApiException: MRA EIS HTTP 500: Internal Server Error — An internal error occurred
   at PointOfSale.Infrastructure.Services.MraApiClient.SendAsync[TResponse](HttpRequestMessage request, String auditRequestBody, CancellationToken cancellationToken) in C:\Users\Albert Zee\Documents\Projects\Point Of Sale\src\PointOfSale.Infrastructure\Services\MraApiClient.cs:line 314
   at PointOfSale.Infrastructure.Services.MraApiClient.PostEmptyAsync[TResponse](String relativePath, MraRequestContext context, CancellationToken cancellationToken) in C:\Users\Albert Zee\Documents\Projects\Point Of Sale\src\PointOfSale.Infrastructure\Services\MraApiClient.cs:line 223
   at PointOfSale.Infrastructure.Services.MraEisPingService.PingAsync(CancellationToken cancellationToken) in C:\Users\Albert Zee\Documents\Projects\Point Of Sale\src\PointOfSale.Infrastructure\Services\MraEisPingService.cs:line 48
2026-07-29 16:04:00.560 +02:00 [WRN] ART Diagnostic HealthCheck HealthCheckWorker 1 null: Degraded: MRA.
2026-07-29 16:04:00.606 +02:00 [WRN] Health check degraded: Degraded: MRA.
2026-07-29 16:04:12.603 +02:00 [INF] MRA EIS POST "https://dev-eis-api.mra.mw/api/v1/utilities/ping"
2026-07-29 16:04:13.402 +02:00 [INF] MRA POST /api/v1/utilities/ping status=500 success=false durationMs=797
2026-07-29 16:04:13.816 +02:00 [INF] Inventory alert scan complete: 8 products, low=0, stockout=0, overstock=0, fast=0.
2026-07-29 16:04:14.014 +02:00 [WRN] MRA EIS HTTP 500 for POST "https://dev-eis-api.mra.mw/api/v1/utilities/ping". RequestPayload=(empty). ResponseBody={"message":"An internal error occurred"}
2026-07-29 16:04:14.015 +02:00 [WRN] utilities/ping failed after 1411 ms
PointOfSale.Mra.Http.MraApiException: MRA EIS HTTP 500: Internal Server Error — An internal error occurred
   at PointOfSale.Infrastructure.Services.MraApiClient.SendAsync[TResponse](HttpRequestMessage request, String auditRequestBody, CancellationToken cancellationToken) in C:\Users\Albert Zee\Documents\Projects\Point Of Sale\src\PointOfSale.Infrastructure\Services\MraApiClient.cs:line 314
   at PointOfSale.Infrastructure.Services.MraApiClient.PostEmptyAsync[TResponse](String relativePath, MraRequestContext context, CancellationToken cancellationToken) in C:\Users\Albert Zee\Documents\Projects\Point Of Sale\src\PointOfSale.Infrastructure\Services\MraApiClient.cs:line 223
   at PointOfSale.Infrastructure.Services.MraEisPingService.PingAsync(CancellationToken cancellationToken) in C:\Users\Albert Zee\Documents\Projects\Point Of Sale\src\PointOfSale.Infrastructure\Services\MraEisPingService.cs:line 48
2026-07-29 16:04:32.476 +02:00 [INF] MRA EIS POST "https://dev-eis-api.mra.mw/api/v1/utilities/ping"
2026-07-29 16:04:42.308 +02:00 [INF] ART Diagnostic DatabaseLatency SqlExpress 1 null: SQL round-trip 1 ms
2026-07-29 16:04:42.646 +02:00 [INF] MRA EIS POST "https://dev-eis-api.mra.mw/api/v1/utilities/ping"
2026-07-29 16:04:45.611 +02:00 [INF] ART Diagnostic WorkerHeartbeat HealthCheckWorker null null: Heartbeat
2026-07-29 16:04:45.724 +02:00 [INF] ART Diagnostic DatabaseLatency SqlExpress 0 null: SQL round-trip 0 ms
2026-07-29 16:04:45.763 +02:00 [INF] MRA EIS POST "https://dev-eis-api.mra.mw/api/v1/utilities/ping"
2026-07-29 16:04:52.752 +02:00 [INF] MRA POST /api/v1/utilities/ping status=500 success=false durationMs=7000
2026-07-29 16:04:52.813 +02:00 [INF] MRA POST /api/v1/utilities/ping status=500 success=false durationMs=10172
2026-07-29 16:04:55.896 +02:00 [INF] MRA POST /api/v1/utilities/ping status=500 success=false durationMs=23422
2026-07-29 16:04:58.072 +02:00 [WRN] MRA EIS HTTP 500 for POST "https://dev-eis-api.mra.mw/api/v1/utilities/ping". RequestPayload=(empty). ResponseBody={"message":"An internal error occurred"}
2026-07-29 16:04:58.073 +02:00 [WRN] utilities/ping failed after 12309 ms
PointOfSale.Mra.Http.MraApiException: MRA EIS HTTP 500: Internal Server Error — An internal error occurred
   at PointOfSale.Infrastructure.Services.MraApiClient.SendAsync[TResponse](HttpRequestMessage request, String auditRequestBody, CancellationToken cancellationToken) in C:\Users\Albert Zee\Documents\Projects\Point Of Sale\src\PointOfSale.Infrastructure\Services\MraApiClient.cs:line 314
   at PointOfSale.Infrastructure.Services.MraApiClient.PostEmptyAsync[TResponse](String relativePath, MraRequestContext context, CancellationToken cancellationToken) in C:\Users\Albert Zee\Documents\Projects\Point Of Sale\src\PointOfSale.Infrastructure\Services\MraApiClient.cs:line 223
   at PointOfSale.Infrastructure.Services.MraEisPingService.PingAsync(CancellationToken cancellationToken) in C:\Users\Albert Zee\Documents\Projects\Point Of Sale\src\PointOfSale.Infrastructure\Services\MraEisPingService.cs:line 48
2026-07-29 16:04:58.073 +02:00 [WRN] ART Diagnostic MraConnectivity MraEis 12309 Unreachable: MRA ping failed in 12309 ms: MRA EIS HTTP 500: Internal Server Error — An internal error occurred
2026-07-29 16:04:58.076 +02:00 [WRN] Performance profiling iteration failed.
Microsoft.Data.SqlClient.SqlException (0x80131904): Execution Timeout Expired.  The timeout period elapsed prior to completion of the operation or the server is not responding.
 ---> System.ComponentModel.Win32Exception (258): The wait operation timed out.
   at System.Threading.Tasks.ContinuationResultTaskFromResultTask`2.InnerInvoke()
   at System.Threading.ExecutionContext.RunInternal(ExecutionContext executionContext, ContextCallback callback, Object state)
--- End of stack trace from previous location ---
   at System.Threading.ExecutionContext.RunInternal(ExecutionContext executionContext, ContextCallback callback, Object state)
   at System.Threading.Tasks.Task.ExecuteWithThreadLocal(Task& currentTaskSlot, Thread threadPoolThread)
--- End of stack trace from previous location ---
   at Dapper.SqlMapper.QueryAsync[T](IDbConnection cnn, Type effectiveType, CommandDefinition command) in /_/Dapper/SqlMapper.Async.cs:line 434
   at PointOfSale.Infrastructure.Repositories.DiagnosticTelemetryRepository.GetRecentAsync(Int32 take, String categoryFilter, String severityFilter, String search, CancellationToken cancellationToken) in C:\Users\Albert Zee\Documents\Projects\Point Of Sale\src\PointOfSale.Infrastructure\Repositories\DiagnosticTelemetryRepository.cs:line 68
   at PointOfSale.Infrastructure.Repositories.DiagnosticTelemetryRepository.GetRecentAsync(Int32 take, String categoryFilter, String severityFilter, String search, CancellationToken cancellationToken) in C:\Users\Albert Zee\Documents\Projects\Point Of Sale\src\PointOfSale.Infrastructure\Repositories\DiagnosticTelemetryRepository.cs:line 84
   at PointOfSale.App.Services.PerformanceProfilingService.LoadErrorHistogramAsync(CancellationToken cancellationToken) in C:\Users\Albert Zee\Documents\Projects\Point Of Sale\src\PointOfSale.App\Services\PerformanceProfilingService.cs:line 294
   at PointOfSale.App.Services.PerformanceProfilingService.CaptureSnapshotAsync(CancellationToken cancellationToken) in C:\Users\Albert Zee\Documents\Projects\Point Of Sale\src\PointOfSale.App\Services\PerformanceProfilingService.cs:line 110
   at PointOfSale.App.Services.PerformanceProfilingBackgroundService.ExecuteAsync(CancellationToken stoppingToken) in C:\Users\Albert Zee\Documents\Projects\Point Of Sale\src\PointOfSale.App\Services\PerformanceProfilingBackgroundService.cs:line 59
ClientConnectionId:280d37b0-1fa1-4295-a21d-da88c50a09b8
Error Number:-2,State:0,Class:11
2026-07-29 16:04:58.111 +02:00 [WRN] MRA EIS HTTP 500 for POST "https://dev-eis-api.mra.mw/api/v1/utilities/ping". RequestPayload=(empty). ResponseBody={"message":"An internal error occurred"}
2026-07-29 16:04:58.111 +02:00 [WRN] utilities/ping failed after 15465 ms
PointOfSale.Mra.Http.MraApiException: MRA EIS HTTP 500: Internal Server Error — An internal error occurred
   at PointOfSale.Infrastructure.Services.MraApiClient.SendAsync[TResponse](HttpRequestMessage request, String auditRequestBody, CancellationToken cancellationToken) in C:\Users\Albert Zee\Documents\Projects\Point Of Sale\src\PointOfSale.Infrastructure\Services\MraApiClient.cs:line 314
   at PointOfSale.Infrastructure.Services.MraApiClient.PostEmptyAsync[TResponse](String relativePath, MraRequestContext context, CancellationToken cancellationToken) in C:\Users\Albert Zee\Documents\Projects\Point Of Sale\src\PointOfSale.Infrastructure\Services\MraApiClient.cs:line 223
   at PointOfSale.Infrastructure.Services.MraEisPingService.PingAsync(CancellationToken cancellationToken) in C:\Users\Albert Zee\Documents\Projects\Point Of Sale\src\PointOfSale.Infrastructure\Services\MraEisPingService.cs:line 48
2026-07-29 16:04:58.111 +02:00 [WRN] MRA EIS HTTP 500 for POST "https://dev-eis-api.mra.mw/api/v1/utilities/ping". RequestPayload=(empty). ResponseBody={"message":"An internal error occurred"}
2026-07-29 16:04:58.111 +02:00 [WRN] ART Diagnostic MraConnectivity MraEis 15465 Unreachable: MRA ping failed in 15465 ms: MRA EIS HTTP 500: Internal Server Error — An internal error occurred
2026-07-29 16:04:58.112 +02:00 [WRN] utilities/ping failed after 25635 ms
PointOfSale.Mra.Http.MraApiException: MRA EIS HTTP 500: Internal Server Error — An internal error occurred
   at PointOfSale.Infrastructure.Services.MraApiClient.SendAsync[TResponse](HttpRequestMessage request, String auditRequestBody, CancellationToken cancellationToken) in C:\Users\Albert Zee\Documents\Projects\Point Of Sale\src\PointOfSale.Infrastructure\Services\MraApiClient.cs:line 314
   at PointOfSale.Infrastructure.Services.MraApiClient.PostEmptyAsync[TResponse](String relativePath, MraRequestContext context, CancellationToken cancellationToken) in C:\Users\Albert Zee\Documents\Projects\Point Of Sale\src\PointOfSale.Infrastructure\Services\MraApiClient.cs:line 223
   at PointOfSale.Infrastructure.Services.MraEisPingService.PingAsync(CancellationToken cancellationToken) in C:\Users\Albert Zee\Documents\Projects\Point Of Sale\src\PointOfSale.Infrastructure\Services\MraEisPingService.cs:line 48
2026-07-29 16:04:58.451 +02:00 [WRN] ART Diagnostic HealthCheck HealthCheckWorker 1 null: Degraded: MRA.
2026-07-29 16:04:58.511 +02:00 [INF] MRA EIS POST "https://dev-eis-api.mra.mw/api/v1/utilities/ping"
2026-07-29 16:04:58.576 +02:00 [INF] MRA POST /api/v1/utilities/ping status=500 success=false durationMs=62
2026-07-29 16:04:58.985 +02:00 [INF] ART Diagnostic WorkerHeartbeat SystemHealthMonitorService null null: MRA EIS API gateway is unreachable.
2026-07-29 16:04:58.988 +02:00 [WRN] MRA EIS HTTP 500 for POST "https://dev-eis-api.mra.mw/api/v1/utilities/ping". RequestPayload=(empty). ResponseBody={"message":"An internal error occurred"}
2026-07-29 16:04:58.988 +02:00 [WRN] utilities/ping failed after 476 ms
PointOfSale.Mra.Http.MraApiException: MRA EIS HTTP 500: Internal Server Error — An internal error occurred
   at PointOfSale.Infrastructure.Services.MraApiClient.SendAsync[TResponse](HttpRequestMessage request, String auditRequestBody, CancellationToken cancellationToken) in C:\Users\Albert Zee\Documents\Projects\Point Of Sale\src\PointOfSale.Infrastructure\Services\MraApiClient.cs:line 314
   at PointOfSale.Infrastructure.Services.MraApiClient.PostEmptyAsync[TResponse](String relativePath, MraRequestContext context, CancellationToken cancellationToken) in C:\Users\Albert Zee\Documents\Projects\Point Of Sale\src\PointOfSale.Infrastructure\Services\MraApiClient.cs:line 223
   at PointOfSale.Infrastructure.Services.MraEisPingService.PingAsync(CancellationToken cancellationToken) in C:\Users\Albert Zee\Documents\Projects\Point Of Sale\src\PointOfSale.Infrastructure\Services\MraEisPingService.cs:line 48
2026-07-29 16:04:58.995 +02:00 [WRN] ART Diagnostic HealthCheck HealthCheckWorker 0 null: Degraded: MRA.
2026-07-29 16:04:59.921 +02:00 [WRN] System health degraded: MRA EIS API gateway is unreachable.
2026-07-29 16:04:59.928 +02:00 [WRN] Health check degraded: Degraded: MRA.
2026-07-29 16:05:12.448 +02:00 [INF] MRA EIS POST "https://dev-eis-api.mra.mw/api/v1/utilities/ping"
2026-07-29 16:05:12.510 +02:00 [INF] MRA POST /api/v1/utilities/ping status=500 success=false durationMs=63
2026-07-29 16:05:17.733 +02:00 [WRN] MRA EIS HTTP 500 for POST "https://dev-eis-api.mra.mw/api/v1/utilities/ping". RequestPayload=(empty). ResponseBody={"message":"An internal error occurred"}
2026-07-29 16:05:17.734 +02:00 [WRN] utilities/ping failed after 5285 ms
PointOfSale.Mra.Http.MraApiException: MRA EIS HTTP 500: Internal Server Error — An internal error occurred
   at PointOfSale.Infrastructure.Services.MraApiClient.SendAsync[TResponse](HttpRequestMessage request, String auditRequestBody, CancellationToken cancellationToken) in C:\Users\Albert Zee\Documents\Projects\Point Of Sale\src\PointOfSale.Infrastructure\Services\MraApiClient.cs:line 314
   at PointOfSale.Infrastructure.Services.MraApiClient.PostEmptyAsync[TResponse](String relativePath, MraRequestContext context, CancellationToken cancellationToken) in C:\Users\Albert Zee\Documents\Projects\Point Of Sale\src\PointOfSale.Infrastructure\Services\MraApiClient.cs:line 223
   at PointOfSale.Infrastructure.Services.MraEisPingService.PingAsync(CancellationToken cancellationToken) in C:\Users\Albert Zee\Documents\Projects\Point Of Sale\src\PointOfSale.Infrastructure\Services\MraEisPingService.cs:line 48
2026-07-29 16:05:32.455 +02:00 [INF] MRA EIS POST "https://dev-eis-api.mra.mw/api/v1/utilities/ping"
2026-07-29 16:05:44.927 +02:00 [INF] ART Diagnostic DatabaseLatency SqlExpress 1 null: SQL round-trip 1 ms
2026-07-29 16:05:44.941 +02:00 [INF] ART Diagnostic WorkerHeartbeat HealthCheckWorker null null: Heartbeat
2026-07-29 16:05:46.369 +02:00 [INF] ART Diagnostic DatabaseLatency SqlExpress 0 null: SQL round-trip 0 ms
2026-07-29 16:05:46.374 +02:00 [INF] MRA EIS POST "https://dev-eis-api.mra.mw/api/v1/utilities/ping"
2026-07-29 16:05:46.379 +02:00 [INF] MRA EIS POST "https://dev-eis-api.mra.mw/api/v1/utilities/ping"
2026-07-29 16:05:57.494 +02:00 [INF] Inventory alert scan complete: 8 products, low=0, stockout=0, overstock=0, fast=0.
2026-07-29 16:05:57.559 +02:00 [INF] MRA POST /api/v1/utilities/ping status=500 success=false durationMs=25094
2026-07-29 16:05:57.568 +02:00 [INF] MRA POST /api/v1/utilities/ping status=500 success=false durationMs=11187
2026-07-29 16:05:57.591 +02:00 [INF] MRA POST /api/v1/utilities/ping status=500 success=false durationMs=11203
2026-07-29 16:05:58.063 +02:00 [WRN] MRA EIS HTTP 500 for POST "https://dev-eis-api.mra.mw/api/v1/utilities/ping". RequestPayload=(empty). ResponseBody={"message":"An internal error occurred"}
2026-07-29 16:05:58.064 +02:00 [WRN] utilities/ping failed after 11689 ms
PointOfSale.Mra.Http.MraApiException: MRA EIS HTTP 500: Internal Server Error — An internal error occurred
   at PointOfSale.Infrastructure.Services.MraApiClient.SendAsync[TResponse](HttpRequestMessage request, String auditRequestBody, CancellationToken cancellationToken) in C:\Users\Albert Zee\Documents\Projects\Point Of Sale\src\PointOfSale.Infrastructure\Services\MraApiClient.cs:line 314
   at PointOfSale.Infrastructure.Services.MraApiClient.PostEmptyAsync[TResponse](String relativePath, MraRequestContext context, CancellationToken cancellationToken) in C:\Users\Albert Zee\Documents\Projects\Point Of Sale\src\PointOfSale.Infrastructure\Services\MraApiClient.cs:line 223
   at PointOfSale.Infrastructure.Services.MraEisPingService.PingAsync(CancellationToken cancellationToken) in C:\Users\Albert Zee\Documents\Projects\Point Of Sale\src\PointOfSale.Infrastructure\Services\MraEisPingService.cs:line 48
2026-07-29 16:05:58.064 +02:00 [WRN] MRA EIS HTTP 500 for POST "https://dev-eis-api.mra.mw/api/v1/utilities/ping". RequestPayload=(empty). ResponseBody={"message":"An internal error occurred"}
2026-07-29 16:05:58.064 +02:00 [WRN] ART Diagnostic MraConnectivity MraEis 11689 Unreachable: MRA ping failed in 11689 ms: MRA EIS HTTP 500: Internal Server Error — An internal error occurred
2026-07-29 16:05:58.065 +02:00 [WRN] utilities/ping failed after 25609 ms
PointOfSale.Mra.Http.MraApiException: MRA EIS HTTP 500: Internal Server Error — An internal error occurred
   at PointOfSale.Infrastructure.Services.MraApiClient.SendAsync[TResponse](HttpRequestMessage request, String auditRequestBody, CancellationToken cancellationToken) in C:\Users\Albert Zee\Documents\Projects\Point Of Sale\src\PointOfSale.Infrastructure\Services\MraApiClient.cs:line 314
   at PointOfSale.Infrastructure.Services.MraApiClient.PostEmptyAsync[TResponse](String relativePath, MraRequestContext context, CancellationToken cancellationToken) in C:\Users\Albert Zee\Documents\Projects\Point Of Sale\src\PointOfSale.Infrastructure\Services\MraApiClient.cs:line 223
   at PointOfSale.Infrastructure.Services.MraEisPingService.PingAsync(CancellationToken cancellationToken) in C:\Users\Albert Zee\Documents\Projects\Point Of Sale\src\PointOfSale.Infrastructure\Services\MraEisPingService.cs:line 48
2026-07-29 16:05:58.339 +02:00 [WRN] MRA EIS HTTP 500 for POST "https://dev-eis-api.mra.mw/api/v1/utilities/ping". RequestPayload=(empty). ResponseBody={"message":"An internal error occurred"}
2026-07-29 16:05:58.339 +02:00 [WRN] utilities/ping failed after 11960 ms
PointOfSale.Mra.Http.MraApiException: MRA EIS HTTP 500: Internal Server Error — An internal error occurred
   at PointOfSale.Infrastructure.Services.MraApiClient.SendAsync[TResponse](HttpRequestMessage request, String auditRequestBody, CancellationToken cancellationToken) in C:\Users\Albert Zee\Documents\Projects\Point Of Sale\src\PointOfSale.Infrastructure\Services\MraApiClient.cs:line 314
   at PointOfSale.Infrastructure.Services.MraApiClient.PostEmptyAsync[TResponse](String relativePath, MraRequestContext context, CancellationToken cancellationToken) in C:\Users\Albert Zee\Documents\Projects\Point Of Sale\src\PointOfSale.Infrastructure\Services\MraApiClient.cs:line 223
   at PointOfSale.Infrastructure.Services.MraEisPingService.PingAsync(CancellationToken cancellationToken) in C:\Users\Albert Zee\Documents\Projects\Point Of Sale\src\PointOfSale.Infrastructure\Services\MraEisPingService.cs:line 48
2026-07-29 16:05:58.340 +02:00 [WRN] ART Diagnostic MraConnectivity MraEis 11960 Unreachable: MRA ping failed in 11960 ms: MRA EIS HTTP 500: Internal Server Error — An internal error occurred
2026-07-29 16:05:59.300 +02:00 [WRN] ART Diagnostic HealthCheck HealthCheckWorker 0 null: Degraded: MRA.
2026-07-29 16:05:59.389 +02:00 [INF] MRA EIS POST "https://dev-eis-api.mra.mw/api/v1/utilities/ping"
2026-07-29 16:05:59.410 +02:00 [WRN] Health check degraded: Degraded: MRA.
2026-07-29 16:06:01.399 +02:00 [WRN] Performance profiling iteration failed.
Microsoft.Data.SqlClient.SqlException (0x80131904): Execution Timeout Expired.  The timeout period elapsed prior to completion of the operation or the server is not responding.
 ---> System.ComponentModel.Win32Exception (258): The wait operation timed out.
   at System.Threading.Tasks.ContinuationResultTaskFromResultTask`2.InnerInvoke()
   at System.Threading.ExecutionContext.RunInternal(ExecutionContext executionContext, ContextCallback callback, Object state)
--- End of stack trace from previous location ---
   at System.Threading.ExecutionContext.RunInternal(ExecutionContext executionContext, ContextCallback callback, Object state)
   at System.Threading.Tasks.Task.ExecuteWithThreadLocal(Task& currentTaskSlot, Thread threadPoolThread)
--- End of stack trace from previous location ---
   at Dapper.SqlMapper.QueryAsync[T](IDbConnection cnn, Type effectiveType, CommandDefinition command) in /_/Dapper/SqlMapper.Async.cs:line 434
   at PointOfSale.Infrastructure.Repositories.DiagnosticTelemetryRepository.GetRecentAsync(Int32 take, String categoryFilter, String severityFilter, String search, CancellationToken cancellationToken) in C:\Users\Albert Zee\Documents\Projects\Point Of Sale\src\PointOfSale.Infrastructure\Repositories\DiagnosticTelemetryRepository.cs:line 68
   at PointOfSale.Infrastructure.Repositories.DiagnosticTelemetryRepository.GetRecentAsync(Int32 take, String categoryFilter, String severityFilter, String search, CancellationToken cancellationToken) in C:\Users\Albert Zee\Documents\Projects\Point Of Sale\src\PointOfSale.Infrastructure\Repositories\DiagnosticTelemetryRepository.cs:line 84
   at PointOfSale.App.Services.PerformanceProfilingService.LoadErrorHistogramAsync(CancellationToken cancellationToken) in C:\Users\Albert Zee\Documents\Projects\Point Of Sale\src\PointOfSale.App\Services\PerformanceProfilingService.cs:line 294
   at PointOfSale.App.Services.PerformanceProfilingService.CaptureSnapshotAsync(CancellationToken cancellationToken) in C:\Users\Albert Zee\Documents\Projects\Point Of Sale\src\PointOfSale.App\Services\PerformanceProfilingService.cs:line 110
   at PointOfSale.App.Services.PerformanceProfilingBackgroundService.ExecuteAsync(CancellationToken stoppingToken) in C:\Users\Albert Zee\Documents\Projects\Point Of Sale\src\PointOfSale.App\Services\PerformanceProfilingBackgroundService.cs:line 59
ClientConnectionId:1c51d09a-dca9-4a86-86c5-992ed55a7836
Error Number:-2,State:0,Class:11
2026-07-29 16:06:23.341 +02:00 [INF] MRA POST /api/v1/utilities/ping status=500 success=false durationMs=23953
2026-07-29 16:06:23.704 +02:00 [WRN] MRA EIS HTTP 500 for POST "https://dev-eis-api.mra.mw/api/v1/utilities/ping". RequestPayload=(empty). ResponseBody={"message":"An internal error occurred"}
2026-07-29 16:06:23.704 +02:00 [WRN] utilities/ping failed after 24315 ms
PointOfSale.Mra.Http.MraApiException: MRA EIS HTTP 500: Internal Server Error — An internal error occurred
   at PointOfSale.Infrastructure.Services.MraApiClient.SendAsync[TResponse](HttpRequestMessage request, String auditRequestBody, CancellationToken cancellationToken) in C:\Users\Albert Zee\Documents\Projects\Point Of Sale\src\PointOfSale.Infrastructure\Services\MraApiClient.cs:line 314
   at PointOfSale.Infrastructure.Services.MraApiClient.PostEmptyAsync[TResponse](String relativePath, MraRequestContext context, CancellationToken cancellationToken) in C:\Users\Albert Zee\Documents\Projects\Point Of Sale\src\PointOfSale.Infrastructure\Services\MraApiClient.cs:line 223
   at PointOfSale.Infrastructure.Services.MraEisPingService.PingAsync(CancellationToken cancellationToken) in C:\Users\Albert Zee\Documents\Projects\Point Of Sale\src\PointOfSale.Infrastructure\Services\MraEisPingService.cs:line 48
2026-07-29 16:06:23.709 +02:00 [WRN] ART Diagnostic HealthCheck HealthCheckWorker 1 null: Degraded: MRA.
2026-07-29 16:06:24.293 +02:00 [INF] MRA EIS POST "https://dev-eis-api.mra.mw/api/v1/utilities/ping"
2026-07-29 16:06:24.501 +02:00 [INF] MRA POST /api/v1/utilities/ping status=500 success=false durationMs=219
2026-07-29 16:06:24.716 +02:00 [WRN] MRA EIS HTTP 500 for POST "https://dev-eis-api.mra.mw/api/v1/utilities/ping". RequestPayload=(empty). ResponseBody={"message":"An internal error occurred"}
2026-07-29 16:06:24.717 +02:00 [WRN] utilities/ping failed after 424 ms
PointOfSale.Mra.Http.MraApiException: MRA EIS HTTP 500: Internal Server Error — An internal error occurred
   at PointOfSale.Infrastructure.Services.MraApiClient.SendAsync[TResponse](HttpRequestMessage request, String auditRequestBody, CancellationToken cancellationToken) in C:\Users\Albert Zee\Documents\Projects\Point Of Sale\src\PointOfSale.Infrastructure\Services\MraApiClient.cs:line 314
   at PointOfSale.Infrastructure.Services.MraApiClient.PostEmptyAsync[TResponse](String relativePath, MraRequestContext context, CancellationToken cancellationToken) in C:\Users\Albert Zee\Documents\Projects\Point Of Sale\src\PointOfSale.Infrastructure\Services\MraApiClient.cs:line 223
   at PointOfSale.Infrastructure.Services.MraEisPingService.PingAsync(CancellationToken cancellationToken) in C:\Users\Albert Zee\Documents\Projects\Point Of Sale\src\PointOfSale.Infrastructure\Services\MraEisPingService.cs:line 48
2026-07-29 16:06:24.775 +02:00 [WRN] System health alert [MRA_UNREACHABLE] MRA EIS API gateway unreachable while internet is online.
2026-07-29 16:06:24.776 +02:00 [ERR] ART Diagnostic Exception HealthAlert:MRA_UNREACHABLE null null: MRA EIS API gateway unreachable while internet is online.
2026-07-29 16:06:25.039 +02:00 [INF] ART Diagnostic WorkerHeartbeat SystemHealthMonitorService null null: MRA EIS API gateway is unreachable.
2026-07-29 16:06:25.443 +02:00 [WRN] System health degraded: MRA EIS API gateway is unreachable.
2026-07-29 16:06:32.497 +02:00 [INF] MRA EIS POST "https://dev-eis-api.mra.mw/api/v1/utilities/ping"
2026-07-29 16:06:44.412 +02:00 [INF] ART Diagnostic WorkerHeartbeat HealthCheckWorker null null: Heartbeat
2026-07-29 16:06:44.444 +02:00 [INF] ART Diagnostic DatabaseLatency SqlExpress 5 null: SQL round-trip 5 ms
2026-07-29 16:06:44.452 +02:00 [INF] MRA EIS POST "https://dev-eis-api.mra.mw/api/v1/utilities/ping"
2026-07-29 16:06:57.666 +02:00 [INF] MRA POST /api/v1/utilities/ping status=500 success=false durationMs=13203
2026-07-29 16:06:57.730 +02:00 [INF] Inventory alert scan complete: 8 products, low=0, stockout=0, overstock=0, fast=0.
2026-07-29 16:06:57.759 +02:00 [WRN] MRA EIS HTTP 500 for POST "https://dev-eis-api.mra.mw/api/v1/utilities/ping". RequestPayload=(empty). ResponseBody={"message":"An internal error occurred"}
2026-07-29 16:06:57.760 +02:00 [WRN] utilities/ping failed after 13308 ms
PointOfSale.Mra.Http.MraApiException: MRA EIS HTTP 500: Internal Server Error — An internal error occurred
   at PointOfSale.Infrastructure.Services.MraApiClient.SendAsync[TResponse](HttpRequestMessage request, String auditRequestBody, CancellationToken cancellationToken) in C:\Users\Albert Zee\Documents\Projects\Point Of Sale\src\PointOfSale.Infrastructure\Services\MraApiClient.cs:line 314
   at PointOfSale.Infrastructure.Services.MraApiClient.PostEmptyAsync[TResponse](String relativePath, MraRequestContext context, CancellationToken cancellationToken) in C:\Users\Albert Zee\Documents\Projects\Point Of Sale\src\PointOfSale.Infrastructure\Services\MraApiClient.cs:line 223
   at PointOfSale.Infrastructure.Services.MraEisPingService.PingAsync(CancellationToken cancellationToken) in C:\Users\Albert Zee\Documents\Projects\Point Of Sale\src\PointOfSale.Infrastructure\Services\MraEisPingService.cs:line 48
2026-07-29 16:06:57.760 +02:00 [WRN] ART Diagnostic MraConnectivity MraEis 13308 Unreachable: MRA ping failed in 13308 ms: MRA EIS HTTP 500: Internal Server Error — An internal error occurred
2026-07-29 16:07:00.813 +02:00 [INF] MRA POST /api/v1/utilities/ping status=500 success=false durationMs=28328
2026-07-29 16:07:00.831 +02:00 [WRN] MRA EIS HTTP 500 for POST "https://dev-eis-api.mra.mw/api/v1/utilities/ping". RequestPayload=(empty). ResponseBody={"message":"An internal error occurred"}
2026-07-29 16:07:00.831 +02:00 [WRN] utilities/ping failed after 28334 ms
PointOfSale.Mra.Http.MraApiException: MRA EIS HTTP 500: Internal Server Error — An internal error occurred
   at PointOfSale.Infrastructure.Services.MraApiClient.SendAsync[TResponse](HttpRequestMessage request, String auditRequestBody, CancellationToken cancellationToken) in C:\Users\Albert Zee\Documents\Projects\Point Of Sale\src\PointOfSale.Infrastructure\Services\MraApiClient.cs:line 314
   at PointOfSale.Infrastructure.Services.MraApiClient.PostEmptyAsync[TResponse](String relativePath, MraRequestContext context, CancellationToken cancellationToken) in C:\Users\Albert Zee\Documents\Projects\Point Of Sale\src\PointOfSale.Infrastructure\Services\MraApiClient.cs:line 223
   at PointOfSale.Infrastructure.Services.MraEisPingService.PingAsync(CancellationToken cancellationToken) in C:\Users\Albert Zee\Documents\Projects\Point Of Sale\src\PointOfSale.Infrastructure\Services\MraEisPingService.cs:line 48
2026-07-29 16:07:01.595 +02:00 [WRN] Performance profiling iteration failed.
Microsoft.Data.SqlClient.SqlException (0x80131904): Execution Timeout Expired.  The timeout period elapsed prior to completion of the operation or the server is not responding.
 ---> System.ComponentModel.Win32Exception (258): The wait operation timed out.
   at System.Threading.Tasks.ContinuationResultTaskFromResultTask`2.InnerInvoke()
   at System.Threading.ExecutionContext.RunInternal(ExecutionContext executionContext, ContextCallback callback, Object state)
--- End of stack trace from previous location ---
   at System.Threading.ExecutionContext.RunInternal(ExecutionContext executionContext, ContextCallback callback, Object state)
   at System.Threading.Tasks.Task.ExecuteWithThreadLocal(Task& currentTaskSlot, Thread threadPoolThread)
--- End of stack trace from previous location ---
   at Dapper.SqlMapper.QueryAsync[T](IDbConnection cnn, Type effectiveType, CommandDefinition command) in /_/Dapper/SqlMapper.Async.cs:line 434
   at PointOfSale.Infrastructure.Repositories.DiagnosticTelemetryRepository.GetRecentAsync(Int32 take, String categoryFilter, String severityFilter, String search, CancellationToken cancellationToken) in C:\Users\Albert Zee\Documents\Projects\Point Of Sale\src\PointOfSale.Infrastructure\Repositories\DiagnosticTelemetryRepository.cs:line 68
   at PointOfSale.Infrastructure.Repositories.DiagnosticTelemetryRepository.GetRecentAsync(Int32 take, String categoryFilter, String severityFilter, String search, CancellationToken cancellationToken) in C:\Users\Albert Zee\Documents\Projects\Point Of Sale\src\PointOfSale.Infrastructure\Repositories\DiagnosticTelemetryRepository.cs:line 84
   at PointOfSale.App.Services.PerformanceProfilingService.LoadErrorHistogramAsync(CancellationToken cancellationToken) in C:\Users\Albert Zee\Documents\Projects\Point Of Sale\src\PointOfSale.App\Services\PerformanceProfilingService.cs:line 294
   at PointOfSale.App.Services.PerformanceProfilingService.CaptureSnapshotAsync(CancellationToken cancellationToken) in C:\Users\Albert Zee\Documents\Projects\Point Of Sale\src\PointOfSale.App\Services\PerformanceProfilingService.cs:line 110
   at PointOfSale.App.Services.PerformanceProfilingBackgroundService.ExecuteAsync(CancellationToken stoppingToken) in C:\Users\Albert Zee\Documents\Projects\Point Of Sale\src\PointOfSale.App\Services\PerformanceProfilingBackgroundService.cs:line 59
ClientConnectionId:a4c35957-4525-454b-84d8-f6f06989a412
Error Number:-2,State:0,Class:11
2026-07-29 16:07:01.699 +02:00 [INF] MRA EIS POST "https://dev-eis-api.mra.mw/api/v1/utilities/ping"
2026-07-29 16:07:10.483 +02:00 [INF] ART Diagnostic DatabaseLatency SqlExpress 0 null: SQL round-trip 0 ms
2026-07-29 16:07:10.958 +02:00 [INF] MRA EIS POST "https://dev-eis-api.mra.mw/api/v1/utilities/ping"
2026-07-29 16:07:22.952 +02:00 [INF] MRA POST /api/v1/utilities/ping status=500 success=false durationMs=21266
2026-07-29 16:07:22.981 +02:00 [INF] MRA POST /api/v1/utilities/ping status=500 success=false durationMs=12015
2026-07-29 16:07:23.042 +02:00 [WRN] MRA EIS HTTP 500 for POST "https://dev-eis-api.mra.mw/api/v1/utilities/ping". RequestPayload=(empty). ResponseBody={"message":"An internal error occurred"}
2026-07-29 16:07:23.043 +02:00 [WRN] utilities/ping failed after 21343 ms
PointOfSale.Mra.Http.MraApiException: MRA EIS HTTP 500: Internal Server Error — An internal error occurred
   at PointOfSale.Infrastructure.Services.MraApiClient.SendAsync[TResponse](HttpRequestMessage request, String auditRequestBody, CancellationToken cancellationToken) in C:\Users\Albert Zee\Documents\Projects\Point Of Sale\src\PointOfSale.Infrastructure\Services\MraApiClient.cs:line 314
   at PointOfSale.Infrastructure.Services.MraApiClient.PostEmptyAsync[TResponse](String relativePath, MraRequestContext context, CancellationToken cancellationToken) in C:\Users\Albert Zee\Documents\Projects\Point Of Sale\src\PointOfSale.Infrastructure\Services\MraApiClient.cs:line 223
   at PointOfSale.Infrastructure.Services.MraEisPingService.PingAsync(CancellationToken cancellationToken) in C:\Users\Albert Zee\Documents\Projects\Point Of Sale\src\PointOfSale.Infrastructure\Services\MraEisPingService.cs:line 48
2026-07-29 16:07:23.054 +02:00 [WRN] ART Diagnostic HealthCheck HealthCheckWorker 5 null: Degraded: MRA.
2026-07-29 16:07:23.106 +02:00 [WRN] MRA EIS HTTP 500 for POST "https://dev-eis-api.mra.mw/api/v1/utilities/ping". RequestPayload=(empty). ResponseBody={"message":"An internal error occurred"}
2026-07-29 16:07:23.106 +02:00 [WRN] utilities/ping failed after 12148 ms
PointOfSale.Mra.Http.MraApiException: MRA EIS HTTP 500: Internal Server Error — An internal error occurred
   at PointOfSale.Infrastructure.Services.MraApiClient.SendAsync[TResponse](HttpRequestMessage request, String auditRequestBody, CancellationToken cancellationToken) in C:\Users\Albert Zee\Documents\Projects\Point Of Sale\src\PointOfSale.Infrastructure\Services\MraApiClient.cs:line 314
   at PointOfSale.Infrastructure.Services.MraApiClient.PostEmptyAsync[TResponse](String relativePath, MraRequestContext context, CancellationToken cancellationToken) in C:\Users\Albert Zee\Documents\Projects\Point Of Sale\src\PointOfSale.Infrastructure\Services\MraApiClient.cs:line 223
   at PointOfSale.Infrastructure.Services.MraEisPingService.PingAsync(CancellationToken cancellationToken) in C:\Users\Albert Zee\Documents\Projects\Point Of Sale\src\PointOfSale.Infrastructure\Services\MraEisPingService.cs:line 48
2026-07-29 16:07:23.107 +02:00 [WRN] ART Diagnostic MraConnectivity MraEis 12148 Unreachable: MRA ping failed in 12148 ms: MRA EIS HTTP 500: Internal Server Error — An internal error occurred
2026-07-29 16:07:23.177 +02:00 [WRN] Health check degraded: Degraded: MRA.
2026-07-29 16:07:23.339 +02:00 [INF] MRA EIS POST "https://dev-eis-api.mra.mw/api/v1/utilities/ping"
2026-07-29 16:07:23.546 +02:00 [INF] MRA POST /api/v1/utilities/ping status=500 success=false durationMs=203
2026-07-29 16:07:23.701 +02:00 [WRN] MRA EIS HTTP 500 for POST "https://dev-eis-api.mra.mw/api/v1/utilities/ping". RequestPayload=(empty). ResponseBody={"message":"An internal error occurred"}
2026-07-29 16:07:23.702 +02:00 [WRN] utilities/ping failed after 362 ms
PointOfSale.Mra.Http.MraApiException: MRA EIS HTTP 500: Internal Server Error — An internal error occurred
   at PointOfSale.Infrastructure.Services.MraApiClient.SendAsync[TResponse](HttpRequestMessage request, String auditRequestBody, CancellationToken cancellationToken) in C:\Users\Albert Zee\Documents\Projects\Point Of Sale\src\PointOfSale.Infrastructure\Services\MraApiClient.cs:line 314
   at PointOfSale.Infrastructure.Services.MraApiClient.PostEmptyAsync[TResponse](String relativePath, MraRequestContext context, CancellationToken cancellationToken) in C:\Users\Albert Zee\Documents\Projects\Point Of Sale\src\PointOfSale.Infrastructure\Services\MraApiClient.cs:line 223
   at PointOfSale.Infrastructure.Services.MraEisPingService.PingAsync(CancellationToken cancellationToken) in C:\Users\Albert Zee\Documents\Projects\Point Of Sale\src\PointOfSale.Infrastructure\Services\MraEisPingService.cs:line 48
2026-07-29 16:07:23.709 +02:00 [WRN] ART Diagnostic HealthCheck HealthCheckWorker 0 null: Degraded: MRA.
2026-07-29 16:07:23.922 +02:00 [INF] MRA EIS POST "https://dev-eis-api.mra.mw/api/v1/utilities/ping"
2026-07-29 16:07:27.373 +02:00 [INF] MRA POST /api/v1/utilities/ping status=500 success=false durationMs=3453
2026-07-29 16:07:27.597 +02:00 [WRN] MRA EIS HTTP 500 for POST "https://dev-eis-api.mra.mw/api/v1/utilities/ping". RequestPayload=(empty). ResponseBody={"message":"An internal error occurred"}
2026-07-29 16:07:27.597 +02:00 [WRN] utilities/ping failed after 3674 ms
PointOfSale.Mra.Http.MraApiException: MRA EIS HTTP 500: Internal Server Error — An internal error occurred
   at PointOfSale.Infrastructure.Services.MraApiClient.SendAsync[TResponse](HttpRequestMessage request, String auditRequestBody, CancellationToken cancellationToken) in C:\Users\Albert Zee\Documents\Projects\Point Of Sale\src\PointOfSale.Infrastructure\Services\MraApiClient.cs:line 314
   at PointOfSale.Infrastructure.Services.MraApiClient.PostEmptyAsync[TResponse](String relativePath, MraRequestContext context, CancellationToken cancellationToken) in C:\Users\Albert Zee\Documents\Projects\Point Of Sale\src\PointOfSale.Infrastructure\Services\MraApiClient.cs:line 223
   at PointOfSale.Infrastructure.Services.MraEisPingService.PingAsync(CancellationToken cancellationToken) in C:\Users\Albert Zee\Documents\Projects\Point Of Sale\src\PointOfSale.Infrastructure\Services\MraEisPingService.cs:line 48
2026-07-29 16:07:27.687 +02:00 [INF] ART Diagnostic WorkerHeartbeat SystemHealthMonitorService null null: MRA EIS API gateway is unreachable.
2026-07-29 16:07:27.846 +02:00 [WRN] System health degraded: MRA EIS API gateway is unreachable.
2026-07-29 16:07:32.459 +02:00 [INF] MRA EIS POST "https://dev-eis-api.mra.mw/api/v1/utilities/ping"
2026-07-29 16:07:57.767 +02:00 [INF] Inventory alert scan complete: 8 products, low=0, stockout=0, overstock=0, fast=0.
2026-07-29 16:08:00.656 +02:00 [INF] MRA POST /api/v1/utilities/ping status=500 success=false durationMs=28203
2026-07-29 16:08:01.788 +02:00 [WRN] Performance profiling iteration failed.
Microsoft.Data.SqlClient.SqlException (0x80131904): Execution Timeout Expired.  The timeout period elapsed prior to completion of the operation or the server is not responding.
 ---> System.ComponentModel.Win32Exception (258): The wait operation timed out.
   at System.Threading.Tasks.ContinuationResultTaskFromResultTask`2.InnerInvoke()
   at System.Threading.ExecutionContext.RunInternal(ExecutionContext executionContext, ContextCallback callback, Object state)
--- End of stack trace from previous location ---
   at System.Threading.ExecutionContext.RunInternal(ExecutionContext executionContext, ContextCallback callback, Object state)
   at System.Threading.Tasks.Task.ExecuteWithThreadLocal(Task& currentTaskSlot, Thread threadPoolThread)
--- End of stack trace from previous location ---
   at Dapper.SqlMapper.QueryAsync[T](IDbConnection cnn, Type effectiveType, CommandDefinition command) in /_/Dapper/SqlMapper.Async.cs:line 434
   at PointOfSale.Infrastructure.Repositories.DiagnosticTelemetryRepository.GetRecentAsync(Int32 take, String categoryFilter, String severityFilter, String search, CancellationToken cancellationToken) in C:\Users\Albert Zee\Documents\Projects\Point Of Sale\src\PointOfSale.Infrastructure\Repositories\DiagnosticTelemetryRepository.cs:line 68
   at PointOfSale.Infrastructure.Repositories.DiagnosticTelemetryRepository.GetRecentAsync(Int32 take, String categoryFilter, String severityFilter, String search, CancellationToken cancellationToken) in C:\Users\Albert Zee\Documents\Projects\Point Of Sale\src\PointOfSale.Infrastructure\Repositories\DiagnosticTelemetryRepository.cs:line 84
   at PointOfSale.App.Services.PerformanceProfilingService.LoadErrorHistogramAsync(CancellationToken cancellationToken) in C:\Users\Albert Zee\Documents\Projects\Point Of Sale\src\PointOfSale.App\Services\PerformanceProfilingService.cs:line 294
   at PointOfSale.App.Services.PerformanceProfilingService.CaptureSnapshotAsync(CancellationToken cancellationToken) in C:\Users\Albert Zee\Documents\Projects\Point Of Sale\src\PointOfSale.App\Services\PerformanceProfilingService.cs:line 110
   at PointOfSale.App.Services.PerformanceProfilingBackgroundService.ExecuteAsync(CancellationToken stoppingToken) in C:\Users\Albert Zee\Documents\Projects\Point Of Sale\src\PointOfSale.App\Services\PerformanceProfilingBackgroundService.cs:line 59
ClientConnectionId:5584efa8-d013-4191-8cd6-2669725f0eef
Error Number:-2,State:0,Class:11
2026-07-29 16:08:03.277 +02:00 [WRN] MRA EIS HTTP 500 for POST "https://dev-eis-api.mra.mw/api/v1/utilities/ping". RequestPayload=(empty). ResponseBody={"message":"An internal error occurred"}
2026-07-29 16:08:03.277 +02:00 [WRN] utilities/ping failed after 30818 ms
PointOfSale.Mra.Http.MraApiException: MRA EIS HTTP 500: Internal Server Error — An internal error occurred
   at PointOfSale.Infrastructure.Services.MraApiClient.SendAsync[TResponse](HttpRequestMessage request, String auditRequestBody, CancellationToken cancellationToken) in C:\Users\Albert Zee\Documents\Projects\Point Of Sale\src\PointOfSale.Infrastructure\Services\MraApiClient.cs:line 314
   at PointOfSale.Infrastructure.Services.MraApiClient.PostEmptyAsync[TResponse](String relativePath, MraRequestContext context, CancellationToken cancellationToken) in C:\Users\Albert Zee\Documents\Projects\Point Of Sale\src\PointOfSale.Infrastructure\Services\MraApiClient.cs:line 223
   at PointOfSale.Infrastructure.Services.MraEisPingService.PingAsync(CancellationToken cancellationToken) in C:\Users\Albert Zee\Documents\Projects\Point Of Sale\src\PointOfSale.Infrastructure\Services\MraEisPingService.cs:line 48
2026-07-29 16:08:08.267 +02:00 [INF] ART Diagnostic WorkerHeartbeat HealthCheckWorker null null: Heartbeat
2026-07-29 16:08:08.466 +02:00 [INF] ART Diagnostic DatabaseLatency SqlExpress 31 null: SQL round-trip 31 ms
2026-07-29 16:08:08.537 +02:00 [INF] MRA EIS POST "https://dev-eis-api.mra.mw/api/v1/utilities/ping"
2026-07-29 16:08:12.481 +02:00 [INF] MRA EIS POST "https://dev-eis-api.mra.mw/api/v1/utilities/ping"
2026-07-29 16:08:12.859 +02:00 [INF] ART Diagnostic DatabaseLatency SqlExpress 1 null: SQL round-trip 1 ms
2026-07-29 16:08:13.961 +02:00 [INF] MRA EIS POST "https://dev-eis-api.mra.mw/api/v1/utilities/ping"
2026-07-29 16:08:23.312 +02:00 [INF] MRA POST /api/v1/utilities/ping status=500 success=false durationMs=10844
2026-07-29 16:08:23.313 +02:00 [INF] MRA POST /api/v1/utilities/ping status=500 success=false durationMs=14781
2026-07-29 16:08:23.317 +02:00 [INF] MRA POST /api/v1/utilities/ping status=500 success=false durationMs=9359
2026-07-29 16:08:23.698 +02:00 [WRN] MRA EIS HTTP 500 for POST "https://dev-eis-api.mra.mw/api/v1/utilities/ping". RequestPayload=(empty). ResponseBody={"message":"An internal error occurred"}
2026-07-29 16:08:23.698 +02:00 [WRN] utilities/ping failed after 11217 ms
PointOfSale.Mra.Http.MraApiException: MRA EIS HTTP 500: Internal Server Error — An internal error occurred
   at PointOfSale.Infrastructure.Services.MraApiClient.SendAsync[TResponse](HttpRequestMessage request, String auditRequestBody, CancellationToken cancellationToken) in C:\Users\Albert Zee\Documents\Projects\Point Of Sale\src\PointOfSale.Infrastructure\Services\MraApiClient.cs:line 314
   at PointOfSale.Infrastructure.Services.MraApiClient.PostEmptyAsync[TResponse](String relativePath, MraRequestContext context, CancellationToken cancellationToken) in C:\Users\Albert Zee\Documents\Projects\Point Of Sale\src\PointOfSale.Infrastructure\Services\MraApiClient.cs:line 223
   at PointOfSale.Infrastructure.Services.MraEisPingService.PingAsync(CancellationToken cancellationToken) in C:\Users\Albert Zee\Documents\Projects\Point Of Sale\src\PointOfSale.Infrastructure\Services\MraEisPingService.cs:line 48
2026-07-29 16:08:23.698 +02:00 [WRN] MRA EIS HTTP 500 for POST "https://dev-eis-api.mra.mw/api/v1/utilities/ping". RequestPayload=(empty). ResponseBody={"message":"An internal error occurred"}
2026-07-29 16:08:23.699 +02:00 [WRN] utilities/ping failed after 9737 ms
PointOfSale.Mra.Http.MraApiException: MRA EIS HTTP 500: Internal Server Error — An internal error occurred
   at PointOfSale.Infrastructure.Services.MraApiClient.SendAsync[TResponse](HttpRequestMessage request, String auditRequestBody, CancellationToken cancellationToken) in C:\Users\Albert Zee\Documents\Projects\Point Of Sale\src\PointOfSale.Infrastructure\Services\MraApiClient.cs:line 314
   at PointOfSale.Infrastructure.Services.MraApiClient.PostEmptyAsync[TResponse](String relativePath, MraRequestContext context, CancellationToken cancellationToken) in C:\Users\Albert Zee\Documents\Projects\Point Of Sale\src\PointOfSale.Infrastructure\Services\MraApiClient.cs:line 223
   at PointOfSale.Infrastructure.Services.MraEisPingService.PingAsync(CancellationToken cancellationToken) in C:\Users\Albert Zee\Documents\Projects\Point Of Sale\src\PointOfSale.Infrastructure\Services\MraEisPingService.cs:line 48
2026-07-29 16:08:23.699 +02:00 [WRN] MRA EIS HTTP 500 for POST "https://dev-eis-api.mra.mw/api/v1/utilities/ping". RequestPayload=(empty). ResponseBody={"message":"An internal error occurred"}
2026-07-29 16:08:23.699 +02:00 [WRN] ART Diagnostic MraConnectivity MraEis 9737 Unreachable: MRA ping failed in 9737 ms: MRA EIS HTTP 500: Internal Server Error — An internal error occurred
2026-07-29 16:08:23.700 +02:00 [WRN] utilities/ping failed after 15162 ms
PointOfSale.Mra.Http.MraApiException: MRA EIS HTTP 500: Internal Server Error — An internal error occurred
   at PointOfSale.Infrastructure.Services.MraApiClient.SendAsync[TResponse](HttpRequestMessage request, String auditRequestBody, CancellationToken cancellationToken) in C:\Users\Albert Zee\Documents\Projects\Point Of Sale\src\PointOfSale.Infrastructure\Services\MraApiClient.cs:line 314
   at PointOfSale.Infrastructure.Services.MraApiClient.PostEmptyAsync[TResponse](String relativePath, MraRequestContext context, CancellationToken cancellationToken) in C:\Users\Albert Zee\Documents\Projects\Point Of Sale\src\PointOfSale.Infrastructure\Services\MraApiClient.cs:line 223
   at PointOfSale.Infrastructure.Services.MraEisPingService.PingAsync(CancellationToken cancellationToken) in C:\Users\Albert Zee\Documents\Projects\Point Of Sale\src\PointOfSale.Infrastructure\Services\MraEisPingService.cs:line 48
2026-07-29 16:08:23.700 +02:00 [WRN] ART Diagnostic MraConnectivity MraEis 15162 Unreachable: MRA ping failed in 15162 ms: MRA EIS HTTP 500: Internal Server Error — An internal error occurred
2026-07-29 16:08:23.782 +02:00 [WRN] ART Diagnostic HealthCheck HealthCheckWorker 31 null: Degraded: MRA.
2026-07-29 16:08:23.860 +02:00 [INF] MRA EIS POST "https://dev-eis-api.mra.mw/api/v1/utilities/ping"
2026-07-29 16:08:23.860 +02:00 [WRN] Health check degraded: Degraded: MRA.
2026-07-29 16:08:24.959 +02:00 [INF] MRA POST /api/v1/utilities/ping status=500 success=false durationMs=1094
2026-07-29 16:08:25.014 +02:00 [WRN] MRA EIS HTTP 500 for POST "https://dev-eis-api.mra.mw/api/v1/utilities/ping". RequestPayload=(empty). ResponseBody={"message":"An internal error occurred"}
2026-07-29 16:08:25.014 +02:00 [WRN] utilities/ping failed after 1154 ms
PointOfSale.Mra.Http.MraApiException: MRA EIS HTTP 500: Internal Server Error — An internal error occurred
   at PointOfSale.Infrastructure.Services.MraApiClient.SendAsync[TResponse](HttpRequestMessage request, String auditRequestBody, CancellationToken cancellationToken) in C:\Users\Albert Zee\Documents\Projects\Point Of Sale\src\PointOfSale.Infrastructure\Services\MraApiClient.cs:line 314
   at PointOfSale.Infrastructure.Services.MraApiClient.PostEmptyAsync[TResponse](String relativePath, MraRequestContext context, CancellationToken cancellationToken) in C:\Users\Albert Zee\Documents\Projects\Point Of Sale\src\PointOfSale.Infrastructure\Services\MraApiClient.cs:line 223
   at PointOfSale.Infrastructure.Services.MraEisPingService.PingAsync(CancellationToken cancellationToken) in C:\Users\Albert Zee\Documents\Projects\Point Of Sale\src\PointOfSale.Infrastructure\Services\MraEisPingService.cs:line 48
2026-07-29 16:08:25.020 +02:00 [WRN] ART Diagnostic HealthCheck HealthCheckWorker 1 null: Degraded: MRA.
2026-07-29 16:08:25.256 +02:00 [INF] MRA EIS POST "https://dev-eis-api.mra.mw/api/v1/utilities/ping"
2026-07-29 16:08:25.469 +02:00 [INF] MRA POST /api/v1/utilities/ping status=500 success=false durationMs=218
2026-07-29 16:08:25.719 +02:00 [WRN] MRA EIS HTTP 500 for POST "https://dev-eis-api.mra.mw/api/v1/utilities/ping". RequestPayload=(empty). ResponseBody={"message":"An internal error occurred"}
2026-07-29 16:08:25.720 +02:00 [WRN] utilities/ping failed after 464 ms
PointOfSale.Mra.Http.MraApiException: MRA EIS HTTP 500: Internal Server Error — An internal error occurred
   at PointOfSale.Infrastructure.Services.MraApiClient.SendAsync[TResponse](HttpRequestMessage request, String auditRequestBody, CancellationToken cancellationToken) in C:\Users\Albert Zee\Documents\Projects\Point Of Sale\src\PointOfSale.Infrastructure\Services\MraApiClient.cs:line 314
   at PointOfSale.Infrastructure.Services.MraApiClient.PostEmptyAsync[TResponse](String relativePath, MraRequestContext context, CancellationToken cancellationToken) in C:\Users\Albert Zee\Documents\Projects\Point Of Sale\src\PointOfSale.Infrastructure\Services\MraApiClient.cs:line 223
   at PointOfSale.Infrastructure.Services.MraEisPingService.PingAsync(CancellationToken cancellationToken) in C:\Users\Albert Zee\Documents\Projects\Point Of Sale\src\PointOfSale.Infrastructure\Services\MraEisPingService.cs:line 48
2026-07-29 16:08:28.470 +02:00 [WRN] System health alert [MRA_UNREACHABLE] MRA EIS API gateway unreachable while internet is online.
2026-07-29 16:08:28.470 +02:00 [ERR] ART Diagnostic Exception HealthAlert:MRA_UNREACHABLE null null: MRA EIS API gateway unreachable while internet is online.
2026-07-29 16:08:28.616 +02:00 [INF] ART Diagnostic WorkerHeartbeat SystemHealthMonitorService null null: MRA EIS API gateway is unreachable.
2026-07-29 16:08:28.654 +02:00 [WRN] System health degraded: MRA EIS API gateway is unreachable.
2026-07-29 16:08:32.446 +02:00 [INF] MRA EIS POST "https://dev-eis-api.mra.mw/api/v1/utilities/ping"
2026-07-29 16:08:57.564 +02:00 [INF] MRA POST /api/v1/utilities/ping status=500 success=false durationMs=25125
2026-07-29 16:08:57.802 +02:00 [INF] Inventory alert scan complete: 8 products, low=0, stockout=0, overstock=0, fast=0.
2026-07-29 16:08:58.095 +02:00 [WRN] MRA EIS HTTP 500 for POST "https://dev-eis-api.mra.mw/api/v1/utilities/ping". RequestPayload=(empty). ResponseBody={"message":"An internal error occurred"}
2026-07-29 16:08:58.095 +02:00 [WRN] utilities/ping failed after 25649 ms
PointOfSale.Mra.Http.MraApiException: MRA EIS HTTP 500: Internal Server Error — An internal error occurred
   at PointOfSale.Infrastructure.Services.MraApiClient.SendAsync[TResponse](HttpRequestMessage request, String auditRequestBody, CancellationToken cancellationToken) in C:\Users\Albert Zee\Documents\Projects\Point Of Sale\src\PointOfSale.Infrastructure\Services\MraApiClient.cs:line 314
   at PointOfSale.Infrastructure.Services.MraApiClient.PostEmptyAsync[TResponse](String relativePath, MraRequestContext context, CancellationToken cancellationToken) in C:\Users\Albert Zee\Documents\Projects\Point Of Sale\src\PointOfSale.Infrastructure\Services\MraApiClient.cs:line 223
   at PointOfSale.Infrastructure.Services.MraEisPingService.PingAsync(CancellationToken cancellationToken) in C:\Users\Albert Zee\Documents\Projects\Point Of Sale\src\PointOfSale.Infrastructure\Services\MraEisPingService.cs:line 48
2026-07-29 16:09:01.827 +02:00 [WRN] Performance profiling iteration failed.
Microsoft.Data.SqlClient.SqlException (0x80131904): Execution Timeout Expired.  The timeout period elapsed prior to completion of the operation or the server is not responding.
 ---> System.ComponentModel.Win32Exception (258): The wait operation timed out.
   at System.Threading.Tasks.ContinuationResultTaskFromResultTask`2.InnerInvoke()
   at System.Threading.ExecutionContext.RunInternal(ExecutionContext executionContext, ContextCallback callback, Object state)
--- End of stack trace from previous location ---
   at System.Threading.ExecutionContext.RunInternal(ExecutionContext executionContext, ContextCallback callback, Object state)
   at System.Threading.Tasks.Task.ExecuteWithThreadLocal(Task& currentTaskSlot, Thread threadPoolThread)
--- End of stack trace from previous location ---
   at Dapper.SqlMapper.QueryAsync[T](IDbConnection cnn, Type effectiveType, CommandDefinition command) in /_/Dapper/SqlMapper.Async.cs:line 434
   at PointOfSale.Infrastructure.Repositories.DiagnosticTelemetryRepository.GetRecentAsync(Int32 take, String categoryFilter, String severityFilter, String search, CancellationToken cancellationToken) in C:\Users\Albert Zee\Documents\Projects\Point Of Sale\src\PointOfSale.Infrastructure\Repositories\DiagnosticTelemetryRepository.cs:line 68
   at PointOfSale.Infrastructure.Repositories.DiagnosticTelemetryRepository.GetRecentAsync(Int32 take, String categoryFilter, String severityFilter, String search, CancellationToken cancellationToken) in C:\Users\Albert Zee\Documents\Projects\Point Of Sale\src\PointOfSale.Infrastructure\Repositories\DiagnosticTelemetryRepository.cs:line 84
   at PointOfSale.App.Services.PerformanceProfilingService.LoadErrorHistogramAsync(CancellationToken cancellationToken) in C:\Users\Albert Zee\Documents\Projects\Point Of Sale\src\PointOfSale.App\Services\PerformanceProfilingService.cs:line 294
   at PointOfSale.App.Services.PerformanceProfilingService.CaptureSnapshotAsync(CancellationToken cancellationToken) in C:\Users\Albert Zee\Documents\Projects\Point Of Sale\src\PointOfSale.App\Services\PerformanceProfilingService.cs:line 110
   at PointOfSale.App.Services.PerformanceProfilingBackgroundService.ExecuteAsync(CancellationToken stoppingToken) in C:\Users\Albert Zee\Documents\Projects\Point Of Sale\src\PointOfSale.App\Services\PerformanceProfilingBackgroundService.cs:line 59
ClientConnectionId:5584efa8-d013-4191-8cd6-2669725f0eef
Error Number:-2,State:0,Class:11
2026-07-29 16:09:08.862 +02:00 [INF] ART Diagnostic WorkerHeartbeat HealthCheckWorker null null: Heartbeat
2026-07-29 16:09:09.154 +02:00 [INF] ART Diagnostic DatabaseLatency SqlExpress 105 null: SQL round-trip 105 ms
2026-07-29 16:09:09.411 +02:00 [INF] MRA EIS POST "https://dev-eis-api.mra.mw/api/v1/utilities/ping"
2026-07-29 16:09:12.456 +02:00 [INF] MRA EIS POST "https://dev-eis-api.mra.mw/api/v1/utilities/ping"
2026-07-29 16:09:13.662 +02:00 [INF] ART Diagnostic DatabaseLatency SqlExpress 0 null: SQL round-trip 0 ms
2026-07-29 16:09:13.769 +02:00 [INF] MRA EIS POST "https://dev-eis-api.mra.mw/api/v1/utilities/ping"
2026-07-29 16:09:25.076 +02:00 [INF] MRA POST /api/v1/utilities/ping status=500 success=false durationMs=12609
2026-07-29 16:09:25.117 +02:00 [INF] MRA POST /api/v1/utilities/ping status=500 success=false durationMs=15703
2026-07-29 16:09:25.154 +02:00 [WRN] MRA EIS HTTP 500 for POST "https://dev-eis-api.mra.mw/api/v1/utilities/ping". RequestPayload=(empty). ResponseBody={"message":"An internal error occurred"}
2026-07-29 16:09:25.155 +02:00 [WRN] utilities/ping failed after 12699 ms
PointOfSale.Mra.Http.MraApiException: MRA EIS HTTP 500: Internal Server Error — An internal error occurred
   at PointOfSale.Infrastructure.Services.MraApiClient.SendAsync[TResponse](HttpRequestMessage request, String auditRequestBody, CancellationToken cancellationToken) in C:\Users\Albert Zee\Documents\Projects\Point Of Sale\src\PointOfSale.Infrastructure\Services\MraApiClient.cs:line 314
   at PointOfSale.Infrastructure.Services.MraApiClient.PostEmptyAsync[TResponse](String relativePath, MraRequestContext context, CancellationToken cancellationToken) in C:\Users\Albert Zee\Documents\Projects\Point Of Sale\src\PointOfSale.Infrastructure\Services\MraApiClient.cs:line 223
   at PointOfSale.Infrastructure.Services.MraEisPingService.PingAsync(CancellationToken cancellationToken) in C:\Users\Albert Zee\Documents\Projects\Point Of Sale\src\PointOfSale.Infrastructure\Services\MraEisPingService.cs:line 48
2026-07-29 16:09:26.459 +02:00 [WRN] MRA EIS HTTP 500 for POST "https://dev-eis-api.mra.mw/api/v1/utilities/ping". RequestPayload=(empty). ResponseBody={"message":"An internal error occurred"}
2026-07-29 16:09:26.459 +02:00 [WRN] utilities/ping failed after 17048 ms
PointOfSale.Mra.Http.MraApiException: MRA EIS HTTP 500: Internal Server Error — An internal error occurred
   at PointOfSale.Infrastructure.Services.MraApiClient.SendAsync[TResponse](HttpRequestMessage request, String auditRequestBody, CancellationToken cancellationToken) in C:\Users\Albert Zee\Documents\Projects\Point Of Sale\src\PointOfSale.Infrastructure\Services\MraApiClient.cs:line 314
   at PointOfSale.Infrastructure.Services.MraApiClient.PostEmptyAsync[TResponse](String relativePath, MraRequestContext context, CancellationToken cancellationToken) in C:\Users\Albert Zee\Documents\Projects\Point Of Sale\src\PointOfSale.Infrastructure\Services\MraApiClient.cs:line 223
   at PointOfSale.Infrastructure.Services.MraEisPingService.PingAsync(CancellationToken cancellationToken) in C:\Users\Albert Zee\Documents\Projects\Point Of Sale\src\PointOfSale.Infrastructure\Services\MraEisPingService.cs:line 48
2026-07-29 16:09:26.460 +02:00 [WRN] ART Diagnostic MraConnectivity MraEis 17048 Unreachable: MRA ping failed in 17048 ms: MRA EIS HTTP 500: Internal Server Error — An internal error occurred
2026-07-29 16:09:26.667 +02:00 [INF] MRA EIS POST "https://dev-eis-api.mra.mw/api/v1/utilities/ping"
2026-07-29 16:09:26.832 +02:00 [INF] MRA POST /api/v1/utilities/ping status=500 success=false durationMs=172
2026-07-29 16:09:26.927 +02:00 [WRN] MRA EIS HTTP 500 for POST "https://dev-eis-api.mra.mw/api/v1/utilities/ping". RequestPayload=(empty). ResponseBody={"message":"An internal error occurred"}
2026-07-29 16:09:26.928 +02:00 [WRN] utilities/ping failed after 261 ms
PointOfSale.Mra.Http.MraApiException: MRA EIS HTTP 500: Internal Server Error — An internal error occurred
   at PointOfSale.Infrastructure.Services.MraApiClient.SendAsync[TResponse](HttpRequestMessage request, String auditRequestBody, CancellationToken cancellationToken) in C:\Users\Albert Zee\Documents\Projects\Point Of Sale\src\PointOfSale.Infrastructure\Services\MraApiClient.cs:line 314
   at PointOfSale.Infrastructure.Services.MraApiClient.PostEmptyAsync[TResponse](String relativePath, MraRequestContext context, CancellationToken cancellationToken) in C:\Users\Albert Zee\Documents\Projects\Point Of Sale\src\PointOfSale.Infrastructure\Services\MraApiClient.cs:line 223
   at PointOfSale.Infrastructure.Services.MraEisPingService.PingAsync(CancellationToken cancellationToken) in C:\Users\Albert Zee\Documents\Projects\Point Of Sale\src\PointOfSale.Infrastructure\Services\MraEisPingService.cs:line 48
2026-07-29 16:09:26.935 +02:00 [WRN] ART Diagnostic HealthCheck HealthCheckWorker 105 null: Degraded: MRA.
2026-07-29 16:09:27.297 +02:00 [WRN] Health check degraded: Degraded: MRA.
2026-07-29 16:09:27.733 +02:00 [INF] MRA POST /api/v1/utilities/ping status=500 success=false durationMs=13969
2026-07-29 16:09:27.966 +02:00 [WRN] MRA EIS HTTP 500 for POST "https://dev-eis-api.mra.mw/api/v1/utilities/ping". RequestPayload=(empty). ResponseBody={"message":"An internal error occurred"}
2026-07-29 16:09:27.966 +02:00 [WRN] utilities/ping failed after 14197 ms
PointOfSale.Mra.Http.MraApiException: MRA EIS HTTP 500: Internal Server Error — An internal error occurred
   at PointOfSale.Infrastructure.Services.MraApiClient.SendAsync[TResponse](HttpRequestMessage request, String auditRequestBody, CancellationToken cancellationToken) in C:\Users\Albert Zee\Documents\Projects\Point Of Sale\src\PointOfSale.Infrastructure\Services\MraApiClient.cs:line 314
   at PointOfSale.Infrastructure.Services.MraApiClient.PostEmptyAsync[TResponse](String relativePath, MraRequestContext context, CancellationToken cancellationToken) in C:\Users\Albert Zee\Documents\Projects\Point Of Sale\src\PointOfSale.Infrastructure\Services\MraApiClient.cs:line 223
   at PointOfSale.Infrastructure.Services.MraEisPingService.PingAsync(CancellationToken cancellationToken) in C:\Users\Albert Zee\Documents\Projects\Point Of Sale\src\PointOfSale.Infrastructure\Services\MraEisPingService.cs:line 48
2026-07-29 16:09:27.966 +02:00 [WRN] ART Diagnostic MraConnectivity MraEis 14197 Unreachable: MRA ping failed in 14197 ms: MRA EIS HTTP 500: Internal Server Error — An internal error occurred
2026-07-29 16:09:28.179 +02:00 [INF] MRA EIS POST "https://dev-eis-api.mra.mw/api/v1/utilities/ping"
2026-07-29 16:09:28.255 +02:00 [INF] MRA POST /api/v1/utilities/ping status=500 success=false durationMs=78
2026-07-29 16:09:28.381 +02:00 [WRN] MRA EIS HTTP 500 for POST "https://dev-eis-api.mra.mw/api/v1/utilities/ping". RequestPayload=(empty). ResponseBody={"message":"An internal error occurred"}
2026-07-29 16:09:28.381 +02:00 [WRN] utilities/ping failed after 201 ms
PointOfSale.Mra.Http.MraApiException: MRA EIS HTTP 500: Internal Server Error — An internal error occurred
   at PointOfSale.Infrastructure.Services.MraApiClient.SendAsync[TResponse](HttpRequestMessage request, String auditRequestBody, CancellationToken cancellationToken) in C:\Users\Albert Zee\Documents\Projects\Point Of Sale\src\PointOfSale.Infrastructure\Services\MraApiClient.cs:line 314
   at PointOfSale.Infrastructure.Services.MraApiClient.PostEmptyAsync[TResponse](String relativePath, MraRequestContext context, CancellationToken cancellationToken) in C:\Users\Albert Zee\Documents\Projects\Point Of Sale\src\PointOfSale.Infrastructure\Services\MraApiClient.cs:line 223
   at PointOfSale.Infrastructure.Services.MraEisPingService.PingAsync(CancellationToken cancellationToken) in C:\Users\Albert Zee\Documents\Projects\Point Of Sale\src\PointOfSale.Infrastructure\Services\MraEisPingService.cs:line 48
2026-07-29 16:09:28.390 +02:00 [WRN] ART Diagnostic HealthCheck HealthCheckWorker 0 null: Degraded: MRA.
2026-07-29 16:09:28.560 +02:00 [INF] MRA EIS POST "https://dev-eis-api.mra.mw/api/v1/utilities/ping"
2026-07-29 16:09:28.698 +02:00 [INF] MRA POST /api/v1/utilities/ping status=500 success=false durationMs=140
2026-07-29 16:09:28.900 +02:00 [WRN] MRA EIS HTTP 500 for POST "https://dev-eis-api.mra.mw/api/v1/utilities/ping". RequestPayload=(empty). ResponseBody={"message":"An internal error occurred"}
2026-07-29 16:09:28.900 +02:00 [WRN] utilities/ping failed after 340 ms
PointOfSale.Mra.Http.MraApiException: MRA EIS HTTP 500: Internal Server Error — An internal error occurred
   at PointOfSale.Infrastructure.Services.MraApiClient.SendAsync[TResponse](HttpRequestMessage request, String auditRequestBody, CancellationToken cancellationToken) in C:\Users\Albert Zee\Documents\Projects\Point Of Sale\src\PointOfSale.Infrastructure\Services\MraApiClient.cs:line 314
   at PointOfSale.Infrastructure.Services.MraApiClient.PostEmptyAsync[TResponse](String relativePath, MraRequestContext context, CancellationToken cancellationToken) in C:\Users\Albert Zee\Documents\Projects\Point Of Sale\src\PointOfSale.Infrastructure\Services\MraApiClient.cs:line 223
   at PointOfSale.Infrastructure.Services.MraEisPingService.PingAsync(CancellationToken cancellationToken) in C:\Users\Albert Zee\Documents\Projects\Point Of Sale\src\PointOfSale.Infrastructure\Services\MraEisPingService.cs:line 48
2026-07-29 16:09:28.968 +02:00 [INF] ART Diagnostic WorkerHeartbeat SystemHealthMonitorService null null: MRA EIS API gateway is unreachable.
2026-07-29 16:09:29.224 +02:00 [WRN] System health degraded: MRA EIS API gateway is unreachable.
2026-07-29 16:09:32.464 +02:00 [INF] MRA EIS POST "https://dev-eis-api.mra.mw/api/v1/utilities/ping"
2026-07-29 16:09:57.645 +02:00 [INF] MRA POST /api/v1/utilities/ping status=500 success=false durationMs=25187
2026-07-29 16:09:57.654 +02:00 [WRN] MRA EIS HTTP 500 for POST "https://dev-eis-api.mra.mw/api/v1/utilities/ping". RequestPayload=(empty). ResponseBody={"message":"An internal error occurred"}
2026-07-29 16:09:57.655 +02:00 [WRN] utilities/ping failed after 25190 ms
PointOfSale.Mra.Http.MraApiException: MRA EIS HTTP 500: Internal Server Error — An internal error occurred
   at PointOfSale.Infrastructure.Services.MraApiClient.SendAsync[TResponse](HttpRequestMessage request, String auditRequestBody, CancellationToken cancellationToken) in C:\Users\Albert Zee\Documents\Projects\Point Of Sale\src\PointOfSale.Infrastructure\Services\MraApiClient.cs:line 314
   at PointOfSale.Infrastructure.Services.MraApiClient.PostEmptyAsync[TResponse](String relativePath, MraRequestContext context, CancellationToken cancellationToken) in C:\Users\Albert Zee\Documents\Projects\Point Of Sale\src\PointOfSale.Infrastructure\Services\MraApiClient.cs:line 223
   at PointOfSale.Infrastructure.Services.MraEisPingService.PingAsync(CancellationToken cancellationToken) in C:\Users\Albert Zee\Documents\Projects\Point Of Sale\src\PointOfSale.Infrastructure\Services\MraEisPingService.cs:line 48
2026-07-29 16:10:01.955 +02:00 [WRN] Performance profiling iteration failed.
Microsoft.Data.SqlClient.SqlException (0x80131904): Execution Timeout Expired.  The timeout period elapsed prior to completion of the operation or the server is not responding.
 ---> System.ComponentModel.Win32Exception (258): The wait operation timed out.
   at System.Threading.Tasks.ContinuationResultTaskFromResultTask`2.InnerInvoke()
   at System.Threading.ExecutionContext.RunInternal(ExecutionContext executionContext, ContextCallback callback, Object state)
--- End of stack trace from previous location ---
   at System.Threading.ExecutionContext.RunInternal(ExecutionContext executionContext, ContextCallback callback, Object state)
   at System.Threading.Tasks.Task.ExecuteWithThreadLocal(Task& currentTaskSlot, Thread threadPoolThread)
--- End of stack trace from previous location ---
   at Dapper.SqlMapper.QueryAsync[T](IDbConnection cnn, Type effectiveType, CommandDefinition command) in /_/Dapper/SqlMapper.Async.cs:line 434
   at PointOfSale.Infrastructure.Repositories.DiagnosticTelemetryRepository.GetRecentAsync(Int32 take, String categoryFilter, String severityFilter, String search, CancellationToken cancellationToken) in C:\Users\Albert Zee\Documents\Projects\Point Of Sale\src\PointOfSale.Infrastructure\Repositories\DiagnosticTelemetryRepository.cs:line 68
   at PointOfSale.Infrastructure.Repositories.DiagnosticTelemetryRepository.GetRecentAsync(Int32 take, String categoryFilter, String severityFilter, String search, CancellationToken cancellationToken) in C:\Users\Albert Zee\Documents\Projects\Point Of Sale\src\PointOfSale.Infrastructure\Repositories\DiagnosticTelemetryRepository.cs:line 84
   at PointOfSale.App.Services.PerformanceProfilingService.LoadErrorHistogramAsync(CancellationToken cancellationToken) in C:\Users\Albert Zee\Documents\Projects\Point Of Sale\src\PointOfSale.App\Services\PerformanceProfilingService.cs:line 294
   at PointOfSale.App.Services.PerformanceProfilingService.CaptureSnapshotAsync(CancellationToken cancellationToken) in C:\Users\Albert Zee\Documents\Projects\Point Of Sale\src\PointOfSale.App\Services\PerformanceProfilingService.cs:line 110
   at PointOfSale.App.Services.PerformanceProfilingBackgroundService.ExecuteAsync(CancellationToken stoppingToken) in C:\Users\Albert Zee\Documents\Projects\Point Of Sale\src\PointOfSale.App\Services\PerformanceProfilingBackgroundService.cs:line 59
ClientConnectionId:5584efa8-d013-4191-8cd6-2669725f0eef
Error Number:-2,State:0,Class:11
2026-07-29 16:10:12.632 +02:00 [INF] ART Diagnostic WorkerHeartbeat HealthCheckWorker null null: Heartbeat
2026-07-29 16:10:12.990 +02:00 [INF] MRA EIS POST "https://dev-eis-api.mra.mw/api/v1/utilities/ping"
2026-07-29 16:10:13.002 +02:00 [INF] ART Diagnostic DatabaseLatency SqlExpress 19 null: SQL round-trip 19 ms
2026-07-29 16:10:13.121 +02:00 [INF] MRA EIS POST "https://dev-eis-api.mra.mw/api/v1/utilities/ping"
2026-07-29 16:10:14.273 +02:00 [INF] ART Diagnostic DatabaseLatency SqlExpress 23 null: SQL round-trip 23 ms
2026-07-29 16:10:14.490 +02:00 [INF] MRA EIS POST "https://dev-eis-api.mra.mw/api/v1/utilities/ping"
2026-07-29 16:10:22.727 +02:00 [INF] MRA POST /api/v1/utilities/ping status=500 success=false durationMs=9609
2026-07-29 16:10:22.748 +02:00 [INF] MRA POST /api/v1/utilities/ping status=500 success=false durationMs=8250
2026-07-29 16:10:22.749 +02:00 [INF] MRA POST /api/v1/utilities/ping status=500 success=false durationMs=9766
2026-07-29 16:10:22.852 +02:00 [WRN] MRA EIS HTTP 500 for POST "https://dev-eis-api.mra.mw/api/v1/utilities/ping". RequestPayload=(empty). ResponseBody={"message":"An internal error occurred"}
2026-07-29 16:10:22.852 +02:00 [WRN] utilities/ping failed after 9731 ms
PointOfSale.Mra.Http.MraApiException: MRA EIS HTTP 500: Internal Server Error — An internal error occurred
   at PointOfSale.Infrastructure.Services.MraApiClient.SendAsync[TResponse](HttpRequestMessage request, String auditRequestBody, CancellationToken cancellationToken) in C:\Users\Albert Zee\Documents\Projects\Point Of Sale\src\PointOfSale.Infrastructure\Services\MraApiClient.cs:line 314
   at PointOfSale.Infrastructure.Services.MraApiClient.PostEmptyAsync[TResponse](String relativePath, MraRequestContext context, CancellationToken cancellationToken) in C:\Users\Albert Zee\Documents\Projects\Point Of Sale\src\PointOfSale.Infrastructure\Services\MraApiClient.cs:line 223
   at PointOfSale.Infrastructure.Services.MraEisPingService.PingAsync(CancellationToken cancellationToken) in C:\Users\Albert Zee\Documents\Projects\Point Of Sale\src\PointOfSale.Infrastructure\Services\MraEisPingService.cs:line 48
2026-07-29 16:10:22.853 +02:00 [WRN] ART Diagnostic MraConnectivity MraEis 9731 Unreachable: MRA ping failed in 9731 ms: MRA EIS HTTP 500: Internal Server Error — An internal error occurred
2026-07-29 16:10:22.876 +02:00 [WRN] MRA EIS HTTP 500 for POST "https://dev-eis-api.mra.mw/api/v1/utilities/ping". RequestPayload=(empty). ResponseBody={"message":"An internal error occurred"}
2026-07-29 16:10:22.877 +02:00 [WRN] utilities/ping failed after 8386 ms
PointOfSale.Mra.Http.MraApiException: MRA EIS HTTP 500: Internal Server Error — An internal error occurred
   at PointOfSale.Infrastructure.Services.MraApiClient.SendAsync[TResponse](HttpRequestMessage request, String auditRequestBody, CancellationToken cancellationToken) in C:\Users\Albert Zee\Documents\Projects\Point Of Sale\src\PointOfSale.Infrastructure\Services\MraApiClient.cs:line 314
   at PointOfSale.Infrastructure.Services.MraApiClient.PostEmptyAsync[TResponse](String relativePath, MraRequestContext context, CancellationToken cancellationToken) in C:\Users\Albert Zee\Documents\Projects\Point Of Sale\src\PointOfSale.Infrastructure\Services\MraApiClient.cs:line 223
   at PointOfSale.Infrastructure.Services.MraEisPingService.PingAsync(CancellationToken cancellationToken) in C:\Users\Albert Zee\Documents\Projects\Point Of Sale\src\PointOfSale.Infrastructure\Services\MraEisPingService.cs:line 48
2026-07-29 16:10:22.877 +02:00 [WRN] ART Diagnostic MraConnectivity MraEis 8386 Unreachable: MRA ping failed in 8386 ms: MRA EIS HTTP 500: Internal Server Error — An internal error occurred
2026-07-29 16:10:22.879 +02:00 [WRN] MRA EIS HTTP 500 for POST "https://dev-eis-api.mra.mw/api/v1/utilities/ping". RequestPayload=(empty). ResponseBody={"message":"An internal error occurred"}
2026-07-29 16:10:22.879 +02:00 [WRN] utilities/ping failed after 9889 ms
PointOfSale.Mra.Http.MraApiException: MRA EIS HTTP 500: Internal Server Error — An internal error occurred
   at PointOfSale.Infrastructure.Services.MraApiClient.SendAsync[TResponse](HttpRequestMessage request, String auditRequestBody, CancellationToken cancellationToken) in C:\Users\Albert Zee\Documents\Projects\Point Of Sale\src\PointOfSale.Infrastructure\Services\MraApiClient.cs:line 314
   at PointOfSale.Infrastructure.Services.MraApiClient.PostEmptyAsync[TResponse](String relativePath, MraRequestContext context, CancellationToken cancellationToken) in C:\Users\Albert Zee\Documents\Projects\Point Of Sale\src\PointOfSale.Infrastructure\Services\MraApiClient.cs:line 223
   at PointOfSale.Infrastructure.Services.MraEisPingService.PingAsync(CancellationToken cancellationToken) in C:\Users\Albert Zee\Documents\Projects\Point Of Sale\src\PointOfSale.Infrastructure\Services\MraEisPingService.cs:line 48
2026-07-29 16:10:22.939 +02:00 [INF] Inventory alert scan complete: 8 products, low=0, stockout=0, overstock=0, fast=0.
2026-07-29 16:10:23.017 +02:00 [WRN] ART Diagnostic HealthCheck HealthCheckWorker 19 null: Degraded: MRA.
2026-07-29 16:10:23.217 +02:00 [INF] MRA EIS POST "https://dev-eis-api.mra.mw/api/v1/utilities/ping"
2026-07-29 16:10:23.268 +02:00 [WRN] Health check degraded: Degraded: MRA.
2026-07-29 16:10:26.430 +02:00 [INF] MRA POST /api/v1/utilities/ping status=500 success=false durationMs=3204
2026-07-29 16:10:26.759 +02:00 [WRN] MRA EIS HTTP 500 for POST "https://dev-eis-api.mra.mw/api/v1/utilities/ping". RequestPayload=(empty). ResponseBody={"message":"An internal error occurred"}
2026-07-29 16:10:26.759 +02:00 [WRN] utilities/ping failed after 3541 ms
PointOfSale.Mra.Http.MraApiException: MRA EIS HTTP 500: Internal Server Error — An internal error occurred
   at PointOfSale.Infrastructure.Services.MraApiClient.SendAsync[TResponse](HttpRequestMessage request, String auditRequestBody, CancellationToken cancellationToken) in C:\Users\Albert Zee\Documents\Projects\Point Of Sale\src\PointOfSale.Infrastructure\Services\MraApiClient.cs:line 314
   at PointOfSale.Infrastructure.Services.MraApiClient.PostEmptyAsync[TResponse](String relativePath, MraRequestContext context, CancellationToken cancellationToken) in C:\Users\Albert Zee\Documents\Projects\Point Of Sale\src\PointOfSale.Infrastructure\Services\MraApiClient.cs:line 223
   at PointOfSale.Infrastructure.Services.MraEisPingService.PingAsync(CancellationToken cancellationToken) in C:\Users\Albert Zee\Documents\Projects\Point Of Sale\src\PointOfSale.Infrastructure\Services\MraEisPingService.cs:line 48
2026-07-29 16:10:26.781 +02:00 [WRN] ART Diagnostic HealthCheck HealthCheckWorker 23 null: Degraded: MRA.
2026-07-29 16:10:26.871 +02:00 [INF] MRA EIS POST "https://dev-eis-api.mra.mw/api/v1/utilities/ping"
2026-07-29 16:10:27.230 +02:00 [INF] MRA POST /api/v1/utilities/ping status=500 success=false durationMs=359
2026-07-29 16:10:27.313 +02:00 [WRN] MRA EIS HTTP 500 for POST "https://dev-eis-api.mra.mw/api/v1/utilities/ping". RequestPayload=(empty). ResponseBody={"message":"An internal error occurred"}
2026-07-29 16:10:27.313 +02:00 [WRN] utilities/ping failed after 442 ms
PointOfSale.Mra.Http.MraApiException: MRA EIS HTTP 500: Internal Server Error — An internal error occurred
   at PointOfSale.Infrastructure.Services.MraApiClient.SendAsync[TResponse](HttpRequestMessage request, String auditRequestBody, CancellationToken cancellationToken) in C:\Users\Albert Zee\Documents\Projects\Point Of Sale\src\PointOfSale.Infrastructure\Services\MraApiClient.cs:line 314
   at PointOfSale.Infrastructure.Services.MraApiClient.PostEmptyAsync[TResponse](String relativePath, MraRequestContext context, CancellationToken cancellationToken) in C:\Users\Albert Zee\Documents\Projects\Point Of Sale\src\PointOfSale.Infrastructure\Services\MraApiClient.cs:line 223
   at PointOfSale.Infrastructure.Services.MraEisPingService.PingAsync(CancellationToken cancellationToken) in C:\Users\Albert Zee\Documents\Projects\Point Of Sale\src\PointOfSale.Infrastructure\Services\MraEisPingService.cs:line 48
2026-07-29 16:10:27.433 +02:00 [INF] ART Diagnostic WorkerHeartbeat SystemHealthMonitorService null null: MRA EIS API gateway is unreachable.
2026-07-29 16:10:27.518 +02:00 [WRN] System health degraded: MRA EIS API gateway is unreachable.
2026-07-29 16:10:32.774 +02:00 [INF] MRA EIS POST "https://dev-eis-api.mra.mw/api/v1/utilities/ping"
2026-07-29 16:10:58.002 +02:00 [INF] MRA POST /api/v1/utilities/ping status=500 success=false durationMs=25235
2026-07-29 16:10:58.020 +02:00 [WRN] MRA EIS HTTP 500 for POST "https://dev-eis-api.mra.mw/api/v1/utilities/ping". RequestPayload=(empty). ResponseBody={"message":"An internal error occurred"}
2026-07-29 16:10:58.020 +02:00 [WRN] utilities/ping failed after 25246 ms
PointOfSale.Mra.Http.MraApiException: MRA EIS HTTP 500: Internal Server Error — An internal error occurred
   at PointOfSale.Infrastructure.Services.MraApiClient.SendAsync[TResponse](HttpRequestMessage request, String auditRequestBody, CancellationToken cancellationToken) in C:\Users\Albert Zee\Documents\Projects\Point Of Sale\src\PointOfSale.Infrastructure\Services\MraApiClient.cs:line 314
   at PointOfSale.Infrastructure.Services.MraApiClient.PostEmptyAsync[TResponse](String relativePath, MraRequestContext context, CancellationToken cancellationToken) in C:\Users\Albert Zee\Documents\Projects\Point Of Sale\src\PointOfSale.Infrastructure\Services\MraApiClient.cs:line 223
   at PointOfSale.Infrastructure.Services.MraEisPingService.PingAsync(CancellationToken cancellationToken) in C:\Users\Albert Zee\Documents\Projects\Point Of Sale\src\PointOfSale.Infrastructure\Services\MraEisPingService.cs:line 48
2026-07-29 16:11:01.560 +02:00 [INF] ART Diagnostic DatabaseLatency SqlExpress 1 null: Performance profile sample (FPS 0.0)
2026-07-29 16:11:08.281 +02:00 [INF] ART Diagnostic WorkerHeartbeat HealthCheckWorker null null: Heartbeat
2026-07-29 16:11:08.338 +02:00 [INF] ART Diagnostic DatabaseLatency SqlExpress 0 null: SQL round-trip 0 ms
2026-07-29 16:11:08.393 +02:00 [INF] MRA EIS POST "https://dev-eis-api.mra.mw/api/v1/utilities/ping"
2026-07-29 16:11:12.467 +02:00 [INF] MRA EIS POST "https://dev-eis-api.mra.mw/api/v1/utilities/ping"
2026-07-29 16:11:12.527 +02:00 [INF] ART Diagnostic DatabaseLatency SqlExpress 0 null: SQL round-trip 0 ms
2026-07-29 16:11:12.555 +02:00 [INF] MRA EIS POST "https://dev-eis-api.mra.mw/api/v1/utilities/ping"
2026-07-29 16:11:21.838 +02:00 [INF] MRA POST /api/v1/utilities/ping status=500 success=false durationMs=9281
2026-07-29 16:11:21.885 +02:00 [WRN] MRA EIS HTTP 500 for POST "https://dev-eis-api.mra.mw/api/v1/utilities/ping". RequestPayload=(empty). ResponseBody={"message":"An internal error occurred"}
2026-07-29 16:11:21.885 +02:00 [WRN] utilities/ping failed after 9329 ms
PointOfSale.Mra.Http.MraApiException: MRA EIS HTTP 500: Internal Server Error — An internal error occurred
   at PointOfSale.Infrastructure.Services.MraApiClient.SendAsync[TResponse](HttpRequestMessage request, String auditRequestBody, CancellationToken cancellationToken) in C:\Users\Albert Zee\Documents\Projects\Point Of Sale\src\PointOfSale.Infrastructure\Services\MraApiClient.cs:line 314
   at PointOfSale.Infrastructure.Services.MraApiClient.PostEmptyAsync[TResponse](String relativePath, MraRequestContext context, CancellationToken cancellationToken) in C:\Users\Albert Zee\Documents\Projects\Point Of Sale\src\PointOfSale.Infrastructure\Services\MraApiClient.cs:line 223
   at PointOfSale.Infrastructure.Services.MraEisPingService.PingAsync(CancellationToken cancellationToken) in C:\Users\Albert Zee\Documents\Projects\Point Of Sale\src\PointOfSale.Infrastructure\Services\MraEisPingService.cs:line 48
2026-07-29 16:11:21.885 +02:00 [WRN] ART Diagnostic MraConnectivity MraEis 9329 Unreachable: MRA ping failed in 9329 ms: MRA EIS HTTP 500: Internal Server Error — An internal error occurred
2026-07-29 16:11:21.921 +02:00 [INF] MRA POST /api/v1/utilities/ping status=500 success=false durationMs=13532
2026-07-29 16:11:21.932 +02:00 [WRN] ART Diagnostic HealthCheck HealthCheckWorker 0 null: Degraded: MRA.
2026-07-29 16:11:21.957 +02:00 [WRN] MRA EIS HTTP 500 for POST "https://dev-eis-api.mra.mw/api/v1/utilities/ping". RequestPayload=(empty). ResponseBody={"message":"An internal error occurred"}
2026-07-29 16:11:21.957 +02:00 [WRN] utilities/ping failed after 13564 ms
PointOfSale.Mra.Http.MraApiException: MRA EIS HTTP 500: Internal Server Error — An internal error occurred
   at PointOfSale.Infrastructure.Services.MraApiClient.SendAsync[TResponse](HttpRequestMessage request, String auditRequestBody, CancellationToken cancellationToken) in C:\Users\Albert Zee\Documents\Projects\Point Of Sale\src\PointOfSale.Infrastructure\Services\MraApiClient.cs:line 314
   at PointOfSale.Infrastructure.Services.MraApiClient.PostEmptyAsync[TResponse](String relativePath, MraRequestContext context, CancellationToken cancellationToken) in C:\Users\Albert Zee\Documents\Projects\Point Of Sale\src\PointOfSale.Infrastructure\Services\MraApiClient.cs:line 223
   at PointOfSale.Infrastructure.Services.MraEisPingService.PingAsync(CancellationToken cancellationToken) in C:\Users\Albert Zee\Documents\Projects\Point Of Sale\src\PointOfSale.Infrastructure\Services\MraEisPingService.cs:line 48
2026-07-29 16:11:21.957 +02:00 [WRN] ART Diagnostic MraConnectivity MraEis 13564 Unreachable: MRA ping failed in 13564 ms: MRA EIS HTTP 500: Internal Server Error — An internal error occurred
2026-07-29 16:11:22.023 +02:00 [WRN] ART Diagnostic HealthCheck HealthCheckWorker 0 null: Degraded: MRA.
2026-07-29 16:11:22.119 +02:00 [WRN] Health check degraded: Degraded: MRA.
2026-07-29 16:11:22.156 +02:00 [WRN] System health alert [MRA_UNREACHABLE] MRA EIS API gateway unreachable while internet is online.
2026-07-29 16:11:22.156 +02:00 [ERR] ART Diagnostic Exception HealthAlert:MRA_UNREACHABLE null null: MRA EIS API gateway unreachable while internet is online.
2026-07-29 16:11:22.165 +02:00 [INF] ART Diagnostic WorkerHeartbeat SystemHealthMonitorService null null: MRA EIS API gateway is unreachable.
2026-07-29 16:11:22.168 +02:00 [WRN] System health degraded: MRA EIS API gateway is unreachable.
2026-07-29 16:11:23.468 +02:00 [INF] Inventory alert scan complete: 8 products, low=0, stockout=0, overstock=0, fast=0.
2026-07-29 16:11:24.657 +02:00 [INF] MRA POST /api/v1/utilities/ping status=500 success=false durationMs=12203
2026-07-29 16:11:24.662 +02:00 [WRN] MRA EIS HTTP 500 for POST "https://dev-eis-api.mra.mw/api/v1/utilities/ping". RequestPayload=(empty). ResponseBody={"message":"An internal error occurred"}
2026-07-29 16:11:24.662 +02:00 [WRN] utilities/ping failed after 12194 ms
PointOfSale.Mra.Http.MraApiException: MRA EIS HTTP 500: Internal Server Error — An internal error occurred
   at PointOfSale.Infrastructure.Services.MraApiClient.SendAsync[TResponse](HttpRequestMessage request, String auditRequestBody, CancellationToken cancellationToken) in C:\Users\Albert Zee\Documents\Projects\Point Of Sale\src\PointOfSale.Infrastructure\Services\MraApiClient.cs:line 314
   at PointOfSale.Infrastructure.Services.MraApiClient.PostEmptyAsync[TResponse](String relativePath, MraRequestContext context, CancellationToken cancellationToken) in C:\Users\Albert Zee\Documents\Projects\Point Of Sale\src\PointOfSale.Infrastructure\Services\MraApiClient.cs:line 223
   at PointOfSale.Infrastructure.Services.MraEisPingService.PingAsync(CancellationToken cancellationToken) in C:\Users\Albert Zee\Documents\Projects\Point Of Sale\src\PointOfSale.Infrastructure\Services\MraEisPingService.cs:line 48
2026-07-29 16:11:32.232 +02:00 [INF] ART Diagnostic DatabaseLatency SqlExpress 1 null: Performance profile sample (FPS 0.0)
2026-07-29 16:11:32.620 +02:00 [INF] MRA EIS POST "https://dev-eis-api.mra.mw/api/v1/utilities/ping"
2026-07-29 16:11:32.787 +02:00 [INF] MRA POST /api/v1/utilities/ping status=500 success=false durationMs=172
2026-07-29 16:11:32.864 +02:00 [WRN] MRA EIS HTTP 500 for POST "https://dev-eis-api.mra.mw/api/v1/utilities/ping". RequestPayload=(empty). ResponseBody={"message":"An internal error occurred"}
2026-07-29 16:11:32.864 +02:00 [WRN] utilities/ping failed after 244 ms
PointOfSale.Mra.Http.MraApiException: MRA EIS HTTP 500: Internal Server Error — An internal error occurred
   at PointOfSale.Infrastructure.Services.MraApiClient.SendAsync[TResponse](HttpRequestMessage request, String auditRequestBody, CancellationToken cancellationToken) in C:\Users\Albert Zee\Documents\Projects\Point Of Sale\src\PointOfSale.Infrastructure\Services\MraApiClient.cs:line 314
   at PointOfSale.Infrastructure.Services.MraApiClient.PostEmptyAsync[TResponse](String relativePath, MraRequestContext context, CancellationToken cancellationToken) in C:\Users\Albert Zee\Documents\Projects\Point Of Sale\src\PointOfSale.Infrastructure\Services\MraApiClient.cs:line 223
   at PointOfSale.Infrastructure.Services.MraEisPingService.PingAsync(CancellationToken cancellationToken) in C:\Users\Albert Zee\Documents\Projects\Point Of Sale\src\PointOfSale.Infrastructure\Services\MraEisPingService.cs:line 48
2026-07-29 16:11:52.567 +02:00 [INF] MRA EIS POST "https://dev-eis-api.mra.mw/api/v1/utilities/ping"
2026-07-29 16:11:52.748 +02:00 [INF] MRA POST /api/v1/utilities/ping status=500 success=false durationMs=188
2026-07-29 16:11:52.826 +02:00 [WRN] MRA EIS HTTP 500 for POST "https://dev-eis-api.mra.mw/api/v1/utilities/ping". RequestPayload=(empty). ResponseBody={"message":"An internal error occurred"}
2026-07-29 16:11:52.826 +02:00 [WRN] utilities/ping failed after 259 ms
PointOfSale.Mra.Http.MraApiException: MRA EIS HTTP 500: Internal Server Error — An internal error occurred
   at PointOfSale.Infrastructure.Services.MraApiClient.SendAsync[TResponse](HttpRequestMessage request, String auditRequestBody, CancellationToken cancellationToken) in C:\Users\Albert Zee\Documents\Projects\Point Of Sale\src\PointOfSale.Infrastructure\Services\MraApiClient.cs:line 314
   at PointOfSale.Infrastructure.Services.MraApiClient.PostEmptyAsync[TResponse](String relativePath, MraRequestContext context, CancellationToken cancellationToken) in C:\Users\Albert Zee\Documents\Projects\Point Of Sale\src\PointOfSale.Infrastructure\Services\MraApiClient.cs:line 223
   at PointOfSale.Infrastructure.Services.MraEisPingService.PingAsync(CancellationToken cancellationToken) in C:\Users\Albert Zee\Documents\Projects\Point Of Sale\src\PointOfSale.Infrastructure\Services\MraEisPingService.cs:line 48
2026-07-29 16:12:07.122 +02:00 [INF] ART Diagnostic WorkerHeartbeat HealthCheckWorker null null: Heartbeat
2026-07-29 16:12:07.238 +02:00 [INF] ART Diagnostic DatabaseLatency SqlExpress 33 null: SQL round-trip 33 ms
2026-07-29 16:12:07.271 +02:00 [INF] ART Diagnostic DatabaseLatency SqlExpress 49 null: SQL round-trip 49 ms
2026-07-29 16:12:07.323 +02:00 [INF] MRA EIS POST "https://dev-eis-api.mra.mw/api/v1/utilities/ping"
2026-07-29 16:12:07.343 +02:00 [INF] MRA EIS POST "https://dev-eis-api.mra.mw/api/v1/utilities/ping"
2026-07-29 16:12:12.519 +02:00 [INF] MRA EIS POST "https://dev-eis-api.mra.mw/api/v1/utilities/ping"
2026-07-29 16:12:29.282 +02:00 [INF] ART Diagnostic DatabaseLatency SqlExpress 163 null: Performance profile sample (FPS 0.0)
2026-07-29 16:12:29.370 +02:00 [INF] Inventory alert scan complete: 8 products, low=0, stockout=0, overstock=0, fast=0.
2026-07-29 16:12:29.463 +02:00 [INF] MRA POST /api/v1/utilities/ping status=500 success=false durationMs=16938
2026-07-29 16:12:29.471 +02:00 [WRN] MRA EIS HTTP 500 for POST "https://dev-eis-api.mra.mw/api/v1/utilities/ping". RequestPayload=(empty). ResponseBody={"message":"An internal error occurred"}
2026-07-29 16:12:29.472 +02:00 [WRN] utilities/ping failed after 16953 ms
PointOfSale.Mra.Http.MraApiException: MRA EIS HTTP 500: Internal Server Error — An internal error occurred
   at PointOfSale.Infrastructure.Services.MraApiClient.SendAsync[TResponse](HttpRequestMessage request, String auditRequestBody, CancellationToken cancellationToken) in C:\Users\Albert Zee\Documents\Projects\Point Of Sale\src\PointOfSale.Infrastructure\Services\MraApiClient.cs:line 314
   at PointOfSale.Infrastructure.Services.MraApiClient.PostEmptyAsync[TResponse](String relativePath, MraRequestContext context, CancellationToken cancellationToken) in C:\Users\Albert Zee\Documents\Projects\Point Of Sale\src\PointOfSale.Infrastructure\Services\MraApiClient.cs:line 223
   at PointOfSale.Infrastructure.Services.MraEisPingService.PingAsync(CancellationToken cancellationToken) in C:\Users\Albert Zee\Documents\Projects\Point Of Sale\src\PointOfSale.Infrastructure\Services\MraEisPingService.cs:line 48
2026-07-29 16:12:29.547 +02:00 [INF] MRA POST /api/v1/utilities/ping status=500 success=false durationMs=22204
2026-07-29 16:12:29.550 +02:00 [WRN] MRA EIS HTTP 500 for POST "https://dev-eis-api.mra.mw/api/v1/utilities/ping". RequestPayload=(empty). ResponseBody={"message":"An internal error occurred"}
2026-07-29 16:12:29.551 +02:00 [WRN] utilities/ping failed after 22207 ms
PointOfSale.Mra.Http.MraApiException: MRA EIS HTTP 500: Internal Server Error — An internal error occurred
   at PointOfSale.Infrastructure.Services.MraApiClient.SendAsync[TResponse](HttpRequestMessage request, String auditRequestBody, CancellationToken cancellationToken) in C:\Users\Albert Zee\Documents\Projects\Point Of Sale\src\PointOfSale.Infrastructure\Services\MraApiClient.cs:line 314
   at PointOfSale.Infrastructure.Services.MraApiClient.PostEmptyAsync[TResponse](String relativePath, MraRequestContext context, CancellationToken cancellationToken) in C:\Users\Albert Zee\Documents\Projects\Point Of Sale\src\PointOfSale.Infrastructure\Services\MraApiClient.cs:line 223
   at PointOfSale.Infrastructure.Services.MraEisPingService.PingAsync(CancellationToken cancellationToken) in C:\Users\Albert Zee\Documents\Projects\Point Of Sale\src\PointOfSale.Infrastructure\Services\MraEisPingService.cs:line 48
2026-07-29 16:12:29.551 +02:00 [WRN] ART Diagnostic MraConnectivity MraEis 22207 Unreachable: MRA ping failed in 22207 ms: MRA EIS HTTP 500: Internal Server Error — An internal error occurred
2026-07-29 16:12:29.589 +02:00 [INF] MRA POST /api/v1/utilities/ping status=500 success=false durationMs=22266
2026-07-29 16:12:29.631 +02:00 [WRN] MRA EIS HTTP 500 for POST "https://dev-eis-api.mra.mw/api/v1/utilities/ping". RequestPayload=(empty). ResponseBody={"message":"An internal error occurred"}
2026-07-29 16:12:29.632 +02:00 [WRN] utilities/ping failed after 22308 ms
PointOfSale.Mra.Http.MraApiException: MRA EIS HTTP 500: Internal Server Error — An internal error occurred
   at PointOfSale.Infrastructure.Services.MraApiClient.SendAsync[TResponse](HttpRequestMessage request, String auditRequestBody, CancellationToken cancellationToken) in C:\Users\Albert Zee\Documents\Projects\Point Of Sale\src\PointOfSale.Infrastructure\Services\MraApiClient.cs:line 314
   at PointOfSale.Infrastructure.Services.MraApiClient.PostEmptyAsync[TResponse](String relativePath, MraRequestContext context, CancellationToken cancellationToken) in C:\Users\Albert Zee\Documents\Projects\Point Of Sale\src\PointOfSale.Infrastructure\Services\MraApiClient.cs:line 223
   at PointOfSale.Infrastructure.Services.MraEisPingService.PingAsync(CancellationToken cancellationToken) in C:\Users\Albert Zee\Documents\Projects\Point Of Sale\src\PointOfSale.Infrastructure\Services\MraEisPingService.cs:line 48
2026-07-29 16:12:29.632 +02:00 [WRN] ART Diagnostic MraConnectivity MraEis 22308 Unreachable: MRA ping failed in 22308 ms: MRA EIS HTTP 500: Internal Server Error — An internal error occurred
2026-07-29 16:12:29.654 +02:00 [WRN] ART Diagnostic HealthCheck HealthCheckWorker 33 null: Degraded: MRA.
2026-07-29 16:12:29.655 +02:00 [INF] MRA EIS POST "https://dev-eis-api.mra.mw/api/v1/utilities/ping"
2026-07-29 16:12:29.746 +02:00 [INF] ART Diagnostic WorkerHeartbeat SystemHealthMonitorService null null: MRA EIS API gateway is unreachable.
2026-07-29 16:12:29.756 +02:00 [WRN] System health degraded: MRA EIS API gateway is unreachable.
2026-07-29 16:12:29.842 +02:00 [INF] MRA POST /api/v1/utilities/ping status=500 success=false durationMs=187
2026-07-29 16:12:29.850 +02:00 [WRN] MRA EIS HTTP 500 for POST "https://dev-eis-api.mra.mw/api/v1/utilities/ping". RequestPayload=(empty). ResponseBody={"message":"An internal error occurred"}
2026-07-29 16:12:29.851 +02:00 [WRN] utilities/ping failed after 195 ms
PointOfSale.Mra.Http.MraApiException: MRA EIS HTTP 500: Internal Server Error — An internal error occurred
   at PointOfSale.Infrastructure.Services.MraApiClient.SendAsync[TResponse](HttpRequestMessage request, String auditRequestBody, CancellationToken cancellationToken) in C:\Users\Albert Zee\Documents\Projects\Point Of Sale\src\PointOfSale.Infrastructure\Services\MraApiClient.cs:line 314
   at PointOfSale.Infrastructure.Services.MraApiClient.PostEmptyAsync[TResponse](String relativePath, MraRequestContext context, CancellationToken cancellationToken) in C:\Users\Albert Zee\Documents\Projects\Point Of Sale\src\PointOfSale.Infrastructure\Services\MraApiClient.cs:line 223
   at PointOfSale.Infrastructure.Services.MraEisPingService.PingAsync(CancellationToken cancellationToken) in C:\Users\Albert Zee\Documents\Projects\Point Of Sale\src\PointOfSale.Infrastructure\Services\MraEisPingService.cs:line 48
2026-07-29 16:12:29.852 +02:00 [WRN] ART Diagnostic HealthCheck HealthCheckWorker 49 null: Degraded: MRA.
2026-07-29 16:12:29.882 +02:00 [WRN] Health check degraded: Degraded: MRA.
2026-07-29 16:12:32.470 +02:00 [INF] MRA EIS POST "https://dev-eis-api.mra.mw/api/v1/utilities/ping"
2026-07-29 16:12:32.596 +02:00 [INF] MRA POST /api/v1/utilities/ping status=500 success=false durationMs=125
2026-07-29 16:12:32.600 +02:00 [WRN] MRA EIS HTTP 500 for POST "https://dev-eis-api.mra.mw/api/v1/utilities/ping". RequestPayload=(empty). ResponseBody={"message":"An internal error occurred"}
2026-07-29 16:12:32.600 +02:00 [WRN] utilities/ping failed after 130 ms
PointOfSale.Mra.Http.MraApiException: MRA EIS HTTP 500: Internal Server Error — An internal error occurred
   at PointOfSale.Infrastructure.Services.MraApiClient.SendAsync[TResponse](HttpRequestMessage request, String auditRequestBody, CancellationToken cancellationToken) in C:\Users\Albert Zee\Documents\Projects\Point Of Sale\src\PointOfSale.Infrastructure\Services\MraApiClient.cs:line 314
   at PointOfSale.Infrastructure.Services.MraApiClient.PostEmptyAsync[TResponse](String relativePath, MraRequestContext context, CancellationToken cancellationToken) in C:\Users\Albert Zee\Documents\Projects\Point Of Sale\src\PointOfSale.Infrastructure\Services\MraApiClient.cs:line 223
   at PointOfSale.Infrastructure.Services.MraEisPingService.PingAsync(CancellationToken cancellationToken) in C:\Users\Albert Zee\Documents\Projects\Point Of Sale\src\PointOfSale.Infrastructure\Services\MraEisPingService.cs:line 48
2026-07-29 16:12:52.471 +02:00 [INF] MRA EIS POST "https://dev-eis-api.mra.mw/api/v1/utilities/ping"
2026-07-29 16:12:52.541 +02:00 [INF] MRA POST /api/v1/utilities/ping status=500 success=false durationMs=63
2026-07-29 16:12:52.548 +02:00 [WRN] MRA EIS HTTP 500 for POST "https://dev-eis-api.mra.mw/api/v1/utilities/ping". RequestPayload=(empty). ResponseBody={"message":"An internal error occurred"}
2026-07-29 16:12:52.549 +02:00 [WRN] utilities/ping failed after 77 ms
PointOfSale.Mra.Http.MraApiException: MRA EIS HTTP 500: Internal Server Error — An internal error occurred
   at PointOfSale.Infrastructure.Services.MraApiClient.SendAsync[TResponse](HttpRequestMessage request, String auditRequestBody, CancellationToken cancellationToken) in C:\Users\Albert Zee\Documents\Projects\Point Of Sale\src\PointOfSale.Infrastructure\Services\MraApiClient.cs:line 314
   at PointOfSale.Infrastructure.Services.MraApiClient.PostEmptyAsync[TResponse](String relativePath, MraRequestContext context, CancellationToken cancellationToken) in C:\Users\Albert Zee\Documents\Projects\Point Of Sale\src\PointOfSale.Infrastructure\Services\MraApiClient.cs:line 223
   at PointOfSale.Infrastructure.Services.MraEisPingService.PingAsync(CancellationToken cancellationToken) in C:\Users\Albert Zee\Documents\Projects\Point Of Sale\src\PointOfSale.Infrastructure\Services\MraEisPingService.cs:line 48
2026-07-29 16:12:59.441 +02:00 [INF] ART Diagnostic DatabaseLatency SqlExpress 0 null: Performance profile sample (FPS 0.0)
2026-07-29 16:13:12.476 +02:00 [INF] MRA EIS POST "https://dev-eis-api.mra.mw/api/v1/utilities/ping"
2026-07-29 16:13:12.560 +02:00 [INF] MRA POST /api/v1/utilities/ping status=500 success=false durationMs=79
2026-07-29 16:13:12.565 +02:00 [WRN] MRA EIS HTTP 500 for POST "https://dev-eis-api.mra.mw/api/v1/utilities/ping". RequestPayload=(empty). ResponseBody={"message":"An internal error occurred"}
2026-07-29 16:13:12.565 +02:00 [WRN] utilities/ping failed after 89 ms
PointOfSale.Mra.Http.MraApiException: MRA EIS HTTP 500: Internal Server Error — An internal error occurred
   at PointOfSale.Infrastructure.Services.MraApiClient.SendAsync[TResponse](HttpRequestMessage request, String auditRequestBody, CancellationToken cancellationToken) in C:\Users\Albert Zee\Documents\Projects\Point Of Sale\src\PointOfSale.Infrastructure\Services\MraApiClient.cs:line 314
   at PointOfSale.Infrastructure.Services.MraApiClient.PostEmptyAsync[TResponse](String relativePath, MraRequestContext context, CancellationToken cancellationToken) in C:\Users\Albert Zee\Documents\Projects\Point Of Sale\src\PointOfSale.Infrastructure\Services\MraApiClient.cs:line 223
   at PointOfSale.Infrastructure.Services.MraEisPingService.PingAsync(CancellationToken cancellationToken) in C:\Users\Albert Zee\Documents\Projects\Point Of Sale\src\PointOfSale.Infrastructure\Services\MraEisPingService.cs:line 48
2026-07-29 16:13:14.774 +02:00 [INF] ART Diagnostic DatabaseLatency SqlExpress 1 null: SQL round-trip 1 ms
2026-07-29 16:13:14.826 +02:00 [INF] MRA EIS POST "https://dev-eis-api.mra.mw/api/v1/utilities/ping"
2026-07-29 16:13:14.896 +02:00 [INF] ART Diagnostic WorkerHeartbeat HealthCheckWorker null null: Heartbeat
2026-07-29 16:13:14.928 +02:00 [INF] ART Diagnostic DatabaseLatency SqlExpress 0 null: SQL round-trip 0 ms
2026-07-29 16:13:14.931 +02:00 [INF] MRA EIS POST "https://dev-eis-api.mra.mw/api/v1/utilities/ping"
2026-07-29 16:13:15.227 +02:00 [INF] MRA POST /api/v1/utilities/ping status=500 success=false durationMs=296
2026-07-29 16:13:15.237 +02:00 [WRN] MRA EIS HTTP 500 for POST "https://dev-eis-api.mra.mw/api/v1/utilities/ping". RequestPayload=(empty). ResponseBody={"message":"An internal error occurred"}
2026-07-29 16:13:15.237 +02:00 [WRN] utilities/ping failed after 306 ms
PointOfSale.Mra.Http.MraApiException: MRA EIS HTTP 500: Internal Server Error — An internal error occurred
   at PointOfSale.Infrastructure.Services.MraApiClient.SendAsync[TResponse](HttpRequestMessage request, String auditRequestBody, CancellationToken cancellationToken) in C:\Users\Albert Zee\Documents\Projects\Point Of Sale\src\PointOfSale.Infrastructure\Services\MraApiClient.cs:line 314
   at PointOfSale.Infrastructure.Services.MraApiClient.PostEmptyAsync[TResponse](String relativePath, MraRequestContext context, CancellationToken cancellationToken) in C:\Users\Albert Zee\Documents\Projects\Point Of Sale\src\PointOfSale.Infrastructure\Services\MraApiClient.cs:line 223
   at PointOfSale.Infrastructure.Services.MraEisPingService.PingAsync(CancellationToken cancellationToken) in C:\Users\Albert Zee\Documents\Projects\Point Of Sale\src\PointOfSale.Infrastructure\Services\MraEisPingService.cs:line 48
2026-07-29 16:13:15.238 +02:00 [WRN] ART Diagnostic MraConnectivity MraEis 306 Unreachable: MRA ping failed in 306 ms: MRA EIS HTTP 500: Internal Server Error — An internal error occurred
2026-07-29 16:13:15.332 +02:00 [INF] MRA EIS POST "https://dev-eis-api.mra.mw/api/v1/utilities/ping"
2026-07-29 16:13:15.415 +02:00 [INF] MRA POST /api/v1/utilities/ping status=500 success=false durationMs=78
2026-07-29 16:13:15.420 +02:00 [WRN] MRA EIS HTTP 500 for POST "https://dev-eis-api.mra.mw/api/v1/utilities/ping". RequestPayload=(empty). ResponseBody={"message":"An internal error occurred"}
2026-07-29 16:13:15.420 +02:00 [WRN] utilities/ping failed after 88 ms
PointOfSale.Mra.Http.MraApiException: MRA EIS HTTP 500: Internal Server Error — An internal error occurred
   at PointOfSale.Infrastructure.Services.MraApiClient.SendAsync[TResponse](HttpRequestMessage request, String auditRequestBody, CancellationToken cancellationToken) in C:\Users\Albert Zee\Documents\Projects\Point Of Sale\src\PointOfSale.Infrastructure\Services\MraApiClient.cs:line 314
   at PointOfSale.Infrastructure.Services.MraApiClient.PostEmptyAsync[TResponse](String relativePath, MraRequestContext context, CancellationToken cancellationToken) in C:\Users\Albert Zee\Documents\Projects\Point Of Sale\src\PointOfSale.Infrastructure\Services\MraApiClient.cs:line 223
   at PointOfSale.Infrastructure.Services.MraEisPingService.PingAsync(CancellationToken cancellationToken) in C:\Users\Albert Zee\Documents\Projects\Point Of Sale\src\PointOfSale.Infrastructure\Services\MraEisPingService.cs:line 48
2026-07-29 16:13:15.422 +02:00 [WRN] ART Diagnostic HealthCheck HealthCheckWorker 0 null: Degraded: MRA.
2026-07-29 16:13:15.464 +02:00 [WRN] Health check degraded: Degraded: MRA.
2026-07-29 16:13:17.965 +02:00 [INF] MRA POST /api/v1/utilities/ping status=500 success=false durationMs=3141
2026-07-29 16:13:17.970 +02:00 [WRN] MRA EIS HTTP 500 for POST "https://dev-eis-api.mra.mw/api/v1/utilities/ping". RequestPayload=(empty). ResponseBody={"message":"An internal error occurred"}
2026-07-29 16:13:17.971 +02:00 [WRN] utilities/ping failed after 3144 ms
PointOfSale.Mra.Http.MraApiException: MRA EIS HTTP 500: Internal Server Error — An internal error occurred
   at PointOfSale.Infrastructure.Services.MraApiClient.SendAsync[TResponse](HttpRequestMessage request, String auditRequestBody, CancellationToken cancellationToken) in C:\Users\Albert Zee\Documents\Projects\Point Of Sale\src\PointOfSale.Infrastructure\Services\MraApiClient.cs:line 314
   at PointOfSale.Infrastructure.Services.MraApiClient.PostEmptyAsync[TResponse](String relativePath, MraRequestContext context, CancellationToken cancellationToken) in C:\Users\Albert Zee\Documents\Projects\Point Of Sale\src\PointOfSale.Infrastructure\Services\MraApiClient.cs:line 223
   at PointOfSale.Infrastructure.Services.MraEisPingService.PingAsync(CancellationToken cancellationToken) in C:\Users\Albert Zee\Documents\Projects\Point Of Sale\src\PointOfSale.Infrastructure\Services\MraEisPingService.cs:line 48
2026-07-29 16:13:17.971 +02:00 [WRN] ART Diagnostic MraConnectivity MraEis 3144 Unreachable: MRA ping failed in 3144 ms: MRA EIS HTTP 500: Internal Server Error — An internal error occurred
2026-07-29 16:13:18.024 +02:00 [INF] MRA EIS POST "https://dev-eis-api.mra.mw/api/v1/utilities/ping"
2026-07-29 16:13:18.067 +02:00 [INF] MRA POST /api/v1/utilities/ping status=500 success=false durationMs=47
2026-07-29 16:13:18.071 +02:00 [WRN] MRA EIS HTTP 500 for POST "https://dev-eis-api.mra.mw/api/v1/utilities/ping". RequestPayload=(empty). ResponseBody={"message":"An internal error occurred"}
2026-07-29 16:13:18.071 +02:00 [WRN] utilities/ping failed after 46 ms
PointOfSale.Mra.Http.MraApiException: MRA EIS HTTP 500: Internal Server Error — An internal error occurred
   at PointOfSale.Infrastructure.Services.MraApiClient.SendAsync[TResponse](HttpRequestMessage request, String auditRequestBody, CancellationToken cancellationToken) in C:\Users\Albert Zee\Documents\Projects\Point Of Sale\src\PointOfSale.Infrastructure\Services\MraApiClient.cs:line 314
   at PointOfSale.Infrastructure.Services.MraApiClient.PostEmptyAsync[TResponse](String relativePath, MraRequestContext context, CancellationToken cancellationToken) in C:\Users\Albert Zee\Documents\Projects\Point Of Sale\src\PointOfSale.Infrastructure\Services\MraApiClient.cs:line 223
   at PointOfSale.Infrastructure.Services.MraEisPingService.PingAsync(CancellationToken cancellationToken) in C:\Users\Albert Zee\Documents\Projects\Point Of Sale\src\PointOfSale.Infrastructure\Services\MraEisPingService.cs:line 48
2026-07-29 16:13:18.072 +02:00 [WRN] ART Diagnostic HealthCheck HealthCheckWorker 1 null: Degraded: MRA.
2026-07-29 16:13:18.131 +02:00 [INF] MRA EIS POST "https://dev-eis-api.mra.mw/api/v1/utilities/ping"
2026-07-29 16:13:18.188 +02:00 [INF] MRA POST /api/v1/utilities/ping status=500 success=false durationMs=62
2026-07-29 16:13:18.191 +02:00 [WRN] MRA EIS HTTP 500 for POST "https://dev-eis-api.mra.mw/api/v1/utilities/ping". RequestPayload=(empty). ResponseBody={"message":"An internal error occurred"}
2026-07-29 16:13:18.191 +02:00 [WRN] utilities/ping failed after 60 ms
PointOfSale.Mra.Http.MraApiException: MRA EIS HTTP 500: Internal Server Error — An internal error occurred
   at PointOfSale.Infrastructure.Services.MraApiClient.SendAsync[TResponse](HttpRequestMessage request, String auditRequestBody, CancellationToken cancellationToken) in C:\Users\Albert Zee\Documents\Projects\Point Of Sale\src\PointOfSale.Infrastructure\Services\MraApiClient.cs:line 314
   at PointOfSale.Infrastructure.Services.MraApiClient.PostEmptyAsync[TResponse](String relativePath, MraRequestContext context, CancellationToken cancellationToken) in C:\Users\Albert Zee\Documents\Projects\Point Of Sale\src\PointOfSale.Infrastructure\Services\MraApiClient.cs:line 223
   at PointOfSale.Infrastructure.Services.MraEisPingService.PingAsync(CancellationToken cancellationToken) in C:\Users\Albert Zee\Documents\Projects\Point Of Sale\src\PointOfSale.Infrastructure\Services\MraEisPingService.cs:line 48
2026-07-29 16:13:18.239 +02:00 [INF] ART Diagnostic WorkerHeartbeat SystemHealthMonitorService null null: MRA EIS API gateway is unreachable.
2026-07-29 16:13:18.241 +02:00 [WRN] System health degraded: MRA EIS API gateway is unreachable.
2026-07-29 16:13:22.113 +02:00 [ERR] ART Diagnostic Exception DatabaseMaintenanceService null null: Cannot rebuild indexes while shift 1 is open for Front Counter Cashier.
2026-07-29 16:13:22.146 +02:00 [ERR] Database maintenance FullOptimization failed.
System.InvalidOperationException: Cannot rebuild indexes while shift 1 is open for Front Counter Cashier.
   at PointOfSale.App.Services.DatabaseMaintenanceService.EnsureSafeForHeavyMaintenanceAsync(CancellationToken cancellationToken) in C:\Users\Albert Zee\Documents\Projects\Point Of Sale\src\PointOfSale.App\Services\DatabaseMaintenanceService.cs:line 258
   at PointOfSale.App.Services.DatabaseMaintenanceService.RunMaintenanceAsync(String operation, Boolean manualTrigger, CancellationToken cancellationToken) in C:\Users\Albert Zee\Documents\Projects\Point Of Sale\src\PointOfSale.App\Services\DatabaseMaintenanceService.cs:line 177
2026-07-29 16:13:29.468 +02:00 [INF] Inventory alert scan complete: 8 products, low=0, stockout=0, overstock=0, fast=0.
2026-07-29 16:13:30.203 +02:00 [INF] ART Diagnostic DatabaseLatency SqlExpress 428 null: Performance profile sample (FPS 0.0)
2026-07-29 16:13:32.503 +02:00 [INF] MRA EIS POST "https://dev-eis-api.mra.mw/api/v1/utilities/ping"
2026-07-29 16:13:32.570 +02:00 [INF] MRA POST /api/v1/utilities/ping status=500 success=false durationMs=62
2026-07-29 16:13:32.573 +02:00 [WRN] MRA EIS HTTP 500 for POST "https://dev-eis-api.mra.mw/api/v1/utilities/ping". RequestPayload=(empty). ResponseBody={"message":"An internal error occurred"}
2026-07-29 16:13:32.573 +02:00 [WRN] utilities/ping failed after 69 ms
PointOfSale.Mra.Http.MraApiException: MRA EIS HTTP 500: Internal Server Error — An internal error occurred
   at PointOfSale.Infrastructure.Services.MraApiClient.SendAsync[TResponse](HttpRequestMessage request, String auditRequestBody, CancellationToken cancellationToken) in C:\Users\Albert Zee\Documents\Projects\Point Of Sale\src\PointOfSale.Infrastructure\Services\MraApiClient.cs:line 314
   at PointOfSale.Infrastructure.Services.MraApiClient.PostEmptyAsync[TResponse](String relativePath, MraRequestContext context, CancellationToken cancellationToken) in C:\Users\Albert Zee\Documents\Projects\Point Of Sale\src\PointOfSale.Infrastructure\Services\MraApiClient.cs:line 223
   at PointOfSale.Infrastructure.Services.MraEisPingService.PingAsync(CancellationToken cancellationToken) in C:\Users\Albert Zee\Documents\Projects\Point Of Sale\src\PointOfSale.Infrastructure\Services\MraEisPingService.cs:line 48
2026-07-29 16:13:52.462 +02:00 [INF] MRA EIS POST "https://dev-eis-api.mra.mw/api/v1/utilities/ping"
2026-07-29 16:13:52.501 +02:00 [INF] MRA POST /api/v1/utilities/ping status=500 success=false durationMs=47
2026-07-29 16:13:52.503 +02:00 [WRN] MRA EIS HTTP 500 for POST "https://dev-eis-api.mra.mw/api/v1/utilities/ping". RequestPayload=(empty). ResponseBody={"message":"An internal error occurred"}
2026-07-29 16:13:52.504 +02:00 [WRN] utilities/ping failed after 41 ms
PointOfSale.Mra.Http.MraApiException: MRA EIS HTTP 500: Internal Server Error — An internal error occurred
   at PointOfSale.Infrastructure.Services.MraApiClient.SendAsync[TResponse](HttpRequestMessage request, String auditRequestBody, CancellationToken cancellationToken) in C:\Users\Albert Zee\Documents\Projects\Point Of Sale\src\PointOfSale.Infrastructure\Services\MraApiClient.cs:line 314
   at PointOfSale.Infrastructure.Services.MraApiClient.PostEmptyAsync[TResponse](String relativePath, MraRequestContext context, CancellationToken cancellationToken) in C:\Users\Albert Zee\Documents\Projects\Point Of Sale\src\PointOfSale.Infrastructure\Services\MraApiClient.cs:line 223
   at PointOfSale.Infrastructure.Services.MraEisPingService.PingAsync(CancellationToken cancellationToken) in C:\Users\Albert Zee\Documents\Projects\Point Of Sale\src\PointOfSale.Infrastructure\Services\MraEisPingService.cs:line 48
2026-07-29 16:14:00.273 +02:00 [INF] ART Diagnostic DatabaseLatency SqlExpress 0 null: Performance profile sample (FPS 0.0)
2026-07-29 16:14:00.470 +02:00 [INF] ART Diagnostic WorkerHeartbeat HealthCheckWorker null null: Heartbeat
2026-07-29 16:14:00.479 +02:00 [INF] ART Diagnostic DatabaseLatency SqlExpress 0 null: SQL round-trip 0 ms
2026-07-29 16:14:00.485 +02:00 [INF] MRA EIS POST "https://dev-eis-api.mra.mw/api/v1/utilities/ping"
2026-07-29 16:14:03.254 +02:00 [INF] ART Diagnostic DatabaseLatency SqlExpress 0 null: SQL round-trip 0 ms
2026-07-29 16:14:03.262 +02:00 [INF] MRA EIS POST "https://dev-eis-api.mra.mw/api/v1/utilities/ping"
2026-07-29 16:14:03.357 +02:00 [INF] MRA POST /api/v1/utilities/ping status=500 success=false durationMs=93
2026-07-29 16:14:03.362 +02:00 [WRN] MRA EIS HTTP 500 for POST "https://dev-eis-api.mra.mw/api/v1/utilities/ping". RequestPayload=(empty). ResponseBody={"message":"An internal error occurred"}
2026-07-29 16:14:03.363 +02:00 [WRN] utilities/ping failed after 100 ms
PointOfSale.Mra.Http.MraApiException: MRA EIS HTTP 500: Internal Server Error — An internal error occurred
   at PointOfSale.Infrastructure.Services.MraApiClient.SendAsync[TResponse](HttpRequestMessage request, String auditRequestBody, CancellationToken cancellationToken) in C:\Users\Albert Zee\Documents\Projects\Point Of Sale\src\PointOfSale.Infrastructure\Services\MraApiClient.cs:line 314
   at PointOfSale.Infrastructure.Services.MraApiClient.PostEmptyAsync[TResponse](String relativePath, MraRequestContext context, CancellationToken cancellationToken) in C:\Users\Albert Zee\Documents\Projects\Point Of Sale\src\PointOfSale.Infrastructure\Services\MraApiClient.cs:line 223
   at PointOfSale.Infrastructure.Services.MraEisPingService.PingAsync(CancellationToken cancellationToken) in C:\Users\Albert Zee\Documents\Projects\Point Of Sale\src\PointOfSale.Infrastructure\Services\MraEisPingService.cs:line 48
2026-07-29 16:14:03.363 +02:00 [WRN] ART Diagnostic MraConnectivity MraEis 100 Unreachable: MRA ping failed in 100 ms: MRA EIS HTTP 500: Internal Server Error — An internal error occurred
2026-07-29 16:14:03.435 +02:00 [INF] MRA EIS POST "https://dev-eis-api.mra.mw/api/v1/utilities/ping"
2026-07-29 16:14:03.523 +02:00 [INF] MRA POST /api/v1/utilities/ping status=500 success=false durationMs=93
2026-07-29 16:14:03.526 +02:00 [WRN] MRA EIS HTTP 500 for POST "https://dev-eis-api.mra.mw/api/v1/utilities/ping". RequestPayload=(empty). ResponseBody={"message":"An internal error occurred"}
2026-07-29 16:14:03.527 +02:00 [WRN] utilities/ping failed after 92 ms
PointOfSale.Mra.Http.MraApiException: MRA EIS HTTP 500: Internal Server Error — An internal error occurred
   at PointOfSale.Infrastructure.Services.MraApiClient.SendAsync[TResponse](HttpRequestMessage request, String auditRequestBody, CancellationToken cancellationToken) in C:\Users\Albert Zee\Documents\Projects\Point Of Sale\src\PointOfSale.Infrastructure\Services\MraApiClient.cs:line 314
   at PointOfSale.Infrastructure.Services.MraApiClient.PostEmptyAsync[TResponse](String relativePath, MraRequestContext context, CancellationToken cancellationToken) in C:\Users\Albert Zee\Documents\Projects\Point Of Sale\src\PointOfSale.Infrastructure\Services\MraApiClient.cs:line 223
   at PointOfSale.Infrastructure.Services.MraEisPingService.PingAsync(CancellationToken cancellationToken) in C:\Users\Albert Zee\Documents\Projects\Point Of Sale\src\PointOfSale.Infrastructure\Services\MraEisPingService.cs:line 48
2026-07-29 16:14:03.528 +02:00 [WRN] ART Diagnostic HealthCheck HealthCheckWorker 0 null: Degraded: MRA.
2026-07-29 16:14:03.585 +02:00 [INF] MRA EIS POST "https://dev-eis-api.mra.mw/api/v1/utilities/ping"
2026-07-29 16:14:03.659 +02:00 [INF] MRA POST /api/v1/utilities/ping status=500 success=false durationMs=3172
2026-07-29 16:14:03.667 +02:00 [WRN] MRA EIS HTTP 500 for POST "https://dev-eis-api.mra.mw/api/v1/utilities/ping". RequestPayload=(empty). ResponseBody={"message":"An internal error occurred"}
2026-07-29 16:14:03.667 +02:00 [WRN] utilities/ping failed after 3182 ms
PointOfSale.Mra.Http.MraApiException: MRA EIS HTTP 500: Internal Server Error — An internal error occurred
   at PointOfSale.Infrastructure.Services.MraApiClient.SendAsync[TResponse](HttpRequestMessage request, String auditRequestBody, CancellationToken cancellationToken) in C:\Users\Albert Zee\Documents\Projects\Point Of Sale\src\PointOfSale.Infrastructure\Services\MraApiClient.cs:line 314
   at PointOfSale.Infrastructure.Services.MraApiClient.PostEmptyAsync[TResponse](String relativePath, MraRequestContext context, CancellationToken cancellationToken) in C:\Users\Albert Zee\Documents\Projects\Point Of Sale\src\PointOfSale.Infrastructure\Services\MraApiClient.cs:line 223
   at PointOfSale.Infrastructure.Services.MraEisPingService.PingAsync(CancellationToken cancellationToken) in C:\Users\Albert Zee\Documents\Projects\Point Of Sale\src\PointOfSale.Infrastructure\Services\MraEisPingService.cs:line 48
2026-07-29 16:14:03.667 +02:00 [WRN] ART Diagnostic MraConnectivity MraEis 3182 Unreachable: MRA ping failed in 3182 ms: MRA EIS HTTP 500: Internal Server Error — An internal error occurred
2026-07-29 16:14:03.670 +02:00 [WRN] ART Diagnostic HealthCheck HealthCheckWorker 0 null: Degraded: MRA.
2026-07-29 16:14:03.679 +02:00 [WRN] Health check degraded: Degraded: MRA.
2026-07-29 16:32:30.243 +02:00 [INF] MRA EIS POST "https://dev-eis-api.mra.mw/api/v1/utilities/ping"
2026-07-29 16:32:30.223 +02:00 [INF] SQL Express schema ready (version 32).
2026-07-29 16:32:30.548 +02:00 [WRN] Phase 37 InitialSetup.sql apply skipped after error (schema already bootstrapped in-app).
Microsoft.Data.SqlClient.SqlException (0x80131904): Filtered index 'IX_OfflineInvoiceQueue_PendingFifo' cannot be created on table 'dbo.OfflineInvoiceQueue' because the column 'Status' in the filter expression is compared with a constant of higher data type precedence or of a different collation. Converting a column to the data type of a constant is not supported for filtered indexes. To resolve this error, explicitly convert the constant to the same data type and collation as the column 'Status'.
   at Microsoft.Data.SqlClient.SqlConnection.OnError(SqlException exception, Boolean breakConnection, Action`1 wrapCloseInAction)
   at Microsoft.Data.SqlClient.SqlInternalConnection.OnError(SqlException exception, Boolean breakConnection, Action`1 wrapCloseInAction)
   at Microsoft.Data.SqlClient.TdsParser.ThrowExceptionAndWarning(TdsParserStateObject stateObj, SqlCommand command, Boolean callerHasConnectionLock, Boolean asyncClose)
   at Microsoft.Data.SqlClient.TdsParser.TryRun(RunBehavior runBehavior, SqlCommand cmdHandler, SqlDataReader dataStream, BulkCopySimpleResultSet bulkCopyHandler, TdsParserStateObject stateObj, Boolean& dataReady)
   at Microsoft.Data.SqlClient.SqlCommand.InternalEndExecuteNonQuery(IAsyncResult asyncResult, Boolean isInternal, String endMethod)
   at Microsoft.Data.SqlClient.SqlCommand.EndExecuteNonQueryInternal(IAsyncResult asyncResult)
   at Microsoft.Data.SqlClient.SqlCommand.EndExecuteNonQueryAsync(IAsyncResult asyncResult)
   at Microsoft.Data.SqlClient.SqlCommand.<>c.<InternalExecuteNonQueryAsync>b__193_1(IAsyncResult asyncResult)
   at System.Threading.Tasks.TaskFactory`1.FromAsyncCoreLogic(IAsyncResult iar, Func`2 endFunction, Action`1 endAction, Task`1 promise, Boolean requiresSynchronization)
--- End of stack trace from previous location ---
   at PointOfSale.App.Services.FirstRunBootstrapService.TryApplyInitialSetupScriptAsync(CancellationToken cancellationToken) in C:\Users\Albert Zee\Documents\Projects\Point Of Sale\src\PointOfSale.App\Services\FirstRunBootstrapService.cs:line 409
   at PointOfSale.App.Services.FirstRunBootstrapService.TryApplyInitialSetupScriptAsync(CancellationToken cancellationToken) in C:\Users\Albert Zee\Documents\Projects\Point Of Sale\src\PointOfSale.App\Services\FirstRunBootstrapService.cs:line 409
   at PointOfSale.App.Services.FirstRunBootstrapService.TryApplyInitialSetupScriptAsync(CancellationToken cancellationToken) in C:\Users\Albert Zee\Documents\Projects\Point Of Sale\src\PointOfSale.App\Services\FirstRunBootstrapService.cs:line 412
ClientConnectionId:d163df13-219a-4b65-8a50-21f08305390e
Error Number:10611,State:1,Class:16
2026-07-29 16:32:30.917 +02:00 [INF] Offline invoice FIFO sync worker started (interval 15s, requireConnectivity=true).
2026-07-29 16:32:30.923 +02:00 [INF] Hardware fault-tolerance loop started (probe every 20s).
2026-07-29 16:32:30.926 +02:00 [INF] ArchivalCompressionBackgroundService is disabled.
2026-07-29 16:32:30.930 +02:00 [INF] Inventory alert scanner started (interval 60s).
2026-07-29 16:32:30.944 +02:00 [INF] HealthCheckWorker started (interval 45s).
2026-07-29 16:32:30.946 +02:00 [INF] System health monitor started (interval 45s).
2026-07-29 16:32:30.948 +02:00 [INF] PerformanceProfilingBackgroundService started (sample 30s, flush 300s).
2026-07-29 16:32:30.950 +02:00 [INF] DatabaseMaintenanceBackgroundService started (interval 24h).
2026-07-29 16:32:31.007 +02:00 [INF] SQL Express schema ready (version 32).
2026-07-29 16:32:31.012 +02:00 [WRN] Phase 37 InitialSetup.sql apply skipped after error (schema already bootstrapped in-app).
Microsoft.Data.SqlClient.SqlException (0x80131904): Filtered index 'IX_OfflineInvoiceQueue_PendingFifo' cannot be created on table 'dbo.OfflineInvoiceQueue' because the column 'Status' in the filter expression is compared with a constant of higher data type precedence or of a different collation. Converting a column to the data type of a constant is not supported for filtered indexes. To resolve this error, explicitly convert the constant to the same data type and collation as the column 'Status'.
   at Microsoft.Data.SqlClient.SqlConnection.OnError(SqlException exception, Boolean breakConnection, Action`1 wrapCloseInAction)
   at Microsoft.Data.SqlClient.SqlInternalConnection.OnError(SqlException exception, Boolean breakConnection, Action`1 wrapCloseInAction)
   at Microsoft.Data.SqlClient.TdsParser.ThrowExceptionAndWarning(TdsParserStateObject stateObj, SqlCommand command, Boolean callerHasConnectionLock, Boolean asyncClose)
   at Microsoft.Data.SqlClient.TdsParser.TryRun(RunBehavior runBehavior, SqlCommand cmdHandler, SqlDataReader dataStream, BulkCopySimpleResultSet bulkCopyHandler, TdsParserStateObject stateObj, Boolean& dataReady)
   at Microsoft.Data.SqlClient.SqlCommand.InternalEndExecuteNonQuery(IAsyncResult asyncResult, Boolean isInternal, String endMethod)
   at Microsoft.Data.SqlClient.SqlCommand.EndExecuteNonQueryInternal(IAsyncResult asyncResult)
   at Microsoft.Data.SqlClient.SqlCommand.EndExecuteNonQueryAsync(IAsyncResult asyncResult)
   at Microsoft.Data.SqlClient.SqlCommand.<>c.<InternalExecuteNonQueryAsync>b__193_1(IAsyncResult asyncResult)
   at System.Threading.Tasks.TaskFactory`1.FromAsyncCoreLogic(IAsyncResult iar, Func`2 endFunction, Action`1 endAction, Task`1 promise, Boolean requiresSynchronization)
--- End of stack trace from previous location ---
   at PointOfSale.App.Services.FirstRunBootstrapService.TryApplyInitialSetupScriptAsync(CancellationToken cancellationToken) in C:\Users\Albert Zee\Documents\Projects\Point Of Sale\src\PointOfSale.App\Services\FirstRunBootstrapService.cs:line 409
   at PointOfSale.App.Services.FirstRunBootstrapService.TryApplyInitialSetupScriptAsync(CancellationToken cancellationToken) in C:\Users\Albert Zee\Documents\Projects\Point Of Sale\src\PointOfSale.App\Services\FirstRunBootstrapService.cs:line 409
   at PointOfSale.App.Services.FirstRunBootstrapService.TryApplyInitialSetupScriptAsync(CancellationToken cancellationToken) in C:\Users\Albert Zee\Documents\Projects\Point Of Sale\src\PointOfSale.App\Services\FirstRunBootstrapService.cs:line 412
ClientConnectionId:af15fffd-1605-4f7e-85b4-cfefed6b739e
Error Number:10611,State:1,Class:16
2026-07-29 16:32:31.172 +02:00 [INF] Inventory alert scan complete: 8 products, low=0, stockout=0, overstock=0, fast=0.
2026-07-29 16:32:31.217 +02:00 [INF] MRA POST /api/v1/utilities/ping status=500 success=false durationMs=906
2026-07-29 16:32:31.360 +02:00 [WRN] MRA EIS HTTP 500 for POST "https://dev-eis-api.mra.mw/api/v1/utilities/ping". RequestPayload=(empty). ResponseBody={"message":"An internal error occurred"}
2026-07-29 16:32:31.387 +02:00 [WRN] utilities/ping failed after 1227 ms
PointOfSale.Mra.Http.MraApiException: MRA EIS HTTP 500: Internal Server Error — An internal error occurred
   at PointOfSale.Infrastructure.Services.MraApiClient.SendAsync[TResponse](HttpRequestMessage request, String auditRequestBody, CancellationToken cancellationToken) in C:\Users\Albert Zee\Documents\Projects\Point Of Sale\src\PointOfSale.Infrastructure\Services\MraApiClient.cs:line 314
   at PointOfSale.Infrastructure.Services.MraApiClient.PostEmptyAsync[TResponse](String relativePath, MraRequestContext context, CancellationToken cancellationToken) in C:\Users\Albert Zee\Documents\Projects\Point Of Sale\src\PointOfSale.Infrastructure\Services\MraApiClient.cs:line 223
   at PointOfSale.Infrastructure.Services.MraEisPingService.PingAsync(CancellationToken cancellationToken) in C:\Users\Albert Zee\Documents\Projects\Point Of Sale\src\PointOfSale.Infrastructure\Services\MraEisPingService.cs:line 48
2026-07-29 16:32:38.974 +02:00 [INF] ART Diagnostic WorkerHeartbeat HealthCheckWorker null null: Heartbeat
2026-07-29 16:32:40.218 +02:00 [INF] ART Diagnostic DatabaseLatency SqlExpress 6 null: SQL round-trip 6 ms
2026-07-29 16:32:40.407 +02:00 [INF] MRA EIS POST "https://dev-eis-api.mra.mw/api/v1/utilities/ping"
2026-07-29 16:32:40.495 +02:00 [INF] MRA POST /api/v1/utilities/ping status=500 success=false durationMs=78
2026-07-29 16:32:40.511 +02:00 [WRN] MRA EIS HTTP 500 for POST "https://dev-eis-api.mra.mw/api/v1/utilities/ping". RequestPayload=(empty). ResponseBody={"message":"An internal error occurred"}
2026-07-29 16:32:40.512 +02:00 [WRN] utilities/ping failed after 105 ms
PointOfSale.Mra.Http.MraApiException: MRA EIS HTTP 500: Internal Server Error — An internal error occurred
   at PointOfSale.Infrastructure.Services.MraApiClient.SendAsync[TResponse](HttpRequestMessage request, String auditRequestBody, CancellationToken cancellationToken) in C:\Users\Albert Zee\Documents\Projects\Point Of Sale\src\PointOfSale.Infrastructure\Services\MraApiClient.cs:line 314
   at PointOfSale.Infrastructure.Services.MraApiClient.PostEmptyAsync[TResponse](String relativePath, MraRequestContext context, CancellationToken cancellationToken) in C:\Users\Albert Zee\Documents\Projects\Point Of Sale\src\PointOfSale.Infrastructure\Services\MraApiClient.cs:line 223
   at PointOfSale.Infrastructure.Services.MraEisPingService.PingAsync(CancellationToken cancellationToken) in C:\Users\Albert Zee\Documents\Projects\Point Of Sale\src\PointOfSale.Infrastructure\Services\MraEisPingService.cs:line 48
2026-07-29 16:32:40.536 +02:00 [WRN] ART Diagnostic MraConnectivity MraEis 105 Unreachable: MRA ping failed in 105 ms: MRA EIS HTTP 500: Internal Server Error — An internal error occurred
2026-07-29 16:32:40.588 +02:00 [INF] MRA EIS POST "https://dev-eis-api.mra.mw/api/v1/utilities/ping"
2026-07-29 16:32:40.648 +02:00 [INF] MRA POST /api/v1/utilities/ping status=500 success=false durationMs=62
2026-07-29 16:32:40.655 +02:00 [WRN] MRA EIS HTTP 500 for POST "https://dev-eis-api.mra.mw/api/v1/utilities/ping". RequestPayload=(empty). ResponseBody={"message":"An internal error occurred"}
2026-07-29 16:32:40.655 +02:00 [WRN] utilities/ping failed after 67 ms
PointOfSale.Mra.Http.MraApiException: MRA EIS HTTP 500: Internal Server Error — An internal error occurred
   at PointOfSale.Infrastructure.Services.MraApiClient.SendAsync[TResponse](HttpRequestMessage request, String auditRequestBody, CancellationToken cancellationToken) in C:\Users\Albert Zee\Documents\Projects\Point Of Sale\src\PointOfSale.Infrastructure\Services\MraApiClient.cs:line 314
   at PointOfSale.Infrastructure.Services.MraApiClient.PostEmptyAsync[TResponse](String relativePath, MraRequestContext context, CancellationToken cancellationToken) in C:\Users\Albert Zee\Documents\Projects\Point Of Sale\src\PointOfSale.Infrastructure\Services\MraApiClient.cs:line 223
   at PointOfSale.Infrastructure.Services.MraEisPingService.PingAsync(CancellationToken cancellationToken) in C:\Users\Albert Zee\Documents\Projects\Point Of Sale\src\PointOfSale.Infrastructure\Services\MraEisPingService.cs:line 48
2026-07-29 16:32:40.695 +02:00 [WRN] ART Diagnostic HealthCheck HealthCheckWorker 6 null: Degraded: MRA.
2026-07-29 16:32:40.761 +02:00 [WRN] Health check degraded: Degraded: MRA.
2026-07-29 16:32:42.965 +02:00 [INF] ART Diagnostic DatabaseLatency SqlExpress 4 null: SQL round-trip 4 ms
2026-07-29 16:32:43.174 +02:00 [INF] MRA EIS POST "https://dev-eis-api.mra.mw/api/v1/utilities/ping"
2026-07-29 16:32:43.243 +02:00 [INF] MRA POST /api/v1/utilities/ping status=500 success=false durationMs=62
2026-07-29 16:32:43.256 +02:00 [WRN] MRA EIS HTTP 500 for POST "https://dev-eis-api.mra.mw/api/v1/utilities/ping". RequestPayload=(empty). ResponseBody={"message":"An internal error occurred"}
2026-07-29 16:32:43.257 +02:00 [WRN] utilities/ping failed after 82 ms
PointOfSale.Mra.Http.MraApiException: MRA EIS HTTP 500: Internal Server Error — An internal error occurred
   at PointOfSale.Infrastructure.Services.MraApiClient.SendAsync[TResponse](HttpRequestMessage request, String auditRequestBody, CancellationToken cancellationToken) in C:\Users\Albert Zee\Documents\Projects\Point Of Sale\src\PointOfSale.Infrastructure\Services\MraApiClient.cs:line 314
   at PointOfSale.Infrastructure.Services.MraApiClient.PostEmptyAsync[TResponse](String relativePath, MraRequestContext context, CancellationToken cancellationToken) in C:\Users\Albert Zee\Documents\Projects\Point Of Sale\src\PointOfSale.Infrastructure\Services\MraApiClient.cs:line 223
   at PointOfSale.Infrastructure.Services.MraEisPingService.PingAsync(CancellationToken cancellationToken) in C:\Users\Albert Zee\Documents\Projects\Point Of Sale\src\PointOfSale.Infrastructure\Services\MraEisPingService.cs:line 48
2026-07-29 16:32:43.257 +02:00 [WRN] ART Diagnostic MraConnectivity MraEis 82 Unreachable: MRA ping failed in 82 ms: MRA EIS HTTP 500: Internal Server Error — An internal error occurred
2026-07-29 16:32:43.447 +02:00 [INF] ART Diagnostic DatabaseLatency SqlExpress 1 null: Performance profile sample (FPS 0.0)
2026-07-29 16:32:43.474 +02:00 [INF] MRA EIS POST "https://dev-eis-api.mra.mw/api/v1/utilities/ping"
2026-07-29 16:32:43.518 +02:00 [INF] MRA POST /api/v1/utilities/ping status=500 success=false durationMs=47
2026-07-29 16:32:43.521 +02:00 [WRN] MRA EIS HTTP 500 for POST "https://dev-eis-api.mra.mw/api/v1/utilities/ping". RequestPayload=(empty). ResponseBody={"message":"An internal error occurred"}
2026-07-29 16:32:43.522 +02:00 [WRN] utilities/ping failed after 47 ms
PointOfSale.Mra.Http.MraApiException: MRA EIS HTTP 500: Internal Server Error — An internal error occurred
   at PointOfSale.Infrastructure.Services.MraApiClient.SendAsync[TResponse](HttpRequestMessage request, String auditRequestBody, CancellationToken cancellationToken) in C:\Users\Albert Zee\Documents\Projects\Point Of Sale\src\PointOfSale.Infrastructure\Services\MraApiClient.cs:line 314
   at PointOfSale.Infrastructure.Services.MraApiClient.PostEmptyAsync[TResponse](String relativePath, MraRequestContext context, CancellationToken cancellationToken) in C:\Users\Albert Zee\Documents\Projects\Point Of Sale\src\PointOfSale.Infrastructure\Services\MraApiClient.cs:line 223
   at PointOfSale.Infrastructure.Services.MraEisPingService.PingAsync(CancellationToken cancellationToken) in C:\Users\Albert Zee\Documents\Projects\Point Of Sale\src\PointOfSale.Infrastructure\Services\MraEisPingService.cs:line 48
2026-07-29 16:32:43.525 +02:00 [WRN] ART Diagnostic HealthCheck HealthCheckWorker 4 null: Degraded: MRA.
2026-07-29 16:32:43.584 +02:00 [INF] MRA EIS POST "https://dev-eis-api.mra.mw/api/v1/utilities/ping"
2026-07-29 16:32:46.684 +02:00 [INF] MRA POST /api/v1/utilities/ping status=500 success=false durationMs=3094
2026-07-29 16:32:46.687 +02:00 [WRN] MRA EIS HTTP 500 for POST "https://dev-eis-api.mra.mw/api/v1/utilities/ping". RequestPayload=(empty). ResponseBody={"message":"An internal error occurred"}
2026-07-29 16:32:46.688 +02:00 [WRN] utilities/ping failed after 3103 ms
PointOfSale.Mra.Http.MraApiException: MRA EIS HTTP 500: Internal Server Error — An internal error occurred
   at PointOfSale.Infrastructure.Services.MraApiClient.SendAsync[TResponse](HttpRequestMessage request, String auditRequestBody, CancellationToken cancellationToken) in C:\Users\Albert Zee\Documents\Projects\Point Of Sale\src\PointOfSale.Infrastructure\Services\MraApiClient.cs:line 314
   at PointOfSale.Infrastructure.Services.MraApiClient.PostEmptyAsync[TResponse](String relativePath, MraRequestContext context, CancellationToken cancellationToken) in C:\Users\Albert Zee\Documents\Projects\Point Of Sale\src\PointOfSale.Infrastructure\Services\MraApiClient.cs:line 223
   at PointOfSale.Infrastructure.Services.MraEisPingService.PingAsync(CancellationToken cancellationToken) in C:\Users\Albert Zee\Documents\Projects\Point Of Sale\src\PointOfSale.Infrastructure\Services\MraEisPingService.cs:line 48
2026-07-29 16:32:46.754 +02:00 [WRN] System health alert [MRA_UNREACHABLE] MRA EIS API gateway unreachable while internet is online.
2026-07-29 16:32:46.757 +02:00 [ERR] ART Diagnostic Exception HealthAlert:MRA_UNREACHABLE null null: MRA EIS API gateway unreachable while internet is online.
2026-07-29 16:32:46.760 +02:00 [INF] ART Diagnostic WorkerHeartbeat SystemHealthMonitorService null null: MRA EIS API gateway is unreachable.
2026-07-29 16:32:46.762 +02:00 [WRN] System health degraded: MRA EIS API gateway is unreachable.
2026-07-29 16:32:47.455 +02:00 [INF] MRA EIS POST "https://dev-eis-api.mra.mw/api/v1/utilities/ping"
2026-07-29 16:32:47.499 +02:00 [INF] MRA POST /api/v1/utilities/ping status=500 success=false durationMs=47
2026-07-29 16:32:47.504 +02:00 [WRN] MRA EIS HTTP 500 for POST "https://dev-eis-api.mra.mw/api/v1/utilities/ping". RequestPayload=(empty). ResponseBody={"message":"An internal error occurred"}
2026-07-29 16:32:47.504 +02:00 [WRN] utilities/ping failed after 48 ms
PointOfSale.Mra.Http.MraApiException: MRA EIS HTTP 500: Internal Server Error — An internal error occurred
   at PointOfSale.Infrastructure.Services.MraApiClient.SendAsync[TResponse](HttpRequestMessage request, String auditRequestBody, CancellationToken cancellationToken) in C:\Users\Albert Zee\Documents\Projects\Point Of Sale\src\PointOfSale.Infrastructure\Services\MraApiClient.cs:line 314
   at PointOfSale.Infrastructure.Services.MraApiClient.PostEmptyAsync[TResponse](String relativePath, MraRequestContext context, CancellationToken cancellationToken) in C:\Users\Albert Zee\Documents\Projects\Point Of Sale\src\PointOfSale.Infrastructure\Services\MraApiClient.cs:line 223
   at PointOfSale.Infrastructure.Services.MraEisPingService.PingAsync(CancellationToken cancellationToken) in C:\Users\Albert Zee\Documents\Projects\Point Of Sale\src\PointOfSale.Infrastructure\Services\MraEisPingService.cs:line 48
2026-07-29 16:33:07.471 +02:00 [INF] MRA EIS POST "https://dev-eis-api.mra.mw/api/v1/utilities/ping"
2026-07-29 16:33:07.589 +02:00 [INF] MRA POST /api/v1/utilities/ping status=500 success=false durationMs=110
2026-07-29 16:33:07.596 +02:00 [WRN] MRA EIS HTTP 500 for POST "https://dev-eis-api.mra.mw/api/v1/utilities/ping". RequestPayload=(empty). ResponseBody={"message":"An internal error occurred"}
2026-07-29 16:33:07.597 +02:00 [WRN] utilities/ping failed after 125 ms
PointOfSale.Mra.Http.MraApiException: MRA EIS HTTP 500: Internal Server Error — An internal error occurred
   at PointOfSale.Infrastructure.Services.MraApiClient.SendAsync[TResponse](HttpRequestMessage request, String auditRequestBody, CancellationToken cancellationToken) in C:\Users\Albert Zee\Documents\Projects\Point Of Sale\src\PointOfSale.Infrastructure\Services\MraApiClient.cs:line 314
   at PointOfSale.Infrastructure.Services.MraApiClient.PostEmptyAsync[TResponse](String relativePath, MraRequestContext context, CancellationToken cancellationToken) in C:\Users\Albert Zee\Documents\Projects\Point Of Sale\src\PointOfSale.Infrastructure\Services\MraApiClient.cs:line 223
   at PointOfSale.Infrastructure.Services.MraEisPingService.PingAsync(CancellationToken cancellationToken) in C:\Users\Albert Zee\Documents\Projects\Point Of Sale\src\PointOfSale.Infrastructure\Services\MraEisPingService.cs:line 48
2026-07-29 16:33:13.526 +02:00 [INF] ART Diagnostic DatabaseLatency SqlExpress 0 null: Performance profile sample (FPS 0.0)
2026-07-29 16:33:25.770 +02:00 [INF] ART Diagnostic WorkerHeartbeat HealthCheckWorker null null: Heartbeat
2026-07-29 16:33:25.797 +02:00 [INF] ART Diagnostic DatabaseLatency SqlExpress 0 null: SQL round-trip 0 ms
2026-07-29 16:33:25.802 +02:00 [INF] MRA EIS POST "https://dev-eis-api.mra.mw/api/v1/utilities/ping"
2026-07-29 16:33:25.839 +02:00 [INF] MRA POST /api/v1/utilities/ping status=500 success=false durationMs=31
2026-07-29 16:33:25.843 +02:00 [WRN] MRA EIS HTTP 500 for POST "https://dev-eis-api.mra.mw/api/v1/utilities/ping". RequestPayload=(empty). ResponseBody={"message":"An internal error occurred"}
2026-07-29 16:33:25.843 +02:00 [WRN] utilities/ping failed after 40 ms
PointOfSale.Mra.Http.MraApiException: MRA EIS HTTP 500: Internal Server Error — An internal error occurred
   at PointOfSale.Infrastructure.Services.MraApiClient.SendAsync[TResponse](HttpRequestMessage request, String auditRequestBody, CancellationToken cancellationToken) in C:\Users\Albert Zee\Documents\Projects\Point Of Sale\src\PointOfSale.Infrastructure\Services\MraApiClient.cs:line 314
   at PointOfSale.Infrastructure.Services.MraApiClient.PostEmptyAsync[TResponse](String relativePath, MraRequestContext context, CancellationToken cancellationToken) in C:\Users\Albert Zee\Documents\Projects\Point Of Sale\src\PointOfSale.Infrastructure\Services\MraApiClient.cs:line 223
   at PointOfSale.Infrastructure.Services.MraEisPingService.PingAsync(CancellationToken cancellationToken) in C:\Users\Albert Zee\Documents\Projects\Point Of Sale\src\PointOfSale.Infrastructure\Services\MraEisPingService.cs:line 48
2026-07-29 16:33:25.843 +02:00 [WRN] ART Diagnostic MraConnectivity MraEis 40 Unreachable: MRA ping failed in 40 ms: MRA EIS HTTP 500: Internal Server Error — An internal error occurred
2026-07-29 16:33:25.893 +02:00 [INF] MRA EIS POST "https://dev-eis-api.mra.mw/api/v1/utilities/ping"
2026-07-29 16:33:26.102 +02:00 [INF] MRA POST /api/v1/utilities/ping status=500 success=false durationMs=203
2026-07-29 16:33:26.137 +02:00 [WRN] MRA EIS HTTP 500 for POST "https://dev-eis-api.mra.mw/api/v1/utilities/ping". RequestPayload=(empty). ResponseBody={"message":"An internal error occurred"}
2026-07-29 16:33:26.137 +02:00 [WRN] utilities/ping failed after 244 ms
PointOfSale.Mra.Http.MraApiException: MRA EIS HTTP 500: Internal Server Error — An internal error occurred
   at PointOfSale.Infrastructure.Services.MraApiClient.SendAsync[TResponse](HttpRequestMessage request, String auditRequestBody, CancellationToken cancellationToken) in C:\Users\Albert Zee\Documents\Projects\Point Of Sale\src\PointOfSale.Infrastructure\Services\MraApiClient.cs:line 314
   at PointOfSale.Infrastructure.Services.MraApiClient.PostEmptyAsync[TResponse](String relativePath, MraRequestContext context, CancellationToken cancellationToken) in C:\Users\Albert Zee\Documents\Projects\Point Of Sale\src\PointOfSale.Infrastructure\Services\MraApiClient.cs:line 223
   at PointOfSale.Infrastructure.Services.MraEisPingService.PingAsync(CancellationToken cancellationToken) in C:\Users\Albert Zee\Documents\Projects\Point Of Sale\src\PointOfSale.Infrastructure\Services\MraEisPingService.cs:line 48
2026-07-29 16:33:26.139 +02:00 [WRN] ART Diagnostic HealthCheck HealthCheckWorker 0 null: Degraded: MRA.
2026-07-29 16:33:26.146 +02:00 [WRN] Health check degraded: Degraded: MRA.
2026-07-29 16:33:27.451 +02:00 [INF] MRA EIS POST "https://dev-eis-api.mra.mw/api/v1/utilities/ping"
2026-07-29 16:33:27.495 +02:00 [INF] MRA POST /api/v1/utilities/ping status=500 success=false durationMs=47
2026-07-29 16:33:27.498 +02:00 [WRN] MRA EIS HTTP 500 for POST "https://dev-eis-api.mra.mw/api/v1/utilities/ping". RequestPayload=(empty). ResponseBody={"message":"An internal error occurred"}
2026-07-29 16:33:27.498 +02:00 [WRN] utilities/ping failed after 47 ms
PointOfSale.Mra.Http.MraApiException: MRA EIS HTTP 500: Internal Server Error — An internal error occurred
   at PointOfSale.Infrastructure.Services.MraApiClient.SendAsync[TResponse](HttpRequestMessage request, String auditRequestBody, CancellationToken cancellationToken) in C:\Users\Albert Zee\Documents\Projects\Point Of Sale\src\PointOfSale.Infrastructure\Services\MraApiClient.cs:line 314
   at PointOfSale.Infrastructure.Services.MraApiClient.PostEmptyAsync[TResponse](String relativePath, MraRequestContext context, CancellationToken cancellationToken) in C:\Users\Albert Zee\Documents\Projects\Point Of Sale\src\PointOfSale.Infrastructure\Services\MraApiClient.cs:line 223
   at PointOfSale.Infrastructure.Services.MraEisPingService.PingAsync(CancellationToken cancellationToken) in C:\Users\Albert Zee\Documents\Projects\Point Of Sale\src\PointOfSale.Infrastructure\Services\MraEisPingService.cs:line 48
2026-07-29 16:33:31.216 +02:00 [INF] Inventory alert scan complete: 8 products, low=0, stockout=0, overstock=0, fast=0.
2026-07-29 16:33:31.767 +02:00 [INF] ART Diagnostic DatabaseLatency SqlExpress 2 null: SQL round-trip 2 ms
2026-07-29 16:33:31.777 +02:00 [INF] MRA EIS POST "https://dev-eis-api.mra.mw/api/v1/utilities/ping"
2026-07-29 16:33:31.834 +02:00 [INF] MRA POST /api/v1/utilities/ping status=500 success=false durationMs=63
2026-07-29 16:33:31.837 +02:00 [WRN] MRA EIS HTTP 500 for POST "https://dev-eis-api.mra.mw/api/v1/utilities/ping". RequestPayload=(empty). ResponseBody={"message":"An internal error occurred"}
2026-07-29 16:33:31.837 +02:00 [WRN] utilities/ping failed after 60 ms
PointOfSale.Mra.Http.MraApiException: MRA EIS HTTP 500: Internal Server Error — An internal error occurred
   at PointOfSale.Infrastructure.Services.MraApiClient.SendAsync[TResponse](HttpRequestMessage request, String auditRequestBody, CancellationToken cancellationToken) in C:\Users\Albert Zee\Documents\Projects\Point Of Sale\src\PointOfSale.Infrastructure\Services\MraApiClient.cs:line 314
   at PointOfSale.Infrastructure.Services.MraApiClient.PostEmptyAsync[TResponse](String relativePath, MraRequestContext context, CancellationToken cancellationToken) in C:\Users\Albert Zee\Documents\Projects\Point Of Sale\src\PointOfSale.Infrastructure\Services\MraApiClient.cs:line 223
   at PointOfSale.Infrastructure.Services.MraEisPingService.PingAsync(CancellationToken cancellationToken) in C:\Users\Albert Zee\Documents\Projects\Point Of Sale\src\PointOfSale.Infrastructure\Services\MraEisPingService.cs:line 48
2026-07-29 16:33:31.838 +02:00 [WRN] ART Diagnostic MraConnectivity MraEis 60 Unreachable: MRA ping failed in 60 ms: MRA EIS HTTP 500: Internal Server Error — An internal error occurred
2026-07-29 16:33:31.932 +02:00 [INF] MRA EIS POST "https://dev-eis-api.mra.mw/api/v1/utilities/ping"
2026-07-29 16:33:31.987 +02:00 [INF] MRA POST /api/v1/utilities/ping status=500 success=false durationMs=62
2026-07-29 16:33:31.990 +02:00 [WRN] MRA EIS HTTP 500 for POST "https://dev-eis-api.mra.mw/api/v1/utilities/ping". RequestPayload=(empty). ResponseBody={"message":"An internal error occurred"}
2026-07-29 16:33:31.990 +02:00 [WRN] utilities/ping failed after 58 ms
PointOfSale.Mra.Http.MraApiException: MRA EIS HTTP 500: Internal Server Error — An internal error occurred
   at PointOfSale.Infrastructure.Services.MraApiClient.SendAsync[TResponse](HttpRequestMessage request, String auditRequestBody, CancellationToken cancellationToken) in C:\Users\Albert Zee\Documents\Projects\Point Of Sale\src\PointOfSale.Infrastructure\Services\MraApiClient.cs:line 314
   at PointOfSale.Infrastructure.Services.MraApiClient.PostEmptyAsync[TResponse](String relativePath, MraRequestContext context, CancellationToken cancellationToken) in C:\Users\Albert Zee\Documents\Projects\Point Of Sale\src\PointOfSale.Infrastructure\Services\MraApiClient.cs:line 223
   at PointOfSale.Infrastructure.Services.MraEisPingService.PingAsync(CancellationToken cancellationToken) in C:\Users\Albert Zee\Documents\Projects\Point Of Sale\src\PointOfSale.Infrastructure\Services\MraEisPingService.cs:line 48
2026-07-29 16:33:31.991 +02:00 [WRN] ART Diagnostic HealthCheck HealthCheckWorker 2 null: Degraded: MRA.
2026-07-29 16:33:32.043 +02:00 [INF] MRA EIS POST "https://dev-eis-api.mra.mw/api/v1/utilities/ping"
2026-07-29 16:33:32.117 +02:00 [INF] MRA POST /api/v1/utilities/ping status=500 success=false durationMs=78
2026-07-29 16:33:32.120 +02:00 [WRN] MRA EIS HTTP 500 for POST "https://dev-eis-api.mra.mw/api/v1/utilities/ping". RequestPayload=(empty). ResponseBody={"message":"An internal error occurred"}
2026-07-29 16:33:32.120 +02:00 [WRN] utilities/ping failed after 80 ms
PointOfSale.Mra.Http.MraApiException: MRA EIS HTTP 500: Internal Server Error — An internal error occurred
   at PointOfSale.Infrastructure.Services.MraApiClient.SendAsync[TResponse](HttpRequestMessage request, String auditRequestBody, CancellationToken cancellationToken) in C:\Users\Albert Zee\Documents\Projects\Point Of Sale\src\PointOfSale.Infrastructure\Services\MraApiClient.cs:line 314
   at PointOfSale.Infrastructure.Services.MraApiClient.PostEmptyAsync[TResponse](String relativePath, MraRequestContext context, CancellationToken cancellationToken) in C:\Users\Albert Zee\Documents\Projects\Point Of Sale\src\PointOfSale.Infrastructure\Services\MraApiClient.cs:line 223
   at PointOfSale.Infrastructure.Services.MraEisPingService.PingAsync(CancellationToken cancellationToken) in C:\Users\Albert Zee\Documents\Projects\Point Of Sale\src\PointOfSale.Infrastructure\Services\MraEisPingService.cs:line 48
2026-07-29 16:33:32.165 +02:00 [INF] ART Diagnostic WorkerHeartbeat SystemHealthMonitorService null null: MRA EIS API gateway is unreachable.
2026-07-29 16:33:32.168 +02:00 [WRN] System health degraded: MRA EIS API gateway is unreachable.
2026-07-29 16:33:43.743 +02:00 [INF] ART Diagnostic DatabaseLatency SqlExpress 0 null: Performance profile sample (FPS 0.0)
2026-07-29 16:33:47.452 +02:00 [INF] MRA EIS POST "https://dev-eis-api.mra.mw/api/v1/utilities/ping"
2026-07-29 16:33:47.484 +02:00 [INF] MRA POST /api/v1/utilities/ping status=500 success=false durationMs=31
2026-07-29 16:33:47.487 +02:00 [WRN] MRA EIS HTTP 500 for POST "https://dev-eis-api.mra.mw/api/v1/utilities/ping". RequestPayload=(empty). ResponseBody={"message":"An internal error occurred"}
2026-07-29 16:33:47.488 +02:00 [WRN] utilities/ping failed after 35 ms
PointOfSale.Mra.Http.MraApiException: MRA EIS HTTP 500: Internal Server Error — An internal error occurred
   at PointOfSale.Infrastructure.Services.MraApiClient.SendAsync[TResponse](HttpRequestMessage request, String auditRequestBody, CancellationToken cancellationToken) in C:\Users\Albert Zee\Documents\Projects\Point Of Sale\src\PointOfSale.Infrastructure\Services\MraApiClient.cs:line 314
   at PointOfSale.Infrastructure.Services.MraApiClient.PostEmptyAsync[TResponse](String relativePath, MraRequestContext context, CancellationToken cancellationToken) in C:\Users\Albert Zee\Documents\Projects\Point Of Sale\src\PointOfSale.Infrastructure\Services\MraApiClient.cs:line 223
   at PointOfSale.Infrastructure.Services.MraEisPingService.PingAsync(CancellationToken cancellationToken) in C:\Users\Albert Zee\Documents\Projects\Point Of Sale\src\PointOfSale.Infrastructure\Services\MraEisPingService.cs:line 48
2026-07-29 16:34:07.455 +02:00 [INF] MRA EIS POST "https://dev-eis-api.mra.mw/api/v1/utilities/ping"
2026-07-29 16:34:07.520 +02:00 [INF] MRA POST /api/v1/utilities/ping status=500 success=false durationMs=62
2026-07-29 16:34:07.527 +02:00 [WRN] MRA EIS HTTP 500 for POST "https://dev-eis-api.mra.mw/api/v1/utilities/ping". RequestPayload=(empty). ResponseBody={"message":"An internal error occurred"}
2026-07-29 16:34:07.527 +02:00 [WRN] utilities/ping failed after 71 ms
PointOfSale.Mra.Http.MraApiException: MRA EIS HTTP 500: Internal Server Error — An internal error occurred
   at PointOfSale.Infrastructure.Services.MraApiClient.SendAsync[TResponse](HttpRequestMessage request, String auditRequestBody, CancellationToken cancellationToken) in C:\Users\Albert Zee\Documents\Projects\Point Of Sale\src\PointOfSale.Infrastructure\Services\MraApiClient.cs:line 314
   at PointOfSale.Infrastructure.Services.MraApiClient.PostEmptyAsync[TResponse](String relativePath, MraRequestContext context, CancellationToken cancellationToken) in C:\Users\Albert Zee\Documents\Projects\Point Of Sale\src\PointOfSale.Infrastructure\Services\MraApiClient.cs:line 223
   at PointOfSale.Infrastructure.Services.MraEisPingService.PingAsync(CancellationToken cancellationToken) in C:\Users\Albert Zee\Documents\Projects\Point Of Sale\src\PointOfSale.Infrastructure\Services\MraEisPingService.cs:line 48
2026-07-29 16:34:11.160 +02:00 [INF] ART Diagnostic WorkerHeartbeat HealthCheckWorker null null: Heartbeat
2026-07-29 16:34:11.169 +02:00 [INF] ART Diagnostic DatabaseLatency SqlExpress 0 null: SQL round-trip 0 ms
2026-07-29 16:34:11.175 +02:00 [INF] MRA EIS POST "https://dev-eis-api.mra.mw/api/v1/utilities/ping"
2026-07-29 16:34:11.230 +02:00 [INF] MRA POST /api/v1/utilities/ping status=500 success=false durationMs=46
2026-07-29 16:34:11.236 +02:00 [WRN] MRA EIS HTTP 500 for POST "https://dev-eis-api.mra.mw/api/v1/utilities/ping". RequestPayload=(empty). ResponseBody={"message":"An internal error occurred"}
2026-07-29 16:34:11.236 +02:00 [WRN] utilities/ping failed after 61 ms
PointOfSale.Mra.Http.MraApiException: MRA EIS HTTP 500: Internal Server Error — An internal error occurred
   at PointOfSale.Infrastructure.Services.MraApiClient.SendAsync[TResponse](HttpRequestMessage request, String auditRequestBody, CancellationToken cancellationToken) in C:\Users\Albert Zee\Documents\Projects\Point Of Sale\src\PointOfSale.Infrastructure\Services\MraApiClient.cs:line 314
   at PointOfSale.Infrastructure.Services.MraApiClient.PostEmptyAsync[TResponse](String relativePath, MraRequestContext context, CancellationToken cancellationToken) in C:\Users\Albert Zee\Documents\Projects\Point Of Sale\src\PointOfSale.Infrastructure\Services\MraApiClient.cs:line 223
   at PointOfSale.Infrastructure.Services.MraEisPingService.PingAsync(CancellationToken cancellationToken) in C:\Users\Albert Zee\Documents\Projects\Point Of Sale\src\PointOfSale.Infrastructure\Services\MraEisPingService.cs:line 48
2026-07-29 16:34:11.236 +02:00 [WRN] ART Diagnostic MraConnectivity MraEis 61 Unreachable: MRA ping failed in 61 ms: MRA EIS HTTP 500: Internal Server Error — An internal error occurred
2026-07-29 16:34:11.293 +02:00 [INF] MRA EIS POST "https://dev-eis-api.mra.mw/api/v1/utilities/ping"
2026-07-29 16:34:13.812 +02:00 [INF] ART Diagnostic DatabaseLatency SqlExpress 1 null: Performance profile sample (FPS 0.0)
2026-07-29 16:34:14.425 +02:00 [INF] MRA POST /api/v1/utilities/ping status=500 success=false durationMs=3141
2026-07-29 16:34:14.462 +02:00 [WRN] MRA EIS HTTP 500 for POST "https://dev-eis-api.mra.mw/api/v1/utilities/ping". RequestPayload=(empty). ResponseBody={"message":"An internal error occurred"}
2026-07-29 16:34:14.463 +02:00 [WRN] utilities/ping failed after 3169 ms
PointOfSale.Mra.Http.MraApiException: MRA EIS HTTP 500: Internal Server Error — An internal error occurred
   at PointOfSale.Infrastructure.Services.MraApiClient.SendAsync[TResponse](HttpRequestMessage request, String auditRequestBody, CancellationToken cancellationToken) in C:\Users\Albert Zee\Documents\Projects\Point Of Sale\src\PointOfSale.Infrastructure\Services\MraApiClient.cs:line 314
   at PointOfSale.Infrastructure.Services.MraApiClient.PostEmptyAsync[TResponse](String relativePath, MraRequestContext context, CancellationToken cancellationToken) in C:\Users\Albert Zee\Documents\Projects\Point Of Sale\src\PointOfSale.Infrastructure\Services\MraApiClient.cs:line 223
   at PointOfSale.Infrastructure.Services.MraEisPingService.PingAsync(CancellationToken cancellationToken) in C:\Users\Albert Zee\Documents\Projects\Point Of Sale\src\PointOfSale.Infrastructure\Services\MraEisPingService.cs:line 48
2026-07-29 16:34:14.467 +02:00 [WRN] ART Diagnostic HealthCheck HealthCheckWorker 0 null: Degraded: MRA.
2026-07-29 16:34:14.527 +02:00 [WRN] Health check degraded: Degraded: MRA.
2026-07-29 16:34:17.181 +02:00 [INF] ART Diagnostic DatabaseLatency SqlExpress 0 null: SQL round-trip 0 ms
2026-07-29 16:34:17.190 +02:00 [INF] MRA EIS POST "https://dev-eis-api.mra.mw/api/v1/utilities/ping"
2026-07-29 16:34:17.228 +02:00 [INF] MRA POST /api/v1/utilities/ping status=500 success=false durationMs=31
2026-07-29 16:34:17.230 +02:00 [WRN] MRA EIS HTTP 500 for POST "https://dev-eis-api.mra.mw/api/v1/utilities/ping". RequestPayload=(empty). ResponseBody={"message":"An internal error occurred"}
2026-07-29 16:34:17.230 +02:00 [WRN] utilities/ping failed after 40 ms
PointOfSale.Mra.Http.MraApiException: MRA EIS HTTP 500: Internal Server Error — An internal error occurred
   at PointOfSale.Infrastructure.Services.MraApiClient.SendAsync[TResponse](HttpRequestMessage request, String auditRequestBody, CancellationToken cancellationToken) in C:\Users\Albert Zee\Documents\Projects\Point Of Sale\src\PointOfSale.Infrastructure\Services\MraApiClient.cs:line 314
   at PointOfSale.Infrastructure.Services.MraApiClient.PostEmptyAsync[TResponse](String relativePath, MraRequestContext context, CancellationToken cancellationToken) in C:\Users\Albert Zee\Documents\Projects\Point Of Sale\src\PointOfSale.Infrastructure\Services\MraApiClient.cs:line 223
   at PointOfSale.Infrastructure.Services.MraEisPingService.PingAsync(CancellationToken cancellationToken) in C:\Users\Albert Zee\Documents\Projects\Point Of Sale\src\PointOfSale.Infrastructure\Services\MraEisPingService.cs:line 48
2026-07-29 16:34:17.231 +02:00 [WRN] ART Diagnostic MraConnectivity MraEis 40 Unreachable: MRA ping failed in 40 ms: MRA EIS HTTP 500: Internal Server Error — An internal error occurred
2026-07-29 16:34:17.292 +02:00 [INF] MRA EIS POST "https://dev-eis-api.mra.mw/api/v1/utilities/ping"
2026-07-29 16:34:17.325 +02:00 [INF] MRA POST /api/v1/utilities/ping status=500 success=false durationMs=31
2026-07-29 16:34:17.327 +02:00 [WRN] MRA EIS HTTP 500 for POST "https://dev-eis-api.mra.mw/api/v1/utilities/ping". RequestPayload=(empty). ResponseBody={"message":"An internal error occurred"}
2026-07-29 16:34:17.328 +02:00 [WRN] utilities/ping failed after 36 ms
PointOfSale.Mra.Http.MraApiException: MRA EIS HTTP 500: Internal Server Error — An internal error occurred
   at PointOfSale.Infrastructure.Services.MraApiClient.SendAsync[TResponse](HttpRequestMessage request, String auditRequestBody, CancellationToken cancellationToken) in C:\Users\Albert Zee\Documents\Projects\Point Of Sale\src\PointOfSale.Infrastructure\Services\MraApiClient.cs:line 314
   at PointOfSale.Infrastructure.Services.MraApiClient.PostEmptyAsync[TResponse](String relativePath, MraRequestContext context, CancellationToken cancellationToken) in C:\Users\Albert Zee\Documents\Projects\Point Of Sale\src\PointOfSale.Infrastructure\Services\MraApiClient.cs:line 223
   at PointOfSale.Infrastructure.Services.MraEisPingService.PingAsync(CancellationToken cancellationToken) in C:\Users\Albert Zee\Documents\Projects\Point Of Sale\src\PointOfSale.Infrastructure\Services\MraEisPingService.cs:line 48
2026-07-29 16:34:17.329 +02:00 [WRN] ART Diagnostic HealthCheck HealthCheckWorker 0 null: Degraded: MRA.
2026-07-29 16:34:17.378 +02:00 [INF] MRA EIS POST "https://dev-eis-api.mra.mw/api/v1/utilities/ping"
2026-07-29 16:34:17.406 +02:00 [INF] MRA POST /api/v1/utilities/ping status=500 success=false durationMs=31
2026-07-29 16:34:17.409 +02:00 [WRN] MRA EIS HTTP 500 for POST "https://dev-eis-api.mra.mw/api/v1/utilities/ping". RequestPayload=(empty). ResponseBody={"message":"An internal error occurred"}
2026-07-29 16:34:17.409 +02:00 [WRN] utilities/ping failed after 30 ms
PointOfSale.Mra.Http.MraApiException: MRA EIS HTTP 500: Internal Server Error — An internal error occurred
   at PointOfSale.Infrastructure.Services.MraApiClient.SendAsync[TResponse](HttpRequestMessage request, String auditRequestBody, CancellationToken cancellationToken) in C:\Users\Albert Zee\Documents\Projects\Point Of Sale\src\PointOfSale.Infrastructure\Services\MraApiClient.cs:line 314
   at PointOfSale.Infrastructure.Services.MraApiClient.PostEmptyAsync[TResponse](String relativePath, MraRequestContext context, CancellationToken cancellationToken) in C:\Users\Albert Zee\Documents\Projects\Point Of Sale\src\PointOfSale.Infrastructure\Services\MraApiClient.cs:line 223
   at PointOfSale.Infrastructure.Services.MraEisPingService.PingAsync(CancellationToken cancellationToken) in C:\Users\Albert Zee\Documents\Projects\Point Of Sale\src\PointOfSale.Infrastructure\Services\MraEisPingService.cs:line 48
2026-07-29 16:34:17.456 +02:00 [INF] ART Diagnostic WorkerHeartbeat SystemHealthMonitorService null null: MRA EIS API gateway is unreachable.
2026-07-29 16:34:17.458 +02:00 [WRN] System health degraded: MRA EIS API gateway is unreachable.
2026-07-29 16:34:27.454 +02:00 [INF] MRA EIS POST "https://dev-eis-api.mra.mw/api/v1/utilities/ping"
2026-07-29 16:34:27.478 +02:00 [INF] MRA POST /api/v1/utilities/ping status=500 success=false durationMs=15
2026-07-29 16:34:27.481 +02:00 [WRN] MRA EIS HTTP 500 for POST "https://dev-eis-api.mra.mw/api/v1/utilities/ping". RequestPayload=(empty). ResponseBody={"message":"An internal error occurred"}
2026-07-29 16:34:27.481 +02:00 [WRN] utilities/ping failed after 27 ms
PointOfSale.Mra.Http.MraApiException: MRA EIS HTTP 500: Internal Server Error — An internal error occurred
   at PointOfSale.Infrastructure.Services.MraApiClient.SendAsync[TResponse](HttpRequestMessage request, String auditRequestBody, CancellationToken cancellationToken) in C:\Users\Albert Zee\Documents\Projects\Point Of Sale\src\PointOfSale.Infrastructure\Services\MraApiClient.cs:line 314
   at PointOfSale.Infrastructure.Services.MraApiClient.PostEmptyAsync[TResponse](String relativePath, MraRequestContext context, CancellationToken cancellationToken) in C:\Users\Albert Zee\Documents\Projects\Point Of Sale\src\PointOfSale.Infrastructure\Services\MraApiClient.cs:line 223
   at PointOfSale.Infrastructure.Services.MraEisPingService.PingAsync(CancellationToken cancellationToken) in C:\Users\Albert Zee\Documents\Projects\Point Of Sale\src\PointOfSale.Infrastructure\Services\MraEisPingService.cs:line 48
2026-07-29 16:34:31.230 +02:00 [INF] Inventory alert scan complete: 8 products, low=0, stockout=0, overstock=0, fast=0.
2026-07-29 16:34:43.857 +02:00 [INF] ART Diagnostic DatabaseLatency SqlExpress 0 null: Performance profile sample (FPS 0.0)
2026-07-29 16:34:47.482 +02:00 [INF] MRA EIS POST "https://dev-eis-api.mra.mw/api/v1/utilities/ping"
2026-07-29 16:34:47.611 +02:00 [INF] MRA POST /api/v1/utilities/ping status=500 success=false durationMs=141
2026-07-29 16:34:47.648 +02:00 [WRN] MRA EIS HTTP 500 for POST "https://dev-eis-api.mra.mw/api/v1/utilities/ping". RequestPayload=(empty). ResponseBody={"message":"An internal error occurred"}
2026-07-29 16:34:47.648 +02:00 [WRN] utilities/ping failed after 166 ms
PointOfSale.Mra.Http.MraApiException: MRA EIS HTTP 500: Internal Server Error — An internal error occurred
   at PointOfSale.Infrastructure.Services.MraApiClient.SendAsync[TResponse](HttpRequestMessage request, String auditRequestBody, CancellationToken cancellationToken) in C:\Users\Albert Zee\Documents\Projects\Point Of Sale\src\PointOfSale.Infrastructure\Services\MraApiClient.cs:line 314
   at PointOfSale.Infrastructure.Services.MraApiClient.PostEmptyAsync[TResponse](String relativePath, MraRequestContext context, CancellationToken cancellationToken) in C:\Users\Albert Zee\Documents\Projects\Point Of Sale\src\PointOfSale.Infrastructure\Services\MraApiClient.cs:line 223
   at PointOfSale.Infrastructure.Services.MraEisPingService.PingAsync(CancellationToken cancellationToken) in C:\Users\Albert Zee\Documents\Projects\Point Of Sale\src\PointOfSale.Infrastructure\Services\MraEisPingService.cs:line 48
2026-07-29 16:34:59.538 +02:00 [INF] ART Diagnostic WorkerHeartbeat HealthCheckWorker null null: Heartbeat
2026-07-29 16:34:59.545 +02:00 [INF] ART Diagnostic DatabaseLatency SqlExpress 1 null: SQL round-trip 1 ms
2026-07-29 16:34:59.601 +02:00 [INF] MRA EIS POST "https://dev-eis-api.mra.mw/api/v1/utilities/ping"
2026-07-29 16:35:01.339 +02:00 [INF] MRA POST /api/v1/utilities/ping status=500 success=false durationMs=1735
2026-07-29 16:35:01.470 +02:00 [WRN] MRA EIS HTTP 500 for POST "https://dev-eis-api.mra.mw/api/v1/utilities/ping". RequestPayload=(empty). ResponseBody={"message":"An internal error occurred"}
2026-07-29 16:35:01.471 +02:00 [WRN] utilities/ping failed after 1869 ms
PointOfSale.Mra.Http.MraApiException: MRA EIS HTTP 500: Internal Server Error — An internal error occurred
   at PointOfSale.Infrastructure.Services.MraApiClient.SendAsync[TResponse](HttpRequestMessage request, String auditRequestBody, CancellationToken cancellationToken) in C:\Users\Albert Zee\Documents\Projects\Point Of Sale\src\PointOfSale.Infrastructure\Services\MraApiClient.cs:line 314
   at PointOfSale.Infrastructure.Services.MraApiClient.PostEmptyAsync[TResponse](String relativePath, MraRequestContext context, CancellationToken cancellationToken) in C:\Users\Albert Zee\Documents\Projects\Point Of Sale\src\PointOfSale.Infrastructure\Services\MraApiClient.cs:line 223
   at PointOfSale.Infrastructure.Services.MraEisPingService.PingAsync(CancellationToken cancellationToken) in C:\Users\Albert Zee\Documents\Projects\Point Of Sale\src\PointOfSale.Infrastructure\Services\MraEisPingService.cs:line 48
2026-07-29 16:35:01.472 +02:00 [WRN] ART Diagnostic MraConnectivity MraEis 1869 Unreachable: MRA ping failed in 1869 ms: MRA EIS HTTP 500: Internal Server Error — An internal error occurred
2026-07-29 16:35:01.570 +02:00 [INF] MRA EIS POST "https://dev-eis-api.mra.mw/api/v1/utilities/ping"
2026-07-29 16:35:01.608 +02:00 [INF] MRA POST /api/v1/utilities/ping status=500 success=false durationMs=47
2026-07-29 16:35:01.731 +02:00 [WRN] MRA EIS HTTP 500 for POST "https://dev-eis-api.mra.mw/api/v1/utilities/ping". RequestPayload=(empty). ResponseBody={"message":"An internal error occurred"}
2026-07-29 16:35:01.732 +02:00 [WRN] utilities/ping failed after 161 ms
PointOfSale.Mra.Http.MraApiException: MRA EIS HTTP 500: Internal Server Error — An internal error occurred
   at PointOfSale.Infrastructure.Services.MraApiClient.SendAsync[TResponse](HttpRequestMessage request, String auditRequestBody, CancellationToken cancellationToken) in C:\Users\Albert Zee\Documents\Projects\Point Of Sale\src\PointOfSale.Infrastructure\Services\MraApiClient.cs:line 314
   at PointOfSale.Infrastructure.Services.MraApiClient.PostEmptyAsync[TResponse](String relativePath, MraRequestContext context, CancellationToken cancellationToken) in C:\Users\Albert Zee\Documents\Projects\Point Of Sale\src\PointOfSale.Infrastructure\Services\MraApiClient.cs:line 223
   at PointOfSale.Infrastructure.Services.MraEisPingService.PingAsync(CancellationToken cancellationToken) in C:\Users\Albert Zee\Documents\Projects\Point Of Sale\src\PointOfSale.Infrastructure\Services\MraEisPingService.cs:line 48
2026-07-29 16:35:01.733 +02:00 [WRN] ART Diagnostic HealthCheck HealthCheckWorker 1 null: Degraded: MRA.
2026-07-29 16:35:01.740 +02:00 [WRN] Health check degraded: Degraded: MRA.
2026-07-29 16:35:02.470 +02:00 [INF] ART Diagnostic DatabaseLatency SqlExpress 1 null: SQL round-trip 1 ms
2026-07-29 16:35:02.474 +02:00 [INF] MRA EIS POST "https://dev-eis-api.mra.mw/api/v1/utilities/ping"
2026-07-29 16:35:02.527 +02:00 [INF] MRA POST /api/v1/utilities/ping status=500 success=false durationMs=47
2026-07-29 16:35:02.540 +02:00 [WRN] MRA EIS HTTP 500 for POST "https://dev-eis-api.mra.mw/api/v1/utilities/ping". RequestPayload=(empty). ResponseBody={"message":"An internal error occurred"}
2026-07-29 16:35:02.541 +02:00 [WRN] utilities/ping failed after 67 ms
PointOfSale.Mra.Http.MraApiException: MRA EIS HTTP 500: Internal Server Error — An internal error occurred
   at PointOfSale.Infrastructure.Services.MraApiClient.SendAsync[TResponse](HttpRequestMessage request, String auditRequestBody, CancellationToken cancellationToken) in C:\Users\Albert Zee\Documents\Projects\Point Of Sale\src\PointOfSale.Infrastructure\Services\MraApiClient.cs:line 314
   at PointOfSale.Infrastructure.Services.MraApiClient.PostEmptyAsync[TResponse](String relativePath, MraRequestContext context, CancellationToken cancellationToken) in C:\Users\Albert Zee\Documents\Projects\Point Of Sale\src\PointOfSale.Infrastructure\Services\MraApiClient.cs:line 223
   at PointOfSale.Infrastructure.Services.MraEisPingService.PingAsync(CancellationToken cancellationToken) in C:\Users\Albert Zee\Documents\Projects\Point Of Sale\src\PointOfSale.Infrastructure\Services\MraEisPingService.cs:line 48
2026-07-29 16:35:02.542 +02:00 [WRN] ART Diagnostic MraConnectivity MraEis 67 Unreachable: MRA ping failed in 67 ms: MRA EIS HTTP 500: Internal Server Error — An internal error occurred
2026-07-29 16:35:02.655 +02:00 [INF] MRA EIS POST "https://dev-eis-api.mra.mw/api/v1/utilities/ping"
2026-07-29 16:35:02.716 +02:00 [INF] MRA POST /api/v1/utilities/ping status=500 success=false durationMs=47
2026-07-29 16:35:02.719 +02:00 [WRN] MRA EIS HTTP 500 for POST "https://dev-eis-api.mra.mw/api/v1/utilities/ping". RequestPayload=(empty). ResponseBody={"message":"An internal error occurred"}
2026-07-29 16:35:02.719 +02:00 [WRN] utilities/ping failed after 64 ms
PointOfSale.Mra.Http.MraApiException: MRA EIS HTTP 500: Internal Server Error — An internal error occurred
   at PointOfSale.Infrastructure.Services.MraApiClient.SendAsync[TResponse](HttpRequestMessage request, String auditRequestBody, CancellationToken cancellationToken) in C:\Users\Albert Zee\Documents\Projects\Point Of Sale\src\PointOfSale.Infrastructure\Services\MraApiClient.cs:line 314
   at PointOfSale.Infrastructure.Services.MraApiClient.PostEmptyAsync[TResponse](String relativePath, MraRequestContext context, CancellationToken cancellationToken) in C:\Users\Albert Zee\Documents\Projects\Point Of Sale\src\PointOfSale.Infrastructure\Services\MraApiClient.cs:line 223
   at PointOfSale.Infrastructure.Services.MraEisPingService.PingAsync(CancellationToken cancellationToken) in C:\Users\Albert Zee\Documents\Projects\Point Of Sale\src\PointOfSale.Infrastructure\Services\MraEisPingService.cs:line 48
2026-07-29 16:35:02.721 +02:00 [WRN] ART Diagnostic HealthCheck HealthCheckWorker 1 null: Degraded: MRA.
2026-07-29 16:35:02.853 +02:00 [INF] MRA EIS POST "https://dev-eis-api.mra.mw/api/v1/utilities/ping"
2026-07-29 16:35:02.903 +02:00 [INF] MRA POST /api/v1/utilities/ping status=500 success=false durationMs=47
2026-07-29 16:35:02.906 +02:00 [WRN] MRA EIS HTTP 500 for POST "https://dev-eis-api.mra.mw/api/v1/utilities/ping". RequestPayload=(empty). ResponseBody={"message":"An internal error occurred"}
2026-07-29 16:35:02.906 +02:00 [WRN] utilities/ping failed after 53 ms
PointOfSale.Mra.Http.MraApiException: MRA EIS HTTP 500: Internal Server Error — An internal error occurred
   at PointOfSale.Infrastructure.Services.MraApiClient.SendAsync[TResponse](HttpRequestMessage request, String auditRequestBody, CancellationToken cancellationToken) in C:\Users\Albert Zee\Documents\Projects\Point Of Sale\src\PointOfSale.Infrastructure\Services\MraApiClient.cs:line 314
   at PointOfSale.Infrastructure.Services.MraApiClient.PostEmptyAsync[TResponse](String relativePath, MraRequestContext context, CancellationToken cancellationToken) in C:\Users\Albert Zee\Documents\Projects\Point Of Sale\src\PointOfSale.Infrastructure\Services\MraApiClient.cs:line 223
   at PointOfSale.Infrastructure.Services.MraEisPingService.PingAsync(CancellationToken cancellationToken) in C:\Users\Albert Zee\Documents\Projects\Point Of Sale\src\PointOfSale.Infrastructure\Services\MraEisPingService.cs:line 48
2026-07-29 16:35:02.966 +02:00 [WRN] System health alert [MRA_UNREACHABLE] MRA EIS API gateway unreachable while internet is online.
2026-07-29 16:35:02.966 +02:00 [ERR] ART Diagnostic Exception HealthAlert:MRA_UNREACHABLE null null: MRA EIS API gateway unreachable while internet is online.
2026-07-29 16:35:02.988 +02:00 [INF] ART Diagnostic WorkerHeartbeat SystemHealthMonitorService null null: MRA EIS API gateway is unreachable.
2026-07-29 16:35:03.017 +02:00 [WRN] System health degraded: MRA EIS API gateway is unreachable.
2026-07-29 16:35:07.457 +02:00 [INF] MRA EIS POST "https://dev-eis-api.mra.mw/api/v1/utilities/ping"
2026-07-29 16:35:07.500 +02:00 [INF] MRA POST /api/v1/utilities/ping status=500 success=false durationMs=47
2026-07-29 16:35:07.503 +02:00 [WRN] MRA EIS HTTP 500 for POST "https://dev-eis-api.mra.mw/api/v1/utilities/ping". RequestPayload=(empty). ResponseBody={"message":"An internal error occurred"}
2026-07-29 16:35:07.503 +02:00 [WRN] utilities/ping failed after 45 ms
PointOfSale.Mra.Http.MraApiException: MRA EIS HTTP 500: Internal Server Error — An internal error occurred
   at PointOfSale.Infrastructure.Services.MraApiClient.SendAsync[TResponse](HttpRequestMessage request, String auditRequestBody, CancellationToken cancellationToken) in C:\Users\Albert Zee\Documents\Projects\Point Of Sale\src\PointOfSale.Infrastructure\Services\MraApiClient.cs:line 314
   at PointOfSale.Infrastructure.Services.MraApiClient.PostEmptyAsync[TResponse](String relativePath, MraRequestContext context, CancellationToken cancellationToken) in C:\Users\Albert Zee\Documents\Projects\Point Of Sale\src\PointOfSale.Infrastructure\Services\MraApiClient.cs:line 223
   at PointOfSale.Infrastructure.Services.MraEisPingService.PingAsync(CancellationToken cancellationToken) in C:\Users\Albert Zee\Documents\Projects\Point Of Sale\src\PointOfSale.Infrastructure\Services\MraEisPingService.cs:line 48
2026-07-29 16:35:13.955 +02:00 [INF] ART Diagnostic DatabaseLatency SqlExpress 1 null: Performance profile sample (FPS 0.0)
2026-07-29 16:35:27.477 +02:00 [INF] MRA EIS POST "https://dev-eis-api.mra.mw/api/v1/utilities/ping"
2026-07-29 16:35:27.542 +02:00 [INF] MRA POST /api/v1/utilities/ping status=500 success=false durationMs=63
2026-07-29 16:35:27.547 +02:00 [WRN] MRA EIS HTTP 500 for POST "https://dev-eis-api.mra.mw/api/v1/utilities/ping". RequestPayload=(empty). ResponseBody={"message":"An internal error occurred"}
2026-07-29 16:35:27.547 +02:00 [WRN] utilities/ping failed after 70 ms
PointOfSale.Mra.Http.MraApiException: MRA EIS HTTP 500: Internal Server Error — An internal error occurred
   at PointOfSale.Infrastructure.Services.MraApiClient.SendAsync[TResponse](HttpRequestMessage request, String auditRequestBody, CancellationToken cancellationToken) in C:\Users\Albert Zee\Documents\Projects\Point Of Sale\src\PointOfSale.Infrastructure\Services\MraApiClient.cs:line 314
   at PointOfSale.Infrastructure.Services.MraApiClient.PostEmptyAsync[TResponse](String relativePath, MraRequestContext context, CancellationToken cancellationToken) in C:\Users\Albert Zee\Documents\Projects\Point Of Sale\src\PointOfSale.Infrastructure\Services\MraApiClient.cs:line 223
   at PointOfSale.Infrastructure.Services.MraEisPingService.PingAsync(CancellationToken cancellationToken) in C:\Users\Albert Zee\Documents\Projects\Point Of Sale\src\PointOfSale.Infrastructure\Services\MraEisPingService.cs:line 48
2026-07-29 16:35:31.255 +02:00 [INF] Inventory alert scan complete: 8 products, low=0, stockout=0, overstock=0, fast=0.
2026-07-29 16:35:44.021 +02:00 [INF] ART Diagnostic DatabaseLatency SqlExpress 0 null: Performance profile sample (FPS 0.0)
2026-07-29 16:35:46.752 +02:00 [INF] ART Diagnostic WorkerHeartbeat HealthCheckWorker null null: Heartbeat
2026-07-29 16:35:46.756 +02:00 [INF] ART Diagnostic DatabaseLatency SqlExpress 0 null: SQL round-trip 0 ms
2026-07-29 16:35:46.761 +02:00 [INF] MRA EIS POST "https://dev-eis-api.mra.mw/api/v1/utilities/ping"
2026-07-29 16:35:46.789 +02:00 [INF] MRA POST /api/v1/utilities/ping status=500 success=false durationMs=31
2026-07-29 16:35:46.791 +02:00 [WRN] MRA EIS HTTP 500 for POST "https://dev-eis-api.mra.mw/api/v1/utilities/ping". RequestPayload=(empty). ResponseBody={"message":"An internal error occurred"}
2026-07-29 16:35:46.791 +02:00 [WRN] utilities/ping failed after 30 ms
PointOfSale.Mra.Http.MraApiException: MRA EIS HTTP 500: Internal Server Error — An internal error occurred
   at PointOfSale.Infrastructure.Services.MraApiClient.SendAsync[TResponse](HttpRequestMessage request, String auditRequestBody, CancellationToken cancellationToken) in C:\Users\Albert Zee\Documents\Projects\Point Of Sale\src\PointOfSale.Infrastructure\Services\MraApiClient.cs:line 314
   at PointOfSale.Infrastructure.Services.MraApiClient.PostEmptyAsync[TResponse](String relativePath, MraRequestContext context, CancellationToken cancellationToken) in C:\Users\Albert Zee\Documents\Projects\Point Of Sale\src\PointOfSale.Infrastructure\Services\MraApiClient.cs:line 223
   at PointOfSale.Infrastructure.Services.MraEisPingService.PingAsync(CancellationToken cancellationToken) in C:\Users\Albert Zee\Documents\Projects\Point Of Sale\src\PointOfSale.Infrastructure\Services\MraEisPingService.cs:line 48
2026-07-29 16:35:46.792 +02:00 [WRN] ART Diagnostic MraConnectivity MraEis 30 Unreachable: MRA ping failed in 30 ms: MRA EIS HTTP 500: Internal Server Error — An internal error occurred
2026-07-29 16:35:46.847 +02:00 [INF] MRA EIS POST "https://dev-eis-api.mra.mw/api/v1/utilities/ping"
2026-07-29 16:35:48.029 +02:00 [INF] ART Diagnostic DatabaseLatency SqlExpress 1 null: SQL round-trip 1 ms
2026-07-29 16:35:48.038 +02:00 [INF] MRA EIS POST "https://dev-eis-api.mra.mw/api/v1/utilities/ping"
2026-07-29 16:35:48.149 +02:00 [INF] MRA POST /api/v1/utilities/ping status=500 success=false durationMs=109
2026-07-29 16:35:48.154 +02:00 [WRN] MRA EIS HTTP 500 for POST "https://dev-eis-api.mra.mw/api/v1/utilities/ping". RequestPayload=(empty). ResponseBody={"message":"An internal error occurred"}
2026-07-29 16:35:48.155 +02:00 [WRN] utilities/ping failed after 116 ms
PointOfSale.Mra.Http.MraApiException: MRA EIS HTTP 500: Internal Server Error — An internal error occurred
   at PointOfSale.Infrastructure.Services.MraApiClient.SendAsync[TResponse](HttpRequestMessage request, String auditRequestBody, CancellationToken cancellationToken) in C:\Users\Albert Zee\Documents\Projects\Point Of Sale\src\PointOfSale.Infrastructure\Services\MraApiClient.cs:line 314
   at PointOfSale.Infrastructure.Services.MraApiClient.PostEmptyAsync[TResponse](String relativePath, MraRequestContext context, CancellationToken cancellationToken) in C:\Users\Albert Zee\Documents\Projects\Point Of Sale\src\PointOfSale.Infrastructure\Services\MraApiClient.cs:line 223
   at PointOfSale.Infrastructure.Services.MraEisPingService.PingAsync(CancellationToken cancellationToken) in C:\Users\Albert Zee\Documents\Projects\Point Of Sale\src\PointOfSale.Infrastructure\Services\MraEisPingService.cs:line 48
2026-07-29 16:35:48.155 +02:00 [WRN] ART Diagnostic MraConnectivity MraEis 116 Unreachable: MRA ping failed in 116 ms: MRA EIS HTTP 500: Internal Server Error — An internal error occurred
2026-07-29 16:35:48.160 +02:00 [WRN] ART Diagnostic HealthCheck HealthCheckWorker 1 null: Degraded: MRA.
2026-07-29 16:35:48.219 +02:00 [INF] ART Diagnostic WorkerHeartbeat SystemHealthMonitorService null null: MRA EIS API gateway is unreachable.
2026-07-29 16:35:48.222 +02:00 [WRN] System health degraded: MRA EIS API gateway is unreachable.
2026-07-29 16:35:49.517 +02:00 [INF] MRA POST /api/v1/utilities/ping status=500 success=false durationMs=2672
2026-07-29 16:35:49.539 +02:00 [WRN] MRA EIS HTTP 500 for POST "https://dev-eis-api.mra.mw/api/v1/utilities/ping". RequestPayload=(empty). ResponseBody={"message":"An internal error occurred"}
2026-07-29 16:35:49.539 +02:00 [WRN] utilities/ping failed after 2691 ms
PointOfSale.Mra.Http.MraApiException: MRA EIS HTTP 500: Internal Server Error — An internal error occurred
   at PointOfSale.Infrastructure.Services.MraApiClient.SendAsync[TResponse](HttpRequestMessage request, String auditRequestBody, CancellationToken cancellationToken) in C:\Users\Albert Zee\Documents\Projects\Point Of Sale\src\PointOfSale.Infrastructure\Services\MraApiClient.cs:line 314
   at PointOfSale.Infrastructure.Services.MraApiClient.PostEmptyAsync[TResponse](String relativePath, MraRequestContext context, CancellationToken cancellationToken) in C:\Users\Albert Zee\Documents\Projects\Point Of Sale\src\PointOfSale.Infrastructure\Services\MraApiClient.cs:line 223
   at PointOfSale.Infrastructure.Services.MraEisPingService.PingAsync(CancellationToken cancellationToken) in C:\Users\Albert Zee\Documents\Projects\Point Of Sale\src\PointOfSale.Infrastructure\Services\MraEisPingService.cs:line 48
2026-07-29 16:35:49.541 +02:00 [WRN] ART Diagnostic HealthCheck HealthCheckWorker 0 null: Degraded: MRA.
2026-07-29 16:35:49.551 +02:00 [WRN] Health check degraded: Degraded: MRA.
2026-07-29 16:36:07.466 +02:00 [INF] MRA EIS POST "https://dev-eis-api.mra.mw/api/v1/utilities/ping"
2026-07-29 16:36:07.510 +02:00 [INF] MRA POST /api/v1/utilities/ping status=500 success=false durationMs=47
2026-07-29 16:36:07.529 +02:00 [WRN] MRA EIS HTTP 500 for POST "https://dev-eis-api.mra.mw/api/v1/utilities/ping". RequestPayload=(empty). ResponseBody={"message":"An internal error occurred"}
2026-07-29 16:36:07.529 +02:00 [WRN] utilities/ping failed after 63 ms
PointOfSale.Mra.Http.MraApiException: MRA EIS HTTP 500: Internal Server Error — An internal error occurred
   at PointOfSale.Infrastructure.Services.MraApiClient.SendAsync[TResponse](HttpRequestMessage request, String auditRequestBody, CancellationToken cancellationToken) in C:\Users\Albert Zee\Documents\Projects\Point Of Sale\src\PointOfSale.Infrastructure\Services\MraApiClient.cs:line 314
   at PointOfSale.Infrastructure.Services.MraApiClient.PostEmptyAsync[TResponse](String relativePath, MraRequestContext context, CancellationToken cancellationToken) in C:\Users\Albert Zee\Documents\Projects\Point Of Sale\src\PointOfSale.Infrastructure\Services\MraApiClient.cs:line 223
   at PointOfSale.Infrastructure.Services.MraEisPingService.PingAsync(CancellationToken cancellationToken) in C:\Users\Albert Zee\Documents\Projects\Point Of Sale\src\PointOfSale.Infrastructure\Services\MraEisPingService.cs:line 48
2026-07-29 16:36:14.086 +02:00 [INF] ART Diagnostic DatabaseLatency SqlExpress 1 null: Performance profile sample (FPS 0.0)
2026-07-29 16:36:27.501 +02:00 [INF] MRA EIS POST "https://dev-eis-api.mra.mw/api/v1/utilities/ping"
2026-07-29 16:36:27.593 +02:00 [INF] MRA POST /api/v1/utilities/ping status=500 success=false durationMs=93
2026-07-29 16:36:27.603 +02:00 [WRN] MRA EIS HTTP 500 for POST "https://dev-eis-api.mra.mw/api/v1/utilities/ping". RequestPayload=(empty). ResponseBody={"message":"An internal error occurred"}
2026-07-29 16:36:27.603 +02:00 [WRN] utilities/ping failed after 102 ms
PointOfSale.Mra.Http.MraApiException: MRA EIS HTTP 500: Internal Server Error — An internal error occurred
   at PointOfSale.Infrastructure.Services.MraApiClient.SendAsync[TResponse](HttpRequestMessage request, String auditRequestBody, CancellationToken cancellationToken) in C:\Users\Albert Zee\Documents\Projects\Point Of Sale\src\PointOfSale.Infrastructure\Services\MraApiClient.cs:line 314
   at PointOfSale.Infrastructure.Services.MraApiClient.PostEmptyAsync[TResponse](String relativePath, MraRequestContext context, CancellationToken cancellationToken) in C:\Users\Albert Zee\Documents\Projects\Point Of Sale\src\PointOfSale.Infrastructure\Services\MraApiClient.cs:line 223
   at PointOfSale.Infrastructure.Services.MraEisPingService.PingAsync(CancellationToken cancellationToken) in C:\Users\Albert Zee\Documents\Projects\Point Of Sale\src\PointOfSale.Infrastructure\Services\MraEisPingService.cs:line 48
2026-07-29 16:36:31.275 +02:00 [INF] Inventory alert scan complete: 8 products, low=0, stockout=0, overstock=0, fast=0.
2026-07-29 16:36:33.225 +02:00 [INF] ART Diagnostic DatabaseLatency SqlExpress 2 null: SQL round-trip 2 ms
2026-07-29 16:36:33.245 +02:00 [INF] MRA EIS POST "https://dev-eis-api.mra.mw/api/v1/utilities/ping"
2026-07-29 16:36:34.562 +02:00 [INF] ART Diagnostic WorkerHeartbeat HealthCheckWorker null null: Heartbeat
2026-07-29 16:36:34.567 +02:00 [INF] ART Diagnostic DatabaseLatency SqlExpress 0 null: SQL round-trip 0 ms
2026-07-29 16:36:34.575 +02:00 [INF] MRA EIS POST "https://dev-eis-api.mra.mw/api/v1/utilities/ping"
2026-07-29 16:36:34.661 +02:00 [INF] MRA POST /api/v1/utilities/ping status=500 success=false durationMs=94
2026-07-29 16:36:34.663 +02:00 [WRN] MRA EIS HTTP 500 for POST "https://dev-eis-api.mra.mw/api/v1/utilities/ping". RequestPayload=(empty). ResponseBody={"message":"An internal error occurred"}
2026-07-29 16:36:34.664 +02:00 [WRN] utilities/ping failed after 88 ms
PointOfSale.Mra.Http.MraApiException: MRA EIS HTTP 500: Internal Server Error — An internal error occurred
   at PointOfSale.Infrastructure.Services.MraApiClient.SendAsync[TResponse](HttpRequestMessage request, String auditRequestBody, CancellationToken cancellationToken) in C:\Users\Albert Zee\Documents\Projects\Point Of Sale\src\PointOfSale.Infrastructure\Services\MraApiClient.cs:line 314
   at PointOfSale.Infrastructure.Services.MraApiClient.PostEmptyAsync[TResponse](String relativePath, MraRequestContext context, CancellationToken cancellationToken) in C:\Users\Albert Zee\Documents\Projects\Point Of Sale\src\PointOfSale.Infrastructure\Services\MraApiClient.cs:line 223
   at PointOfSale.Infrastructure.Services.MraEisPingService.PingAsync(CancellationToken cancellationToken) in C:\Users\Albert Zee\Documents\Projects\Point Of Sale\src\PointOfSale.Infrastructure\Services\MraEisPingService.cs:line 48
2026-07-29 16:36:34.664 +02:00 [WRN] ART Diagnostic MraConnectivity MraEis 88 Unreachable: MRA ping failed in 88 ms: MRA EIS HTTP 500: Internal Server Error — An internal error occurred
2026-07-29 16:36:34.716 +02:00 [INF] MRA EIS POST "https://dev-eis-api.mra.mw/api/v1/utilities/ping"
2026-07-29 16:36:34.901 +02:00 [INF] MRA POST /api/v1/utilities/ping status=500 success=false durationMs=187
2026-07-29 16:36:34.908 +02:00 [WRN] MRA EIS HTTP 500 for POST "https://dev-eis-api.mra.mw/api/v1/utilities/ping". RequestPayload=(empty). ResponseBody={"message":"An internal error occurred"}
2026-07-29 16:36:34.909 +02:00 [WRN] utilities/ping failed after 192 ms
PointOfSale.Mra.Http.MraApiException: MRA EIS HTTP 500: Internal Server Error — An internal error occurred
   at PointOfSale.Infrastructure.Services.MraApiClient.SendAsync[TResponse](HttpRequestMessage request, String auditRequestBody, CancellationToken cancellationToken) in C:\Users\Albert Zee\Documents\Projects\Point Of Sale\src\PointOfSale.Infrastructure\Services\MraApiClient.cs:line 314
   at PointOfSale.Infrastructure.Services.MraApiClient.PostEmptyAsync[TResponse](String relativePath, MraRequestContext context, CancellationToken cancellationToken) in C:\Users\Albert Zee\Documents\Projects\Point Of Sale\src\PointOfSale.Infrastructure\Services\MraApiClient.cs:line 223
   at PointOfSale.Infrastructure.Services.MraEisPingService.PingAsync(CancellationToken cancellationToken) in C:\Users\Albert Zee\Documents\Projects\Point Of Sale\src\PointOfSale.Infrastructure\Services\MraEisPingService.cs:line 48
2026-07-29 16:36:34.912 +02:00 [WRN] ART Diagnostic HealthCheck HealthCheckWorker 0 null: Degraded: MRA.
2026-07-29 16:36:34.927 +02:00 [WRN] Health check degraded: Degraded: MRA.
2026-07-29 16:36:35.286 +02:00 [INF] MRA POST /api/v1/utilities/ping status=500 success=false durationMs=2047
2026-07-29 16:36:35.294 +02:00 [WRN] MRA EIS HTTP 500 for POST "https://dev-eis-api.mra.mw/api/v1/utilities/ping". RequestPayload=(empty). ResponseBody={"message":"An internal error occurred"}
2026-07-29 16:36:35.294 +02:00 [WRN] utilities/ping failed after 2049 ms
PointOfSale.Mra.Http.MraApiException: MRA EIS HTTP 500: Internal Server Error — An internal error occurred
   at PointOfSale.Infrastructure.Services.MraApiClient.SendAsync[TResponse](HttpRequestMessage request, String auditRequestBody, CancellationToken cancellationToken) in C:\Users\Albert Zee\Documents\Projects\Point Of Sale\src\PointOfSale.Infrastructure\Services\MraApiClient.cs:line 314
   at PointOfSale.Infrastructure.Services.MraApiClient.PostEmptyAsync[TResponse](String relativePath, MraRequestContext context, CancellationToken cancellationToken) in C:\Users\Albert Zee\Documents\Projects\Point Of Sale\src\PointOfSale.Infrastructure\Services\MraApiClient.cs:line 223
   at PointOfSale.Infrastructure.Services.MraEisPingService.PingAsync(CancellationToken cancellationToken) in C:\Users\Albert Zee\Documents\Projects\Point Of Sale\src\PointOfSale.Infrastructure\Services\MraEisPingService.cs:line 48
2026-07-29 16:36:35.295 +02:00 [WRN] ART Diagnostic MraConnectivity MraEis 2049 Unreachable: MRA ping failed in 2049 ms: MRA EIS HTTP 500: Internal Server Error — An internal error occurred
2026-07-29 16:36:35.369 +02:00 [INF] MRA EIS POST "https://dev-eis-api.mra.mw/api/v1/utilities/ping"
2026-07-29 16:36:35.494 +02:00 [INF] MRA POST /api/v1/utilities/ping status=500 success=false durationMs=125
2026-07-29 16:36:35.503 +02:00 [WRN] MRA EIS HTTP 500 for POST "https://dev-eis-api.mra.mw/api/v1/utilities/ping". RequestPayload=(empty). ResponseBody={"message":"An internal error occurred"}
2026-07-29 16:36:35.503 +02:00 [WRN] utilities/ping failed after 134 ms
PointOfSale.Mra.Http.MraApiException: MRA EIS HTTP 500: Internal Server Error — An internal error occurred
   at PointOfSale.Infrastructure.Services.MraApiClient.SendAsync[TResponse](HttpRequestMessage request, String auditRequestBody, CancellationToken cancellationToken) in C:\Users\Albert Zee\Documents\Projects\Point Of Sale\src\PointOfSale.Infrastructure\Services\MraApiClient.cs:line 314
   at PointOfSale.Infrastructure.Services.MraApiClient.PostEmptyAsync[TResponse](String relativePath, MraRequestContext context, CancellationToken cancellationToken) in C:\Users\Albert Zee\Documents\Projects\Point Of Sale\src\PointOfSale.Infrastructure\Services\MraApiClient.cs:line 223
   at PointOfSale.Infrastructure.Services.MraEisPingService.PingAsync(CancellationToken cancellationToken) in C:\Users\Albert Zee\Documents\Projects\Point Of Sale\src\PointOfSale.Infrastructure\Services\MraEisPingService.cs:line 48
2026-07-29 16:36:35.508 +02:00 [WRN] ART Diagnostic HealthCheck HealthCheckWorker 2 null: Degraded: MRA.
2026-07-29 16:36:35.567 +02:00 [INF] MRA EIS POST "https://dev-eis-api.mra.mw/api/v1/utilities/ping"
2026-07-29 16:36:35.623 +02:00 [INF] MRA POST /api/v1/utilities/ping status=500 success=false durationMs=47
2026-07-29 16:36:35.626 +02:00 [WRN] MRA EIS HTTP 500 for POST "https://dev-eis-api.mra.mw/api/v1/utilities/ping". RequestPayload=(empty). ResponseBody={"message":"An internal error occurred"}
2026-07-29 16:36:35.626 +02:00 [WRN] utilities/ping failed after 58 ms
PointOfSale.Mra.Http.MraApiException: MRA EIS HTTP 500: Internal Server Error — An internal error occurred
   at PointOfSale.Infrastructure.Services.MraApiClient.SendAsync[TResponse](HttpRequestMessage request, String auditRequestBody, CancellationToken cancellationToken) in C:\Users\Albert Zee\Documents\Projects\Point Of Sale\src\PointOfSale.Infrastructure\Services\MraApiClient.cs:line 314
   at PointOfSale.Infrastructure.Services.MraApiClient.PostEmptyAsync[TResponse](String relativePath, MraRequestContext context, CancellationToken cancellationToken) in C:\Users\Albert Zee\Documents\Projects\Point Of Sale\src\PointOfSale.Infrastructure\Services\MraApiClient.cs:line 223
   at PointOfSale.Infrastructure.Services.MraEisPingService.PingAsync(CancellationToken cancellationToken) in C:\Users\Albert Zee\Documents\Projects\Point Of Sale\src\PointOfSale.Infrastructure\Services\MraEisPingService.cs:line 48
2026-07-29 16:36:35.674 +02:00 [INF] ART Diagnostic WorkerHeartbeat SystemHealthMonitorService null null: MRA EIS API gateway is unreachable.
2026-07-29 16:36:35.676 +02:00 [WRN] System health degraded: MRA EIS API gateway is unreachable.
2026-07-29 16:36:44.167 +02:00 [INF] ART Diagnostic DatabaseLatency SqlExpress 2 null: Performance profile sample (FPS 0.0)
2026-07-29 16:36:47.463 +02:00 [INF] MRA EIS POST "https://dev-eis-api.mra.mw/api/v1/utilities/ping"
2026-07-29 16:36:47.495 +02:00 [INF] MRA POST /api/v1/utilities/ping status=500 success=false durationMs=31
2026-07-29 16:36:47.498 +02:00 [WRN] MRA EIS HTTP 500 for POST "https://dev-eis-api.mra.mw/api/v1/utilities/ping". RequestPayload=(empty). ResponseBody={"message":"An internal error occurred"}
2026-07-29 16:36:47.498 +02:00 [WRN] utilities/ping failed after 34 ms
PointOfSale.Mra.Http.MraApiException: MRA EIS HTTP 500: Internal Server Error — An internal error occurred
   at PointOfSale.Infrastructure.Services.MraApiClient.SendAsync[TResponse](HttpRequestMessage request, String auditRequestBody, CancellationToken cancellationToken) in C:\Users\Albert Zee\Documents\Projects\Point Of Sale\src\PointOfSale.Infrastructure\Services\MraApiClient.cs:line 314
   at PointOfSale.Infrastructure.Services.MraApiClient.PostEmptyAsync[TResponse](String relativePath, MraRequestContext context, CancellationToken cancellationToken) in C:\Users\Albert Zee\Documents\Projects\Point Of Sale\src\PointOfSale.Infrastructure\Services\MraApiClient.cs:line 223
   at PointOfSale.Infrastructure.Services.MraEisPingService.PingAsync(CancellationToken cancellationToken) in C:\Users\Albert Zee\Documents\Projects\Point Of Sale\src\PointOfSale.Infrastructure\Services\MraEisPingService.cs:line 48
2026-07-29 16:37:07.472 +02:00 [INF] MRA EIS POST "https://dev-eis-api.mra.mw/api/v1/utilities/ping"
2026-07-29 16:37:07.623 +02:00 [INF] MRA POST /api/v1/utilities/ping status=500 success=false durationMs=157
2026-07-29 16:37:07.626 +02:00 [WRN] MRA EIS HTTP 500 for POST "https://dev-eis-api.mra.mw/api/v1/utilities/ping". RequestPayload=(empty). ResponseBody={"message":"An internal error occurred"}
2026-07-29 16:37:07.627 +02:00 [WRN] utilities/ping failed after 154 ms
PointOfSale.Mra.Http.MraApiException: MRA EIS HTTP 500: Internal Server Error — An internal error occurred
   at PointOfSale.Infrastructure.Services.MraApiClient.SendAsync[TResponse](HttpRequestMessage request, String auditRequestBody, CancellationToken cancellationToken) in C:\Users\Albert Zee\Documents\Projects\Point Of Sale\src\PointOfSale.Infrastructure\Services\MraApiClient.cs:line 314
   at PointOfSale.Infrastructure.Services.MraApiClient.PostEmptyAsync[TResponse](String relativePath, MraRequestContext context, CancellationToken cancellationToken) in C:\Users\Albert Zee\Documents\Projects\Point Of Sale\src\PointOfSale.Infrastructure\Services\MraApiClient.cs:line 223
   at PointOfSale.Infrastructure.Services.MraEisPingService.PingAsync(CancellationToken cancellationToken) in C:\Users\Albert Zee\Documents\Projects\Point Of Sale\src\PointOfSale.Infrastructure\Services\MraEisPingService.cs:line 48
2026-07-29 16:37:09.760 +02:00 [INF] MRA EIS POST "https://dev-eis-api.mra.mw/api/v1/utilities/ping"
2026-07-29 16:37:09.832 +02:00 [INF] MRA POST /api/v1/utilities/ping status=500 success=false durationMs=78
2026-07-29 16:37:09.835 +02:00 [WRN] MRA EIS HTTP 500 for POST "https://dev-eis-api.mra.mw/api/v1/utilities/ping". RequestPayload=(empty). ResponseBody={"message":"An internal error occurred"}
2026-07-29 16:37:09.836 +02:00 [WRN] utilities/ping failed after 75 ms
PointOfSale.Mra.Http.MraApiException: MRA EIS HTTP 500: Internal Server Error — An internal error occurred
   at PointOfSale.Infrastructure.Services.MraApiClient.SendAsync[TResponse](HttpRequestMessage request, String auditRequestBody, CancellationToken cancellationToken) in C:\Users\Albert Zee\Documents\Projects\Point Of Sale\src\PointOfSale.Infrastructure\Services\MraApiClient.cs:line 314
   at PointOfSale.Infrastructure.Services.MraApiClient.PostEmptyAsync[TResponse](String relativePath, MraRequestContext context, CancellationToken cancellationToken) in C:\Users\Albert Zee\Documents\Projects\Point Of Sale\src\PointOfSale.Infrastructure\Services\MraApiClient.cs:line 223
   at PointOfSale.Infrastructure.Services.MraEisPingService.PingAsync(CancellationToken cancellationToken) in C:\Users\Albert Zee\Documents\Projects\Point Of Sale\src\PointOfSale.Infrastructure\Services\MraEisPingService.cs:line 48
2026-07-29 16:37:12.236 +02:00 [INF] MRA EIS POST "https://dev-eis-api.mra.mw/api/v1/utilities/ping"
2026-07-29 16:37:12.266 +02:00 [INF] MRA POST /api/v1/utilities/ping status=500 success=false durationMs=31
2026-07-29 16:37:12.271 +02:00 [WRN] MRA EIS HTTP 500 for POST "https://dev-eis-api.mra.mw/api/v1/utilities/ping". RequestPayload=(empty). ResponseBody={"message":"An internal error occurred"}
2026-07-29 16:37:12.271 +02:00 [WRN] utilities/ping failed after 35 ms
PointOfSale.Mra.Http.MraApiException: MRA EIS HTTP 500: Internal Server Error — An internal error occurred
   at PointOfSale.Infrastructure.Services.MraApiClient.SendAsync[TResponse](HttpRequestMessage request, String auditRequestBody, CancellationToken cancellationToken) in C:\Users\Albert Zee\Documents\Projects\Point Of Sale\src\PointOfSale.Infrastructure\Services\MraApiClient.cs:line 314
   at PointOfSale.Infrastructure.Services.MraApiClient.PostEmptyAsync[TResponse](String relativePath, MraRequestContext context, CancellationToken cancellationToken) in C:\Users\Albert Zee\Documents\Projects\Point Of Sale\src\PointOfSale.Infrastructure\Services\MraApiClient.cs:line 223
   at PointOfSale.Infrastructure.Services.MraEisPingService.PingAsync(CancellationToken cancellationToken) in C:\Users\Albert Zee\Documents\Projects\Point Of Sale\src\PointOfSale.Infrastructure\Services\MraEisPingService.cs:line 48
2026-07-29 16:37:12.324 +02:00 [INF] MRA EIS POST "https://dev-eis-api.mra.mw/api/v1/utilities/ping"
2026-07-29 16:37:12.371 +02:00 [INF] MRA POST /api/v1/utilities/ping status=500 success=false durationMs=47
2026-07-29 16:37:12.374 +02:00 [WRN] MRA EIS HTTP 500 for POST "https://dev-eis-api.mra.mw/api/v1/utilities/ping". RequestPayload=(empty). ResponseBody={"message":"An internal error occurred"}
2026-07-29 16:37:12.374 +02:00 [WRN] utilities/ping failed after 50 ms
PointOfSale.Mra.Http.MraApiException: MRA EIS HTTP 500: Internal Server Error — An internal error occurred
   at PointOfSale.Infrastructure.Services.MraApiClient.SendAsync[TResponse](HttpRequestMessage request, String auditRequestBody, CancellationToken cancellationToken) in C:\Users\Albert Zee\Documents\Projects\Point Of Sale\src\PointOfSale.Infrastructure\Services\MraApiClient.cs:line 314
   at PointOfSale.Infrastructure.Services.MraApiClient.PostEmptyAsync[TResponse](String relativePath, MraRequestContext context, CancellationToken cancellationToken) in C:\Users\Albert Zee\Documents\Projects\Point Of Sale\src\PointOfSale.Infrastructure\Services\MraApiClient.cs:line 223
   at PointOfSale.Infrastructure.Services.MraEisPingService.PingAsync(CancellationToken cancellationToken) in C:\Users\Albert Zee\Documents\Projects\Point Of Sale\src\PointOfSale.Infrastructure\Services\MraEisPingService.cs:line 48
2026-07-29 16:37:12.409 +02:00 [INF] MRA EIS POST "https://dev-eis-api.mra.mw/api/v1/configuration/get-latest-configs"
2026-07-29 16:37:12.409 +02:00 [INF] MRA EIS request payload for "https://dev-eis-api.mra.mw/api/v1/configuration/get-latest-configs": {}
2026-07-29 16:37:12.440 +02:00 [INF] MRA POST /api/v1/configuration/get-latest-configs status=500 success=false durationMs=31
2026-07-29 16:37:12.445 +02:00 [WRN] MRA EIS HTTP 500 for POST "https://dev-eis-api.mra.mw/api/v1/configuration/get-latest-configs". RequestPayload={}. ResponseBody={"message":"An internal error occurred"}
2026-07-29 16:37:12.458 +02:00 [WRN] get-latest-configs threw HTTP 500 for ART-SBX-B61182AD; attempting local activation fallback.
PointOfSale.Mra.Http.MraApiException: MRA EIS HTTP 500: Internal Server Error — An internal error occurred
   at PointOfSale.Infrastructure.Services.MraApiClient.SendAsync[TResponse](HttpRequestMessage request, String auditRequestBody, CancellationToken cancellationToken) in C:\Users\Albert Zee\Documents\Projects\Point Of Sale\src\PointOfSale.Infrastructure\Services\MraApiClient.cs:line 314
   at PointOfSale.Infrastructure.Services.MraApiClient.PostAsync[TRequest,TResponse](String relativePath, TRequest body, MraRequestContext context, CancellationToken cancellationToken) in C:\Users\Albert Zee\Documents\Projects\Point Of Sale\src\PointOfSale.Infrastructure\Services\MraApiClient.cs:line 83
   at PointOfSale.Infrastructure.Services.TerminalOnboardingService.GetLatestConfigsAsync(CancellationToken cancellationToken) in C:\Users\Albert Zee\Documents\Projects\Point Of Sale\src\PointOfSale.Infrastructure\Services\TerminalOnboardingService.cs:line 314
2026-07-29 16:37:12.505 +02:00 [WRN] Using local MRA config fallback for ART-SBX-B61182AD. ActivationState=Activated, hasSecretKey=true, hasCachedConfigs=true. Detail: Live get-latest-configs unavailable (HTTP 500). Using local activation for ART-SBX-B61182AD (ActivationState=Activated, LastSyncedAt=2026-07-22T18:08:46.1300000). MRA EIS HTTP 500: Internal Server Error — An internal error occurred
2026-07-29 16:37:14.232 +02:00 [INF] ART Diagnostic DatabaseLatency SqlExpress 0 null: Performance profile sample (FPS 0.0)
2026-07-29 16:37:19.930 +02:00 [INF] ART Diagnostic WorkerHeartbeat HealthCheckWorker null null: Heartbeat
2026-07-29 16:37:19.985 +02:00 [INF] ART Diagnostic DatabaseLatency SqlExpress 0 null: SQL round-trip 0 ms
2026-07-29 16:37:19.989 +02:00 [INF] MRA EIS POST "https://dev-eis-api.mra.mw/api/v1/utilities/ping"
2026-07-29 16:37:20.047 +02:00 [INF] MRA POST /api/v1/utilities/ping status=500 success=false durationMs=63
2026-07-29 16:37:20.050 +02:00 [WRN] MRA EIS HTTP 500 for POST "https://dev-eis-api.mra.mw/api/v1/utilities/ping". RequestPayload=(empty). ResponseBody={"message":"An internal error occurred"}
2026-07-29 16:37:20.050 +02:00 [WRN] utilities/ping failed after 61 ms
PointOfSale.Mra.Http.MraApiException: MRA EIS HTTP 500: Internal Server Error — An internal error occurred
   at PointOfSale.Infrastructure.Services.MraApiClient.SendAsync[TResponse](HttpRequestMessage request, String auditRequestBody, CancellationToken cancellationToken) in C:\Users\Albert Zee\Documents\Projects\Point Of Sale\src\PointOfSale.Infrastructure\Services\MraApiClient.cs:line 314
   at PointOfSale.Infrastructure.Services.MraApiClient.PostEmptyAsync[TResponse](String relativePath, MraRequestContext context, CancellationToken cancellationToken) in C:\Users\Albert Zee\Documents\Projects\Point Of Sale\src\PointOfSale.Infrastructure\Services\MraApiClient.cs:line 223
   at PointOfSale.Infrastructure.Services.MraEisPingService.PingAsync(CancellationToken cancellationToken) in C:\Users\Albert Zee\Documents\Projects\Point Of Sale\src\PointOfSale.Infrastructure\Services\MraEisPingService.cs:line 48
2026-07-29 16:37:20.051 +02:00 [WRN] ART Diagnostic MraConnectivity MraEis 61 Unreachable: MRA ping failed in 61 ms: MRA EIS HTTP 500: Internal Server Error — An internal error occurred
2026-07-29 16:37:20.104 +02:00 [INF] MRA EIS POST "https://dev-eis-api.mra.mw/api/v1/utilities/ping"
2026-07-29 16:37:20.153 +02:00 [INF] MRA POST /api/v1/utilities/ping status=500 success=false durationMs=47
2026-07-29 16:37:20.156 +02:00 [WRN] MRA EIS HTTP 500 for POST "https://dev-eis-api.mra.mw/api/v1/utilities/ping". RequestPayload=(empty). ResponseBody={"message":"An internal error occurred"}
2026-07-29 16:37:20.156 +02:00 [WRN] utilities/ping failed after 52 ms
PointOfSale.Mra.Http.MraApiException: MRA EIS HTTP 500: Internal Server Error — An internal error occurred
   at PointOfSale.Infrastructure.Services.MraApiClient.SendAsync[TResponse](HttpRequestMessage request, String auditRequestBody, CancellationToken cancellationToken) in C:\Users\Albert Zee\Documents\Projects\Point Of Sale\src\PointOfSale.Infrastructure\Services\MraApiClient.cs:line 314
   at PointOfSale.Infrastructure.Services.MraApiClient.PostEmptyAsync[TResponse](String relativePath, MraRequestContext context, CancellationToken cancellationToken) in C:\Users\Albert Zee\Documents\Projects\Point Of Sale\src\PointOfSale.Infrastructure\Services\MraApiClient.cs:line 223
   at PointOfSale.Infrastructure.Services.MraEisPingService.PingAsync(CancellationToken cancellationToken) in C:\Users\Albert Zee\Documents\Projects\Point Of Sale\src\PointOfSale.Infrastructure\Services\MraEisPingService.cs:line 48
2026-07-29 16:37:20.157 +02:00 [WRN] ART Diagnostic HealthCheck HealthCheckWorker 0 null: Degraded: MRA.
2026-07-29 16:37:20.163 +02:00 [WRN] Health check degraded: Degraded: MRA.
2026-07-29 16:37:20.679 +02:00 [INF] ART Diagnostic DatabaseLatency SqlExpress 2 null: SQL round-trip 2 ms
2026-07-29 16:37:20.684 +02:00 [INF] MRA EIS POST "https://dev-eis-api.mra.mw/api/v1/utilities/ping"
2026-07-29 16:37:23.795 +02:00 [INF] MRA POST /api/v1/utilities/ping status=500 success=false durationMs=3109
2026-07-29 16:37:23.804 +02:00 [WRN] MRA EIS HTTP 500 for POST "https://dev-eis-api.mra.mw/api/v1/utilities/ping". RequestPayload=(empty). ResponseBody={"message":"An internal error occurred"}
2026-07-29 16:37:23.804 +02:00 [WRN] utilities/ping failed after 3119 ms
PointOfSale.Mra.Http.MraApiException: MRA EIS HTTP 500: Internal Server Error — An internal error occurred
   at PointOfSale.Infrastructure.Services.MraApiClient.SendAsync[TResponse](HttpRequestMessage request, String auditRequestBody, CancellationToken cancellationToken) in C:\Users\Albert Zee\Documents\Projects\Point Of Sale\src\PointOfSale.Infrastructure\Services\MraApiClient.cs:line 314
   at PointOfSale.Infrastructure.Services.MraApiClient.PostEmptyAsync[TResponse](String relativePath, MraRequestContext context, CancellationToken cancellationToken) in C:\Users\Albert Zee\Documents\Projects\Point Of Sale\src\PointOfSale.Infrastructure\Services\MraApiClient.cs:line 223
   at PointOfSale.Infrastructure.Services.MraEisPingService.PingAsync(CancellationToken cancellationToken) in C:\Users\Albert Zee\Documents\Projects\Point Of Sale\src\PointOfSale.Infrastructure\Services\MraEisPingService.cs:line 48
2026-07-29 16:37:23.805 +02:00 [WRN] ART Diagnostic MraConnectivity MraEis 3119 Unreachable: MRA ping failed in 3119 ms: MRA EIS HTTP 500: Internal Server Error — An internal error occurred
2026-07-29 16:37:23.885 +02:00 [INF] MRA EIS POST "https://dev-eis-api.mra.mw/api/v1/utilities/ping"
2026-07-29 16:37:23.914 +02:00 [INF] MRA POST /api/v1/utilities/ping status=500 success=false durationMs=31
2026-07-29 16:37:23.916 +02:00 [WRN] MRA EIS HTTP 500 for POST "https://dev-eis-api.mra.mw/api/v1/utilities/ping". RequestPayload=(empty). ResponseBody={"message":"An internal error occurred"}
2026-07-29 16:37:23.917 +02:00 [WRN] utilities/ping failed after 31 ms
PointOfSale.Mra.Http.MraApiException: MRA EIS HTTP 500: Internal Server Error — An internal error occurred
   at PointOfSale.Infrastructure.Services.MraApiClient.SendAsync[TResponse](HttpRequestMessage request, String auditRequestBody, CancellationToken cancellationToken) in C:\Users\Albert Zee\Documents\Projects\Point Of Sale\src\PointOfSale.Infrastructure\Services\MraApiClient.cs:line 314
   at PointOfSale.Infrastructure.Services.MraApiClient.PostEmptyAsync[TResponse](String relativePath, MraRequestContext context, CancellationToken cancellationToken) in C:\Users\Albert Zee\Documents\Projects\Point Of Sale\src\PointOfSale.Infrastructure\Services\MraApiClient.cs:line 223
   at PointOfSale.Infrastructure.Services.MraEisPingService.PingAsync(CancellationToken cancellationToken) in C:\Users\Albert Zee\Documents\Projects\Point Of Sale\src\PointOfSale.Infrastructure\Services\MraEisPingService.cs:line 48
2026-07-29 16:37:23.918 +02:00 [WRN] ART Diagnostic HealthCheck HealthCheckWorker 2 null: Degraded: MRA.
2026-07-29 16:37:23.975 +02:00 [INF] MRA EIS POST "https://dev-eis-api.mra.mw/api/v1/utilities/ping"
2026-07-29 16:37:24.030 +02:00 [INF] MRA POST /api/v1/utilities/ping status=500 success=false durationMs=63
2026-07-29 16:37:24.034 +02:00 [WRN] MRA EIS HTTP 500 for POST "https://dev-eis-api.mra.mw/api/v1/utilities/ping". RequestPayload=(empty). ResponseBody={"message":"An internal error occurred"}
2026-07-29 16:37:24.034 +02:00 [WRN] utilities/ping failed after 59 ms
PointOfSale.Mra.Http.MraApiException: MRA EIS HTTP 500: Internal Server Error — An internal error occurred
   at PointOfSale.Infrastructure.Services.MraApiClient.SendAsync[TResponse](HttpRequestMessage request, String auditRequestBody, CancellationToken cancellationToken) in C:\Users\Albert Zee\Documents\Projects\Point Of Sale\src\PointOfSale.Infrastructure\Services\MraApiClient.cs:line 314
   at PointOfSale.Infrastructure.Services.MraApiClient.PostEmptyAsync[TResponse](String relativePath, MraRequestContext context, CancellationToken cancellationToken) in C:\Users\Albert Zee\Documents\Projects\Point Of Sale\src\PointOfSale.Infrastructure\Services\MraApiClient.cs:line 223
   at PointOfSale.Infrastructure.Services.MraEisPingService.PingAsync(CancellationToken cancellationToken) in C:\Users\Albert Zee\Documents\Projects\Point Of Sale\src\PointOfSale.Infrastructure\Services\MraEisPingService.cs:line 48
2026-07-29 16:37:24.083 +02:00 [WRN] System health alert [MRA_UNREACHABLE] MRA EIS API gateway unreachable while internet is online.
2026-07-29 16:37:24.083 +02:00 [ERR] ART Diagnostic Exception HealthAlert:MRA_UNREACHABLE null null: MRA EIS API gateway unreachable while internet is online.
2026-07-29 16:37:24.085 +02:00 [INF] ART Diagnostic WorkerHeartbeat SystemHealthMonitorService null null: MRA EIS API gateway is unreachable.
2026-07-29 16:37:24.088 +02:00 [WRN] System health degraded: MRA EIS API gateway is unreachable.
2026-07-29 16:37:27.530 +02:00 [INF] MRA EIS POST "https://dev-eis-api.mra.mw/api/v1/utilities/ping"
2026-07-29 16:37:27.622 +02:00 [INF] MRA POST /api/v1/utilities/ping status=500 success=false durationMs=78
2026-07-29 16:37:27.635 +02:00 [WRN] MRA EIS HTTP 500 for POST "https://dev-eis-api.mra.mw/api/v1/utilities/ping". RequestPayload=(empty). ResponseBody={"message":"An internal error occurred"}
2026-07-29 16:37:27.636 +02:00 [WRN] utilities/ping failed after 105 ms
PointOfSale.Mra.Http.MraApiException: MRA EIS HTTP 500: Internal Server Error — An internal error occurred
   at PointOfSale.Infrastructure.Services.MraApiClient.SendAsync[TResponse](HttpRequestMessage request, String auditRequestBody, CancellationToken cancellationToken) in C:\Users\Albert Zee\Documents\Projects\Point Of Sale\src\PointOfSale.Infrastructure\Services\MraApiClient.cs:line 314
   at PointOfSale.Infrastructure.Services.MraApiClient.PostEmptyAsync[TResponse](String relativePath, MraRequestContext context, CancellationToken cancellationToken) in C:\Users\Albert Zee\Documents\Projects\Point Of Sale\src\PointOfSale.Infrastructure\Services\MraApiClient.cs:line 223
   at PointOfSale.Infrastructure.Services.MraEisPingService.PingAsync(CancellationToken cancellationToken) in C:\Users\Albert Zee\Documents\Projects\Point Of Sale\src\PointOfSale.Infrastructure\Services\MraEisPingService.cs:line 48
2026-07-29 16:37:31.296 +02:00 [INF] Inventory alert scan complete: 8 products, low=0, stockout=0, overstock=0, fast=0.
2026-07-29 16:37:44.307 +02:00 [INF] ART Diagnostic DatabaseLatency SqlExpress 0 null: Performance profile sample (FPS 0.0)
2026-07-29 16:37:47.459 +02:00 [INF] MRA EIS POST "https://dev-eis-api.mra.mw/api/v1/utilities/ping"
2026-07-29 16:37:47.536 +02:00 [INF] MRA POST /api/v1/utilities/ping status=500 success=false durationMs=78
2026-07-29 16:37:47.547 +02:00 [WRN] MRA EIS HTTP 500 for POST "https://dev-eis-api.mra.mw/api/v1/utilities/ping". RequestPayload=(empty). ResponseBody={"message":"An internal error occurred"}
2026-07-29 16:37:47.547 +02:00 [WRN] utilities/ping failed after 88 ms
PointOfSale.Mra.Http.MraApiException: MRA EIS HTTP 500: Internal Server Error — An internal error occurred
   at PointOfSale.Infrastructure.Services.MraApiClient.SendAsync[TResponse](HttpRequestMessage request, String auditRequestBody, CancellationToken cancellationToken) in C:\Users\Albert Zee\Documents\Projects\Point Of Sale\src\PointOfSale.Infrastructure\Services\MraApiClient.cs:line 314
   at PointOfSale.Infrastructure.Services.MraApiClient.PostEmptyAsync[TResponse](String relativePath, MraRequestContext context, CancellationToken cancellationToken) in C:\Users\Albert Zee\Documents\Projects\Point Of Sale\src\PointOfSale.Infrastructure\Services\MraApiClient.cs:line 223
   at PointOfSale.Infrastructure.Services.MraEisPingService.PingAsync(CancellationToken cancellationToken) in C:\Users\Albert Zee\Documents\Projects\Point Of Sale\src\PointOfSale.Infrastructure\Services\MraEisPingService.cs:line 48
2026-07-29 16:38:05.163 +02:00 [INF] ART Diagnostic WorkerHeartbeat HealthCheckWorker null null: Heartbeat
2026-07-29 16:38:05.168 +02:00 [INF] ART Diagnostic DatabaseLatency SqlExpress 1 null: SQL round-trip 1 ms
2026-07-29 16:38:05.173 +02:00 [INF] MRA EIS POST "https://dev-eis-api.mra.mw/api/v1/utilities/ping"
2026-07-29 16:38:05.222 +02:00 [INF] MRA POST /api/v1/utilities/ping status=500 success=false durationMs=46
2026-07-29 16:38:05.225 +02:00 [WRN] MRA EIS HTTP 500 for POST "https://dev-eis-api.mra.mw/api/v1/utilities/ping". RequestPayload=(empty). ResponseBody={"message":"An internal error occurred"}
2026-07-29 16:38:05.225 +02:00 [WRN] utilities/ping failed after 52 ms
PointOfSale.Mra.Http.MraApiException: MRA EIS HTTP 500: Internal Server Error — An internal error occurred
   at PointOfSale.Infrastructure.Services.MraApiClient.SendAsync[TResponse](HttpRequestMessage request, String auditRequestBody, CancellationToken cancellationToken) in C:\Users\Albert Zee\Documents\Projects\Point Of Sale\src\PointOfSale.Infrastructure\Services\MraApiClient.cs:line 314
   at PointOfSale.Infrastructure.Services.MraApiClient.PostEmptyAsync[TResponse](String relativePath, MraRequestContext context, CancellationToken cancellationToken) in C:\Users\Albert Zee\Documents\Projects\Point Of Sale\src\PointOfSale.Infrastructure\Services\MraApiClient.cs:line 223
   at PointOfSale.Infrastructure.Services.MraEisPingService.PingAsync(CancellationToken cancellationToken) in C:\Users\Albert Zee\Documents\Projects\Point Of Sale\src\PointOfSale.Infrastructure\Services\MraEisPingService.cs:line 48
2026-07-29 16:38:05.225 +02:00 [WRN] ART Diagnostic MraConnectivity MraEis 52 Unreachable: MRA ping failed in 52 ms: MRA EIS HTTP 500: Internal Server Error — An internal error occurred
2026-07-29 16:38:05.289 +02:00 [INF] MRA EIS POST "https://dev-eis-api.mra.mw/api/v1/utilities/ping"
2026-07-29 16:38:08.402 +02:00 [INF] MRA POST /api/v1/utilities/ping status=500 success=false durationMs=3109
2026-07-29 16:38:08.405 +02:00 [WRN] MRA EIS HTTP 500 for POST "https://dev-eis-api.mra.mw/api/v1/utilities/ping". RequestPayload=(empty). ResponseBody={"message":"An internal error occurred"}
2026-07-29 16:38:08.405 +02:00 [WRN] utilities/ping failed after 3116 ms
PointOfSale.Mra.Http.MraApiException: MRA EIS HTTP 500: Internal Server Error — An internal error occurred
   at PointOfSale.Infrastructure.Services.MraApiClient.SendAsync[TResponse](HttpRequestMessage request, String auditRequestBody, CancellationToken cancellationToken) in C:\Users\Albert Zee\Documents\Projects\Point Of Sale\src\PointOfSale.Infrastructure\Services\MraApiClient.cs:line 314
   at PointOfSale.Infrastructure.Services.MraApiClient.PostEmptyAsync[TResponse](String relativePath, MraRequestContext context, CancellationToken cancellationToken) in C:\Users\Albert Zee\Documents\Projects\Point Of Sale\src\PointOfSale.Infrastructure\Services\MraApiClient.cs:line 223
   at PointOfSale.Infrastructure.Services.MraEisPingService.PingAsync(CancellationToken cancellationToken) in C:\Users\Albert Zee\Documents\Projects\Point Of Sale\src\PointOfSale.Infrastructure\Services\MraEisPingService.cs:line 48
2026-07-29 16:38:08.407 +02:00 [WRN] ART Diagnostic HealthCheck HealthCheckWorker 1 null: Degraded: MRA.
2026-07-29 16:38:08.415 +02:00 [WRN] Health check degraded: Degraded: MRA.
2026-07-29 16:38:09.101 +02:00 [INF] ART Diagnostic DatabaseLatency SqlExpress 2 null: SQL round-trip 2 ms
2026-07-29 16:38:09.105 +02:00 [INF] MRA EIS POST "https://dev-eis-api.mra.mw/api/v1/utilities/ping"
2026-07-29 16:38:09.135 +02:00 [INF] MRA POST /api/v1/utilities/ping status=500 success=false durationMs=32
2026-07-29 16:38:09.138 +02:00 [WRN] MRA EIS HTTP 500 for POST "https://dev-eis-api.mra.mw/api/v1/utilities/ping". RequestPayload=(empty). ResponseBody={"message":"An internal error occurred"}
2026-07-29 16:38:09.138 +02:00 [WRN] utilities/ping failed after 32 ms
PointOfSale.Mra.Http.MraApiException: MRA EIS HTTP 500: Internal Server Error — An internal error occurred
   at PointOfSale.Infrastructure.Services.MraApiClient.SendAsync[TResponse](HttpRequestMessage request, String auditRequestBody, CancellationToken cancellationToken) in C:\Users\Albert Zee\Documents\Projects\Point Of Sale\src\PointOfSale.Infrastructure\Services\MraApiClient.cs:line 314
   at PointOfSale.Infrastructure.Services.MraApiClient.PostEmptyAsync[TResponse](String relativePath, MraRequestContext context, CancellationToken cancellationToken) in C:\Users\Albert Zee\Documents\Projects\Point Of Sale\src\PointOfSale.Infrastructure\Services\MraApiClient.cs:line 223
   at PointOfSale.Infrastructure.Services.MraEisPingService.PingAsync(CancellationToken cancellationToken) in C:\Users\Albert Zee\Documents\Projects\Point Of Sale\src\PointOfSale.Infrastructure\Services\MraEisPingService.cs:line 48
2026-07-29 16:38:09.139 +02:00 [WRN] ART Diagnostic MraConnectivity MraEis 32 Unreachable: MRA ping failed in 32 ms: MRA EIS HTTP 500: Internal Server Error — An internal error occurred
2026-07-29 16:38:09.210 +02:00 [INF] MRA EIS POST "https://dev-eis-api.mra.mw/api/v1/utilities/ping"
2026-07-29 16:38:09.235 +02:00 [INF] MRA POST /api/v1/utilities/ping status=500 success=false durationMs=31
2026-07-29 16:38:09.238 +02:00 [WRN] MRA EIS HTTP 500 for POST "https://dev-eis-api.mra.mw/api/v1/utilities/ping". RequestPayload=(empty). ResponseBody={"message":"An internal error occurred"}
2026-07-29 16:38:09.238 +02:00 [WRN] utilities/ping failed after 28 ms
PointOfSale.Mra.Http.MraApiException: MRA EIS HTTP 500: Internal Server Error — An internal error occurred
   at PointOfSale.Infrastructure.Services.MraApiClient.SendAsync[TResponse](HttpRequestMessage request, String auditRequestBody, CancellationToken cancellationToken) in C:\Users\Albert Zee\Documents\Projects\Point Of Sale\src\PointOfSale.Infrastructure\Services\MraApiClient.cs:line 314
   at PointOfSale.Infrastructure.Services.MraApiClient.PostEmptyAsync[TResponse](String relativePath, MraRequestContext context, CancellationToken cancellationToken) in C:\Users\Albert Zee\Documents\Projects\Point Of Sale\src\PointOfSale.Infrastructure\Services\MraApiClient.cs:line 223
   at PointOfSale.Infrastructure.Services.MraEisPingService.PingAsync(CancellationToken cancellationToken) in C:\Users\Albert Zee\Documents\Projects\Point Of Sale\src\PointOfSale.Infrastructure\Services\MraEisPingService.cs:line 48
2026-07-29 16:38:09.240 +02:00 [WRN] ART Diagnostic HealthCheck HealthCheckWorker 2 null: Degraded: MRA.
2026-07-29 16:38:09.309 +02:00 [INF] MRA EIS POST "https://dev-eis-api.mra.mw/api/v1/utilities/ping"
2026-07-29 16:38:09.372 +02:00 [INF] MRA POST /api/v1/utilities/ping status=500 success=false durationMs=62
2026-07-29 16:38:09.374 +02:00 [WRN] MRA EIS HTTP 500 for POST "https://dev-eis-api.mra.mw/api/v1/utilities/ping". RequestPayload=(empty). ResponseBody={"message":"An internal error occurred"}
2026-07-29 16:38:09.374 +02:00 [WRN] utilities/ping failed after 65 ms
PointOfSale.Mra.Http.MraApiException: MRA EIS HTTP 500: Internal Server Error — An internal error occurred
   at PointOfSale.Infrastructure.Services.MraApiClient.SendAsync[TResponse](HttpRequestMessage request, String auditRequestBody, CancellationToken cancellationToken) in C:\Users\Albert Zee\Documents\Projects\Point Of Sale\src\PointOfSale.Infrastructure\Services\MraApiClient.cs:line 314
   at PointOfSale.Infrastructure.Services.MraApiClient.PostEmptyAsync[TResponse](String relativePath, MraRequestContext context, CancellationToken cancellationToken) in C:\Users\Albert Zee\Documents\Projects\Point Of Sale\src\PointOfSale.Infrastructure\Services\MraApiClient.cs:line 223
   at PointOfSale.Infrastructure.Services.MraEisPingService.PingAsync(CancellationToken cancellationToken) in C:\Users\Albert Zee\Documents\Projects\Point Of Sale\src\PointOfSale.Infrastructure\Services\MraEisPingService.cs:line 48
2026-07-29 16:38:09.439 +02:00 [INF] ART Diagnostic WorkerHeartbeat SystemHealthMonitorService null null: MRA EIS API gateway is unreachable.
2026-07-29 16:38:09.441 +02:00 [WRN] System health degraded: MRA EIS API gateway is unreachable.
2026-07-29 16:38:14.353 +02:00 [INF] ART Diagnostic DatabaseLatency SqlExpress 1 null: Performance profile sample (FPS 0.0)
2026-07-29 16:38:27.476 +02:00 [INF] MRA EIS POST "https://dev-eis-api.mra.mw/api/v1/utilities/ping"
2026-07-29 16:38:27.507 +02:00 [INF] MRA POST /api/v1/utilities/ping status=500 success=false durationMs=32
2026-07-29 16:38:27.510 +02:00 [WRN] MRA EIS HTTP 500 for POST "https://dev-eis-api.mra.mw/api/v1/utilities/ping". RequestPayload=(empty). ResponseBody={"message":"An internal error occurred"}
2026-07-29 16:38:27.510 +02:00 [WRN] utilities/ping failed after 33 ms
PointOfSale.Mra.Http.MraApiException: MRA EIS HTTP 500: Internal Server Error — An internal error occurred
   at PointOfSale.Infrastructure.Services.MraApiClient.SendAsync[TResponse](HttpRequestMessage request, String auditRequestBody, CancellationToken cancellationToken) in C:\Users\Albert Zee\Documents\Projects\Point Of Sale\src\PointOfSale.Infrastructure\Services\MraApiClient.cs:line 314
   at PointOfSale.Infrastructure.Services.MraApiClient.PostEmptyAsync[TResponse](String relativePath, MraRequestContext context, CancellationToken cancellationToken) in C:\Users\Albert Zee\Documents\Projects\Point Of Sale\src\PointOfSale.Infrastructure\Services\MraApiClient.cs:line 223
   at PointOfSale.Infrastructure.Services.MraEisPingService.PingAsync(CancellationToken cancellationToken) in C:\Users\Albert Zee\Documents\Projects\Point Of Sale\src\PointOfSale.Infrastructure\Services\MraEisPingService.cs:line 48
2026-07-29 16:38:31.348 +02:00 [INF] Inventory alert scan complete: 8 products, low=0, stockout=0, overstock=0, fast=0.
2026-07-29 16:38:44.433 +02:00 [INF] ART Diagnostic DatabaseLatency SqlExpress 1 null: Performance profile sample (FPS 0.0)
2026-07-29 16:38:47.477 +02:00 [INF] MRA EIS POST "https://dev-eis-api.mra.mw/api/v1/utilities/ping"
2026-07-29 16:38:50.647 +02:00 [INF] MRA POST /api/v1/utilities/ping status=500 success=false durationMs=3172
2026-07-29 16:38:50.653 +02:00 [WRN] MRA EIS HTTP 500 for POST "https://dev-eis-api.mra.mw/api/v1/utilities/ping". RequestPayload=(empty). ResponseBody={"message":"An internal error occurred"}
2026-07-29 16:38:50.653 +02:00 [WRN] utilities/ping failed after 3175 ms
PointOfSale.Mra.Http.MraApiException: MRA EIS HTTP 500: Internal Server Error — An internal error occurred
   at PointOfSale.Infrastructure.Services.MraApiClient.SendAsync[TResponse](HttpRequestMessage request, String auditRequestBody, CancellationToken cancellationToken) in C:\Users\Albert Zee\Documents\Projects\Point Of Sale\src\PointOfSale.Infrastructure\Services\MraApiClient.cs:line 314
   at PointOfSale.Infrastructure.Services.MraApiClient.PostEmptyAsync[TResponse](String relativePath, MraRequestContext context, CancellationToken cancellationToken) in C:\Users\Albert Zee\Documents\Projects\Point Of Sale\src\PointOfSale.Infrastructure\Services\MraApiClient.cs:line 223
   at PointOfSale.Infrastructure.Services.MraEisPingService.PingAsync(CancellationToken cancellationToken) in C:\Users\Albert Zee\Documents\Projects\Point Of Sale\src\PointOfSale.Infrastructure\Services\MraEisPingService.cs:line 48
2026-07-29 16:38:53.421 +02:00 [INF] ART Diagnostic WorkerHeartbeat HealthCheckWorker null null: Heartbeat
2026-07-29 16:38:53.424 +02:00 [INF] ART Diagnostic DatabaseLatency SqlExpress 0 null: SQL round-trip 0 ms
2026-07-29 16:38:53.431 +02:00 [INF] MRA EIS POST "https://dev-eis-api.mra.mw/api/v1/utilities/ping"
2026-07-29 16:38:53.471 +02:00 [INF] MRA POST /api/v1/utilities/ping status=500 success=false durationMs=46
2026-07-29 16:38:53.483 +02:00 [WRN] MRA EIS HTTP 500 for POST "https://dev-eis-api.mra.mw/api/v1/utilities/ping". RequestPayload=(empty). ResponseBody={"message":"An internal error occurred"}
2026-07-29 16:38:53.483 +02:00 [WRN] utilities/ping failed after 52 ms
PointOfSale.Mra.Http.MraApiException: MRA EIS HTTP 500: Internal Server Error — An internal error occurred
   at PointOfSale.Infrastructure.Services.MraApiClient.SendAsync[TResponse](HttpRequestMessage request, String auditRequestBody, CancellationToken cancellationToken) in C:\Users\Albert Zee\Documents\Projects\Point Of Sale\src\PointOfSale.Infrastructure\Services\MraApiClient.cs:line 314
   at PointOfSale.Infrastructure.Services.MraApiClient.PostEmptyAsync[TResponse](String relativePath, MraRequestContext context, CancellationToken cancellationToken) in C:\Users\Albert Zee\Documents\Projects\Point Of Sale\src\PointOfSale.Infrastructure\Services\MraApiClient.cs:line 223
   at PointOfSale.Infrastructure.Services.MraEisPingService.PingAsync(CancellationToken cancellationToken) in C:\Users\Albert Zee\Documents\Projects\Point Of Sale\src\PointOfSale.Infrastructure\Services\MraEisPingService.cs:line 48
2026-07-29 16:38:53.484 +02:00 [WRN] ART Diagnostic MraConnectivity MraEis 52 Unreachable: MRA ping failed in 52 ms: MRA EIS HTTP 500: Internal Server Error — An internal error occurred
2026-07-29 16:38:53.540 +02:00 [INF] MRA EIS POST "https://dev-eis-api.mra.mw/api/v1/utilities/ping"
2026-07-29 16:38:53.607 +02:00 [INF] MRA POST /api/v1/utilities/ping status=500 success=false durationMs=62
2026-07-29 16:38:53.664 +02:00 [WRN] MRA EIS HTTP 500 for POST "https://dev-eis-api.mra.mw/api/v1/utilities/ping". RequestPayload=(empty). ResponseBody={"message":"An internal error occurred"}
2026-07-29 16:38:53.666 +02:00 [WRN] utilities/ping failed after 125 ms
PointOfSale.Mra.Http.MraApiException: MRA EIS HTTP 500: Internal Server Error — An internal error occurred
   at PointOfSale.Infrastructure.Services.MraApiClient.SendAsync[TResponse](HttpRequestMessage request, String auditRequestBody, CancellationToken cancellationToken) in C:\Users\Albert Zee\Documents\Projects\Point Of Sale\src\PointOfSale.Infrastructure\Services\MraApiClient.cs:line 314
   at PointOfSale.Infrastructure.Services.MraApiClient.PostEmptyAsync[TResponse](String relativePath, MraRequestContext context, CancellationToken cancellationToken) in C:\Users\Albert Zee\Documents\Projects\Point Of Sale\src\PointOfSale.Infrastructure\Services\MraApiClient.cs:line 223
   at PointOfSale.Infrastructure.Services.MraEisPingService.PingAsync(CancellationToken cancellationToken) in C:\Users\Albert Zee\Documents\Projects\Point Of Sale\src\PointOfSale.Infrastructure\Services\MraEisPingService.cs:line 48
2026-07-29 16:38:53.676 +02:00 [WRN] ART Diagnostic HealthCheck HealthCheckWorker 0 null: Degraded: MRA.
2026-07-29 16:38:53.692 +02:00 [WRN] Health check degraded: Degraded: MRA.
2026-07-29 16:38:54.456 +02:00 [INF] ART Diagnostic DatabaseLatency SqlExpress 2 null: SQL round-trip 2 ms
2026-07-29 16:38:54.702 +02:00 [INF] MRA EIS POST "https://dev-eis-api.mra.mw/api/v1/utilities/ping"
2026-07-29 16:38:54.736 +02:00 [INF] MRA POST /api/v1/utilities/ping status=500 success=false durationMs=31
2026-07-29 16:38:54.815 +02:00 [WRN] MRA EIS HTTP 500 for POST "https://dev-eis-api.mra.mw/api/v1/utilities/ping". RequestPayload=(empty). ResponseBody={"message":"An internal error occurred"}
2026-07-29 16:38:54.815 +02:00 [WRN] utilities/ping failed after 113 ms
PointOfSale.Mra.Http.MraApiException: MRA EIS HTTP 500: Internal Server Error — An internal error occurred
   at PointOfSale.Infrastructure.Services.MraApiClient.SendAsync[TResponse](HttpRequestMessage request, String auditRequestBody, CancellationToken cancellationToken) in C:\Users\Albert Zee\Documents\Projects\Point Of Sale\src\PointOfSale.Infrastructure\Services\MraApiClient.cs:line 314
   at PointOfSale.Infrastructure.Services.MraApiClient.PostEmptyAsync[TResponse](String relativePath, MraRequestContext context, CancellationToken cancellationToken) in C:\Users\Albert Zee\Documents\Projects\Point Of Sale\src\PointOfSale.Infrastructure\Services\MraApiClient.cs:line 223
   at PointOfSale.Infrastructure.Services.MraEisPingService.PingAsync(CancellationToken cancellationToken) in C:\Users\Albert Zee\Documents\Projects\Point Of Sale\src\PointOfSale.Infrastructure\Services\MraEisPingService.cs:line 48
2026-07-29 16:38:54.815 +02:00 [WRN] ART Diagnostic MraConnectivity MraEis 113 Unreachable: MRA ping failed in 113 ms: MRA EIS HTTP 500: Internal Server Error — An internal error occurred
2026-07-29 16:38:54.876 +02:00 [INF] MRA EIS POST "https://dev-eis-api.mra.mw/api/v1/utilities/ping"
2026-07-29 16:38:54.928 +02:00 [INF] MRA POST /api/v1/utilities/ping status=500 success=false durationMs=47
2026-07-29 16:38:54.931 +02:00 [WRN] MRA EIS HTTP 500 for POST "https://dev-eis-api.mra.mw/api/v1/utilities/ping". RequestPayload=(empty). ResponseBody={"message":"An internal error occurred"}
2026-07-29 16:38:54.931 +02:00 [WRN] utilities/ping failed after 54 ms
PointOfSale.Mra.Http.MraApiException: MRA EIS HTTP 500: Internal Server Error — An internal error occurred
   at PointOfSale.Infrastructure.Services.MraApiClient.SendAsync[TResponse](HttpRequestMessage request, String auditRequestBody, CancellationToken cancellationToken) in C:\Users\Albert Zee\Documents\Projects\Point Of Sale\src\PointOfSale.Infrastructure\Services\MraApiClient.cs:line 314
   at PointOfSale.Infrastructure.Services.MraApiClient.PostEmptyAsync[TResponse](String relativePath, MraRequestContext context, CancellationToken cancellationToken) in C:\Users\Albert Zee\Documents\Projects\Point Of Sale\src\PointOfSale.Infrastructure\Services\MraApiClient.cs:line 223
   at PointOfSale.Infrastructure.Services.MraEisPingService.PingAsync(CancellationToken cancellationToken) in C:\Users\Albert Zee\Documents\Projects\Point Of Sale\src\PointOfSale.Infrastructure\Services\MraEisPingService.cs:line 48
2026-07-29 16:38:54.932 +02:00 [WRN] ART Diagnostic HealthCheck HealthCheckWorker 2 null: Degraded: MRA.
2026-07-29 16:38:55.002 +02:00 [INF] MRA EIS POST "https://dev-eis-api.mra.mw/api/v1/utilities/ping"
2026-07-29 16:38:55.049 +02:00 [INF] MRA POST /api/v1/utilities/ping status=500 success=false durationMs=47
2026-07-29 16:38:55.052 +02:00 [WRN] MRA EIS HTTP 500 for POST "https://dev-eis-api.mra.mw/api/v1/utilities/ping". RequestPayload=(empty). ResponseBody={"message":"An internal error occurred"}
2026-07-29 16:38:55.052 +02:00 [WRN] utilities/ping failed after 50 ms
PointOfSale.Mra.Http.MraApiException: MRA EIS HTTP 500: Internal Server Error — An internal error occurred
   at PointOfSale.Infrastructure.Services.MraApiClient.SendAsync[TResponse](HttpRequestMessage request, String auditRequestBody, CancellationToken cancellationToken) in C:\Users\Albert Zee\Documents\Projects\Point Of Sale\src\PointOfSale.Infrastructure\Services\MraApiClient.cs:line 314
   at PointOfSale.Infrastructure.Services.MraApiClient.PostEmptyAsync[TResponse](String relativePath, MraRequestContext context, CancellationToken cancellationToken) in C:\Users\Albert Zee\Documents\Projects\Point Of Sale\src\PointOfSale.Infrastructure\Services\MraApiClient.cs:line 223
   at PointOfSale.Infrastructure.Services.MraEisPingService.PingAsync(CancellationToken cancellationToken) in C:\Users\Albert Zee\Documents\Projects\Point Of Sale\src\PointOfSale.Infrastructure\Services\MraEisPingService.cs:line 48
2026-07-29 16:38:55.101 +02:00 [INF] ART Diagnostic WorkerHeartbeat SystemHealthMonitorService null null: MRA EIS API gateway is unreachable.
2026-07-29 16:38:55.104 +02:00 [WRN] System health degraded: MRA EIS API gateway is unreachable.
2026-07-29 16:39:07.468 +02:00 [INF] MRA EIS POST "https://dev-eis-api.mra.mw/api/v1/utilities/ping"
2026-07-29 16:39:07.520 +02:00 [INF] MRA POST /api/v1/utilities/ping status=500 success=false durationMs=47
2026-07-29 16:39:07.524 +02:00 [WRN] MRA EIS HTTP 500 for POST "https://dev-eis-api.mra.mw/api/v1/utilities/ping". RequestPayload=(empty). ResponseBody={"message":"An internal error occurred"}
2026-07-29 16:39:07.524 +02:00 [WRN] utilities/ping failed after 56 ms
PointOfSale.Mra.Http.MraApiException: MRA EIS HTTP 500: Internal Server Error — An internal error occurred
   at PointOfSale.Infrastructure.Services.MraApiClient.SendAsync[TResponse](HttpRequestMessage request, String auditRequestBody, CancellationToken cancellationToken) in C:\Users\Albert Zee\Documents\Projects\Point Of Sale\src\PointOfSale.Infrastructure\Services\MraApiClient.cs:line 314
   at PointOfSale.Infrastructure.Services.MraApiClient.PostEmptyAsync[TResponse](String relativePath, MraRequestContext context, CancellationToken cancellationToken) in C:\Users\Albert Zee\Documents\Projects\Point Of Sale\src\PointOfSale.Infrastructure\Services\MraApiClient.cs:line 223
   at PointOfSale.Infrastructure.Services.MraEisPingService.PingAsync(CancellationToken cancellationToken) in C:\Users\Albert Zee\Documents\Projects\Point Of Sale\src\PointOfSale.Infrastructure\Services\MraEisPingService.cs:line 48
2026-07-29 16:39:14.509 +02:00 [INF] ART Diagnostic DatabaseLatency SqlExpress 1 null: Performance profile sample (FPS 0.0)
2026-07-29 16:39:27.457 +02:00 [INF] MRA EIS POST "https://dev-eis-api.mra.mw/api/v1/utilities/ping"
2026-07-29 16:39:27.697 +02:00 [INF] MRA POST /api/v1/utilities/ping status=500 success=false durationMs=234
2026-07-29 16:39:27.706 +02:00 [WRN] MRA EIS HTTP 500 for POST "https://dev-eis-api.mra.mw/api/v1/utilities/ping". RequestPayload=(empty). ResponseBody={"message":"An internal error occurred"}
2026-07-29 16:39:27.707 +02:00 [WRN] utilities/ping failed after 249 ms
PointOfSale.Mra.Http.MraApiException: MRA EIS HTTP 500: Internal Server Error — An internal error occurred
   at PointOfSale.Infrastructure.Services.MraApiClient.SendAsync[TResponse](HttpRequestMessage request, String auditRequestBody, CancellationToken cancellationToken) in C:\Users\Albert Zee\Documents\Projects\Point Of Sale\src\PointOfSale.Infrastructure\Services\MraApiClient.cs:line 314
   at PointOfSale.Infrastructure.Services.MraApiClient.PostEmptyAsync[TResponse](String relativePath, MraRequestContext context, CancellationToken cancellationToken) in C:\Users\Albert Zee\Documents\Projects\Point Of Sale\src\PointOfSale.Infrastructure\Services\MraApiClient.cs:line 223
   at PointOfSale.Infrastructure.Services.MraEisPingService.PingAsync(CancellationToken cancellationToken) in C:\Users\Albert Zee\Documents\Projects\Point Of Sale\src\PointOfSale.Infrastructure\Services\MraEisPingService.cs:line 48
2026-07-29 16:39:31.402 +02:00 [INF] Inventory alert scan complete: 8 products, low=0, stockout=0, overstock=0, fast=0.
2026-07-29 16:39:38.697 +02:00 [INF] ART Diagnostic WorkerHeartbeat HealthCheckWorker null null: Heartbeat
2026-07-29 16:39:38.705 +02:00 [INF] ART Diagnostic DatabaseLatency SqlExpress 0 null: SQL round-trip 0 ms
2026-07-29 16:39:38.710 +02:00 [INF] MRA EIS POST "https://dev-eis-api.mra.mw/api/v1/utilities/ping"
2026-07-29 16:39:38.763 +02:00 [INF] MRA POST /api/v1/utilities/ping status=500 success=false durationMs=47
2026-07-29 16:39:38.768 +02:00 [WRN] MRA EIS HTTP 500 for POST "https://dev-eis-api.mra.mw/api/v1/utilities/ping". RequestPayload=(empty). ResponseBody={"message":"An internal error occurred"}
2026-07-29 16:39:38.768 +02:00 [WRN] utilities/ping failed after 58 ms
PointOfSale.Mra.Http.MraApiException: MRA EIS HTTP 500: Internal Server Error — An internal error occurred
   at PointOfSale.Infrastructure.Services.MraApiClient.SendAsync[TResponse](HttpRequestMessage request, String auditRequestBody, CancellationToken cancellationToken) in C:\Users\Albert Zee\Documents\Projects\Point Of Sale\src\PointOfSale.Infrastructure\Services\MraApiClient.cs:line 314
   at PointOfSale.Infrastructure.Services.MraApiClient.PostEmptyAsync[TResponse](String relativePath, MraRequestContext context, CancellationToken cancellationToken) in C:\Users\Albert Zee\Documents\Projects\Point Of Sale\src\PointOfSale.Infrastructure\Services\MraApiClient.cs:line 223
   at PointOfSale.Infrastructure.Services.MraEisPingService.PingAsync(CancellationToken cancellationToken) in C:\Users\Albert Zee\Documents\Projects\Point Of Sale\src\PointOfSale.Infrastructure\Services\MraEisPingService.cs:line 48
2026-07-29 16:39:38.769 +02:00 [WRN] ART Diagnostic MraConnectivity MraEis 58 Unreachable: MRA ping failed in 58 ms: MRA EIS HTTP 500: Internal Server Error — An internal error occurred
2026-07-29 16:39:38.824 +02:00 [INF] MRA EIS POST "https://dev-eis-api.mra.mw/api/v1/utilities/ping"
2026-07-29 16:39:38.915 +02:00 [INF] MRA POST /api/v1/utilities/ping status=500 success=false durationMs=94
2026-07-29 16:39:39.019 +02:00 [WRN] MRA EIS HTTP 500 for POST "https://dev-eis-api.mra.mw/api/v1/utilities/ping". RequestPayload=(empty). ResponseBody={"message":"An internal error occurred"}
2026-07-29 16:39:39.020 +02:00 [WRN] utilities/ping failed after 195 ms
PointOfSale.Mra.Http.MraApiException: MRA EIS HTTP 500: Internal Server Error — An internal error occurred
   at PointOfSale.Infrastructure.Services.MraApiClient.SendAsync[TResponse](HttpRequestMessage request, String auditRequestBody, CancellationToken cancellationToken) in C:\Users\Albert Zee\Documents\Projects\Point Of Sale\src\PointOfSale.Infrastructure\Services\MraApiClient.cs:line 314
   at PointOfSale.Infrastructure.Services.MraApiClient.PostEmptyAsync[TResponse](String relativePath, MraRequestContext context, CancellationToken cancellationToken) in C:\Users\Albert Zee\Documents\Projects\Point Of Sale\src\PointOfSale.Infrastructure\Services\MraApiClient.cs:line 223
   at PointOfSale.Infrastructure.Services.MraEisPingService.PingAsync(CancellationToken cancellationToken) in C:\Users\Albert Zee\Documents\Projects\Point Of Sale\src\PointOfSale.Infrastructure\Services\MraEisPingService.cs:line 48
2026-07-29 16:39:39.025 +02:00 [WRN] ART Diagnostic HealthCheck HealthCheckWorker 0 null: Degraded: MRA.
2026-07-29 16:39:39.038 +02:00 [WRN] Health check degraded: Degraded: MRA.
2026-07-29 16:39:40.108 +02:00 [INF] ART Diagnostic DatabaseLatency SqlExpress 0 null: SQL round-trip 0 ms
2026-07-29 16:39:40.123 +02:00 [INF] MRA EIS POST "https://dev-eis-api.mra.mw/api/v1/utilities/ping"
2026-07-29 16:39:41.094 +02:00 [INF] MRA POST /api/v1/utilities/ping status=500 success=false durationMs=968
2026-07-29 16:39:41.211 +02:00 [WRN] MRA EIS HTTP 500 for POST "https://dev-eis-api.mra.mw/api/v1/utilities/ping". RequestPayload=(empty). ResponseBody={"message":"An internal error occurred"}
2026-07-29 16:39:41.212 +02:00 [WRN] utilities/ping failed after 1088 ms
PointOfSale.Mra.Http.MraApiException: MRA EIS HTTP 500: Internal Server Error — An internal error occurred
   at PointOfSale.Infrastructure.Services.MraApiClient.SendAsync[TResponse](HttpRequestMessage request, String auditRequestBody, CancellationToken cancellationToken) in C:\Users\Albert Zee\Documents\Projects\Point Of Sale\src\PointOfSale.Infrastructure\Services\MraApiClient.cs:line 314
   at PointOfSale.Infrastructure.Services.MraApiClient.PostEmptyAsync[TResponse](String relativePath, MraRequestContext context, CancellationToken cancellationToken) in C:\Users\Albert Zee\Documents\Projects\Point Of Sale\src\PointOfSale.Infrastructure\Services\MraApiClient.cs:line 223
   at PointOfSale.Infrastructure.Services.MraEisPingService.PingAsync(CancellationToken cancellationToken) in C:\Users\Albert Zee\Documents\Projects\Point Of Sale\src\PointOfSale.Infrastructure\Services\MraEisPingService.cs:line 48
2026-07-29 16:39:41.212 +02:00 [WRN] ART Diagnostic MraConnectivity MraEis 1088 Unreachable: MRA ping failed in 1088 ms: MRA EIS HTTP 500: Internal Server Error — An internal error occurred
2026-07-29 16:39:41.325 +02:00 [INF] MRA EIS POST "https://dev-eis-api.mra.mw/api/v1/utilities/ping"
2026-07-29 16:39:41.429 +02:00 [INF] MRA POST /api/v1/utilities/ping status=500 success=false durationMs=110
2026-07-29 16:39:41.439 +02:00 [WRN] MRA EIS HTTP 500 for POST "https://dev-eis-api.mra.mw/api/v1/utilities/ping". RequestPayload=(empty). ResponseBody={"message":"An internal error occurred"}
2026-07-29 16:39:41.439 +02:00 [WRN] utilities/ping failed after 114 ms
PointOfSale.Mra.Http.MraApiException: MRA EIS HTTP 500: Internal Server Error — An internal error occurred
   at PointOfSale.Infrastructure.Services.MraApiClient.SendAsync[TResponse](HttpRequestMessage request, String auditRequestBody, CancellationToken cancellationToken) in C:\Users\Albert Zee\Documents\Projects\Point Of Sale\src\PointOfSale.Infrastructure\Services\MraApiClient.cs:line 314
   at PointOfSale.Infrastructure.Services.MraApiClient.PostEmptyAsync[TResponse](String relativePath, MraRequestContext context, CancellationToken cancellationToken) in C:\Users\Albert Zee\Documents\Projects\Point Of Sale\src\PointOfSale.Infrastructure\Services\MraApiClient.cs:line 223
   at PointOfSale.Infrastructure.Services.MraEisPingService.PingAsync(CancellationToken cancellationToken) in C:\Users\Albert Zee\Documents\Projects\Point Of Sale\src\PointOfSale.Infrastructure\Services\MraEisPingService.cs:line 48
2026-07-29 16:39:41.444 +02:00 [WRN] ART Diagnostic HealthCheck HealthCheckWorker 0 null: Degraded: MRA.
2026-07-29 16:39:41.522 +02:00 [INF] MRA EIS POST "https://dev-eis-api.mra.mw/api/v1/utilities/ping"
2026-07-29 16:39:41.959 +02:00 [INF] MRA POST /api/v1/utilities/ping status=500 success=false durationMs=438
2026-07-29 16:39:41.965 +02:00 [WRN] MRA EIS HTTP 500 for POST "https://dev-eis-api.mra.mw/api/v1/utilities/ping". RequestPayload=(empty). ResponseBody={"message":"An internal error occurred"}
2026-07-29 16:39:41.965 +02:00 [WRN] utilities/ping failed after 443 ms
PointOfSale.Mra.Http.MraApiException: MRA EIS HTTP 500: Internal Server Error — An internal error occurred
   at PointOfSale.Infrastructure.Services.MraApiClient.SendAsync[TResponse](HttpRequestMessage request, String auditRequestBody, CancellationToken cancellationToken) in C:\Users\Albert Zee\Documents\Projects\Point Of Sale\src\PointOfSale.Infrastructure\Services\MraApiClient.cs:line 314
   at PointOfSale.Infrastructure.Services.MraApiClient.PostEmptyAsync[TResponse](String relativePath, MraRequestContext context, CancellationToken cancellationToken) in C:\Users\Albert Zee\Documents\Projects\Point Of Sale\src\PointOfSale.Infrastructure\Services\MraApiClient.cs:line 223
   at PointOfSale.Infrastructure.Services.MraEisPingService.PingAsync(CancellationToken cancellationToken) in C:\Users\Albert Zee\Documents\Projects\Point Of Sale\src\PointOfSale.Infrastructure\Services\MraEisPingService.cs:line 48
2026-07-29 16:39:42.026 +02:00 [WRN] System health alert [MRA_UNREACHABLE] MRA EIS API gateway unreachable while internet is online.
2026-07-29 16:39:42.026 +02:00 [ERR] ART Diagnostic Exception HealthAlert:MRA_UNREACHABLE null null: MRA EIS API gateway unreachable while internet is online.
2026-07-29 16:39:42.029 +02:00 [INF] ART Diagnostic WorkerHeartbeat SystemHealthMonitorService null null: MRA EIS API gateway is unreachable.
2026-07-29 16:39:42.032 +02:00 [WRN] System health degraded: MRA EIS API gateway is unreachable.
2026-07-29 16:39:44.583 +02:00 [INF] ART Diagnostic DatabaseLatency SqlExpress 0 null: Performance profile sample (FPS 0.0)
2026-07-29 16:39:47.454 +02:00 [INF] MRA EIS POST "https://dev-eis-api.mra.mw/api/v1/utilities/ping"
2026-07-29 16:39:47.503 +02:00 [INF] MRA POST /api/v1/utilities/ping status=500 success=false durationMs=47
2026-07-29 16:39:47.505 +02:00 [WRN] MRA EIS HTTP 500 for POST "https://dev-eis-api.mra.mw/api/v1/utilities/ping". RequestPayload=(empty). ResponseBody={"message":"An internal error occurred"}
2026-07-29 16:39:47.505 +02:00 [WRN] utilities/ping failed after 51 ms
PointOfSale.Mra.Http.MraApiException: MRA EIS HTTP 500: Internal Server Error — An internal error occurred
   at PointOfSale.Infrastructure.Services.MraApiClient.SendAsync[TResponse](HttpRequestMessage request, String auditRequestBody, CancellationToken cancellationToken) in C:\Users\Albert Zee\Documents\Projects\Point Of Sale\src\PointOfSale.Infrastructure\Services\MraApiClient.cs:line 314
   at PointOfSale.Infrastructure.Services.MraApiClient.PostEmptyAsync[TResponse](String relativePath, MraRequestContext context, CancellationToken cancellationToken) in C:\Users\Albert Zee\Documents\Projects\Point Of Sale\src\PointOfSale.Infrastructure\Services\MraApiClient.cs:line 223
   at PointOfSale.Infrastructure.Services.MraEisPingService.PingAsync(CancellationToken cancellationToken) in C:\Users\Albert Zee\Documents\Projects\Point Of Sale\src\PointOfSale.Infrastructure\Services\MraEisPingService.cs:line 48
2026-07-29 16:40:07.466 +02:00 [INF] MRA EIS POST "https://dev-eis-api.mra.mw/api/v1/utilities/ping"
2026-07-29 16:40:07.518 +02:00 [INF] MRA POST /api/v1/utilities/ping status=500 success=false durationMs=62
2026-07-29 16:40:07.521 +02:00 [WRN] MRA EIS HTTP 500 for POST "https://dev-eis-api.mra.mw/api/v1/utilities/ping". RequestPayload=(empty). ResponseBody={"message":"An internal error occurred"}
2026-07-29 16:40:07.521 +02:00 [WRN] utilities/ping failed after 55 ms
PointOfSale.Mra.Http.MraApiException: MRA EIS HTTP 500: Internal Server Error — An internal error occurred
   at PointOfSale.Infrastructure.Services.MraApiClient.SendAsync[TResponse](HttpRequestMessage request, String auditRequestBody, CancellationToken cancellationToken) in C:\Users\Albert Zee\Documents\Projects\Point Of Sale\src\PointOfSale.Infrastructure\Services\MraApiClient.cs:line 314
   at PointOfSale.Infrastructure.Services.MraApiClient.PostEmptyAsync[TResponse](String relativePath, MraRequestContext context, CancellationToken cancellationToken) in C:\Users\Albert Zee\Documents\Projects\Point Of Sale\src\PointOfSale.Infrastructure\Services\MraApiClient.cs:line 223
   at PointOfSale.Infrastructure.Services.MraEisPingService.PingAsync(CancellationToken cancellationToken) in C:\Users\Albert Zee\Documents\Projects\Point Of Sale\src\PointOfSale.Infrastructure\Services\MraEisPingService.cs:line 48
2026-07-29 16:40:14.656 +02:00 [INF] ART Diagnostic DatabaseLatency SqlExpress 0 null: Performance profile sample (FPS 0.0)
2026-07-29 16:40:24.040 +02:00 [INF] ART Diagnostic WorkerHeartbeat HealthCheckWorker null null: Heartbeat
2026-07-29 16:40:24.127 +02:00 [INF] ART Diagnostic DatabaseLatency SqlExpress 2 null: SQL round-trip 2 ms
2026-07-29 16:40:24.175 +02:00 [INF] MRA EIS POST "https://dev-eis-api.mra.mw/api/v1/utilities/ping"
2026-07-29 16:40:24.325 +02:00 [INF] MRA POST /api/v1/utilities/ping status=500 success=false durationMs=140
2026-07-29 16:40:24.526 +02:00 [WRN] MRA EIS HTTP 500 for POST "https://dev-eis-api.mra.mw/api/v1/utilities/ping". RequestPayload=(empty). ResponseBody={"message":"An internal error occurred"}
2026-07-29 16:40:24.526 +02:00 [WRN] utilities/ping failed after 351 ms
PointOfSale.Mra.Http.MraApiException: MRA EIS HTTP 500: Internal Server Error — An internal error occurred
   at PointOfSale.Infrastructure.Services.MraApiClient.SendAsync[TResponse](HttpRequestMessage request, String auditRequestBody, CancellationToken cancellationToken) in C:\Users\Albert Zee\Documents\Projects\Point Of Sale\src\PointOfSale.Infrastructure\Services\MraApiClient.cs:line 314
   at PointOfSale.Infrastructure.Services.MraApiClient.PostEmptyAsync[TResponse](String relativePath, MraRequestContext context, CancellationToken cancellationToken) in C:\Users\Albert Zee\Documents\Projects\Point Of Sale\src\PointOfSale.Infrastructure\Services\MraApiClient.cs:line 223
   at PointOfSale.Infrastructure.Services.MraEisPingService.PingAsync(CancellationToken cancellationToken) in C:\Users\Albert Zee\Documents\Projects\Point Of Sale\src\PointOfSale.Infrastructure\Services\MraEisPingService.cs:line 48
2026-07-29 16:40:24.527 +02:00 [WRN] ART Diagnostic MraConnectivity MraEis 351 Unreachable: MRA ping failed in 351 ms: MRA EIS HTTP 500: Internal Server Error — An internal error occurred
2026-07-29 16:40:24.791 +02:00 [INF] MRA EIS POST "https://dev-eis-api.mra.mw/api/v1/utilities/ping"
2026-07-29 16:40:25.985 +02:00 [INF] MRA POST /api/v1/utilities/ping status=500 success=false durationMs=1203
2026-07-29 16:40:26.221 +02:00 [WRN] MRA EIS HTTP 500 for POST "https://dev-eis-api.mra.mw/api/v1/utilities/ping". RequestPayload=(empty). ResponseBody={"message":"An internal error occurred"}
2026-07-29 16:40:26.222 +02:00 [WRN] utilities/ping failed after 1430 ms
PointOfSale.Mra.Http.MraApiException: MRA EIS HTTP 500: Internal Server Error — An internal error occurred
   at PointOfSale.Infrastructure.Services.MraApiClient.SendAsync[TResponse](HttpRequestMessage request, String auditRequestBody, CancellationToken cancellationToken) in C:\Users\Albert Zee\Documents\Projects\Point Of Sale\src\PointOfSale.Infrastructure\Services\MraApiClient.cs:line 314
   at PointOfSale.Infrastructure.Services.MraApiClient.PostEmptyAsync[TResponse](String relativePath, MraRequestContext context, CancellationToken cancellationToken) in C:\Users\Albert Zee\Documents\Projects\Point Of Sale\src\PointOfSale.Infrastructure\Services\MraApiClient.cs:line 223
   at PointOfSale.Infrastructure.Services.MraEisPingService.PingAsync(CancellationToken cancellationToken) in C:\Users\Albert Zee\Documents\Projects\Point Of Sale\src\PointOfSale.Infrastructure\Services\MraEisPingService.cs:line 48
2026-07-29 16:40:26.278 +02:00 [WRN] ART Diagnostic HealthCheck HealthCheckWorker 2 null: Degraded: MRA.
2026-07-29 16:40:26.753 +02:00 [WRN] Health check degraded: Degraded: MRA.
2026-07-29 16:40:27.132 +02:00 [INF] ART Diagnostic DatabaseLatency SqlExpress 84 null: SQL round-trip 84 ms
2026-07-29 16:40:27.531 +02:00 [INF] MRA EIS POST "https://dev-eis-api.mra.mw/api/v1/utilities/ping"
2026-07-29 16:40:27.619 +02:00 [INF] MRA EIS POST "https://dev-eis-api.mra.mw/api/v1/utilities/ping"
2026-07-29 16:40:27.709 +02:00 [INF] MRA POST /api/v1/utilities/ping status=500 success=false durationMs=94
2026-07-29 16:40:27.723 +02:00 [WRN] MRA EIS HTTP 500 for POST "https://dev-eis-api.mra.mw/api/v1/utilities/ping". RequestPayload=(empty). ResponseBody={"message":"An internal error occurred"}
2026-07-29 16:40:27.723 +02:00 [WRN] utilities/ping failed after 104 ms
PointOfSale.Mra.Http.MraApiException: MRA EIS HTTP 500: Internal Server Error — An internal error occurred
   at PointOfSale.Infrastructure.Services.MraApiClient.SendAsync[TResponse](HttpRequestMessage request, String auditRequestBody, CancellationToken cancellationToken) in C:\Users\Albert Zee\Documents\Projects\Point Of Sale\src\PointOfSale.Infrastructure\Services\MraApiClient.cs:line 314
   at PointOfSale.Infrastructure.Services.MraApiClient.PostEmptyAsync[TResponse](String relativePath, MraRequestContext context, CancellationToken cancellationToken) in C:\Users\Albert Zee\Documents\Projects\Point Of Sale\src\PointOfSale.Infrastructure\Services\MraApiClient.cs:line 223
   at PointOfSale.Infrastructure.Services.MraEisPingService.PingAsync(CancellationToken cancellationToken) in C:\Users\Albert Zee\Documents\Projects\Point Of Sale\src\PointOfSale.Infrastructure\Services\MraEisPingService.cs:line 48
2026-07-29 16:40:27.723 +02:00 [WRN] ART Diagnostic MraConnectivity MraEis 104 Unreachable: MRA ping failed in 104 ms: MRA EIS HTTP 500: Internal Server Error — An internal error occurred
2026-07-29 16:40:27.752 +02:00 [INF] MRA POST /api/v1/utilities/ping status=500 success=false durationMs=219
2026-07-29 16:40:28.098 +02:00 [WRN] ART Diagnostic HealthCheck HealthCheckWorker 84 null: Degraded: MRA.
2026-07-29 16:40:28.216 +02:00 [WRN] MRA EIS HTTP 500 for POST "https://dev-eis-api.mra.mw/api/v1/utilities/ping". RequestPayload=(empty). ResponseBody={"message":"An internal error occurred"}
2026-07-29 16:40:28.216 +02:00 [WRN] utilities/ping failed after 684 ms
PointOfSale.Mra.Http.MraApiException: MRA EIS HTTP 500: Internal Server Error — An internal error occurred
   at PointOfSale.Infrastructure.Services.MraApiClient.SendAsync[TResponse](HttpRequestMessage request, String auditRequestBody, CancellationToken cancellationToken) in C:\Users\Albert Zee\Documents\Projects\Point Of Sale\src\PointOfSale.Infrastructure\Services\MraApiClient.cs:line 314
   at PointOfSale.Infrastructure.Services.MraApiClient.PostEmptyAsync[TResponse](String relativePath, MraRequestContext context, CancellationToken cancellationToken) in C:\Users\Albert Zee\Documents\Projects\Point Of Sale\src\PointOfSale.Infrastructure\Services\MraApiClient.cs:line 223
   at PointOfSale.Infrastructure.Services.MraEisPingService.PingAsync(CancellationToken cancellationToken) in C:\Users\Albert Zee\Documents\Projects\Point Of Sale\src\PointOfSale.Infrastructure\Services\MraEisPingService.cs:line 48
2026-07-29 16:40:28.375 +02:00 [INF] MRA EIS POST "https://dev-eis-api.mra.mw/api/v1/utilities/ping"
2026-07-29 16:40:28.459 +02:00 [INF] MRA POST /api/v1/utilities/ping status=500 success=false durationMs=78
2026-07-29 16:40:28.656 +02:00 [WRN] MRA EIS HTTP 500 for POST "https://dev-eis-api.mra.mw/api/v1/utilities/ping". RequestPayload=(empty). ResponseBody={"message":"An internal error occurred"}
2026-07-29 16:40:28.656 +02:00 [WRN] utilities/ping failed after 281 ms
PointOfSale.Mra.Http.MraApiException: MRA EIS HTTP 500: Internal Server Error — An internal error occurred
   at PointOfSale.Infrastructure.Services.MraApiClient.SendAsync[TResponse](HttpRequestMessage request, String auditRequestBody, CancellationToken cancellationToken) in C:\Users\Albert Zee\Documents\Projects\Point Of Sale\src\PointOfSale.Infrastructure\Services\MraApiClient.cs:line 314
   at PointOfSale.Infrastructure.Services.MraApiClient.PostEmptyAsync[TResponse](String relativePath, MraRequestContext context, CancellationToken cancellationToken) in C:\Users\Albert Zee\Documents\Projects\Point Of Sale\src\PointOfSale.Infrastructure\Services\MraApiClient.cs:line 223
   at PointOfSale.Infrastructure.Services.MraEisPingService.PingAsync(CancellationToken cancellationToken) in C:\Users\Albert Zee\Documents\Projects\Point Of Sale\src\PointOfSale.Infrastructure\Services\MraEisPingService.cs:line 48
2026-07-29 16:40:28.748 +02:00 [INF] ART Diagnostic WorkerHeartbeat SystemHealthMonitorService null null: MRA EIS API gateway is unreachable.
2026-07-29 16:40:28.759 +02:00 [WRN] System health degraded: MRA EIS API gateway is unreachable.
2026-07-29 16:40:31.794 +02:00 [INF] Inventory alert scan complete: 8 products, low=0, stockout=0, overstock=0, fast=0.
2026-07-29 16:40:47.491 +02:00 [INF] MRA EIS POST "https://dev-eis-api.mra.mw/api/v1/utilities/ping"
2026-07-29 16:40:47.565 +02:00 [INF] MRA POST /api/v1/utilities/ping status=500 success=false durationMs=78
2026-07-29 16:40:47.571 +02:00 [WRN] MRA EIS HTTP 500 for POST "https://dev-eis-api.mra.mw/api/v1/utilities/ping". RequestPayload=(empty). ResponseBody={"message":"An internal error occurred"}
2026-07-29 16:40:47.571 +02:00 [WRN] utilities/ping failed after 80 ms
PointOfSale.Mra.Http.MraApiException: MRA EIS HTTP 500: Internal Server Error — An internal error occurred
   at PointOfSale.Infrastructure.Services.MraApiClient.SendAsync[TResponse](HttpRequestMessage request, String auditRequestBody, CancellationToken cancellationToken) in C:\Users\Albert Zee\Documents\Projects\Point Of Sale\src\PointOfSale.Infrastructure\Services\MraApiClient.cs:line 314
   at PointOfSale.Infrastructure.Services.MraApiClient.PostEmptyAsync[TResponse](String relativePath, MraRequestContext context, CancellationToken cancellationToken) in C:\Users\Albert Zee\Documents\Projects\Point Of Sale\src\PointOfSale.Infrastructure\Services\MraApiClient.cs:line 223
   at PointOfSale.Infrastructure.Services.MraEisPingService.PingAsync(CancellationToken cancellationToken) in C:\Users\Albert Zee\Documents\Projects\Point Of Sale\src\PointOfSale.Infrastructure\Services\MraEisPingService.cs:line 48
2026-07-29 16:40:51.736 +02:00 [INF] ART Diagnostic DatabaseLatency SqlExpress 1 null: Performance profile sample (FPS 0.0)
2026-07-29 16:41:07.716 +02:00 [INF] MRA EIS POST "https://dev-eis-api.mra.mw/api/v1/utilities/ping"
2026-07-29 16:41:07.776 +02:00 [INF] MRA POST /api/v1/utilities/ping status=500 success=false durationMs=62
2026-07-29 16:41:07.798 +02:00 [WRN] MRA EIS HTTP 500 for POST "https://dev-eis-api.mra.mw/api/v1/utilities/ping". RequestPayload=(empty). ResponseBody={"message":"An internal error occurred"}
2026-07-29 16:41:07.798 +02:00 [WRN] utilities/ping failed after 82 ms
PointOfSale.Mra.Http.MraApiException: MRA EIS HTTP 500: Internal Server Error — An internal error occurred
   at PointOfSale.Infrastructure.Services.MraApiClient.SendAsync[TResponse](HttpRequestMessage request, String auditRequestBody, CancellationToken cancellationToken) in C:\Users\Albert Zee\Documents\Projects\Point Of Sale\src\PointOfSale.Infrastructure\Services\MraApiClient.cs:line 314
   at PointOfSale.Infrastructure.Services.MraApiClient.PostEmptyAsync[TResponse](String relativePath, MraRequestContext context, CancellationToken cancellationToken) in C:\Users\Albert Zee\Documents\Projects\Point Of Sale\src\PointOfSale.Infrastructure\Services\MraApiClient.cs:line 223
   at PointOfSale.Infrastructure.Services.MraEisPingService.PingAsync(CancellationToken cancellationToken) in C:\Users\Albert Zee\Documents\Projects\Point Of Sale\src\PointOfSale.Infrastructure\Services\MraEisPingService.cs:line 48
2026-07-29 16:41:11.755 +02:00 [INF] ART Diagnostic WorkerHeartbeat HealthCheckWorker null null: Heartbeat
2026-07-29 16:41:11.765 +02:00 [INF] ART Diagnostic DatabaseLatency SqlExpress 0 null: SQL round-trip 0 ms
2026-07-29 16:41:11.770 +02:00 [INF] MRA EIS POST "https://dev-eis-api.mra.mw/api/v1/utilities/ping"
2026-07-29 16:41:12.782 +02:00 [INF] MRA POST /api/v1/utilities/ping status=500 success=false durationMs=1016
2026-07-29 16:41:12.881 +02:00 [WRN] MRA EIS HTTP 500 for POST "https://dev-eis-api.mra.mw/api/v1/utilities/ping". RequestPayload=(empty). ResponseBody={"message":"An internal error occurred"}
2026-07-29 16:41:12.881 +02:00 [WRN] utilities/ping failed after 1110 ms
PointOfSale.Mra.Http.MraApiException: MRA EIS HTTP 500: Internal Server Error — An internal error occurred
   at PointOfSale.Infrastructure.Services.MraApiClient.SendAsync[TResponse](HttpRequestMessage request, String auditRequestBody, CancellationToken cancellationToken) in C:\Users\Albert Zee\Documents\Projects\Point Of Sale\src\PointOfSale.Infrastructure\Services\MraApiClient.cs:line 314
   at PointOfSale.Infrastructure.Services.MraApiClient.PostEmptyAsync[TResponse](String relativePath, MraRequestContext context, CancellationToken cancellationToken) in C:\Users\Albert Zee\Documents\Projects\Point Of Sale\src\PointOfSale.Infrastructure\Services\MraApiClient.cs:line 223
   at PointOfSale.Infrastructure.Services.MraEisPingService.PingAsync(CancellationToken cancellationToken) in C:\Users\Albert Zee\Documents\Projects\Point Of Sale\src\PointOfSale.Infrastructure\Services\MraEisPingService.cs:line 48
2026-07-29 16:41:12.882 +02:00 [WRN] ART Diagnostic MraConnectivity MraEis 1110 Unreachable: MRA ping failed in 1110 ms: MRA EIS HTTP 500: Internal Server Error — An internal error occurred
2026-07-29 16:41:12.994 +02:00 [INF] MRA EIS POST "https://dev-eis-api.mra.mw/api/v1/utilities/ping"
2026-07-29 16:41:13.081 +02:00 [INF] MRA POST /api/v1/utilities/ping status=500 success=false durationMs=94
2026-07-29 16:41:13.095 +02:00 [WRN] MRA EIS HTTP 500 for POST "https://dev-eis-api.mra.mw/api/v1/utilities/ping". RequestPayload=(empty). ResponseBody={"message":"An internal error occurred"}
2026-07-29 16:41:13.095 +02:00 [WRN] utilities/ping failed after 101 ms
PointOfSale.Mra.Http.MraApiException: MRA EIS HTTP 500: Internal Server Error — An internal error occurred
   at PointOfSale.Infrastructure.Services.MraApiClient.SendAsync[TResponse](HttpRequestMessage request, String auditRequestBody, CancellationToken cancellationToken) in C:\Users\Albert Zee\Documents\Projects\Point Of Sale\src\PointOfSale.Infrastructure\Services\MraApiClient.cs:line 314
   at PointOfSale.Infrastructure.Services.MraApiClient.PostEmptyAsync[TResponse](String relativePath, MraRequestContext context, CancellationToken cancellationToken) in C:\Users\Albert Zee\Documents\Projects\Point Of Sale\src\PointOfSale.Infrastructure\Services\MraApiClient.cs:line 223
   at PointOfSale.Infrastructure.Services.MraEisPingService.PingAsync(CancellationToken cancellationToken) in C:\Users\Albert Zee\Documents\Projects\Point Of Sale\src\PointOfSale.Infrastructure\Services\MraEisPingService.cs:line 48
2026-07-29 16:41:13.103 +02:00 [WRN] ART Diagnostic HealthCheck HealthCheckWorker 0 null: Degraded: MRA.
2026-07-29 16:41:13.117 +02:00 [WRN] Health check degraded: Degraded: MRA.
2026-07-29 16:41:13.764 +02:00 [INF] ART Diagnostic DatabaseLatency SqlExpress 0 null: SQL round-trip 0 ms
2026-07-29 16:41:13.967 +02:00 [INF] MRA EIS POST "https://dev-eis-api.mra.mw/api/v1/utilities/ping"
2026-07-29 16:41:14.003 +02:00 [INF] MRA POST /api/v1/utilities/ping status=500 success=false durationMs=47
2026-07-29 16:41:14.017 +02:00 [WRN] MRA EIS HTTP 500 for POST "https://dev-eis-api.mra.mw/api/v1/utilities/ping". RequestPayload=(empty). ResponseBody={"message":"An internal error occurred"}
2026-07-29 16:41:14.018 +02:00 [WRN] utilities/ping failed after 50 ms
PointOfSale.Mra.Http.MraApiException: MRA EIS HTTP 500: Internal Server Error — An internal error occurred
   at PointOfSale.Infrastructure.Services.MraApiClient.SendAsync[TResponse](HttpRequestMessage request, String auditRequestBody, CancellationToken cancellationToken) in C:\Users\Albert Zee\Documents\Projects\Point Of Sale\src\PointOfSale.Infrastructure\Services\MraApiClient.cs:line 314
   at PointOfSale.Infrastructure.Services.MraApiClient.PostEmptyAsync[TResponse](String relativePath, MraRequestContext context, CancellationToken cancellationToken) in C:\Users\Albert Zee\Documents\Projects\Point Of Sale\src\PointOfSale.Infrastructure\Services\MraApiClient.cs:line 223
   at PointOfSale.Infrastructure.Services.MraEisPingService.PingAsync(CancellationToken cancellationToken) in C:\Users\Albert Zee\Documents\Projects\Point Of Sale\src\PointOfSale.Infrastructure\Services\MraEisPingService.cs:line 48
2026-07-29 16:41:14.020 +02:00 [WRN] ART Diagnostic MraConnectivity MraEis 50 Unreachable: MRA ping failed in 50 ms: MRA EIS HTTP 500: Internal Server Error — An internal error occurred
2026-07-29 16:41:14.230 +02:00 [INF] MRA EIS POST "https://dev-eis-api.mra.mw/api/v1/utilities/ping"
2026-07-29 16:41:14.314 +02:00 [INF] MRA POST /api/v1/utilities/ping status=500 success=false durationMs=94
2026-07-29 16:41:14.320 +02:00 [WRN] MRA EIS HTTP 500 for POST "https://dev-eis-api.mra.mw/api/v1/utilities/ping". RequestPayload=(empty). ResponseBody={"message":"An internal error occurred"}
2026-07-29 16:41:14.320 +02:00 [WRN] utilities/ping failed after 89 ms
PointOfSale.Mra.Http.MraApiException: MRA EIS HTTP 500: Internal Server Error — An internal error occurred
   at PointOfSale.Infrastructure.Services.MraApiClient.SendAsync[TResponse](HttpRequestMessage request, String auditRequestBody, CancellationToken cancellationToken) in C:\Users\Albert Zee\Documents\Projects\Point Of Sale\src\PointOfSale.Infrastructure\Services\MraApiClient.cs:line 314
   at PointOfSale.Infrastructure.Services.MraApiClient.PostEmptyAsync[TResponse](String relativePath, MraRequestContext context, CancellationToken cancellationToken) in C:\Users\Albert Zee\Documents\Projects\Point Of Sale\src\PointOfSale.Infrastructure\Services\MraApiClient.cs:line 223
   at PointOfSale.Infrastructure.Services.MraEisPingService.PingAsync(CancellationToken cancellationToken) in C:\Users\Albert Zee\Documents\Projects\Point Of Sale\src\PointOfSale.Infrastructure\Services\MraEisPingService.cs:line 48
2026-07-29 16:41:14.329 +02:00 [WRN] ART Diagnostic HealthCheck HealthCheckWorker 0 null: Degraded: MRA.
2026-07-29 16:41:14.434 +02:00 [INF] MRA EIS POST "https://dev-eis-api.mra.mw/api/v1/utilities/ping"
2026-07-29 16:41:14.483 +02:00 [INF] MRA POST /api/v1/utilities/ping status=500 success=false durationMs=62
2026-07-29 16:41:15.015 +02:00 [WRN] MRA EIS HTTP 500 for POST "https://dev-eis-api.mra.mw/api/v1/utilities/ping". RequestPayload=(empty). ResponseBody={"message":"An internal error occurred"}
2026-07-29 16:41:15.015 +02:00 [WRN] utilities/ping failed after 581 ms
PointOfSale.Mra.Http.MraApiException: MRA EIS HTTP 500: Internal Server Error — An internal error occurred
   at PointOfSale.Infrastructure.Services.MraApiClient.SendAsync[TResponse](HttpRequestMessage request, String auditRequestBody, CancellationToken cancellationToken) in C:\Users\Albert Zee\Documents\Projects\Point Of Sale\src\PointOfSale.Infrastructure\Services\MraApiClient.cs:line 314
   at PointOfSale.Infrastructure.Services.MraApiClient.PostEmptyAsync[TResponse](String relativePath, MraRequestContext context, CancellationToken cancellationToken) in C:\Users\Albert Zee\Documents\Projects\Point Of Sale\src\PointOfSale.Infrastructure\Services\MraApiClient.cs:line 223
   at PointOfSale.Infrastructure.Services.MraEisPingService.PingAsync(CancellationToken cancellationToken) in C:\Users\Albert Zee\Documents\Projects\Point Of Sale\src\PointOfSale.Infrastructure\Services\MraEisPingService.cs:line 48
2026-07-29 16:41:15.213 +02:00 [INF] ART Diagnostic WorkerHeartbeat SystemHealthMonitorService null null: MRA EIS API gateway is unreachable.
2026-07-29 16:41:15.272 +02:00 [WRN] System health degraded: MRA EIS API gateway is unreachable.
2026-07-29 16:41:21.798 +02:00 [INF] ART Diagnostic DatabaseLatency SqlExpress 0 null: Performance profile sample (FPS 0.0)
2026-07-29 16:41:27.485 +02:00 [INF] MRA EIS POST "https://dev-eis-api.mra.mw/api/v1/utilities/ping"
2026-07-29 16:41:27.575 +02:00 [INF] MRA POST /api/v1/utilities/ping status=500 success=false durationMs=78
2026-07-29 16:41:27.657 +02:00 [WRN] MRA EIS HTTP 500 for POST "https://dev-eis-api.mra.mw/api/v1/utilities/ping". RequestPayload=(empty). ResponseBody={"message":"An internal error occurred"}
2026-07-29 16:41:27.657 +02:00 [WRN] utilities/ping failed after 171 ms
PointOfSale.Mra.Http.MraApiException: MRA EIS HTTP 500: Internal Server Error — An internal error occurred
   at PointOfSale.Infrastructure.Services.MraApiClient.SendAsync[TResponse](HttpRequestMessage request, String auditRequestBody, CancellationToken cancellationToken) in C:\Users\Albert Zee\Documents\Projects\Point Of Sale\src\PointOfSale.Infrastructure\Services\MraApiClient.cs:line 314
   at PointOfSale.Infrastructure.Services.MraApiClient.PostEmptyAsync[TResponse](String relativePath, MraRequestContext context, CancellationToken cancellationToken) in C:\Users\Albert Zee\Documents\Projects\Point Of Sale\src\PointOfSale.Infrastructure\Services\MraApiClient.cs:line 223
   at PointOfSale.Infrastructure.Services.MraEisPingService.PingAsync(CancellationToken cancellationToken) in C:\Users\Albert Zee\Documents\Projects\Point Of Sale\src\PointOfSale.Infrastructure\Services\MraEisPingService.cs:line 48
2026-07-29 16:41:31.834 +02:00 [INF] Inventory alert scan complete: 8 products, low=0, stockout=0, overstock=0, fast=0.
2026-07-29 16:41:47.489 +02:00 [INF] MRA EIS POST "https://dev-eis-api.mra.mw/api/v1/utilities/ping"
2026-07-29 16:41:47.572 +02:00 [INF] MRA POST /api/v1/utilities/ping status=500 success=false durationMs=78
2026-07-29 16:41:47.674 +02:00 [WRN] MRA EIS HTTP 500 for POST "https://dev-eis-api.mra.mw/api/v1/utilities/ping". RequestPayload=(empty). ResponseBody={"message":"An internal error occurred"}
2026-07-29 16:41:47.675 +02:00 [WRN] utilities/ping failed after 185 ms
PointOfSale.Mra.Http.MraApiException: MRA EIS HTTP 500: Internal Server Error — An internal error occurred
   at PointOfSale.Infrastructure.Services.MraApiClient.SendAsync[TResponse](HttpRequestMessage request, String auditRequestBody, CancellationToken cancellationToken) in C:\Users\Albert Zee\Documents\Projects\Point Of Sale\src\PointOfSale.Infrastructure\Services\MraApiClient.cs:line 314
   at PointOfSale.Infrastructure.Services.MraApiClient.PostEmptyAsync[TResponse](String relativePath, MraRequestContext context, CancellationToken cancellationToken) in C:\Users\Albert Zee\Documents\Projects\Point Of Sale\src\PointOfSale.Infrastructure\Services\MraApiClient.cs:line 223
   at PointOfSale.Infrastructure.Services.MraEisPingService.PingAsync(CancellationToken cancellationToken) in C:\Users\Albert Zee\Documents\Projects\Point Of Sale\src\PointOfSale.Infrastructure\Services\MraEisPingService.cs:line 48
2026-07-29 16:41:58.138 +02:00 [INF] ART Diagnostic WorkerHeartbeat HealthCheckWorker null null: Heartbeat
2026-07-29 16:41:58.317 +02:00 [INF] ART Diagnostic DatabaseLatency SqlExpress 13 null: SQL round-trip 13 ms
2026-07-29 16:41:58.468 +02:00 [INF] MRA EIS POST "https://dev-eis-api.mra.mw/api/v1/utilities/ping"
2026-07-29 16:41:58.534 +02:00 [INF] MRA POST /api/v1/utilities/ping status=500 success=false durationMs=63
2026-07-29 16:41:58.614 +02:00 [WRN] MRA EIS HTTP 500 for POST "https://dev-eis-api.mra.mw/api/v1/utilities/ping". RequestPayload=(empty). ResponseBody={"message":"An internal error occurred"}
2026-07-29 16:41:58.615 +02:00 [WRN] utilities/ping failed after 146 ms
PointOfSale.Mra.Http.MraApiException: MRA EIS HTTP 500: Internal Server Error — An internal error occurred
   at PointOfSale.Infrastructure.Services.MraApiClient.SendAsync[TResponse](HttpRequestMessage request, String auditRequestBody, CancellationToken cancellationToken) in C:\Users\Albert Zee\Documents\Projects\Point Of Sale\src\PointOfSale.Infrastructure\Services\MraApiClient.cs:line 314
   at PointOfSale.Infrastructure.Services.MraApiClient.PostEmptyAsync[TResponse](String relativePath, MraRequestContext context, CancellationToken cancellationToken) in C:\Users\Albert Zee\Documents\Projects\Point Of Sale\src\PointOfSale.Infrastructure\Services\MraApiClient.cs:line 223
   at PointOfSale.Infrastructure.Services.MraEisPingService.PingAsync(CancellationToken cancellationToken) in C:\Users\Albert Zee\Documents\Projects\Point Of Sale\src\PointOfSale.Infrastructure\Services\MraEisPingService.cs:line 48
2026-07-29 16:41:58.615 +02:00 [WRN] ART Diagnostic MraConnectivity MraEis 146 Unreachable: MRA ping failed in 146 ms: MRA EIS HTTP 500: Internal Server Error — An internal error occurred
2026-07-29 16:41:58.778 +02:00 [INF] MRA EIS POST "https://dev-eis-api.mra.mw/api/v1/utilities/ping"
2026-07-29 16:42:00.352 +02:00 [INF] ART Diagnostic DatabaseLatency SqlExpress 41 null: SQL round-trip 41 ms
2026-07-29 16:42:01.186 +02:00 [INF] MRA EIS POST "https://dev-eis-api.mra.mw/api/v1/utilities/ping"
2026-07-29 16:42:18.936 +02:00 [INF] MRA POST /api/v1/utilities/ping status=500 success=false durationMs=17750
2026-07-29 16:42:19.419 +02:00 [WRN] MRA EIS HTTP 500 for POST "https://dev-eis-api.mra.mw/api/v1/utilities/ping". RequestPayload=(empty). ResponseBody={"message":"An internal error occurred"}
2026-07-29 16:42:19.420 +02:00 [WRN] utilities/ping failed after 18233 ms
PointOfSale.Mra.Http.MraApiException: MRA EIS HTTP 500: Internal Server Error — An internal error occurred
   at PointOfSale.Infrastructure.Services.MraApiClient.SendAsync[TResponse](HttpRequestMessage request, String auditRequestBody, CancellationToken cancellationToken) in C:\Users\Albert Zee\Documents\Projects\Point Of Sale\src\PointOfSale.Infrastructure\Services\MraApiClient.cs:line 314
   at PointOfSale.Infrastructure.Services.MraApiClient.PostEmptyAsync[TResponse](String relativePath, MraRequestContext context, CancellationToken cancellationToken) in C:\Users\Albert Zee\Documents\Projects\Point Of Sale\src\PointOfSale.Infrastructure\Services\MraApiClient.cs:line 223
   at PointOfSale.Infrastructure.Services.MraEisPingService.PingAsync(CancellationToken cancellationToken) in C:\Users\Albert Zee\Documents\Projects\Point Of Sale\src\PointOfSale.Infrastructure\Services\MraEisPingService.cs:line 48
2026-07-29 16:42:19.420 +02:00 [WRN] ART Diagnostic MraConnectivity MraEis 18233 Unreachable: MRA ping failed in 18233 ms: MRA EIS HTTP 500: Internal Server Error — An internal error occurred
2026-07-29 16:42:19.699 +02:00 [WRN] ART Diagnostic HealthCheck HealthCheckWorker 41 null: Degraded: MRA.
2026-07-29 16:42:20.512 +02:00 [WRN] System health alert [MRA_UNREACHABLE] MRA EIS API gateway unreachable while internet is online.
2026-07-29 16:42:20.512 +02:00 [ERR] ART Diagnostic Exception HealthAlert:MRA_UNREACHABLE null null: MRA EIS API gateway unreachable while internet is online.
2026-07-29 16:42:20.554 +02:00 [INF] ART Diagnostic WorkerHeartbeat SystemHealthMonitorService null null: MRA EIS API gateway is unreachable.
2026-07-29 16:42:21.363 +02:00 [INF] MRA POST /api/v1/utilities/ping status=500 success=false durationMs=22594
2026-07-29 16:42:21.497 +02:00 [WRN] MRA EIS HTTP 500 for POST "https://dev-eis-api.mra.mw/api/v1/utilities/ping". RequestPayload=(empty). ResponseBody={"message":"An internal error occurred"}
2026-07-29 16:42:21.498 +02:00 [WRN] utilities/ping failed after 22719 ms
PointOfSale.Mra.Http.MraApiException: MRA EIS HTTP 500: Internal Server Error — An internal error occurred
   at PointOfSale.Infrastructure.Services.MraApiClient.SendAsync[TResponse](HttpRequestMessage request, String auditRequestBody, CancellationToken cancellationToken) in C:\Users\Albert Zee\Documents\Projects\Point Of Sale\src\PointOfSale.Infrastructure\Services\MraApiClient.cs:line 314
   at PointOfSale.Infrastructure.Services.MraApiClient.PostEmptyAsync[TResponse](String relativePath, MraRequestContext context, CancellationToken cancellationToken) in C:\Users\Albert Zee\Documents\Projects\Point Of Sale\src\PointOfSale.Infrastructure\Services\MraApiClient.cs:line 223
   at PointOfSale.Infrastructure.Services.MraEisPingService.PingAsync(CancellationToken cancellationToken) in C:\Users\Albert Zee\Documents\Projects\Point Of Sale\src\PointOfSale.Infrastructure\Services\MraEisPingService.cs:line 48
2026-07-29 16:42:21.522 +02:00 [WRN] ART Diagnostic HealthCheck HealthCheckWorker 13 null: Degraded: MRA.
2026-07-29 16:42:21.987 +02:00 [WRN] Performance profiling iteration failed.
Microsoft.Data.SqlClient.SqlException (0x80131904): Execution Timeout Expired.  The timeout period elapsed prior to completion of the operation or the server is not responding.
 ---> System.ComponentModel.Win32Exception (258): The wait operation timed out.
   at System.Threading.Tasks.ContinuationResultTaskFromResultTask`2.InnerInvoke()
   at System.Threading.ExecutionContext.RunInternal(ExecutionContext executionContext, ContextCallback callback, Object state)
--- End of stack trace from previous location ---
   at System.Threading.ExecutionContext.RunInternal(ExecutionContext executionContext, ContextCallback callback, Object state)
   at System.Threading.Tasks.Task.ExecuteWithThreadLocal(Task& currentTaskSlot, Thread threadPoolThread)
--- End of stack trace from previous location ---
   at Dapper.SqlMapper.QueryAsync[T](IDbConnection cnn, Type effectiveType, CommandDefinition command) in /_/Dapper/SqlMapper.Async.cs:line 434
   at PointOfSale.Infrastructure.Repositories.DiagnosticTelemetryRepository.GetRecentAsync(Int32 take, String categoryFilter, String severityFilter, String search, CancellationToken cancellationToken) in C:\Users\Albert Zee\Documents\Projects\Point Of Sale\src\PointOfSale.Infrastructure\Repositories\DiagnosticTelemetryRepository.cs:line 68
   at PointOfSale.Infrastructure.Repositories.DiagnosticTelemetryRepository.GetRecentAsync(Int32 take, String categoryFilter, String severityFilter, String search, CancellationToken cancellationToken) in C:\Users\Albert Zee\Documents\Projects\Point Of Sale\src\PointOfSale.Infrastructure\Repositories\DiagnosticTelemetryRepository.cs:line 84
   at PointOfSale.App.Services.PerformanceProfilingService.LoadErrorHistogramAsync(CancellationToken cancellationToken) in C:\Users\Albert Zee\Documents\Projects\Point Of Sale\src\PointOfSale.App\Services\PerformanceProfilingService.cs:line 294
   at PointOfSale.App.Services.PerformanceProfilingService.CaptureSnapshotAsync(CancellationToken cancellationToken) in C:\Users\Albert Zee\Documents\Projects\Point Of Sale\src\PointOfSale.App\Services\PerformanceProfilingService.cs:line 110
   at PointOfSale.App.Services.PerformanceProfilingBackgroundService.ExecuteAsync(CancellationToken stoppingToken) in C:\Users\Albert Zee\Documents\Projects\Point Of Sale\src\PointOfSale.App\Services\PerformanceProfilingBackgroundService.cs:line 59
ClientConnectionId:d163df13-219a-4b65-8a50-21f08305390e
Error Number:-2,State:0,Class:11
2026-07-29 16:42:21.988 +02:00 [WRN] System health degraded: MRA EIS API gateway is unreachable.
2026-07-29 16:42:22.000 +02:00 [WRN] Health check degraded: Degraded: MRA.
2026-07-29 16:42:27.883 +02:00 [INF] MRA EIS POST "https://dev-eis-api.mra.mw/api/v1/utilities/ping"
2026-07-29 16:42:27.981 +02:00 [INF] MRA POST /api/v1/utilities/ping status=500 success=false durationMs=93
2026-07-29 16:42:28.162 +02:00 [WRN] MRA EIS HTTP 500 for POST "https://dev-eis-api.mra.mw/api/v1/utilities/ping". RequestPayload=(empty). ResponseBody={"message":"An internal error occurred"}
2026-07-29 16:42:28.163 +02:00 [WRN] utilities/ping failed after 279 ms
PointOfSale.Mra.Http.MraApiException: MRA EIS HTTP 500: Internal Server Error — An internal error occurred
   at PointOfSale.Infrastructure.Services.MraApiClient.SendAsync[TResponse](HttpRequestMessage request, String auditRequestBody, CancellationToken cancellationToken) in C:\Users\Albert Zee\Documents\Projects\Point Of Sale\src\PointOfSale.Infrastructure\Services\MraApiClient.cs:line 314
   at PointOfSale.Infrastructure.Services.MraApiClient.PostEmptyAsync[TResponse](String relativePath, MraRequestContext context, CancellationToken cancellationToken) in C:\Users\Albert Zee\Documents\Projects\Point Of Sale\src\PointOfSale.Infrastructure\Services\MraApiClient.cs:line 223
   at PointOfSale.Infrastructure.Services.MraEisPingService.PingAsync(CancellationToken cancellationToken) in C:\Users\Albert Zee\Documents\Projects\Point Of Sale\src\PointOfSale.Infrastructure\Services\MraEisPingService.cs:line 48
2026-07-29 16:42:31.873 +02:00 [INF] Inventory alert scan complete: 8 products, low=0, stockout=0, overstock=0, fast=0.
2026-07-29 16:42:47.459 +02:00 [INF] MRA EIS POST "https://dev-eis-api.mra.mw/api/v1/utilities/ping"
2026-07-29 16:42:47.514 +02:00 [INF] MRA POST /api/v1/utilities/ping status=500 success=false durationMs=62
2026-07-29 16:42:47.526 +02:00 [WRN] MRA EIS HTTP 500 for POST "https://dev-eis-api.mra.mw/api/v1/utilities/ping". RequestPayload=(empty). ResponseBody={"message":"An internal error occurred"}
2026-07-29 16:42:47.526 +02:00 [WRN] utilities/ping failed after 67 ms
PointOfSale.Mra.Http.MraApiException: MRA EIS HTTP 500: Internal Server Error — An internal error occurred
   at PointOfSale.Infrastructure.Services.MraApiClient.SendAsync[TResponse](HttpRequestMessage request, String auditRequestBody, CancellationToken cancellationToken) in C:\Users\Albert Zee\Documents\Projects\Point Of Sale\src\PointOfSale.Infrastructure\Services\MraApiClient.cs:line 314
   at PointOfSale.Infrastructure.Services.MraApiClient.PostEmptyAsync[TResponse](String relativePath, MraRequestContext context, CancellationToken cancellationToken) in C:\Users\Albert Zee\Documents\Projects\Point Of Sale\src\PointOfSale.Infrastructure\Services\MraApiClient.cs:line 223
   at PointOfSale.Infrastructure.Services.MraEisPingService.PingAsync(CancellationToken cancellationToken) in C:\Users\Albert Zee\Documents\Projects\Point Of Sale\src\PointOfSale.Infrastructure\Services\MraEisPingService.cs:line 48
2026-07-29 16:42:52.477 +02:00 [INF] ART Diagnostic DatabaseLatency SqlExpress 1 null: Performance profile sample (FPS 0.0)
2026-07-29 16:43:07.435 +02:00 [INF] ART Diagnostic WorkerHeartbeat HealthCheckWorker null null: Heartbeat
2026-07-29 16:43:07.442 +02:00 [INF] ART Diagnostic DatabaseLatency SqlExpress 6 null: SQL round-trip 6 ms
2026-07-29 16:43:07.468 +02:00 [INF] ART Diagnostic DatabaseLatency SqlExpress 6 null: SQL round-trip 6 ms
2026-07-29 16:43:07.475 +02:00 [INF] MRA EIS POST "https://dev-eis-api.mra.mw/api/v1/utilities/ping"
2026-07-29 16:43:07.477 +02:00 [INF] MRA EIS POST "https://dev-eis-api.mra.mw/api/v1/utilities/ping"
2026-07-29 16:43:07.510 +02:00 [INF] MRA EIS POST "https://dev-eis-api.mra.mw/api/v1/utilities/ping"
2026-07-29 16:43:07.541 +02:00 [INF] MRA POST /api/v1/utilities/ping status=500 success=false durationMs=63
2026-07-29 16:43:07.545 +02:00 [INF] MRA POST /api/v1/utilities/ping status=500 success=false durationMs=79
2026-07-29 16:43:07.549 +02:00 [WRN] MRA EIS HTTP 500 for POST "https://dev-eis-api.mra.mw/api/v1/utilities/ping". RequestPayload=(empty). ResponseBody={"message":"An internal error occurred"}
2026-07-29 16:43:07.549 +02:00 [WRN] utilities/ping failed after 74 ms
PointOfSale.Mra.Http.MraApiException: MRA EIS HTTP 500: Internal Server Error — An internal error occurred
   at PointOfSale.Infrastructure.Services.MraApiClient.SendAsync[TResponse](HttpRequestMessage request, String auditRequestBody, CancellationToken cancellationToken) in C:\Users\Albert Zee\Documents\Projects\Point Of Sale\src\PointOfSale.Infrastructure\Services\MraApiClient.cs:line 314
   at PointOfSale.Infrastructure.Services.MraApiClient.PostEmptyAsync[TResponse](String relativePath, MraRequestContext context, CancellationToken cancellationToken) in C:\Users\Albert Zee\Documents\Projects\Point Of Sale\src\PointOfSale.Infrastructure\Services\MraApiClient.cs:line 223
   at PointOfSale.Infrastructure.Services.MraEisPingService.PingAsync(CancellationToken cancellationToken) in C:\Users\Albert Zee\Documents\Projects\Point Of Sale\src\PointOfSale.Infrastructure\Services\MraEisPingService.cs:line 48
2026-07-29 16:43:07.550 +02:00 [WRN] ART Diagnostic MraConnectivity MraEis 74 Unreachable: MRA ping failed in 74 ms: MRA EIS HTTP 500: Internal Server Error — An internal error occurred
2026-07-29 16:43:07.554 +02:00 [WRN] MRA EIS HTTP 500 for POST "https://dev-eis-api.mra.mw/api/v1/utilities/ping". RequestPayload=(empty). ResponseBody={"message":"An internal error occurred"}
2026-07-29 16:43:07.554 +02:00 [WRN] utilities/ping failed after 76 ms
PointOfSale.Mra.Http.MraApiException: MRA EIS HTTP 500: Internal Server Error — An internal error occurred
   at PointOfSale.Infrastructure.Services.MraApiClient.SendAsync[TResponse](HttpRequestMessage request, String auditRequestBody, CancellationToken cancellationToken) in C:\Users\Albert Zee\Documents\Projects\Point Of Sale\src\PointOfSale.Infrastructure\Services\MraApiClient.cs:line 314
   at PointOfSale.Infrastructure.Services.MraApiClient.PostEmptyAsync[TResponse](String relativePath, MraRequestContext context, CancellationToken cancellationToken) in C:\Users\Albert Zee\Documents\Projects\Point Of Sale\src\PointOfSale.Infrastructure\Services\MraApiClient.cs:line 223
   at PointOfSale.Infrastructure.Services.MraEisPingService.PingAsync(CancellationToken cancellationToken) in C:\Users\Albert Zee\Documents\Projects\Point Of Sale\src\PointOfSale.Infrastructure\Services\MraEisPingService.cs:line 48
2026-07-29 16:43:07.554 +02:00 [WRN] ART Diagnostic MraConnectivity MraEis 76 Unreachable: MRA ping failed in 76 ms: MRA EIS HTTP 500: Internal Server Error — An internal error occurred
2026-07-29 16:43:07.554 +02:00 [WRN] ART Diagnostic HealthCheck HealthCheckWorker 6 null: Degraded: MRA.
2026-07-29 16:43:07.558 +02:00 [WRN] ART Diagnostic HealthCheck HealthCheckWorker 6 null: Degraded: MRA.
2026-07-29 16:43:07.574 +02:00 [WRN] Health check degraded: Degraded: MRA.
2026-07-29 16:43:07.578 +02:00 [INF] MRA POST /api/v1/utilities/ping status=500 success=false durationMs=78
2026-07-29 16:43:07.587 +02:00 [WRN] MRA EIS HTTP 500 for POST "https://dev-eis-api.mra.mw/api/v1/utilities/ping". RequestPayload=(empty). ResponseBody={"message":"An internal error occurred"}
2026-07-29 16:43:07.588 +02:00 [WRN] utilities/ping failed after 77 ms
PointOfSale.Mra.Http.MraApiException: MRA EIS HTTP 500: Internal Server Error — An internal error occurred
   at PointOfSale.Infrastructure.Services.MraApiClient.SendAsync[TResponse](HttpRequestMessage request, String auditRequestBody, CancellationToken cancellationToken) in C:\Users\Albert Zee\Documents\Projects\Point Of Sale\src\PointOfSale.Infrastructure\Services\MraApiClient.cs:line 314
   at PointOfSale.Infrastructure.Services.MraApiClient.PostEmptyAsync[TResponse](String relativePath, MraRequestContext context, CancellationToken cancellationToken) in C:\Users\Albert Zee\Documents\Projects\Point Of Sale\src\PointOfSale.Infrastructure\Services\MraApiClient.cs:line 223
   at PointOfSale.Infrastructure.Services.MraEisPingService.PingAsync(CancellationToken cancellationToken) in C:\Users\Albert Zee\Documents\Projects\Point Of Sale\src\PointOfSale.Infrastructure\Services\MraEisPingService.cs:line 48
2026-07-29 16:43:07.625 +02:00 [INF] ART Diagnostic WorkerHeartbeat SystemHealthMonitorService null null: MRA EIS API gateway is unreachable.
2026-07-29 16:43:07.627 +02:00 [WRN] System health degraded: MRA EIS API gateway is unreachable.
2026-07-29 16:43:22.554 +02:00 [INF] ART Diagnostic DatabaseLatency SqlExpress 1 null: Performance profile sample (FPS 0.0)
2026-07-29 16:43:27.472 +02:00 [INF] MRA EIS POST "https://dev-eis-api.mra.mw/api/v1/utilities/ping"
2026-07-29 16:43:30.617 +02:00 [INF] MRA POST /api/v1/utilities/ping status=500 success=false durationMs=3141
2026-07-29 16:43:30.636 +02:00 [WRN] MRA EIS HTTP 500 for POST "https://dev-eis-api.mra.mw/api/v1/utilities/ping". RequestPayload=(empty). ResponseBody={"message":"An internal error occurred"}
2026-07-29 16:43:30.637 +02:00 [WRN] utilities/ping failed after 3165 ms
PointOfSale.Mra.Http.MraApiException: MRA EIS HTTP 500: Internal Server Error — An internal error occurred
   at PointOfSale.Infrastructure.Services.MraApiClient.SendAsync[TResponse](HttpRequestMessage request, String auditRequestBody, CancellationToken cancellationToken) in C:\Users\Albert Zee\Documents\Projects\Point Of Sale\src\PointOfSale.Infrastructure\Services\MraApiClient.cs:line 314
   at PointOfSale.Infrastructure.Services.MraApiClient.PostEmptyAsync[TResponse](String relativePath, MraRequestContext context, CancellationToken cancellationToken) in C:\Users\Albert Zee\Documents\Projects\Point Of Sale\src\PointOfSale.Infrastructure\Services\MraApiClient.cs:line 223
   at PointOfSale.Infrastructure.Services.MraEisPingService.PingAsync(CancellationToken cancellationToken) in C:\Users\Albert Zee\Documents\Projects\Point Of Sale\src\PointOfSale.Infrastructure\Services\MraEisPingService.cs:line 48
2026-07-29 16:43:31.904 +02:00 [INF] Inventory alert scan complete: 8 products, low=0, stockout=0, overstock=0, fast=0.
2026-07-29 16:43:47.467 +02:00 [INF] MRA EIS POST "https://dev-eis-api.mra.mw/api/v1/utilities/ping"
2026-07-29 16:43:47.539 +02:00 [INF] MRA POST /api/v1/utilities/ping status=500 success=false durationMs=78
2026-07-29 16:43:47.542 +02:00 [WRN] MRA EIS HTTP 500 for POST "https://dev-eis-api.mra.mw/api/v1/utilities/ping". RequestPayload=(empty). ResponseBody={"message":"An internal error occurred"}
2026-07-29 16:43:47.542 +02:00 [WRN] utilities/ping failed after 75 ms
PointOfSale.Mra.Http.MraApiException: MRA EIS HTTP 500: Internal Server Error — An internal error occurred
   at PointOfSale.Infrastructure.Services.MraApiClient.SendAsync[TResponse](HttpRequestMessage request, String auditRequestBody, CancellationToken cancellationToken) in C:\Users\Albert Zee\Documents\Projects\Point Of Sale\src\PointOfSale.Infrastructure\Services\MraApiClient.cs:line 314
   at PointOfSale.Infrastructure.Services.MraApiClient.PostEmptyAsync[TResponse](String relativePath, MraRequestContext context, CancellationToken cancellationToken) in C:\Users\Albert Zee\Documents\Projects\Point Of Sale\src\PointOfSale.Infrastructure\Services\MraApiClient.cs:line 223
   at PointOfSale.Infrastructure.Services.MraEisPingService.PingAsync(CancellationToken cancellationToken) in C:\Users\Albert Zee\Documents\Projects\Point Of Sale\src\PointOfSale.Infrastructure\Services\MraEisPingService.cs:line 48
2026-07-29 16:43:52.582 +02:00 [INF] ART Diagnostic WorkerHeartbeat HealthCheckWorker null null: Heartbeat
2026-07-29 16:43:52.598 +02:00 [INF] ART Diagnostic DatabaseLatency SqlExpress 4 null: SQL round-trip 4 ms
2026-07-29 16:43:52.603 +02:00 [INF] MRA EIS POST "https://dev-eis-api.mra.mw/api/v1/utilities/ping"
2026-07-29 16:43:52.628 +02:00 [INF] ART Diagnostic DatabaseLatency SqlExpress 1 null: Performance profile sample (FPS 0.0)
2026-07-29 16:43:52.643 +02:00 [INF] ART Diagnostic DatabaseLatency SqlExpress 0 null: SQL round-trip 0 ms
2026-07-29 16:43:52.647 +02:00 [INF] MRA EIS POST "https://dev-eis-api.mra.mw/api/v1/utilities/ping"
2026-07-29 16:43:52.675 +02:00 [INF] MRA POST /api/v1/utilities/ping status=500 success=false durationMs=79
2026-07-29 16:43:52.679 +02:00 [WRN] MRA EIS HTTP 500 for POST "https://dev-eis-api.mra.mw/api/v1/utilities/ping". RequestPayload=(empty). ResponseBody={"message":"An internal error occurred"}
2026-07-29 16:43:52.679 +02:00 [WRN] utilities/ping failed after 76 ms
PointOfSale.Mra.Http.MraApiException: MRA EIS HTTP 500: Internal Server Error — An internal error occurred
   at PointOfSale.Infrastructure.Services.MraApiClient.SendAsync[TResponse](HttpRequestMessage request, String auditRequestBody, CancellationToken cancellationToken) in C:\Users\Albert Zee\Documents\Projects\Point Of Sale\src\PointOfSale.Infrastructure\Services\MraApiClient.cs:line 314
   at PointOfSale.Infrastructure.Services.MraApiClient.PostEmptyAsync[TResponse](String relativePath, MraRequestContext context, CancellationToken cancellationToken) in C:\Users\Albert Zee\Documents\Projects\Point Of Sale\src\PointOfSale.Infrastructure\Services\MraApiClient.cs:line 223
   at PointOfSale.Infrastructure.Services.MraEisPingService.PingAsync(CancellationToken cancellationToken) in C:\Users\Albert Zee\Documents\Projects\Point Of Sale\src\PointOfSale.Infrastructure\Services\MraEisPingService.cs:line 48
2026-07-29 16:43:52.681 +02:00 [WRN] ART Diagnostic MraConnectivity MraEis 76 Unreachable: MRA ping failed in 76 ms: MRA EIS HTTP 500: Internal Server Error — An internal error occurred
2026-07-29 16:43:52.709 +02:00 [INF] MRA POST /api/v1/utilities/ping status=500 success=false durationMs=63
2026-07-29 16:43:52.712 +02:00 [WRN] MRA EIS HTTP 500 for POST "https://dev-eis-api.mra.mw/api/v1/utilities/ping". RequestPayload=(empty). ResponseBody={"message":"An internal error occurred"}
2026-07-29 16:43:52.713 +02:00 [WRN] utilities/ping failed after 65 ms
PointOfSale.Mra.Http.MraApiException: MRA EIS HTTP 500: Internal Server Error — An internal error occurred
   at PointOfSale.Infrastructure.Services.MraApiClient.SendAsync[TResponse](HttpRequestMessage request, String auditRequestBody, CancellationToken cancellationToken) in C:\Users\Albert Zee\Documents\Projects\Point Of Sale\src\PointOfSale.Infrastructure\Services\MraApiClient.cs:line 314
   at PointOfSale.Infrastructure.Services.MraApiClient.PostEmptyAsync[TResponse](String relativePath, MraRequestContext context, CancellationToken cancellationToken) in C:\Users\Albert Zee\Documents\Projects\Point Of Sale\src\PointOfSale.Infrastructure\Services\MraApiClient.cs:line 223
   at PointOfSale.Infrastructure.Services.MraEisPingService.PingAsync(CancellationToken cancellationToken) in C:\Users\Albert Zee\Documents\Projects\Point Of Sale\src\PointOfSale.Infrastructure\Services\MraEisPingService.cs:line 48
2026-07-29 16:43:52.713 +02:00 [WRN] ART Diagnostic MraConnectivity MraEis 65 Unreachable: MRA ping failed in 65 ms: MRA EIS HTTP 500: Internal Server Error — An internal error occurred
2026-07-29 16:43:52.716 +02:00 [WRN] ART Diagnostic HealthCheck HealthCheckWorker 0 null: Degraded: MRA.
2026-07-29 16:43:52.746 +02:00 [INF] MRA EIS POST "https://dev-eis-api.mra.mw/api/v1/utilities/ping"
2026-07-29 16:43:52.771 +02:00 [INF] ART Diagnostic WorkerHeartbeat SystemHealthMonitorService null null: MRA EIS API gateway is unreachable.
2026-07-29 16:43:52.774 +02:00 [WRN] System health degraded: MRA EIS API gateway is unreachable.
2026-07-29 16:43:52.825 +02:00 [INF] MRA POST /api/v1/utilities/ping status=500 success=false durationMs=78
2026-07-29 16:43:52.828 +02:00 [WRN] MRA EIS HTTP 500 for POST "https://dev-eis-api.mra.mw/api/v1/utilities/ping". RequestPayload=(empty). ResponseBody={"message":"An internal error occurred"}
2026-07-29 16:43:52.828 +02:00 [WRN] utilities/ping failed after 82 ms
PointOfSale.Mra.Http.MraApiException: MRA EIS HTTP 500: Internal Server Error — An internal error occurred
   at PointOfSale.Infrastructure.Services.MraApiClient.SendAsync[TResponse](HttpRequestMessage request, String auditRequestBody, CancellationToken cancellationToken) in C:\Users\Albert Zee\Documents\Projects\Point Of Sale\src\PointOfSale.Infrastructure\Services\MraApiClient.cs:line 314
   at PointOfSale.Infrastructure.Services.MraApiClient.PostEmptyAsync[TResponse](String relativePath, MraRequestContext context, CancellationToken cancellationToken) in C:\Users\Albert Zee\Documents\Projects\Point Of Sale\src\PointOfSale.Infrastructure\Services\MraApiClient.cs:line 223
   at PointOfSale.Infrastructure.Services.MraEisPingService.PingAsync(CancellationToken cancellationToken) in C:\Users\Albert Zee\Documents\Projects\Point Of Sale\src\PointOfSale.Infrastructure\Services\MraEisPingService.cs:line 48
2026-07-29 16:43:52.829 +02:00 [WRN] ART Diagnostic HealthCheck HealthCheckWorker 4 null: Degraded: MRA.
2026-07-29 16:43:52.832 +02:00 [WRN] Health check degraded: Degraded: MRA.
2026-07-29 19:38:19.121 +02:00 [INF] MRA EIS POST "https://dev-eis-api.mra.mw/api/v1/utilities/ping"
2026-07-29 19:38:21.161 +02:00 [INF] SQL Express schema ready (version 32).
2026-07-29 19:38:22.127 +02:00 [WRN] Phase 37 InitialSetup.sql apply skipped after error (schema already bootstrapped in-app).
Microsoft.Data.SqlClient.SqlException (0x80131904): Filtered index 'IX_OfflineInvoiceQueue_PendingFifo' cannot be created on table 'dbo.OfflineInvoiceQueue' because the column 'Status' in the filter expression is compared with a constant of higher data type precedence or of a different collation. Converting a column to the data type of a constant is not supported for filtered indexes. To resolve this error, explicitly convert the constant to the same data type and collation as the column 'Status'.
   at Microsoft.Data.SqlClient.SqlConnection.OnError(SqlException exception, Boolean breakConnection, Action`1 wrapCloseInAction)
   at Microsoft.Data.SqlClient.SqlInternalConnection.OnError(SqlException exception, Boolean breakConnection, Action`1 wrapCloseInAction)
   at Microsoft.Data.SqlClient.TdsParser.ThrowExceptionAndWarning(TdsParserStateObject stateObj, SqlCommand command, Boolean callerHasConnectionLock, Boolean asyncClose)
   at Microsoft.Data.SqlClient.TdsParser.TryRun(RunBehavior runBehavior, SqlCommand cmdHandler, SqlDataReader dataStream, BulkCopySimpleResultSet bulkCopyHandler, TdsParserStateObject stateObj, Boolean& dataReady)
   at Microsoft.Data.SqlClient.SqlCommand.InternalEndExecuteNonQuery(IAsyncResult asyncResult, Boolean isInternal, String endMethod)
   at Microsoft.Data.SqlClient.SqlCommand.EndExecuteNonQueryInternal(IAsyncResult asyncResult)
   at Microsoft.Data.SqlClient.SqlCommand.EndExecuteNonQueryAsync(IAsyncResult asyncResult)
   at Microsoft.Data.SqlClient.SqlCommand.<>c.<InternalExecuteNonQueryAsync>b__193_1(IAsyncResult asyncResult)
   at System.Threading.Tasks.TaskFactory`1.FromAsyncCoreLogic(IAsyncResult iar, Func`2 endFunction, Action`1 endAction, Task`1 promise, Boolean requiresSynchronization)
--- End of stack trace from previous location ---
   at PointOfSale.App.Services.FirstRunBootstrapService.TryApplyInitialSetupScriptAsync(CancellationToken cancellationToken) in C:\Users\Albert Zee\Documents\Projects\Point Of Sale\src\PointOfSale.App\Services\FirstRunBootstrapService.cs:line 409
   at PointOfSale.App.Services.FirstRunBootstrapService.TryApplyInitialSetupScriptAsync(CancellationToken cancellationToken) in C:\Users\Albert Zee\Documents\Projects\Point Of Sale\src\PointOfSale.App\Services\FirstRunBootstrapService.cs:line 409
   at PointOfSale.App.Services.FirstRunBootstrapService.TryApplyInitialSetupScriptAsync(CancellationToken cancellationToken) in C:\Users\Albert Zee\Documents\Projects\Point Of Sale\src\PointOfSale.App\Services\FirstRunBootstrapService.cs:line 412
ClientConnectionId:2ea1fa18-496e-47bd-88fd-242463238aca
Error Number:10611,State:1,Class:16
2026-07-29 19:38:23.369 +02:00 [INF] Offline invoice FIFO sync worker started (interval 15s, requireConnectivity=true).
2026-07-29 19:38:23.413 +02:00 [INF] Hardware fault-tolerance loop started (probe every 20s).
2026-07-29 19:38:23.417 +02:00 [INF] ArchivalCompressionBackgroundService is disabled.
2026-07-29 19:38:23.425 +02:00 [INF] Inventory alert scanner started (interval 60s).
2026-07-29 19:38:23.460 +02:00 [INF] HealthCheckWorker started (interval 45s).
2026-07-29 19:38:23.463 +02:00 [INF] System health monitor started (interval 45s).
2026-07-29 19:38:23.465 +02:00 [INF] PerformanceProfilingBackgroundService started (sample 30s, flush 300s).
2026-07-29 19:38:23.467 +02:00 [INF] DatabaseMaintenanceBackgroundService started (interval 24h).
2026-07-29 19:38:23.940 +02:00 [INF] SQL Express schema ready (version 32).
2026-07-29 19:38:23.953 +02:00 [WRN] Phase 37 InitialSetup.sql apply skipped after error (schema already bootstrapped in-app).
Microsoft.Data.SqlClient.SqlException (0x80131904): Filtered index 'IX_OfflineInvoiceQueue_PendingFifo' cannot be created on table 'dbo.OfflineInvoiceQueue' because the column 'Status' in the filter expression is compared with a constant of higher data type precedence or of a different collation. Converting a column to the data type of a constant is not supported for filtered indexes. To resolve this error, explicitly convert the constant to the same data type and collation as the column 'Status'.
   at Microsoft.Data.SqlClient.SqlConnection.OnError(SqlException exception, Boolean breakConnection, Action`1 wrapCloseInAction)
   at Microsoft.Data.SqlClient.SqlInternalConnection.OnError(SqlException exception, Boolean breakConnection, Action`1 wrapCloseInAction)
   at Microsoft.Data.SqlClient.TdsParser.ThrowExceptionAndWarning(TdsParserStateObject stateObj, SqlCommand command, Boolean callerHasConnectionLock, Boolean asyncClose)
   at Microsoft.Data.SqlClient.TdsParser.TryRun(RunBehavior runBehavior, SqlCommand cmdHandler, SqlDataReader dataStream, BulkCopySimpleResultSet bulkCopyHandler, TdsParserStateObject stateObj, Boolean& dataReady)
   at Microsoft.Data.SqlClient.SqlCommand.InternalEndExecuteNonQuery(IAsyncResult asyncResult, Boolean isInternal, String endMethod)
   at Microsoft.Data.SqlClient.SqlCommand.EndExecuteNonQueryInternal(IAsyncResult asyncResult)
   at Microsoft.Data.SqlClient.SqlCommand.EndExecuteNonQueryAsync(IAsyncResult asyncResult)
   at Microsoft.Data.SqlClient.SqlCommand.<>c.<InternalExecuteNonQueryAsync>b__193_1(IAsyncResult asyncResult)
   at System.Threading.Tasks.TaskFactory`1.FromAsyncCoreLogic(IAsyncResult iar, Func`2 endFunction, Action`1 endAction, Task`1 promise, Boolean requiresSynchronization)
--- End of stack trace from previous location ---
   at PointOfSale.App.Services.FirstRunBootstrapService.TryApplyInitialSetupScriptAsync(CancellationToken cancellationToken) in C:\Users\Albert Zee\Documents\Projects\Point Of Sale\src\PointOfSale.App\Services\FirstRunBootstrapService.cs:line 409
   at PointOfSale.App.Services.FirstRunBootstrapService.TryApplyInitialSetupScriptAsync(CancellationToken cancellationToken) in C:\Users\Albert Zee\Documents\Projects\Point Of Sale\src\PointOfSale.App\Services\FirstRunBootstrapService.cs:line 409
   at PointOfSale.App.Services.FirstRunBootstrapService.TryApplyInitialSetupScriptAsync(CancellationToken cancellationToken) in C:\Users\Albert Zee\Documents\Projects\Point Of Sale\src\PointOfSale.App\Services\FirstRunBootstrapService.cs:line 412
ClientConnectionId:acd1b5f2-5f3e-4653-b09e-6c485e18c770
Error Number:10611,State:1,Class:16
2026-07-29 19:38:24.269 +02:00 [INF] Inventory alert scan complete: 8 products, low=0, stockout=0, overstock=0, fast=0.
2026-07-29 19:38:31.623 +02:00 [INF] ART Diagnostic WorkerHeartbeat HealthCheckWorker null null: Heartbeat
2026-07-29 19:38:32.371 +02:00 [INF] ART Diagnostic DatabaseLatency SqlExpress 26 null: SQL round-trip 26 ms
2026-07-29 19:38:32.670 +02:00 [INF] MRA EIS POST "https://dev-eis-api.mra.mw/api/v1/utilities/ping"
2026-07-29 19:38:35.567 +02:00 [INF] ART Diagnostic DatabaseLatency SqlExpress 0 null: SQL round-trip 0 ms
2026-07-29 19:38:35.634 +02:00 [INF] MRA EIS POST "https://dev-eis-api.mra.mw/api/v1/utilities/ping"
2026-07-29 19:38:37.076 +02:00 [INF] MRA POST /api/v1/utilities/ping status=500 success=false durationMs=4187
2026-07-29 19:38:37.076 +02:00 [INF] MRA POST /api/v1/utilities/ping status=500 success=false durationMs=16844
2026-07-29 19:38:37.736 +02:00 [WRN] MRA EIS HTTP 500 for POST "https://dev-eis-api.mra.mw/api/v1/utilities/ping". RequestPayload=(empty). ResponseBody={"message":"An internal error occurred"}
2026-07-29 19:38:37.744 +02:00 [WRN] MRA EIS HTTP 500 for POST "https://dev-eis-api.mra.mw/api/v1/utilities/ping". RequestPayload=(empty). ResponseBody={"message":"An internal error occurred"}
2026-07-29 19:38:37.794 +02:00 [WRN] utilities/ping host responded HTTP 500 after 19219 ms
PointOfSale.Mra.Http.MraApiException: MRA EIS HTTP 500: Internal Server Error — An internal error occurred
   at PointOfSale.Infrastructure.Services.MraApiClient.SendAsync[TResponse](HttpRequestMessage request, String auditRequestBody, CancellationToken cancellationToken) in C:\Users\Albert Zee\Documents\Projects\Point Of Sale\src\PointOfSale.Infrastructure\Services\MraApiClient.cs:line 314
   at PointOfSale.Infrastructure.Services.MraApiClient.PostEmptyAsync[TResponse](String relativePath, MraRequestContext context, CancellationToken cancellationToken) in C:\Users\Albert Zee\Documents\Projects\Point Of Sale\src\PointOfSale.Infrastructure\Services\MraApiClient.cs:line 223
   at PointOfSale.Infrastructure.Services.MraEisPingService.PingAsync(CancellationToken cancellationToken) in C:\Users\Albert Zee\Documents\Projects\Point Of Sale\src\PointOfSale.Infrastructure\Services\MraEisPingService.cs:line 49
2026-07-29 19:38:37.794 +02:00 [WRN] utilities/ping host responded HTTP 500 after 5124 ms
PointOfSale.Mra.Http.MraApiException: MRA EIS HTTP 500: Internal Server Error — An internal error occurred
   at PointOfSale.Infrastructure.Services.MraApiClient.SendAsync[TResponse](HttpRequestMessage request, String auditRequestBody, CancellationToken cancellationToken) in C:\Users\Albert Zee\Documents\Projects\Point Of Sale\src\PointOfSale.Infrastructure\Services\MraApiClient.cs:line 314
   at PointOfSale.Infrastructure.Services.MraApiClient.PostEmptyAsync[TResponse](String relativePath, MraRequestContext context, CancellationToken cancellationToken) in C:\Users\Albert Zee\Documents\Projects\Point Of Sale\src\PointOfSale.Infrastructure\Services\MraApiClient.cs:line 223
   at PointOfSale.Infrastructure.Services.MraEisPingService.PingAsync(CancellationToken cancellationToken) in C:\Users\Albert Zee\Documents\Projects\Point Of Sale\src\PointOfSale.Infrastructure\Services\MraEisPingService.cs:line 49
2026-07-29 19:38:38.213 +02:00 [INF] ART Diagnostic MraConnectivity MraEis 5124 500: MRA ping host reached (500) in 5124 ms: MRA EIS HTTP 500: Internal Server Error — An internal error occurred
2026-07-29 19:38:38.455 +02:00 [INF] MRA connectivity restored — waking offline sync worker.
2026-07-29 19:38:38.585 +02:00 [INF] ART Diagnostic HealthCheck HealthCheckWorker 26 null: All subsystems healthy (SQL 26 ms, disk 40.47 GB free).
2026-07-29 19:38:39.120 +02:00 [INF] MRA POST /api/v1/utilities/ping status=500 success=false durationMs=3484
2026-07-29 19:38:39.189 +02:00 [WRN] MRA EIS HTTP 500 for POST "https://dev-eis-api.mra.mw/api/v1/utilities/ping". RequestPayload=(empty). ResponseBody={"message":"An internal error occurred"}
2026-07-29 19:38:39.189 +02:00 [WRN] utilities/ping host responded HTTP 500 after 3555 ms
PointOfSale.Mra.Http.MraApiException: MRA EIS HTTP 500: Internal Server Error — An internal error occurred
   at PointOfSale.Infrastructure.Services.MraApiClient.SendAsync[TResponse](HttpRequestMessage request, String auditRequestBody, CancellationToken cancellationToken) in C:\Users\Albert Zee\Documents\Projects\Point Of Sale\src\PointOfSale.Infrastructure\Services\MraApiClient.cs:line 314
   at PointOfSale.Infrastructure.Services.MraApiClient.PostEmptyAsync[TResponse](String relativePath, MraRequestContext context, CancellationToken cancellationToken) in C:\Users\Albert Zee\Documents\Projects\Point Of Sale\src\PointOfSale.Infrastructure\Services\MraApiClient.cs:line 223
   at PointOfSale.Infrastructure.Services.MraEisPingService.PingAsync(CancellationToken cancellationToken) in C:\Users\Albert Zee\Documents\Projects\Point Of Sale\src\PointOfSale.Infrastructure\Services\MraEisPingService.cs:line 49
2026-07-29 19:38:39.189 +02:00 [INF] ART Diagnostic MraConnectivity MraEis 3555 500: MRA ping host reached (500) in 3555 ms: MRA EIS HTTP 500: Internal Server Error — An internal error occurred
2026-07-29 19:38:39.396 +02:00 [INF] MRA EIS POST "https://dev-eis-api.mra.mw/api/v1/utilities/ping"
2026-07-29 19:39:02.943 +02:00 [INF] MRA EIS POST "https://dev-eis-api.mra.mw/api/v1/sales/last-submitted-offline-transaction"
2026-07-29 19:39:03.350 +02:00 [INF] ART Diagnostic DatabaseLatency SqlExpress 0 null: Performance profile sample (FPS 0.0)
2026-07-29 19:39:04.208 +02:00 [INF] MRA POST /api/v1/sales/last-submitted-offline-transaction status=500 success=false durationMs=1266
2026-07-29 19:39:04.235 +02:00 [WRN] MRA EIS HTTP 500 for POST "https://dev-eis-api.mra.mw/api/v1/sales/last-submitted-offline-transaction". RequestPayload=(empty). ResponseBody={"message":"An internal error occurred"}
2026-07-29 19:39:04.312 +02:00 [INF] MRA POST /api/v1/utilities/ping status=500 success=false durationMs=24907
2026-07-29 19:39:04.333 +02:00 [WRN] Unable to query last-submitted-offline-transaction for sequence check.
PointOfSale.Mra.Http.MraApiException: MRA EIS HTTP 500: Internal Server Error — An internal error occurred
   at PointOfSale.Infrastructure.Services.MraApiClient.SendAsync[TResponse](HttpRequestMessage request, String auditRequestBody, CancellationToken cancellationToken) in C:\Users\Albert Zee\Documents\Projects\Point Of Sale\src\PointOfSale.Infrastructure\Services\MraApiClient.cs:line 314
   at PointOfSale.Infrastructure.Services.MraApiClient.PostEmptyAsync[TResponse](String relativePath, MraRequestContext context, CancellationToken cancellationToken) in C:\Users\Albert Zee\Documents\Projects\Point Of Sale\src\PointOfSale.Infrastructure\Services\MraApiClient.cs:line 223
   at PointOfSale.Infrastructure.Services.SalesTransactionService.GetLastSubmittedTransactionAsync(String relativePath, String channelLabel, CancellationToken cancellationToken) in C:\Users\Albert Zee\Documents\Projects\Point Of Sale\src\PointOfSale.Infrastructure\Services\SalesTransactionService.cs:line 86
   at PointOfSale.Infrastructure.Services.SalesTransactionService.VerifySequenceContinuityAsync(Func`2 lookupFactory, String channelLabel, CancellationToken cancellationToken) in C:\Users\Albert Zee\Documents\Projects\Point Of Sale\src\PointOfSale.Infrastructure\Services\SalesTransactionService.cs:line 154
2026-07-29 19:39:04.356 +02:00 [WRN] MRA EIS HTTP 500 for POST "https://dev-eis-api.mra.mw/api/v1/utilities/ping". RequestPayload=(empty). ResponseBody={"message":"An internal error occurred"}
2026-07-29 19:39:04.389 +02:00 [WRN] utilities/ping host responded HTTP 500 after 24993 ms
PointOfSale.Mra.Http.MraApiException: MRA EIS HTTP 500: Internal Server Error — An internal error occurred
   at PointOfSale.Infrastructure.Services.MraApiClient.SendAsync[TResponse](HttpRequestMessage request, String auditRequestBody, CancellationToken cancellationToken) in C:\Users\Albert Zee\Documents\Projects\Point Of Sale\src\PointOfSale.Infrastructure\Services\MraApiClient.cs:line 314
   at PointOfSale.Infrastructure.Services.MraApiClient.PostEmptyAsync[TResponse](String relativePath, MraRequestContext context, CancellationToken cancellationToken) in C:\Users\Albert Zee\Documents\Projects\Point Of Sale\src\PointOfSale.Infrastructure\Services\MraApiClient.cs:line 223
   at PointOfSale.Infrastructure.Services.MraEisPingService.PingAsync(CancellationToken cancellationToken) in C:\Users\Albert Zee\Documents\Projects\Point Of Sale\src\PointOfSale.Infrastructure\Services\MraEisPingService.cs:line 49
2026-07-29 19:39:04.396 +02:00 [INF] MRA connectivity restored — waking offline sync worker.
2026-07-29 19:39:04.397 +02:00 [INF] ART Diagnostic HealthCheck HealthCheckWorker 0 null: All subsystems healthy (SQL 0 ms, disk 40.47 GB free).
2026-07-29 19:39:04.459 +02:00 [INF] MRA EIS POST "https://dev-eis-api.mra.mw/api/v1/utilities/ping"
2026-07-29 19:39:05.820 +02:00 [INF] MRA POST /api/v1/utilities/ping status=500 success=false durationMs=1359
2026-07-29 19:39:05.832 +02:00 [WRN] MRA EIS HTTP 500 for POST "https://dev-eis-api.mra.mw/api/v1/utilities/ping". RequestPayload=(empty). ResponseBody={"message":"An internal error occurred"}
2026-07-29 19:39:05.832 +02:00 [WRN] utilities/ping host responded HTTP 500 after 1373 ms
PointOfSale.Mra.Http.MraApiException: MRA EIS HTTP 500: Internal Server Error — An internal error occurred
   at PointOfSale.Infrastructure.Services.MraApiClient.SendAsync[TResponse](HttpRequestMessage request, String auditRequestBody, CancellationToken cancellationToken) in C:\Users\Albert Zee\Documents\Projects\Point Of Sale\src\PointOfSale.Infrastructure\Services\MraApiClient.cs:line 314
   at PointOfSale.Infrastructure.Services.MraApiClient.PostEmptyAsync[TResponse](String relativePath, MraRequestContext context, CancellationToken cancellationToken) in C:\Users\Albert Zee\Documents\Projects\Point Of Sale\src\PointOfSale.Infrastructure\Services\MraApiClient.cs:line 223
   at PointOfSale.Infrastructure.Services.MraEisPingService.PingAsync(CancellationToken cancellationToken) in C:\Users\Albert Zee\Documents\Projects\Point Of Sale\src\PointOfSale.Infrastructure\Services\MraEisPingService.cs:line 49
2026-07-29 19:39:05.844 +02:00 [INF] MRA connectivity restored — waking offline sync worker.
2026-07-29 19:39:05.943 +02:00 [INF] ART Diagnostic WorkerHeartbeat SystemHealthMonitorService null null: All monitored subsystems healthy.
2026-07-29 19:39:23.516 +02:00 [INF] MRA EIS POST "https://dev-eis-api.mra.mw/api/v1/utilities/ping"
2026-07-29 19:39:24.066 +02:00 [INF] ART Diagnostic WorkerHeartbeat HealthCheckWorker null null: Heartbeat
2026-07-29 19:39:24.079 +02:00 [INF] ART Diagnostic DatabaseLatency SqlExpress 0 null: SQL round-trip 0 ms
2026-07-29 19:39:24.140 +02:00 [INF] MRA EIS POST "https://dev-eis-api.mra.mw/api/v1/utilities/ping"
2026-07-29 19:39:47.061 +02:00 [INF] MRA POST /api/v1/utilities/ping status=500 success=false durationMs=23532
2026-07-29 19:39:47.065 +02:00 [INF] MRA POST /api/v1/utilities/ping status=500 success=false durationMs=22907
2026-07-29 19:39:47.091 +02:00 [WRN] MRA EIS HTTP 500 for POST "https://dev-eis-api.mra.mw/api/v1/utilities/ping". RequestPayload=(empty). ResponseBody={"message":"An internal error occurred"}
2026-07-29 19:39:47.091 +02:00 [WRN] utilities/ping host responded HTTP 500 after 23575 ms
PointOfSale.Mra.Http.MraApiException: MRA EIS HTTP 500: Internal Server Error — An internal error occurred
   at PointOfSale.Infrastructure.Services.MraApiClient.SendAsync[TResponse](HttpRequestMessage request, String auditRequestBody, CancellationToken cancellationToken) in C:\Users\Albert Zee\Documents\Projects\Point Of Sale\src\PointOfSale.Infrastructure\Services\MraApiClient.cs:line 314
   at PointOfSale.Infrastructure.Services.MraApiClient.PostEmptyAsync[TResponse](String relativePath, MraRequestContext context, CancellationToken cancellationToken) in C:\Users\Albert Zee\Documents\Projects\Point Of Sale\src\PointOfSale.Infrastructure\Services\MraApiClient.cs:line 223
   at PointOfSale.Infrastructure.Services.MraEisPingService.PingAsync(CancellationToken cancellationToken) in C:\Users\Albert Zee\Documents\Projects\Point Of Sale\src\PointOfSale.Infrastructure\Services\MraEisPingService.cs:line 49
2026-07-29 19:39:47.105 +02:00 [INF] MRA connectivity restored — waking offline sync worker.
2026-07-29 19:39:47.119 +02:00 [WRN] MRA EIS HTTP 500 for POST "https://dev-eis-api.mra.mw/api/v1/utilities/ping". RequestPayload=(empty). ResponseBody={"message":"An internal error occurred"}
2026-07-29 19:39:47.120 +02:00 [WRN] utilities/ping host responded HTTP 500 after 22980 ms
PointOfSale.Mra.Http.MraApiException: MRA EIS HTTP 500: Internal Server Error — An internal error occurred
   at PointOfSale.Infrastructure.Services.MraApiClient.SendAsync[TResponse](HttpRequestMessage request, String auditRequestBody, CancellationToken cancellationToken) in C:\Users\Albert Zee\Documents\Projects\Point Of Sale\src\PointOfSale.Infrastructure\Services\MraApiClient.cs:line 314
   at PointOfSale.Infrastructure.Services.MraApiClient.PostEmptyAsync[TResponse](String relativePath, MraRequestContext context, CancellationToken cancellationToken) in C:\Users\Albert Zee\Documents\Projects\Point Of Sale\src\PointOfSale.Infrastructure\Services\MraApiClient.cs:line 223
   at PointOfSale.Infrastructure.Services.MraEisPingService.PingAsync(CancellationToken cancellationToken) in C:\Users\Albert Zee\Documents\Projects\Point Of Sale\src\PointOfSale.Infrastructure\Services\MraEisPingService.cs:line 49
2026-07-29 19:39:47.120 +02:00 [INF] ART Diagnostic MraConnectivity MraEis 22980 500: MRA ping host reached (500) in 22980 ms: MRA EIS HTTP 500: Internal Server Error — An internal error occurred
2026-07-29 19:39:47.282 +02:00 [INF] MRA EIS POST "https://dev-eis-api.mra.mw/api/v1/utilities/ping"
2026-07-29 19:39:50.967 +02:00 [INF] ART Diagnostic DatabaseLatency SqlExpress 1 null: SQL round-trip 1 ms
2026-07-29 19:39:50.984 +02:00 [INF] MRA EIS POST "https://dev-eis-api.mra.mw/api/v1/utilities/ping"
2026-07-29 19:39:59.003 +02:00 [INF] ART Diagnostic DatabaseLatency SqlExpress 7 null: Performance profile sample (FPS 0.0)
2026-07-29 19:40:06.090 +02:00 [INF] MRA POST /api/v1/utilities/ping status=500 success=false durationMs=15094
2026-07-29 19:40:06.098 +02:00 [WRN] MRA EIS HTTP 500 for POST "https://dev-eis-api.mra.mw/api/v1/utilities/ping". RequestPayload=(empty). ResponseBody={"message":"An internal error occurred"}
2026-07-29 19:40:06.098 +02:00 [WRN] utilities/ping host responded HTTP 500 after 15114 ms
PointOfSale.Mra.Http.MraApiException: MRA EIS HTTP 500: Internal Server Error — An internal error occurred
   at PointOfSale.Infrastructure.Services.MraApiClient.SendAsync[TResponse](HttpRequestMessage request, String auditRequestBody, CancellationToken cancellationToken) in C:\Users\Albert Zee\Documents\Projects\Point Of Sale\src\PointOfSale.Infrastructure\Services\MraApiClient.cs:line 314
   at PointOfSale.Infrastructure.Services.MraApiClient.PostEmptyAsync[TResponse](String relativePath, MraRequestContext context, CancellationToken cancellationToken) in C:\Users\Albert Zee\Documents\Projects\Point Of Sale\src\PointOfSale.Infrastructure\Services\MraApiClient.cs:line 223
   at PointOfSale.Infrastructure.Services.MraEisPingService.PingAsync(CancellationToken cancellationToken) in C:\Users\Albert Zee\Documents\Projects\Point Of Sale\src\PointOfSale.Infrastructure\Services\MraEisPingService.cs:line 49
2026-07-29 19:40:06.099 +02:00 [INF] ART Diagnostic MraConnectivity MraEis 15114 500: MRA ping host reached (500) in 15114 ms: MRA EIS HTTP 500: Internal Server Error — An internal error occurred
2026-07-29 19:40:06.111 +02:00 [INF] ART Diagnostic HealthCheck HealthCheckWorker 1 null: All subsystems healthy (SQL 1 ms, disk 40.46 GB free).
2026-07-29 19:40:06.175 +02:00 [INF] ART Diagnostic WorkerHeartbeat SystemHealthMonitorService null null: All monitored subsystems healthy.
2026-07-29 19:40:06.741 +02:00 [INF] MRA POST /api/v1/utilities/ping status=500 success=false durationMs=19469
2026-07-29 19:40:06.749 +02:00 [WRN] MRA EIS HTTP 500 for POST "https://dev-eis-api.mra.mw/api/v1/utilities/ping". RequestPayload=(empty). ResponseBody={"message":"An internal error occurred"}
2026-07-29 19:40:06.750 +02:00 [WRN] utilities/ping host responded HTTP 500 after 19467 ms
PointOfSale.Mra.Http.MraApiException: MRA EIS HTTP 500: Internal Server Error — An internal error occurred
   at PointOfSale.Infrastructure.Services.MraApiClient.SendAsync[TResponse](HttpRequestMessage request, String auditRequestBody, CancellationToken cancellationToken) in C:\Users\Albert Zee\Documents\Projects\Point Of Sale\src\PointOfSale.Infrastructure\Services\MraApiClient.cs:line 314
   at PointOfSale.Infrastructure.Services.MraApiClient.PostEmptyAsync[TResponse](String relativePath, MraRequestContext context, CancellationToken cancellationToken) in C:\Users\Albert Zee\Documents\Projects\Point Of Sale\src\PointOfSale.Infrastructure\Services\MraApiClient.cs:line 223
   at PointOfSale.Infrastructure.Services.MraEisPingService.PingAsync(CancellationToken cancellationToken) in C:\Users\Albert Zee\Documents\Projects\Point Of Sale\src\PointOfSale.Infrastructure\Services\MraEisPingService.cs:line 49
2026-07-29 19:40:06.754 +02:00 [INF] MRA connectivity restored — waking offline sync worker.
2026-07-29 19:40:06.755 +02:00 [INF] ART Diagnostic HealthCheck HealthCheckWorker 0 null: All subsystems healthy (SQL 0 ms, disk 40.47 GB free).
2026-07-29 19:40:22.744 +02:00 [INF] Hardware fault-tolerance loop stopped.
