2026-07-22 15:20:59.100 +02:00 [ERR] First-run infrastructure bootstrap failed.
Microsoft.Data.SqlClient.SqlException (0x80131904): Incorrect syntax near the keyword 'Trigger'.
   at Microsoft.Data.SqlClient.SqlConnection.OnError(SqlException exception, Boolean breakConnection, Action`1 wrapCloseInAction)
   at Microsoft.Data.SqlClient.SqlInternalConnection.OnError(SqlException exception, Boolean breakConnection, Action`1 wrapCloseInAction)
   at Microsoft.Data.SqlClient.TdsParser.ThrowExceptionAndWarning(TdsParserStateObject stateObj, SqlCommand command, Boolean callerHasConnectionLock, Boolean asyncClose)
   at Microsoft.Data.SqlClient.TdsParser.TryRun(RunBehavior runBehavior, SqlCommand cmdHandler, SqlDataReader dataStream, BulkCopySimpleResultSet bulkCopyHandler, TdsParserStateObject stateObj, Boolean& dataReady)
   at Microsoft.Data.SqlClient.SqlCommand.InternalEndExecuteNonQuery(IAsyncResult asyncResult, Boolean isInternal, String endMethod)
   at Microsoft.Data.SqlClient.SqlCommand.EndExecuteNonQueryInternal(IAsyncResult asyncResult)
   at Microsoft.Data.SqlClient.SqlCommand.EndExecuteNonQueryAsync(IAsyncResult asyncResult)
   at Microsoft.Data.SqlClient.SqlCommand.<>c.<InternalExecuteNonQueryAsync>b__193_1(IAsyncResult asyncResult)
   at System.Threading.Tasks.TaskFactory`1.FromAsyncCoreLogic(IAsyncResult iar, Func`2 endFunction, Action`1 endAction, Task`1 promise, Boolean requiresSynchronization)
--- End of stack trace from previous location ---
   at PointOfSale.App.Services.DatabaseBootstrapService.EnsureMigrationsAsync(SqlConnection connection, CancellationToken cancellationToken) in C:\Users\Albert Zee\Documents\Projects\Point Of Sale\src\PointOfSale.App\Services\DatabaseBootstrapService.cs:line 1133
   at PointOfSale.App.Services.DatabaseBootstrapService.EnsureMigrationsAsync(SqlConnection connection, CancellationToken cancellationToken) in C:\Users\Albert Zee\Documents\Projects\Point Of Sale\src\PointOfSale.App\Services\DatabaseBootstrapService.cs:line 1133
   at PointOfSale.App.Services.DatabaseBootstrapService.EnsureDatabaseReadyAsync(CancellationToken cancellationToken) in C:\Users\Albert Zee\Documents\Projects\Point Of Sale\src\PointOfSale.App\Services\DatabaseBootstrapService.cs:line 52
   at PointOfSale.App.Services.DatabaseBootstrapService.EnsureDatabaseReadyAsync(CancellationToken cancellationToken) in C:\Users\Albert Zee\Documents\Projects\Point Of Sale\src\PointOfSale.App\Services\DatabaseBootstrapService.cs:line 56
   at PointOfSale.App.Services.FirstRunBootstrapService.EnsureInfrastructureAsync(CancellationToken cancellationToken) in C:\Users\Albert Zee\Documents\Projects\Point Of Sale\src\PointOfSale.App\Services\FirstRunBootstrapService.cs:line 159
ClientConnectionId:c8bf80e4-948c-41e9-812d-ad33db5f4da2
Error Number:156,State:1,Class:15
2026-07-22 15:20:59.921 +02:00 [INF] Offline invoice FIFO sync worker started (interval 15s). Auto-print is handled after successful MRA sync.
2026-07-22 15:21:00.339 +02:00 [INF] Hardware fault-tolerance loop started (probe every 20s).
2026-07-22 15:21:00.339 +02:00 [INF] ArchivalCompressionBackgroundService is disabled.
2026-07-22 15:21:00.350 +02:00 [INF] Inventory alert scanner started (interval 60s).
2026-07-22 15:21:00.380 +02:00 [INF] HealthCheckWorker started (interval 45s).
2026-07-22 15:21:00.384 +02:00 [INF] System health monitor started (interval 45s).
2026-07-22 15:21:00.388 +02:00 [INF] PerformanceProfilingBackgroundService started (sample 30s, flush 300s).
2026-07-22 15:21:00.392 +02:00 [INF] DatabaseMaintenanceBackgroundService started (interval 24h).
2026-07-22 15:21:02.556 +02:00 [ERR] Inventory alert scan iteration failed.
Microsoft.Data.SqlClient.SqlException (0x80131904): Invalid column name 'CatalogSource'.
Invalid column name 'HeadOfficeRevisionUtc'.
Invalid column name 'LastReplicatedAtUtc'.
Invalid column name 'MinReorderQty'.
Invalid column name 'MaxStockCapacity'.
Invalid column name 'SupplierCode'.
Invalid column name 'SupplierName'.
Invalid column name 'AverageUnitCost'.
Invalid column name 'MarkupPercent'.
   at Microsoft.Data.SqlClient.SqlCommand.<>c.<ExecuteDbDataReaderAsync>b__195_0(Task`1 result)
   at System.Threading.Tasks.ContinuationResultTaskFromResultTask`2.InnerInvoke()
   at System.Threading.ExecutionContext.RunInternal(ExecutionContext executionContext, ContextCallback callback, Object state)
--- End of stack trace from previous location ---
   at System.Threading.ExecutionContext.RunInternal(ExecutionContext executionContext, ContextCallback callback, Object state)
   at System.Threading.Tasks.Task.ExecuteWithThreadLocal(Task& currentTaskSlot, Thread threadPoolThread)
--- End of stack trace from previous location ---
   at Dapper.SqlMapper.QueryAsync[T](IDbConnection cnn, Type effectiveType, CommandDefinition command) in /_/Dapper/SqlMapper.Async.cs:line 434
   at PointOfSale.Infrastructure.Repositories.LocalInventoryRepository.GetAllAsync(CancellationToken cancellationToken) in C:\Users\Albert Zee\Documents\Projects\Point Of Sale\src\PointOfSale.Infrastructure\Repositories\LocalInventoryRepository.cs:line 68
   at PointOfSale.Infrastructure.Repositories.LocalInventoryRepository.GetAllAsync(CancellationToken cancellationToken) in C:\Users\Albert Zee\Documents\Projects\Point Of Sale\src\PointOfSale.Infrastructure\Repositories\LocalInventoryRepository.cs:line 71
   at PointOfSale.App.Services.InventoryAlertService.ScanAsync(CancellationToken cancellationToken) in C:\Users\Albert Zee\Documents\Projects\Point Of Sale\src\PointOfSale.App\Services\InventoryAlertService.cs:line 68
   at PointOfSale.App.Services.InventoryAlertBackgroundService.ExecuteAsync(CancellationToken stoppingToken) in C:\Users\Albert Zee\Documents\Projects\Point Of Sale\src\PointOfSale.App\Services\InventoryAlertService.cs:line 313
ClientConnectionId:0b5d266f-dcbb-43ed-a1f3-cc7f95331861
Error Number:207,State:1,Class:16
2026-07-22 15:21:08.266 +02:00 [ERR] First-run infrastructure bootstrap failed.
Microsoft.Data.SqlClient.SqlException (0x80131904): Incorrect syntax near the keyword 'Trigger'.
   at Microsoft.Data.SqlClient.SqlConnection.OnError(SqlException exception, Boolean breakConnection, Action`1 wrapCloseInAction)
   at Microsoft.Data.SqlClient.SqlInternalConnection.OnError(SqlException exception, Boolean breakConnection, Action`1 wrapCloseInAction)
   at Microsoft.Data.SqlClient.TdsParser.ThrowExceptionAndWarning(TdsParserStateObject stateObj, SqlCommand command, Boolean callerHasConnectionLock, Boolean asyncClose)
   at Microsoft.Data.SqlClient.TdsParser.TryRun(RunBehavior runBehavior, SqlCommand cmdHandler, SqlDataReader dataStream, BulkCopySimpleResultSet bulkCopyHandler, TdsParserStateObject stateObj, Boolean& dataReady)
   at Microsoft.Data.SqlClient.SqlCommand.InternalEndExecuteNonQuery(IAsyncResult asyncResult, Boolean isInternal, String endMethod)
   at Microsoft.Data.SqlClient.SqlCommand.EndExecuteNonQueryInternal(IAsyncResult asyncResult)
   at Microsoft.Data.SqlClient.SqlCommand.EndExecuteNonQueryAsync(IAsyncResult asyncResult)
   at Microsoft.Data.SqlClient.SqlCommand.<>c.<InternalExecuteNonQueryAsync>b__193_1(IAsyncResult asyncResult)
   at System.Threading.Tasks.TaskFactory`1.FromAsyncCoreLogic(IAsyncResult iar, Func`2 endFunction, Action`1 endAction, Task`1 promise, Boolean requiresSynchronization)
--- End of stack trace from previous location ---
   at PointOfSale.App.Services.DatabaseBootstrapService.EnsureMigrationsAsync(SqlConnection connection, CancellationToken cancellationToken) in C:\Users\Albert Zee\Documents\Projects\Point Of Sale\src\PointOfSale.App\Services\DatabaseBootstrapService.cs:line 1133
   at PointOfSale.App.Services.DatabaseBootstrapService.EnsureMigrationsAsync(SqlConnection connection, CancellationToken cancellationToken) in C:\Users\Albert Zee\Documents\Projects\Point Of Sale\src\PointOfSale.App\Services\DatabaseBootstrapService.cs:line 1133
   at PointOfSale.App.Services.DatabaseBootstrapService.EnsureDatabaseReadyAsync(CancellationToken cancellationToken) in C:\Users\Albert Zee\Documents\Projects\Point Of Sale\src\PointOfSale.App\Services\DatabaseBootstrapService.cs:line 52
   at PointOfSale.App.Services.DatabaseBootstrapService.EnsureDatabaseReadyAsync(CancellationToken cancellationToken) in C:\Users\Albert Zee\Documents\Projects\Point Of Sale\src\PointOfSale.App\Services\DatabaseBootstrapService.cs:line 56
   at PointOfSale.App.Services.FirstRunBootstrapService.EnsureInfrastructureAsync(CancellationToken cancellationToken) in C:\Users\Albert Zee\Documents\Projects\Point Of Sale\src\PointOfSale.App\Services\FirstRunBootstrapService.cs:line 159
ClientConnectionId:ed7bbd04-6709-4941-b10e-61bd3fc2f846
Error Number:156,State:1,Class:15
2026-07-22 15:21:08.623 +02:00 [INF] ART Diagnostic WorkerHeartbeat HealthCheckWorker null null: Heartbeat
2026-07-22 15:21:10.573 +02:00 [INF] ART Diagnostic DatabaseLatency SqlExpress 191 null: SQL round-trip 191 ms
2026-07-22 15:21:12.684 +02:00 [INF] ART Diagnostic DatabaseLatency SqlExpress 26 null: SQL round-trip 26 ms
2026-07-22 15:21:12.686 +02:00 [ERR] Multi-terminal synchronize failed.
Microsoft.Data.SqlClient.SqlException (0x80131904): Invalid object name 'dbo.CashierShifts'.
   at Microsoft.Data.SqlClient.SqlCommand.<>c.<ExecuteDbDataReaderAsync>b__195_0(Task`1 result)
   at System.Threading.Tasks.ContinuationResultTaskFromResultTask`2.InnerInvoke()
   at System.Threading.ExecutionContext.RunInternal(ExecutionContext executionContext, ContextCallback callback, Object state)
--- End of stack trace from previous location ---
   at System.Threading.ExecutionContext.RunInternal(ExecutionContext executionContext, ContextCallback callback, Object state)
   at System.Threading.Tasks.Task.ExecuteWithThreadLocal(Task& currentTaskSlot, Thread threadPoolThread)
--- End of stack trace from previous location ---
   at Dapper.SqlMapper.QueryRowAsync[T](IDbConnection cnn, Row row, Type effectiveType, CommandDefinition command) in /_/Dapper/SqlMapper.Async.cs:line 489
   at PointOfSale.Infrastructure.Repositories.CashierShiftRepository.GetOpenShiftAsync(CancellationToken cancellationToken) in C:\Users\Albert Zee\Documents\Projects\Point Of Sale\src\PointOfSale.Infrastructure\Repositories\CashierShiftRepository.cs:line 41
   at PointOfSale.Infrastructure.Repositories.CashierShiftRepository.GetOpenShiftAsync(CancellationToken cancellationToken) in C:\Users\Albert Zee\Documents\Projects\Point Of Sale\src\PointOfSale.Infrastructure\Repositories\CashierShiftRepository.cs:line 41
   at PointOfSale.App.Services.MultiTerminalSyncBroker.SynchronizeNowAsync(CancellationToken cancellationToken) in C:\Users\Albert Zee\Documents\Projects\Point Of Sale\src\PointOfSale.App\Services\MultiTerminalSyncBroker.cs:line 224
ClientConnectionId:c8bf80e4-948c-41e9-812d-ad33db5f4da2
Error Number:208,State:1,Class:16
2026-07-22 15:21:12.688 +02:00 [WRN] Performance profiling iteration failed.
Microsoft.Data.SqlClient.SqlException (0x80131904): Invalid object name 'dbo.DiagnosticTelemetryEvents'.
   at Microsoft.Data.SqlClient.SqlCommand.<>c.<ExecuteDbDataReaderAsync>b__195_0(Task`1 result)
   at System.Threading.Tasks.ContinuationResultTaskFromResultTask`2.InnerInvoke()
   at System.Threading.ExecutionContext.RunInternal(ExecutionContext executionContext, ContextCallback callback, Object state)
--- End of stack trace from previous location ---
   at System.Threading.ExecutionContext.RunInternal(ExecutionContext executionContext, ContextCallback callback, Object state)
   at System.Threading.Tasks.Task.ExecuteWithThreadLocal(Task& currentTaskSlot, Thread threadPoolThread)
--- End of stack trace from previous location ---
   at Dapper.SqlMapper.QueryAsync[T](IDbConnection cnn, Type effectiveType, CommandDefinition command) in /_/Dapper/SqlMapper.Async.cs:line 434
   at PointOfSale.Infrastructure.Repositories.DiagnosticTelemetryRepository.GetRecentAsync(Int32 take, String categoryFilter, String severityFilter, String search, CancellationToken cancellationToken) in C:\Users\Albert Zee\Documents\Projects\Point Of Sale\src\PointOfSale.Infrastructure\Repositories\DiagnosticTelemetryRepository.cs:line 68
   at PointOfSale.Infrastructure.Repositories.DiagnosticTelemetryRepository.GetRecentAsync(Int32 take, String categoryFilter, String severityFilter, String search, CancellationToken cancellationToken) in C:\Users\Albert Zee\Documents\Projects\Point Of Sale\src\PointOfSale.Infrastructure\Repositories\DiagnosticTelemetryRepository.cs:line 84
   at PointOfSale.App.Services.PerformanceProfilingService.LoadErrorHistogramAsync(CancellationToken cancellationToken) in C:\Users\Albert Zee\Documents\Projects\Point Of Sale\src\PointOfSale.App\Services\PerformanceProfilingService.cs:line 294
   at PointOfSale.App.Services.PerformanceProfilingService.CaptureSnapshotAsync(CancellationToken cancellationToken) in C:\Users\Albert Zee\Documents\Projects\Point Of Sale\src\PointOfSale.App\Services\PerformanceProfilingService.cs:line 110
   at PointOfSale.App.Services.PerformanceProfilingBackgroundService.ExecuteAsync(CancellationToken stoppingToken) in C:\Users\Albert Zee\Documents\Projects\Point Of Sale\src\PointOfSale.App\Services\PerformanceProfilingBackgroundService.cs:line 59
ClientConnectionId:ed7bbd04-6709-4941-b10e-61bd3fc2f846
Error Number:208,State:1,Class:16
2026-07-22 15:21:13.351 +02:00 [INF] ART Diagnostic MraConnectivity MraEis 811 404: MRA reachable (404) in 811 ms.
2026-07-22 15:21:13.469 +02:00 [INF] ART Diagnostic MraConnectivity MraEis 599 404: MRA reachable (404) in 599 ms.
2026-07-22 15:21:24.012 +02:00 [INF] ART Diagnostic HealthCheck HealthCheckWorker 26 null: All subsystems healthy (SQL 26 ms, disk 51.71 GB free).
2026-07-22 15:21:24.012 +02:00 [INF] ART Diagnostic HealthCheck HealthCheckWorker 191 null: All subsystems healthy (SQL 191 ms, disk 51.71 GB free).
2026-07-22 15:21:24.549 +02:00 [ERR] HealthCheckWorker iteration failed.
Microsoft.Data.SqlClient.SqlException (0x80131904): Invalid object name 'dbo.DiagnosticTelemetryEvents'.
   at Microsoft.Data.SqlClient.SqlConnection.OnError(SqlException exception, Boolean breakConnection, Action`1 wrapCloseInAction)
   at Microsoft.Data.SqlClient.SqlInternalConnection.OnError(SqlException exception, Boolean breakConnection, Action`1 wrapCloseInAction)
   at Microsoft.Data.SqlClient.TdsParser.ThrowExceptionAndWarning(TdsParserStateObject stateObj, SqlCommand command, Boolean callerHasConnectionLock, Boolean asyncClose)
   at Microsoft.Data.SqlClient.TdsParser.TryRun(RunBehavior runBehavior, SqlCommand cmdHandler, SqlDataReader dataStream, BulkCopySimpleResultSet bulkCopyHandler, TdsParserStateObject stateObj, Boolean& dataReady)
   at Microsoft.Data.SqlClient.SqlCommand.FinishExecuteReader(SqlDataReader ds, RunBehavior runBehavior, String resetOptionsString, Boolean isInternal, Boolean forDescribeParameterEncryption, Boolean shouldCacheForAlwaysEncrypted)
   at Microsoft.Data.SqlClient.SqlCommand.CompleteAsyncExecuteReader(Boolean isInternal, Boolean forDescribeParameterEncryption)
   at Microsoft.Data.SqlClient.SqlCommand.InternalEndExecuteNonQuery(IAsyncResult asyncResult, Boolean isInternal, String endMethod)
   at Microsoft.Data.SqlClient.SqlCommand.EndExecuteNonQueryInternal(IAsyncResult asyncResult)
   at Microsoft.Data.SqlClient.SqlCommand.EndExecuteNonQueryAsync(IAsyncResult asyncResult)
   at Microsoft.Data.SqlClient.SqlCommand.<>c.<InternalExecuteNonQueryAsync>b__193_1(IAsyncResult asyncResult)
   at System.Threading.Tasks.TaskFactory`1.FromAsyncCoreLogic(IAsyncResult iar, Func`2 endFunction, Action`1 endAction, Task`1 promise, Boolean requiresSynchronization)
--- End of stack trace from previous location ---
   at Dapper.SqlMapper.ExecuteImplAsync(IDbConnection cnn, CommandDefinition command, Object param) in /_/Dapper/SqlMapper.Async.cs:line 662
   at PointOfSale.Infrastructure.Repositories.DiagnosticTelemetryRepository.PurgeOlderThanAsync(DateTime cutoffUtc, CancellationToken cancellationToken) in C:\Users\Albert Zee\Documents\Projects\Point Of Sale\src\PointOfSale.Infrastructure\Repositories\DiagnosticTelemetryRepository.cs:line 96
   at PointOfSale.Infrastructure.Repositories.DiagnosticTelemetryRepository.PurgeOlderThanAsync(DateTime cutoffUtc, CancellationToken cancellationToken) in C:\Users\Albert Zee\Documents\Projects\Point Of Sale\src\PointOfSale.Infrastructure\Repositories\DiagnosticTelemetryRepository.cs:line 96
   at PointOfSale.App.Services.TelemetryDiagnosticService.PurgeExpiredAsync(CancellationToken cancellationToken) in C:\Users\Albert Zee\Documents\Projects\Point Of Sale\src\PointOfSale.App\Services\TelemetryDiagnosticService.cs:line 321
   at PointOfSale.App.Services.HealthCheckWorker.ExecuteAsync(CancellationToken stoppingToken) in C:\Users\Albert Zee\Documents\Projects\Point Of Sale\src\PointOfSale.App\Services\HealthCheckWorker.cs:line 58
ClientConnectionId:0b5d266f-dcbb-43ed-a1f3-cc7f95331861
Error Number:208,State:1,Class:16
2026-07-22 15:21:24.553 +02:00 [ERR] ART Diagnostic Exception HealthCheckWorker null null: Invalid object name 'dbo.DiagnosticTelemetryEvents'.
2026-07-22 15:21:24.761 +02:00 [INF] ART Diagnostic WorkerHeartbeat SystemHealthMonitorService null null: All monitored subsystems healthy.
2026-07-22 15:21:27.876 +02:00 [ERR] Multi-terminal synchronize failed.
Microsoft.Data.SqlClient.SqlException (0x80131904): Invalid object name 'dbo.CashierShifts'.
   at Microsoft.Data.SqlClient.SqlCommand.<>c.<ExecuteDbDataReaderAsync>b__195_0(Task`1 result)
   at System.Threading.Tasks.ContinuationResultTaskFromResultTask`2.InnerInvoke()
   at System.Threading.ExecutionContext.RunInternal(ExecutionContext executionContext, ContextCallback callback, Object state)
--- End of stack trace from previous location ---
   at System.Threading.ExecutionContext.RunInternal(ExecutionContext executionContext, ContextCallback callback, Object state)
   at System.Threading.Tasks.Task.ExecuteWithThreadLocal(Task& currentTaskSlot, Thread threadPoolThread)
--- End of stack trace from previous location ---
   at Dapper.SqlMapper.QueryRowAsync[T](IDbConnection cnn, Row row, Type effectiveType, CommandDefinition command) in /_/Dapper/SqlMapper.Async.cs:line 489
   at PointOfSale.Infrastructure.Repositories.CashierShiftRepository.GetOpenShiftAsync(CancellationToken cancellationToken) in C:\Users\Albert Zee\Documents\Projects\Point Of Sale\src\PointOfSale.Infrastructure\Repositories\CashierShiftRepository.cs:line 41
   at PointOfSale.Infrastructure.Repositories.CashierShiftRepository.GetOpenShiftAsync(CancellationToken cancellationToken) in C:\Users\Albert Zee\Documents\Projects\Point Of Sale\src\PointOfSale.Infrastructure\Repositories\CashierShiftRepository.cs:line 41
   at PointOfSale.App.Services.MultiTerminalSyncBroker.SynchronizeNowAsync(CancellationToken cancellationToken) in C:\Users\Albert Zee\Documents\Projects\Point Of Sale\src\PointOfSale.App\Services\MultiTerminalSyncBroker.cs:line 224
ClientConnectionId:2ceb6bdb-7de3-42b0-95f9-8ad021c6f1dc
Error Number:208,State:1,Class:16
2026-07-22 15:21:42.875 +02:00 [WRN] Performance profiling iteration failed.
Microsoft.Data.SqlClient.SqlException (0x80131904): Invalid object name 'dbo.DiagnosticTelemetryEvents'.
   at Microsoft.Data.SqlClient.SqlCommand.<>c.<ExecuteDbDataReaderAsync>b__195_0(Task`1 result)
   at System.Threading.Tasks.ContinuationResultTaskFromResultTask`2.InnerInvoke()
   at System.Threading.ExecutionContext.RunInternal(ExecutionContext executionContext, ContextCallback callback, Object state)
--- End of stack trace from previous location ---
   at System.Threading.ExecutionContext.RunInternal(ExecutionContext executionContext, ContextCallback callback, Object state)
   at System.Threading.Tasks.Task.ExecuteWithThreadLocal(Task& currentTaskSlot, Thread threadPoolThread)
--- End of stack trace from previous location ---
   at Dapper.SqlMapper.QueryAsync[T](IDbConnection cnn, Type effectiveType, CommandDefinition command) in /_/Dapper/SqlMapper.Async.cs:line 434
   at PointOfSale.Infrastructure.Repositories.DiagnosticTelemetryRepository.GetRecentAsync(Int32 take, String categoryFilter, String severityFilter, String search, CancellationToken cancellationToken) in C:\Users\Albert Zee\Documents\Projects\Point Of Sale\src\PointOfSale.Infrastructure\Repositories\DiagnosticTelemetryRepository.cs:line 68
   at PointOfSale.Infrastructure.Repositories.DiagnosticTelemetryRepository.GetRecentAsync(Int32 take, String categoryFilter, String severityFilter, String search, CancellationToken cancellationToken) in C:\Users\Albert Zee\Documents\Projects\Point Of Sale\src\PointOfSale.Infrastructure\Repositories\DiagnosticTelemetryRepository.cs:line 84
   at PointOfSale.App.Services.PerformanceProfilingService.LoadErrorHistogramAsync(CancellationToken cancellationToken) in C:\Users\Albert Zee\Documents\Projects\Point Of Sale\src\PointOfSale.App\Services\PerformanceProfilingService.cs:line 294
   at PointOfSale.App.Services.PerformanceProfilingService.CaptureSnapshotAsync(CancellationToken cancellationToken) in C:\Users\Albert Zee\Documents\Projects\Point Of Sale\src\PointOfSale.App\Services\PerformanceProfilingService.cs:line 110
   at PointOfSale.App.Services.PerformanceProfilingBackgroundService.ExecuteAsync(CancellationToken stoppingToken) in C:\Users\Albert Zee\Documents\Projects\Point Of Sale\src\PointOfSale.App\Services\PerformanceProfilingBackgroundService.cs:line 59
ClientConnectionId:0b5d266f-dcbb-43ed-a1f3-cc7f95331861
Error Number:208,State:1,Class:16
2026-07-22 15:21:42.917 +02:00 [ERR] Multi-terminal synchronize failed.
Microsoft.Data.SqlClient.SqlException (0x80131904): Invalid object name 'dbo.CashierShifts'.
   at Microsoft.Data.SqlClient.SqlCommand.<>c.<ExecuteDbDataReaderAsync>b__195_0(Task`1 result)
   at System.Threading.Tasks.ContinuationResultTaskFromResultTask`2.InnerInvoke()
   at System.Threading.ExecutionContext.RunInternal(ExecutionContext executionContext, ContextCallback callback, Object state)
--- End of stack trace from previous location ---
   at System.Threading.ExecutionContext.RunInternal(ExecutionContext executionContext, ContextCallback callback, Object state)
   at System.Threading.Tasks.Task.ExecuteWithThreadLocal(Task& currentTaskSlot, Thread threadPoolThread)
--- End of stack trace from previous location ---
   at Dapper.SqlMapper.QueryRowAsync[T](IDbConnection cnn, Row row, Type effectiveType, CommandDefinition command) in /_/Dapper/SqlMapper.Async.cs:line 489
   at PointOfSale.Infrastructure.Repositories.CashierShiftRepository.GetOpenShiftAsync(CancellationToken cancellationToken) in C:\Users\Albert Zee\Documents\Projects\Point Of Sale\src\PointOfSale.Infrastructure\Repositories\CashierShiftRepository.cs:line 41
   at PointOfSale.Infrastructure.Repositories.CashierShiftRepository.GetOpenShiftAsync(CancellationToken cancellationToken) in C:\Users\Albert Zee\Documents\Projects\Point Of Sale\src\PointOfSale.Infrastructure\Repositories\CashierShiftRepository.cs:line 41
   at PointOfSale.App.Services.MultiTerminalSyncBroker.SynchronizeNowAsync(CancellationToken cancellationToken) in C:\Users\Albert Zee\Documents\Projects\Point Of Sale\src\PointOfSale.App\Services\MultiTerminalSyncBroker.cs:line 224
ClientConnectionId:2ceb6bdb-7de3-42b0-95f9-8ad021c6f1dc
Error Number:208,State:1,Class:16
2026-07-22 15:21:57.921 +02:00 [ERR] Multi-terminal synchronize failed.
Microsoft.Data.SqlClient.SqlException (0x80131904): Invalid object name 'dbo.CashierShifts'.
   at Microsoft.Data.SqlClient.SqlCommand.<>c.<ExecuteDbDataReaderAsync>b__195_0(Task`1 result)
   at System.Threading.Tasks.ContinuationResultTaskFromResultTask`2.InnerInvoke()
   at System.Threading.ExecutionContext.RunInternal(ExecutionContext executionContext, ContextCallback callback, Object state)
--- End of stack trace from previous location ---
   at System.Threading.ExecutionContext.RunInternal(ExecutionContext executionContext, ContextCallback callback, Object state)
   at System.Threading.Tasks.Task.ExecuteWithThreadLocal(Task& currentTaskSlot, Thread threadPoolThread)
--- End of stack trace from previous location ---
   at Dapper.SqlMapper.QueryRowAsync[T](IDbConnection cnn, Row row, Type effectiveType, CommandDefinition command) in /_/Dapper/SqlMapper.Async.cs:line 489
   at PointOfSale.Infrastructure.Repositories.CashierShiftRepository.GetOpenShiftAsync(CancellationToken cancellationToken) in C:\Users\Albert Zee\Documents\Projects\Point Of Sale\src\PointOfSale.Infrastructure\Repositories\CashierShiftRepository.cs:line 41
   at PointOfSale.Infrastructure.Repositories.CashierShiftRepository.GetOpenShiftAsync(CancellationToken cancellationToken) in C:\Users\Albert Zee\Documents\Projects\Point Of Sale\src\PointOfSale.Infrastructure\Repositories\CashierShiftRepository.cs:line 41
   at PointOfSale.App.Services.MultiTerminalSyncBroker.SynchronizeNowAsync(CancellationToken cancellationToken) in C:\Users\Albert Zee\Documents\Projects\Point Of Sale\src\PointOfSale.App\Services\MultiTerminalSyncBroker.cs:line 224
ClientConnectionId:2ceb6bdb-7de3-42b0-95f9-8ad021c6f1dc
Error Number:208,State:1,Class:16
2026-07-22 15:22:02.773 +02:00 [ERR] Inventory alert scan iteration failed.
Microsoft.Data.SqlClient.SqlException (0x80131904): Invalid column name 'CatalogSource'.
Invalid column name 'HeadOfficeRevisionUtc'.
Invalid column name 'LastReplicatedAtUtc'.
Invalid column name 'MinReorderQty'.
Invalid column name 'MaxStockCapacity'.
Invalid column name 'SupplierCode'.
Invalid column name 'SupplierName'.
Invalid column name 'AverageUnitCost'.
Invalid column name 'MarkupPercent'.
   at Microsoft.Data.SqlClient.SqlCommand.<>c.<ExecuteDbDataReaderAsync>b__195_0(Task`1 result)
   at System.Threading.Tasks.ContinuationResultTaskFromResultTask`2.InnerInvoke()
   at System.Threading.ExecutionContext.RunInternal(ExecutionContext executionContext, ContextCallback callback, Object state)
--- End of stack trace from previous location ---
   at System.Threading.ExecutionContext.RunInternal(ExecutionContext executionContext, ContextCallback callback, Object state)
   at System.Threading.Tasks.Task.ExecuteWithThreadLocal(Task& currentTaskSlot, Thread threadPoolThread)
--- End of stack trace from previous location ---
   at Dapper.SqlMapper.QueryAsync[T](IDbConnection cnn, Type effectiveType, CommandDefinition command) in /_/Dapper/SqlMapper.Async.cs:line 434
   at PointOfSale.Infrastructure.Repositories.LocalInventoryRepository.GetAllAsync(CancellationToken cancellationToken) in C:\Users\Albert Zee\Documents\Projects\Point Of Sale\src\PointOfSale.Infrastructure\Repositories\LocalInventoryRepository.cs:line 68
   at PointOfSale.Infrastructure.Repositories.LocalInventoryRepository.GetAllAsync(CancellationToken cancellationToken) in C:\Users\Albert Zee\Documents\Projects\Point Of Sale\src\PointOfSale.Infrastructure\Repositories\LocalInventoryRepository.cs:line 71
   at PointOfSale.App.Services.InventoryAlertService.ScanAsync(CancellationToken cancellationToken) in C:\Users\Albert Zee\Documents\Projects\Point Of Sale\src\PointOfSale.App\Services\InventoryAlertService.cs:line 68
   at PointOfSale.App.Services.InventoryAlertBackgroundService.ExecuteAsync(CancellationToken stoppingToken) in C:\Users\Albert Zee\Documents\Projects\Point Of Sale\src\PointOfSale.App\Services\InventoryAlertService.cs:line 313
ClientConnectionId:2ceb6bdb-7de3-42b0-95f9-8ad021c6f1dc
Error Number:207,State:1,Class:16
2026-07-22 15:22:09.569 +02:00 [INF] ART Diagnostic WorkerHeartbeat HealthCheckWorker null null: Heartbeat
2026-07-22 15:22:09.579 +02:00 [INF] ART Diagnostic DatabaseLatency SqlExpress 4 null: SQL round-trip 4 ms
2026-07-22 15:22:09.686 +02:00 [INF] ART Diagnostic MraConnectivity MraEis 102 404: MRA reachable (404) in 102 ms.
2026-07-22 15:22:09.781 +02:00 [INF] ART Diagnostic DatabaseLatency SqlExpress 6 null: SQL round-trip 6 ms
2026-07-22 15:22:09.841 +02:00 [INF] ART Diagnostic MraConnectivity MraEis 39 404: MRA reachable (404) in 39 ms.
2026-07-22 15:22:09.848 +02:00 [INF] ART Diagnostic HealthCheck HealthCheckWorker 4 null: All subsystems healthy (SQL 4 ms, disk 51.72 GB free).
2026-07-22 15:22:09.963 +02:00 [ERR] HealthCheckWorker iteration failed.
Microsoft.Data.SqlClient.SqlException (0x80131904): Invalid object name 'dbo.DiagnosticTelemetryEvents'.
   at Microsoft.Data.SqlClient.SqlConnection.OnError(SqlException exception, Boolean breakConnection, Action`1 wrapCloseInAction)
   at Microsoft.Data.SqlClient.SqlInternalConnection.OnError(SqlException exception, Boolean breakConnection, Action`1 wrapCloseInAction)
   at Microsoft.Data.SqlClient.TdsParser.ThrowExceptionAndWarning(TdsParserStateObject stateObj, SqlCommand command, Boolean callerHasConnectionLock, Boolean asyncClose)
   at Microsoft.Data.SqlClient.TdsParser.TryRun(RunBehavior runBehavior, SqlCommand cmdHandler, SqlDataReader dataStream, BulkCopySimpleResultSet bulkCopyHandler, TdsParserStateObject stateObj, Boolean& dataReady)
   at Microsoft.Data.SqlClient.SqlCommand.FinishExecuteReader(SqlDataReader ds, RunBehavior runBehavior, String resetOptionsString, Boolean isInternal, Boolean forDescribeParameterEncryption, Boolean shouldCacheForAlwaysEncrypted)
   at Microsoft.Data.SqlClient.SqlCommand.CompleteAsyncExecuteReader(Boolean isInternal, Boolean forDescribeParameterEncryption)
   at Microsoft.Data.SqlClient.SqlCommand.InternalEndExecuteNonQuery(IAsyncResult asyncResult, Boolean isInternal, String endMethod)
   at Microsoft.Data.SqlClient.SqlCommand.EndExecuteNonQueryInternal(IAsyncResult asyncResult)
   at Microsoft.Data.SqlClient.SqlCommand.EndExecuteNonQueryAsync(IAsyncResult asyncResult)
   at Microsoft.Data.SqlClient.SqlCommand.<>c.<InternalExecuteNonQueryAsync>b__193_1(IAsyncResult asyncResult)
   at System.Threading.Tasks.TaskFactory`1.FromAsyncCoreLogic(IAsyncResult iar, Func`2 endFunction, Action`1 endAction, Task`1 promise, Boolean requiresSynchronization)
--- End of stack trace from previous location ---
   at Dapper.SqlMapper.ExecuteImplAsync(IDbConnection cnn, CommandDefinition command, Object param) in /_/Dapper/SqlMapper.Async.cs:line 662
   at PointOfSale.Infrastructure.Repositories.DiagnosticTelemetryRepository.PurgeOlderThanAsync(DateTime cutoffUtc, CancellationToken cancellationToken) in C:\Users\Albert Zee\Documents\Projects\Point Of Sale\src\PointOfSale.Infrastructure\Repositories\DiagnosticTelemetryRepository.cs:line 96
   at PointOfSale.Infrastructure.Repositories.DiagnosticTelemetryRepository.PurgeOlderThanAsync(DateTime cutoffUtc, CancellationToken cancellationToken) in C:\Users\Albert Zee\Documents\Projects\Point Of Sale\src\PointOfSale.Infrastructure\Repositories\DiagnosticTelemetryRepository.cs:line 96
   at PointOfSale.App.Services.TelemetryDiagnosticService.PurgeExpiredAsync(CancellationToken cancellationToken) in C:\Users\Albert Zee\Documents\Projects\Point Of Sale\src\PointOfSale.App\Services\TelemetryDiagnosticService.cs:line 321
   at PointOfSale.App.Services.HealthCheckWorker.ExecuteAsync(CancellationToken stoppingToken) in C:\Users\Albert Zee\Documents\Projects\Point Of Sale\src\PointOfSale.App\Services\HealthCheckWorker.cs:line 58
ClientConnectionId:2ceb6bdb-7de3-42b0-95f9-8ad021c6f1dc
Error Number:208,State:1,Class:16
2026-07-22 15:22:09.982 +02:00 [ERR] ART Diagnostic Exception HealthCheckWorker null null: Invalid object name 'dbo.DiagnosticTelemetryEvents'.
2026-07-22 15:22:10.087 +02:00 [INF] ART Diagnostic HealthCheck HealthCheckWorker 6 null: All subsystems healthy (SQL 6 ms, disk 51.72 GB free).
2026-07-22 15:22:10.385 +02:00 [INF] ART Diagnostic WorkerHeartbeat SystemHealthMonitorService null null: All monitored subsystems healthy.
2026-07-22 15:22:12.883 +02:00 [WRN] Performance profiling iteration failed.
Microsoft.Data.SqlClient.SqlException (0x80131904): Invalid object name 'dbo.DiagnosticTelemetryEvents'.
   at Microsoft.Data.SqlClient.SqlCommand.<>c.<ExecuteDbDataReaderAsync>b__195_0(Task`1 result)
   at System.Threading.Tasks.ContinuationResultTaskFromResultTask`2.InnerInvoke()
   at System.Threading.ExecutionContext.RunInternal(ExecutionContext executionContext, ContextCallback callback, Object state)
--- End of stack trace from previous location ---
   at System.Threading.ExecutionContext.RunInternal(ExecutionContext executionContext, ContextCallback callback, Object state)
   at System.Threading.Tasks.Task.ExecuteWithThreadLocal(Task& currentTaskSlot, Thread threadPoolThread)
--- End of stack trace from previous location ---
   at Dapper.SqlMapper.QueryAsync[T](IDbConnection cnn, Type effectiveType, CommandDefinition command) in /_/Dapper/SqlMapper.Async.cs:line 434
   at PointOfSale.Infrastructure.Repositories.DiagnosticTelemetryRepository.GetRecentAsync(Int32 take, String categoryFilter, String severityFilter, String search, CancellationToken cancellationToken) in C:\Users\Albert Zee\Documents\Projects\Point Of Sale\src\PointOfSale.Infrastructure\Repositories\DiagnosticTelemetryRepository.cs:line 68
   at PointOfSale.Infrastructure.Repositories.DiagnosticTelemetryRepository.GetRecentAsync(Int32 take, String categoryFilter, String severityFilter, String search, CancellationToken cancellationToken) in C:\Users\Albert Zee\Documents\Projects\Point Of Sale\src\PointOfSale.Infrastructure\Repositories\DiagnosticTelemetryRepository.cs:line 84
   at PointOfSale.App.Services.PerformanceProfilingService.LoadErrorHistogramAsync(CancellationToken cancellationToken) in C:\Users\Albert Zee\Documents\Projects\Point Of Sale\src\PointOfSale.App\Services\PerformanceProfilingService.cs:line 294
   at PointOfSale.App.Services.PerformanceProfilingService.CaptureSnapshotAsync(CancellationToken cancellationToken) in C:\Users\Albert Zee\Documents\Projects\Point Of Sale\src\PointOfSale.App\Services\PerformanceProfilingService.cs:line 110
   at PointOfSale.App.Services.PerformanceProfilingBackgroundService.ExecuteAsync(CancellationToken stoppingToken) in C:\Users\Albert Zee\Documents\Projects\Point Of Sale\src\PointOfSale.App\Services\PerformanceProfilingBackgroundService.cs:line 59
ClientConnectionId:2ceb6bdb-7de3-42b0-95f9-8ad021c6f1dc
Error Number:208,State:1,Class:16
2026-07-22 15:22:12.937 +02:00 [ERR] Multi-terminal synchronize failed.
Microsoft.Data.SqlClient.SqlException (0x80131904): Invalid object name 'dbo.CashierShifts'.
   at System.Threading.Tasks.ContinuationResultTaskFromResultTask`2.InnerInvoke()
   at System.Threading.ExecutionContext.RunInternal(ExecutionContext executionContext, ContextCallback callback, Object state)
--- End of stack trace from previous location ---
   at System.Threading.ExecutionContext.RunInternal(ExecutionContext executionContext, ContextCallback callback, Object state)
   at System.Threading.Tasks.Task.ExecuteWithThreadLocal(Task& currentTaskSlot, Thread threadPoolThread)
--- End of stack trace from previous location ---
   at Dapper.SqlMapper.QueryRowAsync[T](IDbConnection cnn, Row row, Type effectiveType, CommandDefinition command) in /_/Dapper/SqlMapper.Async.cs:line 489
   at PointOfSale.Infrastructure.Repositories.CashierShiftRepository.GetOpenShiftAsync(CancellationToken cancellationToken) in C:\Users\Albert Zee\Documents\Projects\Point Of Sale\src\PointOfSale.Infrastructure\Repositories\CashierShiftRepository.cs:line 41
   at PointOfSale.Infrastructure.Repositories.CashierShiftRepository.GetOpenShiftAsync(CancellationToken cancellationToken) in C:\Users\Albert Zee\Documents\Projects\Point Of Sale\src\PointOfSale.Infrastructure\Repositories\CashierShiftRepository.cs:line 41
   at PointOfSale.App.Services.MultiTerminalSyncBroker.SynchronizeNowAsync(CancellationToken cancellationToken) in C:\Users\Albert Zee\Documents\Projects\Point Of Sale\src\PointOfSale.App\Services\MultiTerminalSyncBroker.cs:line 224
ClientConnectionId:2ceb6bdb-7de3-42b0-95f9-8ad021c6f1dc
Error Number:208,State:1,Class:16
2026-07-22 15:22:27.949 +02:00 [ERR] Multi-terminal synchronize failed.
Microsoft.Data.SqlClient.SqlException (0x80131904): Invalid object name 'dbo.CashierShifts'.
   at System.Threading.Tasks.ContinuationResultTaskFromResultTask`2.InnerInvoke()
   at System.Threading.ExecutionContext.RunInternal(ExecutionContext executionContext, ContextCallback callback, Object state)
--- End of stack trace from previous location ---
   at System.Threading.ExecutionContext.RunInternal(ExecutionContext executionContext, ContextCallback callback, Object state)
   at System.Threading.Tasks.Task.ExecuteWithThreadLocal(Task& currentTaskSlot, Thread threadPoolThread)
--- End of stack trace from previous location ---
   at Dapper.SqlMapper.QueryRowAsync[T](IDbConnection cnn, Row row, Type effectiveType, CommandDefinition command) in /_/Dapper/SqlMapper.Async.cs:line 489
   at PointOfSale.Infrastructure.Repositories.CashierShiftRepository.GetOpenShiftAsync(CancellationToken cancellationToken) in C:\Users\Albert Zee\Documents\Projects\Point Of Sale\src\PointOfSale.Infrastructure\Repositories\CashierShiftRepository.cs:line 41
   at PointOfSale.Infrastructure.Repositories.CashierShiftRepository.GetOpenShiftAsync(CancellationToken cancellationToken) in C:\Users\Albert Zee\Documents\Projects\Point Of Sale\src\PointOfSale.Infrastructure\Repositories\CashierShiftRepository.cs:line 41
   at PointOfSale.App.Services.MultiTerminalSyncBroker.SynchronizeNowAsync(CancellationToken cancellationToken) in C:\Users\Albert Zee\Documents\Projects\Point Of Sale\src\PointOfSale.App\Services\MultiTerminalSyncBroker.cs:line 224
ClientConnectionId:2ceb6bdb-7de3-42b0-95f9-8ad021c6f1dc
Error Number:208,State:1,Class:16
2026-07-22 15:22:42.898 +02:00 [WRN] Performance profiling iteration failed.
Microsoft.Data.SqlClient.SqlException (0x80131904): Invalid object name 'dbo.DiagnosticTelemetryEvents'.
   at System.Threading.Tasks.ContinuationResultTaskFromResultTask`2.InnerInvoke()
   at System.Threading.ExecutionContext.RunInternal(ExecutionContext executionContext, ContextCallback callback, Object state)
--- End of stack trace from previous location ---
   at System.Threading.ExecutionContext.RunInternal(ExecutionContext executionContext, ContextCallback callback, Object state)
   at System.Threading.Tasks.Task.ExecuteWithThreadLocal(Task& currentTaskSlot, Thread threadPoolThread)
--- End of stack trace from previous location ---
   at Dapper.SqlMapper.QueryAsync[T](IDbConnection cnn, Type effectiveType, CommandDefinition command) in /_/Dapper/SqlMapper.Async.cs:line 434
   at PointOfSale.Infrastructure.Repositories.DiagnosticTelemetryRepository.GetRecentAsync(Int32 take, String categoryFilter, String severityFilter, String search, CancellationToken cancellationToken) in C:\Users\Albert Zee\Documents\Projects\Point Of Sale\src\PointOfSale.Infrastructure\Repositories\DiagnosticTelemetryRepository.cs:line 68
   at PointOfSale.Infrastructure.Repositories.DiagnosticTelemetryRepository.GetRecentAsync(Int32 take, String categoryFilter, String severityFilter, String search, CancellationToken cancellationToken) in C:\Users\Albert Zee\Documents\Projects\Point Of Sale\src\PointOfSale.Infrastructure\Repositories\DiagnosticTelemetryRepository.cs:line 84
   at PointOfSale.App.Services.PerformanceProfilingService.LoadErrorHistogramAsync(CancellationToken cancellationToken) in C:\Users\Albert Zee\Documents\Projects\Point Of Sale\src\PointOfSale.App\Services\PerformanceProfilingService.cs:line 294
   at PointOfSale.App.Services.PerformanceProfilingService.CaptureSnapshotAsync(CancellationToken cancellationToken) in C:\Users\Albert Zee\Documents\Projects\Point Of Sale\src\PointOfSale.App\Services\PerformanceProfilingService.cs:line 110
   at PointOfSale.App.Services.PerformanceProfilingBackgroundService.ExecuteAsync(CancellationToken stoppingToken) in C:\Users\Albert Zee\Documents\Projects\Point Of Sale\src\PointOfSale.App\Services\PerformanceProfilingBackgroundService.cs:line 59
ClientConnectionId:2ceb6bdb-7de3-42b0-95f9-8ad021c6f1dc
Error Number:208,State:1,Class:16
2026-07-22 15:22:42.956 +02:00 [ERR] Multi-terminal synchronize failed.
Microsoft.Data.SqlClient.SqlException (0x80131904): Invalid object name 'dbo.CashierShifts'.
   at System.Threading.Tasks.ContinuationResultTaskFromResultTask`2.InnerInvoke()
   at System.Threading.ExecutionContext.RunInternal(ExecutionContext executionContext, ContextCallback callback, Object state)
--- End of stack trace from previous location ---
   at System.Threading.ExecutionContext.RunInternal(ExecutionContext executionContext, ContextCallback callback, Object state)
   at System.Threading.Tasks.Task.ExecuteWithThreadLocal(Task& currentTaskSlot, Thread threadPoolThread)
--- End of stack trace from previous location ---
   at Dapper.SqlMapper.QueryRowAsync[T](IDbConnection cnn, Row row, Type effectiveType, CommandDefinition command) in /_/Dapper/SqlMapper.Async.cs:line 489
   at PointOfSale.Infrastructure.Repositories.CashierShiftRepository.GetOpenShiftAsync(CancellationToken cancellationToken) in C:\Users\Albert Zee\Documents\Projects\Point Of Sale\src\PointOfSale.Infrastructure\Repositories\CashierShiftRepository.cs:line 41
   at PointOfSale.Infrastructure.Repositories.CashierShiftRepository.GetOpenShiftAsync(CancellationToken cancellationToken) in C:\Users\Albert Zee\Documents\Projects\Point Of Sale\src\PointOfSale.Infrastructure\Repositories\CashierShiftRepository.cs:line 41
   at PointOfSale.App.Services.MultiTerminalSyncBroker.SynchronizeNowAsync(CancellationToken cancellationToken) in C:\Users\Albert Zee\Documents\Projects\Point Of Sale\src\PointOfSale.App\Services\MultiTerminalSyncBroker.cs:line 224
ClientConnectionId:2ceb6bdb-7de3-42b0-95f9-8ad021c6f1dc
Error Number:208,State:1,Class:16
2026-07-22 15:22:55.022 +02:00 [INF] ART Diagnostic WorkerHeartbeat HealthCheckWorker null null: Heartbeat
2026-07-22 15:22:55.049 +02:00 [INF] ART Diagnostic DatabaseLatency SqlExpress 5 null: SQL round-trip 5 ms
2026-07-22 15:22:55.414 +02:00 [INF] ART Diagnostic DatabaseLatency SqlExpress 1 null: SQL round-trip 1 ms
2026-07-22 15:22:55.541 +02:00 [INF] ART Diagnostic MraConnectivity MraEis 122 404: MRA reachable (404) in 122 ms.
2026-07-22 15:22:55.708 +02:00 [INF] ART Diagnostic HealthCheck HealthCheckWorker 1 null: All subsystems healthy (SQL 1 ms, disk 51.72 GB free).
2026-07-22 15:22:55.903 +02:00 [INF] ART Diagnostic WorkerHeartbeat SystemHealthMonitorService null null: All monitored subsystems healthy.
2026-07-22 15:22:56.551 +02:00 [INF] ART Diagnostic MraConnectivity MraEis 1497 404: MRA reachable (404) in 1497 ms.
2026-07-22 15:22:56.891 +02:00 [INF] ART Diagnostic HealthCheck HealthCheckWorker 5 null: All subsystems healthy (SQL 5 ms, disk 51.72 GB free).
2026-07-22 15:22:56.897 +02:00 [ERR] HealthCheckWorker iteration failed.
Microsoft.Data.SqlClient.SqlException (0x80131904): Invalid object name 'dbo.DiagnosticTelemetryEvents'.
   at Microsoft.Data.SqlClient.SqlConnection.OnError(SqlException exception, Boolean breakConnection, Action`1 wrapCloseInAction)
   at Microsoft.Data.SqlClient.SqlInternalConnection.OnError(SqlException exception, Boolean breakConnection, Action`1 wrapCloseInAction)
   at Microsoft.Data.SqlClient.TdsParser.ThrowExceptionAndWarning(TdsParserStateObject stateObj, SqlCommand command, Boolean callerHasConnectionLock, Boolean asyncClose)
   at Microsoft.Data.SqlClient.TdsParser.TryRun(RunBehavior runBehavior, SqlCommand cmdHandler, SqlDataReader dataStream, BulkCopySimpleResultSet bulkCopyHandler, TdsParserStateObject stateObj, Boolean& dataReady)
   at Microsoft.Data.SqlClient.SqlCommand.FinishExecuteReader(SqlDataReader ds, RunBehavior runBehavior, String resetOptionsString, Boolean isInternal, Boolean forDescribeParameterEncryption, Boolean shouldCacheForAlwaysEncrypted)
   at Microsoft.Data.SqlClient.SqlCommand.CompleteAsyncExecuteReader(Boolean isInternal, Boolean forDescribeParameterEncryption)
   at Microsoft.Data.SqlClient.SqlCommand.InternalEndExecuteNonQuery(IAsyncResult asyncResult, Boolean isInternal, String endMethod)
   at Microsoft.Data.SqlClient.SqlCommand.EndExecuteNonQueryInternal(IAsyncResult asyncResult)
   at Microsoft.Data.SqlClient.SqlCommand.EndExecuteNonQueryAsync(IAsyncResult asyncResult)
   at Microsoft.Data.SqlClient.SqlCommand.<>c.<InternalExecuteNonQueryAsync>b__193_1(IAsyncResult asyncResult)
   at System.Threading.Tasks.TaskFactory`1.FromAsyncCoreLogic(IAsyncResult iar, Func`2 endFunction, Action`1 endAction, Task`1 promise, Boolean requiresSynchronization)
--- End of stack trace from previous location ---
   at Dapper.SqlMapper.ExecuteImplAsync(IDbConnection cnn, CommandDefinition command, Object param) in /_/Dapper/SqlMapper.Async.cs:line 662
   at PointOfSale.Infrastructure.Repositories.DiagnosticTelemetryRepository.PurgeOlderThanAsync(DateTime cutoffUtc, CancellationToken cancellationToken) in C:\Users\Albert Zee\Documents\Projects\Point Of Sale\src\PointOfSale.Infrastructure\Repositories\DiagnosticTelemetryRepository.cs:line 96
   at PointOfSale.Infrastructure.Repositories.DiagnosticTelemetryRepository.PurgeOlderThanAsync(DateTime cutoffUtc, CancellationToken cancellationToken) in C:\Users\Albert Zee\Documents\Projects\Point Of Sale\src\PointOfSale.Infrastructure\Repositories\DiagnosticTelemetryRepository.cs:line 96
   at PointOfSale.App.Services.TelemetryDiagnosticService.PurgeExpiredAsync(CancellationToken cancellationToken) in C:\Users\Albert Zee\Documents\Projects\Point Of Sale\src\PointOfSale.App\Services\TelemetryDiagnosticService.cs:line 321
   at PointOfSale.App.Services.HealthCheckWorker.ExecuteAsync(CancellationToken stoppingToken) in C:\Users\Albert Zee\Documents\Projects\Point Of Sale\src\PointOfSale.App\Services\HealthCheckWorker.cs:line 58
ClientConnectionId:2ceb6bdb-7de3-42b0-95f9-8ad021c6f1dc
Error Number:208,State:1,Class:16
2026-07-22 15:22:56.900 +02:00 [ERR] ART Diagnostic Exception HealthCheckWorker null null: Invalid object name 'dbo.DiagnosticTelemetryEvents'.
2026-07-22 15:22:57.966 +02:00 [ERR] Multi-terminal synchronize failed.
Microsoft.Data.SqlClient.SqlException (0x80131904): Invalid object name 'dbo.CashierShifts'.
   at System.Threading.Tasks.ContinuationResultTaskFromResultTask`2.InnerInvoke()
   at System.Threading.ExecutionContext.RunInternal(ExecutionContext executionContext, ContextCallback callback, Object state)
--- End of stack trace from previous location ---
   at System.Threading.ExecutionContext.RunInternal(ExecutionContext executionContext, ContextCallback callback, Object state)
   at System.Threading.Tasks.Task.ExecuteWithThreadLocal(Task& currentTaskSlot, Thread threadPoolThread)
--- End of stack trace from previous location ---
   at Dapper.SqlMapper.QueryRowAsync[T](IDbConnection cnn, Row row, Type effectiveType, CommandDefinition command) in /_/Dapper/SqlMapper.Async.cs:line 489
   at PointOfSale.Infrastructure.Repositories.CashierShiftRepository.GetOpenShiftAsync(CancellationToken cancellationToken) in C:\Users\Albert Zee\Documents\Projects\Point Of Sale\src\PointOfSale.Infrastructure\Repositories\CashierShiftRepository.cs:line 41
   at PointOfSale.Infrastructure.Repositories.CashierShiftRepository.GetOpenShiftAsync(CancellationToken cancellationToken) in C:\Users\Albert Zee\Documents\Projects\Point Of Sale\src\PointOfSale.Infrastructure\Repositories\CashierShiftRepository.cs:line 41
   at PointOfSale.App.Services.MultiTerminalSyncBroker.SynchronizeNowAsync(CancellationToken cancellationToken) in C:\Users\Albert Zee\Documents\Projects\Point Of Sale\src\PointOfSale.App\Services\MultiTerminalSyncBroker.cs:line 224
ClientConnectionId:2ceb6bdb-7de3-42b0-95f9-8ad021c6f1dc
Error Number:208,State:1,Class:16
2026-07-22 15:22:59.203 +02:00 [ERR] First-run infrastructure bootstrap failed.
Microsoft.Data.SqlClient.SqlException (0x80131904): Incorrect syntax near the keyword 'Trigger'.
   at Microsoft.Data.SqlClient.SqlConnection.OnError(SqlException exception, Boolean breakConnection, Action`1 wrapCloseInAction)
   at Microsoft.Data.SqlClient.SqlInternalConnection.OnError(SqlException exception, Boolean breakConnection, Action`1 wrapCloseInAction)
   at Microsoft.Data.SqlClient.TdsParser.ThrowExceptionAndWarning(TdsParserStateObject stateObj, SqlCommand command, Boolean callerHasConnectionLock, Boolean asyncClose)
   at Microsoft.Data.SqlClient.TdsParser.TryRun(RunBehavior runBehavior, SqlCommand cmdHandler, SqlDataReader dataStream, BulkCopySimpleResultSet bulkCopyHandler, TdsParserStateObject stateObj, Boolean& dataReady)
   at Microsoft.Data.SqlClient.SqlCommand.InternalEndExecuteNonQuery(IAsyncResult asyncResult, Boolean isInternal, String endMethod)
   at Microsoft.Data.SqlClient.SqlCommand.EndExecuteNonQueryInternal(IAsyncResult asyncResult)
   at Microsoft.Data.SqlClient.SqlCommand.EndExecuteNonQueryAsync(IAsyncResult asyncResult)
   at Microsoft.Data.SqlClient.SqlCommand.<>c.<InternalExecuteNonQueryAsync>b__193_1(IAsyncResult asyncResult)
   at System.Threading.Tasks.TaskFactory`1.FromAsyncCoreLogic(IAsyncResult iar, Func`2 endFunction, Action`1 endAction, Task`1 promise, Boolean requiresSynchronization)
--- End of stack trace from previous location ---
   at PointOfSale.App.Services.DatabaseBootstrapService.EnsureMigrationsAsync(SqlConnection connection, CancellationToken cancellationToken) in C:\Users\Albert Zee\Documents\Projects\Point Of Sale\src\PointOfSale.App\Services\DatabaseBootstrapService.cs:line 1133
   at PointOfSale.App.Services.DatabaseBootstrapService.EnsureMigrationsAsync(SqlConnection connection, CancellationToken cancellationToken) in C:\Users\Albert Zee\Documents\Projects\Point Of Sale\src\PointOfSale.App\Services\DatabaseBootstrapService.cs:line 1133
   at PointOfSale.App.Services.DatabaseBootstrapService.EnsureDatabaseReadyAsync(CancellationToken cancellationToken) in C:\Users\Albert Zee\Documents\Projects\Point Of Sale\src\PointOfSale.App\Services\DatabaseBootstrapService.cs:line 52
   at PointOfSale.App.Services.DatabaseBootstrapService.EnsureDatabaseReadyAsync(CancellationToken cancellationToken) in C:\Users\Albert Zee\Documents\Projects\Point Of Sale\src\PointOfSale.App\Services\DatabaseBootstrapService.cs:line 56
   at PointOfSale.App.Services.FirstRunBootstrapService.EnsureInfrastructureAsync(CancellationToken cancellationToken) in C:\Users\Albert Zee\Documents\Projects\Point Of Sale\src\PointOfSale.App\Services\FirstRunBootstrapService.cs:line 159
ClientConnectionId:2ceb6bdb-7de3-42b0-95f9-8ad021c6f1dc
Error Number:156,State:1,Class:15
2026-07-22 15:23:02.108 +02:00 [ERR] First-run infrastructure bootstrap failed.
Microsoft.Data.SqlClient.SqlException (0x80131904): Incorrect syntax near the keyword 'Trigger'.
   at Microsoft.Data.SqlClient.SqlConnection.OnError(SqlException exception, Boolean breakConnection, Action`1 wrapCloseInAction)
   at Microsoft.Data.SqlClient.SqlInternalConnection.OnError(SqlException exception, Boolean breakConnection, Action`1 wrapCloseInAction)
   at Microsoft.Data.SqlClient.TdsParser.ThrowExceptionAndWarning(TdsParserStateObject stateObj, SqlCommand command, Boolean callerHasConnectionLock, Boolean asyncClose)
   at Microsoft.Data.SqlClient.TdsParser.TryRun(RunBehavior runBehavior, SqlCommand cmdHandler, SqlDataReader dataStream, BulkCopySimpleResultSet bulkCopyHandler, TdsParserStateObject stateObj, Boolean& dataReady)
   at Microsoft.Data.SqlClient.SqlCommand.InternalEndExecuteNonQuery(IAsyncResult asyncResult, Boolean isInternal, String endMethod)
   at Microsoft.Data.SqlClient.SqlCommand.EndExecuteNonQueryInternal(IAsyncResult asyncResult)
   at Microsoft.Data.SqlClient.SqlCommand.EndExecuteNonQueryAsync(IAsyncResult asyncResult)
   at Microsoft.Data.SqlClient.SqlCommand.<>c.<InternalExecuteNonQueryAsync>b__193_1(IAsyncResult asyncResult)
   at System.Threading.Tasks.TaskFactory`1.FromAsyncCoreLogic(IAsyncResult iar, Func`2 endFunction, Action`1 endAction, Task`1 promise, Boolean requiresSynchronization)
--- End of stack trace from previous location ---
   at PointOfSale.App.Services.DatabaseBootstrapService.EnsureMigrationsAsync(SqlConnection connection, CancellationToken cancellationToken) in C:\Users\Albert Zee\Documents\Projects\Point Of Sale\src\PointOfSale.App\Services\DatabaseBootstrapService.cs:line 1133
   at PointOfSale.App.Services.DatabaseBootstrapService.EnsureMigrationsAsync(SqlConnection connection, CancellationToken cancellationToken) in C:\Users\Albert Zee\Documents\Projects\Point Of Sale\src\PointOfSale.App\Services\DatabaseBootstrapService.cs:line 1133
   at PointOfSale.App.Services.DatabaseBootstrapService.EnsureDatabaseReadyAsync(CancellationToken cancellationToken) in C:\Users\Albert Zee\Documents\Projects\Point Of Sale\src\PointOfSale.App\Services\DatabaseBootstrapService.cs:line 52
   at PointOfSale.App.Services.DatabaseBootstrapService.EnsureDatabaseReadyAsync(CancellationToken cancellationToken) in C:\Users\Albert Zee\Documents\Projects\Point Of Sale\src\PointOfSale.App\Services\DatabaseBootstrapService.cs:line 56
   at PointOfSale.App.Services.FirstRunBootstrapService.EnsureInfrastructureAsync(CancellationToken cancellationToken) in C:\Users\Albert Zee\Documents\Projects\Point Of Sale\src\PointOfSale.App\Services\FirstRunBootstrapService.cs:line 159
ClientConnectionId:0b5d266f-dcbb-43ed-a1f3-cc7f95331861
Error Number:156,State:1,Class:15
2026-07-22 15:23:02.777 +02:00 [ERR] Inventory alert scan iteration failed.
Microsoft.Data.SqlClient.SqlException (0x80131904): Invalid column name 'CatalogSource'.
Invalid column name 'HeadOfficeRevisionUtc'.
Invalid column name 'LastReplicatedAtUtc'.
Invalid column name 'MinReorderQty'.
Invalid column name 'MaxStockCapacity'.
Invalid column name 'SupplierCode'.
Invalid column name 'SupplierName'.
Invalid column name 'AverageUnitCost'.
Invalid column name 'MarkupPercent'.
   at System.Threading.Tasks.ContinuationResultTaskFromResultTask`2.InnerInvoke()
   at System.Threading.ExecutionContext.RunInternal(ExecutionContext executionContext, ContextCallback callback, Object state)
--- End of stack trace from previous location ---
   at System.Threading.ExecutionContext.RunInternal(ExecutionContext executionContext, ContextCallback callback, Object state)
   at System.Threading.Tasks.Task.ExecuteWithThreadLocal(Task& currentTaskSlot, Thread threadPoolThread)
--- End of stack trace from previous location ---
   at Dapper.SqlMapper.QueryAsync[T](IDbConnection cnn, Type effectiveType, CommandDefinition command) in /_/Dapper/SqlMapper.Async.cs:line 434
   at PointOfSale.Infrastructure.Repositories.LocalInventoryRepository.GetAllAsync(CancellationToken cancellationToken) in C:\Users\Albert Zee\Documents\Projects\Point Of Sale\src\PointOfSale.Infrastructure\Repositories\LocalInventoryRepository.cs:line 68
   at PointOfSale.Infrastructure.Repositories.LocalInventoryRepository.GetAllAsync(CancellationToken cancellationToken) in C:\Users\Albert Zee\Documents\Projects\Point Of Sale\src\PointOfSale.Infrastructure\Repositories\LocalInventoryRepository.cs:line 71
   at PointOfSale.App.Services.InventoryAlertService.ScanAsync(CancellationToken cancellationToken) in C:\Users\Albert Zee\Documents\Projects\Point Of Sale\src\PointOfSale.App\Services\InventoryAlertService.cs:line 68
   at PointOfSale.App.Services.InventoryAlertBackgroundService.ExecuteAsync(CancellationToken stoppingToken) in C:\Users\Albert Zee\Documents\Projects\Point Of Sale\src\PointOfSale.App\Services\InventoryAlertService.cs:line 313
ClientConnectionId:0b5d266f-dcbb-43ed-a1f3-cc7f95331861
Error Number:207,State:1,Class:16
2026-07-22 15:23:06.280 +02:00 [ERR] First-run infrastructure bootstrap failed.
Microsoft.Data.SqlClient.SqlException (0x80131904): Incorrect syntax near the keyword 'Trigger'.
   at Microsoft.Data.SqlClient.SqlConnection.OnError(SqlException exception, Boolean breakConnection, Action`1 wrapCloseInAction)
   at Microsoft.Data.SqlClient.SqlInternalConnection.OnError(SqlException exception, Boolean breakConnection, Action`1 wrapCloseInAction)
   at Microsoft.Data.SqlClient.TdsParser.ThrowExceptionAndWarning(TdsParserStateObject stateObj, SqlCommand command, Boolean callerHasConnectionLock, Boolean asyncClose)
   at Microsoft.Data.SqlClient.TdsParser.TryRun(RunBehavior runBehavior, SqlCommand cmdHandler, SqlDataReader dataStream, BulkCopySimpleResultSet bulkCopyHandler, TdsParserStateObject stateObj, Boolean& dataReady)
   at Microsoft.Data.SqlClient.SqlCommand.InternalEndExecuteNonQuery(IAsyncResult asyncResult, Boolean isInternal, String endMethod)
   at Microsoft.Data.SqlClient.SqlCommand.EndExecuteNonQueryInternal(IAsyncResult asyncResult)
   at Microsoft.Data.SqlClient.SqlCommand.EndExecuteNonQueryAsync(IAsyncResult asyncResult)
   at Microsoft.Data.SqlClient.SqlCommand.<>c.<InternalExecuteNonQueryAsync>b__193_1(IAsyncResult asyncResult)
   at System.Threading.Tasks.TaskFactory`1.FromAsyncCoreLogic(IAsyncResult iar, Func`2 endFunction, Action`1 endAction, Task`1 promise, Boolean requiresSynchronization)
--- End of stack trace from previous location ---
   at PointOfSale.App.Services.DatabaseBootstrapService.EnsureMigrationsAsync(SqlConnection connection, CancellationToken cancellationToken) in C:\Users\Albert Zee\Documents\Projects\Point Of Sale\src\PointOfSale.App\Services\DatabaseBootstrapService.cs:line 1133
   at PointOfSale.App.Services.DatabaseBootstrapService.EnsureMigrationsAsync(SqlConnection connection, CancellationToken cancellationToken) in C:\Users\Albert Zee\Documents\Projects\Point Of Sale\src\PointOfSale.App\Services\DatabaseBootstrapService.cs:line 1133
   at PointOfSale.App.Services.DatabaseBootstrapService.EnsureDatabaseReadyAsync(CancellationToken cancellationToken) in C:\Users\Albert Zee\Documents\Projects\Point Of Sale\src\PointOfSale.App\Services\DatabaseBootstrapService.cs:line 52
   at PointOfSale.App.Services.DatabaseBootstrapService.EnsureDatabaseReadyAsync(CancellationToken cancellationToken) in C:\Users\Albert Zee\Documents\Projects\Point Of Sale\src\PointOfSale.App\Services\DatabaseBootstrapService.cs:line 56
   at PointOfSale.App.Services.FirstRunBootstrapService.EnsureInfrastructureAsync(CancellationToken cancellationToken) in C:\Users\Albert Zee\Documents\Projects\Point Of Sale\src\PointOfSale.App\Services\FirstRunBootstrapService.cs:line 159
ClientConnectionId:2ceb6bdb-7de3-42b0-95f9-8ad021c6f1dc
Error Number:156,State:1,Class:15
2026-07-22 15:23:12.906 +02:00 [WRN] Performance profiling iteration failed.
Microsoft.Data.SqlClient.SqlException (0x80131904): Invalid object name 'dbo.DiagnosticTelemetryEvents'.
   at System.Threading.Tasks.ContinuationResultTaskFromResultTask`2.InnerInvoke()
   at System.Threading.ExecutionContext.RunInternal(ExecutionContext executionContext, ContextCallback callback, Object state)
--- End of stack trace from previous location ---
   at System.Threading.ExecutionContext.RunInternal(ExecutionContext executionContext, ContextCallback callback, Object state)
   at System.Threading.Tasks.Task.ExecuteWithThreadLocal(Task& currentTaskSlot, Thread threadPoolThread)
--- End of stack trace from previous location ---
   at Dapper.SqlMapper.QueryAsync[T](IDbConnection cnn, Type effectiveType, CommandDefinition command) in /_/Dapper/SqlMapper.Async.cs:line 434
   at PointOfSale.Infrastructure.Repositories.DiagnosticTelemetryRepository.GetRecentAsync(Int32 take, String categoryFilter, String severityFilter, String search, CancellationToken cancellationToken) in C:\Users\Albert Zee\Documents\Projects\Point Of Sale\src\PointOfSale.Infrastructure\Repositories\DiagnosticTelemetryRepository.cs:line 68
   at PointOfSale.Infrastructure.Repositories.DiagnosticTelemetryRepository.GetRecentAsync(Int32 take, String categoryFilter, String severityFilter, String search, CancellationToken cancellationToken) in C:\Users\Albert Zee\Documents\Projects\Point Of Sale\src\PointOfSale.Infrastructure\Repositories\DiagnosticTelemetryRepository.cs:line 84
   at PointOfSale.App.Services.PerformanceProfilingService.LoadErrorHistogramAsync(CancellationToken cancellationToken) in C:\Users\Albert Zee\Documents\Projects\Point Of Sale\src\PointOfSale.App\Services\PerformanceProfilingService.cs:line 294
   at PointOfSale.App.Services.PerformanceProfilingService.CaptureSnapshotAsync(CancellationToken cancellationToken) in C:\Users\Albert Zee\Documents\Projects\Point Of Sale\src\PointOfSale.App\Services\PerformanceProfilingService.cs:line 110
   at PointOfSale.App.Services.PerformanceProfilingBackgroundService.ExecuteAsync(CancellationToken stoppingToken) in C:\Users\Albert Zee\Documents\Projects\Point Of Sale\src\PointOfSale.App\Services\PerformanceProfilingBackgroundService.cs:line 59
ClientConnectionId:2ceb6bdb-7de3-42b0-95f9-8ad021c6f1dc
Error Number:208,State:1,Class:16
2026-07-22 15:23:12.969 +02:00 [ERR] Multi-terminal synchronize failed.
Microsoft.Data.SqlClient.SqlException (0x80131904): Invalid object name 'dbo.CashierShifts'.
   at System.Threading.Tasks.ContinuationResultTaskFromResultTask`2.InnerInvoke()
   at System.Threading.ExecutionContext.RunInternal(ExecutionContext executionContext, ContextCallback callback, Object state)
--- End of stack trace from previous location ---
   at System.Threading.ExecutionContext.RunInternal(ExecutionContext executionContext, ContextCallback callback, Object state)
   at System.Threading.Tasks.Task.ExecuteWithThreadLocal(Task& currentTaskSlot, Thread threadPoolThread)
--- End of stack trace from previous location ---
   at Dapper.SqlMapper.QueryRowAsync[T](IDbConnection cnn, Row row, Type effectiveType, CommandDefinition command) in /_/Dapper/SqlMapper.Async.cs:line 489
   at PointOfSale.Infrastructure.Repositories.CashierShiftRepository.GetOpenShiftAsync(CancellationToken cancellationToken) in C:\Users\Albert Zee\Documents\Projects\Point Of Sale\src\PointOfSale.Infrastructure\Repositories\CashierShiftRepository.cs:line 41
   at PointOfSale.Infrastructure.Repositories.CashierShiftRepository.GetOpenShiftAsync(CancellationToken cancellationToken) in C:\Users\Albert Zee\Documents\Projects\Point Of Sale\src\PointOfSale.Infrastructure\Repositories\CashierShiftRepository.cs:line 41
   at PointOfSale.App.Services.MultiTerminalSyncBroker.SynchronizeNowAsync(CancellationToken cancellationToken) in C:\Users\Albert Zee\Documents\Projects\Point Of Sale\src\PointOfSale.App\Services\MultiTerminalSyncBroker.cs:line 224
ClientConnectionId:2ceb6bdb-7de3-42b0-95f9-8ad021c6f1dc
Error Number:208,State:1,Class:16
2026-07-22 15:23:23.838 +02:00 [ERR] First-run infrastructure bootstrap failed.
Microsoft.Data.SqlClient.SqlException (0x80131904): Incorrect syntax near the keyword 'Trigger'.
   at Microsoft.Data.SqlClient.SqlConnection.OnError(SqlException exception, Boolean breakConnection, Action`1 wrapCloseInAction)
   at Microsoft.Data.SqlClient.SqlInternalConnection.OnError(SqlException exception, Boolean breakConnection, Action`1 wrapCloseInAction)
   at Microsoft.Data.SqlClient.TdsParser.ThrowExceptionAndWarning(TdsParserStateObject stateObj, SqlCommand command, Boolean callerHasConnectionLock, Boolean asyncClose)
   at Microsoft.Data.SqlClient.TdsParser.TryRun(RunBehavior runBehavior, SqlCommand cmdHandler, SqlDataReader dataStream, BulkCopySimpleResultSet bulkCopyHandler, TdsParserStateObject stateObj, Boolean& dataReady)
   at Microsoft.Data.SqlClient.SqlCommand.InternalEndExecuteNonQuery(IAsyncResult asyncResult, Boolean isInternal, String endMethod)
   at Microsoft.Data.SqlClient.SqlCommand.EndExecuteNonQueryInternal(IAsyncResult asyncResult)
   at Microsoft.Data.SqlClient.SqlCommand.EndExecuteNonQueryAsync(IAsyncResult asyncResult)
   at Microsoft.Data.SqlClient.SqlCommand.<>c.<InternalExecuteNonQueryAsync>b__193_1(IAsyncResult asyncResult)
   at System.Threading.Tasks.TaskFactory`1.FromAsyncCoreLogic(IAsyncResult iar, Func`2 endFunction, Action`1 endAction, Task`1 promise, Boolean requiresSynchronization)
--- End of stack trace from previous location ---
   at PointOfSale.App.Services.DatabaseBootstrapService.EnsureMigrationsAsync(SqlConnection connection, CancellationToken cancellationToken) in C:\Users\Albert Zee\Documents\Projects\Point Of Sale\src\PointOfSale.App\Services\DatabaseBootstrapService.cs:line 1133
   at PointOfSale.App.Services.DatabaseBootstrapService.EnsureMigrationsAsync(SqlConnection connection, CancellationToken cancellationToken) in C:\Users\Albert Zee\Documents\Projects\Point Of Sale\src\PointOfSale.App\Services\DatabaseBootstrapService.cs:line 1133
   at PointOfSale.App.Services.DatabaseBootstrapService.EnsureDatabaseReadyAsync(CancellationToken cancellationToken) in C:\Users\Albert Zee\Documents\Projects\Point Of Sale\src\PointOfSale.App\Services\DatabaseBootstrapService.cs:line 52
   at PointOfSale.App.Services.DatabaseBootstrapService.EnsureDatabaseReadyAsync(CancellationToken cancellationToken) in C:\Users\Albert Zee\Documents\Projects\Point Of Sale\src\PointOfSale.App\Services\DatabaseBootstrapService.cs:line 56
   at PointOfSale.App.Services.FirstRunBootstrapService.EnsureInfrastructureAsync(CancellationToken cancellationToken) in C:\Users\Albert Zee\Documents\Projects\Point Of Sale\src\PointOfSale.App\Services\FirstRunBootstrapService.cs:line 159
ClientConnectionId:2ceb6bdb-7de3-42b0-95f9-8ad021c6f1dc
Error Number:156,State:1,Class:15
2026-07-22 15:23:24.796 +02:00 [ERR] First-run infrastructure bootstrap failed.
Microsoft.Data.SqlClient.SqlException (0x80131904): Incorrect syntax near the keyword 'Trigger'.
   at Microsoft.Data.SqlClient.SqlConnection.OnError(SqlException exception, Boolean breakConnection, Action`1 wrapCloseInAction)
   at Microsoft.Data.SqlClient.SqlInternalConnection.OnError(SqlException exception, Boolean breakConnection, Action`1 wrapCloseInAction)
   at Microsoft.Data.SqlClient.TdsParser.ThrowExceptionAndWarning(TdsParserStateObject stateObj, SqlCommand command, Boolean callerHasConnectionLock, Boolean asyncClose)
   at Microsoft.Data.SqlClient.TdsParser.TryRun(RunBehavior runBehavior, SqlCommand cmdHandler, SqlDataReader dataStream, BulkCopySimpleResultSet bulkCopyHandler, TdsParserStateObject stateObj, Boolean& dataReady)
   at Microsoft.Data.SqlClient.SqlCommand.InternalEndExecuteNonQuery(IAsyncResult asyncResult, Boolean isInternal, String endMethod)
   at Microsoft.Data.SqlClient.SqlCommand.EndExecuteNonQueryInternal(IAsyncResult asyncResult)
   at Microsoft.Data.SqlClient.SqlCommand.EndExecuteNonQueryAsync(IAsyncResult asyncResult)
   at Microsoft.Data.SqlClient.SqlCommand.<>c.<InternalExecuteNonQueryAsync>b__193_1(IAsyncResult asyncResult)
   at System.Threading.Tasks.TaskFactory`1.FromAsyncCoreLogic(IAsyncResult iar, Func`2 endFunction, Action`1 endAction, Task`1 promise, Boolean requiresSynchronization)
--- End of stack trace from previous location ---
   at PointOfSale.App.Services.DatabaseBootstrapService.EnsureMigrationsAsync(SqlConnection connection, CancellationToken cancellationToken) in C:\Users\Albert Zee\Documents\Projects\Point Of Sale\src\PointOfSale.App\Services\DatabaseBootstrapService.cs:line 1133
   at PointOfSale.App.Services.DatabaseBootstrapService.EnsureMigrationsAsync(SqlConnection connection, CancellationToken cancellationToken) in C:\Users\Albert Zee\Documents\Projects\Point Of Sale\src\PointOfSale.App\Services\DatabaseBootstrapService.cs:line 1133
   at PointOfSale.App.Services.DatabaseBootstrapService.EnsureDatabaseReadyAsync(CancellationToken cancellationToken) in C:\Users\Albert Zee\Documents\Projects\Point Of Sale\src\PointOfSale.App\Services\DatabaseBootstrapService.cs:line 52
   at PointOfSale.App.Services.DatabaseBootstrapService.EnsureDatabaseReadyAsync(CancellationToken cancellationToken) in C:\Users\Albert Zee\Documents\Projects\Point Of Sale\src\PointOfSale.App\Services\DatabaseBootstrapService.cs:line 56
   at PointOfSale.App.Services.FirstRunBootstrapService.EnsureInfrastructureAsync(CancellationToken cancellationToken) in C:\Users\Albert Zee\Documents\Projects\Point Of Sale\src\PointOfSale.App\Services\FirstRunBootstrapService.cs:line 159
ClientConnectionId:2ceb6bdb-7de3-42b0-95f9-8ad021c6f1dc
Error Number:156,State:1,Class:15
2026-07-22 15:23:28.000 +02:00 [ERR] Multi-terminal synchronize failed.
Microsoft.Data.SqlClient.SqlException (0x80131904): Invalid object name 'dbo.CashierShifts'.
   at System.Threading.Tasks.ContinuationResultTaskFromResultTask`2.InnerInvoke()
   at System.Threading.ExecutionContext.RunInternal(ExecutionContext executionContext, ContextCallback callback, Object state)
--- End of stack trace from previous location ---
   at System.Threading.ExecutionContext.RunInternal(ExecutionContext executionContext, ContextCallback callback, Object state)
   at System.Threading.Tasks.Task.ExecuteWithThreadLocal(Task& currentTaskSlot, Thread threadPoolThread)
--- End of stack trace from previous location ---
   at Dapper.SqlMapper.QueryRowAsync[T](IDbConnection cnn, Row row, Type effectiveType, CommandDefinition command) in /_/Dapper/SqlMapper.Async.cs:line 489
   at PointOfSale.Infrastructure.Repositories.CashierShiftRepository.GetOpenShiftAsync(CancellationToken cancellationToken) in C:\Users\Albert Zee\Documents\Projects\Point Of Sale\src\PointOfSale.Infrastructure\Repositories\CashierShiftRepository.cs:line 41
   at PointOfSale.Infrastructure.Repositories.CashierShiftRepository.GetOpenShiftAsync(CancellationToken cancellationToken) in C:\Users\Albert Zee\Documents\Projects\Point Of Sale\src\PointOfSale.Infrastructure\Repositories\CashierShiftRepository.cs:line 41
   at PointOfSale.App.Services.MultiTerminalSyncBroker.SynchronizeNowAsync(CancellationToken cancellationToken) in C:\Users\Albert Zee\Documents\Projects\Point Of Sale\src\PointOfSale.App\Services\MultiTerminalSyncBroker.cs:line 224
ClientConnectionId:2ceb6bdb-7de3-42b0-95f9-8ad021c6f1dc
Error Number:208,State:1,Class:16
2026-07-22 15:23:40.920 +02:00 [INF] ART Diagnostic DatabaseLatency SqlExpress 4 null: SQL round-trip 4 ms
2026-07-22 15:23:41.938 +02:00 [INF] ART Diagnostic WorkerHeartbeat HealthCheckWorker null null: Heartbeat
2026-07-22 15:23:41.944 +02:00 [INF] ART Diagnostic DatabaseLatency SqlExpress 0 null: SQL round-trip 0 ms
2026-07-22 15:23:42.006 +02:00 [INF] ART Diagnostic MraConnectivity MraEis 56 404: MRA reachable (404) in 56 ms.
2026-07-22 15:23:42.919 +02:00 [WRN] Performance profiling iteration failed.
Microsoft.Data.SqlClient.SqlException (0x80131904): Invalid object name 'dbo.DiagnosticTelemetryEvents'.
   at System.Threading.Tasks.ContinuationResultTaskFromResultTask`2.InnerInvoke()
   at System.Threading.ExecutionContext.RunInternal(ExecutionContext executionContext, ContextCallback callback, Object state)
--- End of stack trace from previous location ---
   at System.Threading.ExecutionContext.RunInternal(ExecutionContext executionContext, ContextCallback callback, Object state)
   at System.Threading.Tasks.Task.ExecuteWithThreadLocal(Task& currentTaskSlot, Thread threadPoolThread)
--- End of stack trace from previous location ---
   at Dapper.SqlMapper.QueryAsync[T](IDbConnection cnn, Type effectiveType, CommandDefinition command) in /_/Dapper/SqlMapper.Async.cs:line 434
   at PointOfSale.Infrastructure.Repositories.DiagnosticTelemetryRepository.GetRecentAsync(Int32 take, String categoryFilter, String severityFilter, String search, CancellationToken cancellationToken) in C:\Users\Albert Zee\Documents\Projects\Point Of Sale\src\PointOfSale.Infrastructure\Repositories\DiagnosticTelemetryRepository.cs:line 68
   at PointOfSale.Infrastructure.Repositories.DiagnosticTelemetryRepository.GetRecentAsync(Int32 take, String categoryFilter, String severityFilter, String search, CancellationToken cancellationToken) in C:\Users\Albert Zee\Documents\Projects\Point Of Sale\src\PointOfSale.Infrastructure\Repositories\DiagnosticTelemetryRepository.cs:line 84
   at PointOfSale.App.Services.PerformanceProfilingService.LoadErrorHistogramAsync(CancellationToken cancellationToken) in C:\Users\Albert Zee\Documents\Projects\Point Of Sale\src\PointOfSale.App\Services\PerformanceProfilingService.cs:line 294
   at PointOfSale.App.Services.PerformanceProfilingService.CaptureSnapshotAsync(CancellationToken cancellationToken) in C:\Users\Albert Zee\Documents\Projects\Point Of Sale\src\PointOfSale.App\Services\PerformanceProfilingService.cs:line 110
   at PointOfSale.App.Services.PerformanceProfilingBackgroundService.ExecuteAsync(CancellationToken stoppingToken) in C:\Users\Albert Zee\Documents\Projects\Point Of Sale\src\PointOfSale.App\Services\PerformanceProfilingBackgroundService.cs:line 59
ClientConnectionId:c8bf80e4-948c-41e9-812d-ad33db5f4da2
Error Number:208,State:1,Class:16
2026-07-22 15:23:43.001 +02:00 [ERR] Multi-terminal synchronize failed.
Microsoft.Data.SqlClient.SqlException (0x80131904): Invalid object name 'dbo.CashierShifts'.
   at System.Threading.Tasks.ContinuationResultTaskFromResultTask`2.InnerInvoke()
   at System.Threading.ExecutionContext.RunInternal(ExecutionContext executionContext, ContextCallback callback, Object state)
--- End of stack trace from previous location ---
   at System.Threading.ExecutionContext.RunInternal(ExecutionContext executionContext, ContextCallback callback, Object state)
   at System.Threading.Tasks.Task.ExecuteWithThreadLocal(Task& currentTaskSlot, Thread threadPoolThread)
--- End of stack trace from previous location ---
   at Dapper.SqlMapper.QueryRowAsync[T](IDbConnection cnn, Row row, Type effectiveType, CommandDefinition command) in /_/Dapper/SqlMapper.Async.cs:line 489
   at PointOfSale.Infrastructure.Repositories.CashierShiftRepository.GetOpenShiftAsync(CancellationToken cancellationToken) in C:\Users\Albert Zee\Documents\Projects\Point Of Sale\src\PointOfSale.Infrastructure\Repositories\CashierShiftRepository.cs:line 41
   at PointOfSale.Infrastructure.Repositories.CashierShiftRepository.GetOpenShiftAsync(CancellationToken cancellationToken) in C:\Users\Albert Zee\Documents\Projects\Point Of Sale\src\PointOfSale.Infrastructure\Repositories\CashierShiftRepository.cs:line 41
   at PointOfSale.App.Services.MultiTerminalSyncBroker.SynchronizeNowAsync(CancellationToken cancellationToken) in C:\Users\Albert Zee\Documents\Projects\Point Of Sale\src\PointOfSale.App\Services\MultiTerminalSyncBroker.cs:line 224
ClientConnectionId:c8bf80e4-948c-41e9-812d-ad33db5f4da2
Error Number:208,State:1,Class:16
2026-07-22 15:23:44.032 +02:00 [INF] ART Diagnostic HealthCheck HealthCheckWorker 0 null: All subsystems healthy (SQL 0 ms, disk 51.71 GB free).
2026-07-22 15:23:44.038 +02:00 [INF] ART Diagnostic MraConnectivity MraEis 3111 404: MRA reachable (404) in 3111 ms.
2026-07-22 15:23:44.045 +02:00 [ERR] HealthCheckWorker iteration failed.
Microsoft.Data.SqlClient.SqlException (0x80131904): Invalid object name 'dbo.DiagnosticTelemetryEvents'.
   at Microsoft.Data.SqlClient.TdsParser.ThrowExceptionAndWarning(TdsParserStateObject stateObj, SqlCommand command, Boolean callerHasConnectionLock, Boolean asyncClose)
   at Microsoft.Data.SqlClient.TdsParser.TryRun(RunBehavior runBehavior, SqlCommand cmdHandler, SqlDataReader dataStream, BulkCopySimpleResultSet bulkCopyHandler, TdsParserStateObject stateObj, Boolean& dataReady)
   at Microsoft.Data.SqlClient.SqlCommand.FinishExecuteReader(SqlDataReader ds, RunBehavior runBehavior, String resetOptionsString, Boolean isInternal, Boolean forDescribeParameterEncryption, Boolean shouldCacheForAlwaysEncrypted)
   at Microsoft.Data.SqlClient.SqlCommand.CompleteAsyncExecuteReader(Boolean isInternal, Boolean forDescribeParameterEncryption)
   at Microsoft.Data.SqlClient.SqlCommand.InternalEndExecuteNonQuery(IAsyncResult asyncResult, Boolean isInternal, String endMethod)
   at Microsoft.Data.SqlClient.SqlCommand.EndExecuteNonQueryInternal(IAsyncResult asyncResult)
   at Microsoft.Data.SqlClient.SqlCommand.EndExecuteNonQueryAsync(IAsyncResult asyncResult)
   at Microsoft.Data.SqlClient.SqlCommand.<>c.<InternalExecuteNonQueryAsync>b__193_1(IAsyncResult asyncResult)
   at System.Threading.Tasks.TaskFactory`1.FromAsyncCoreLogic(IAsyncResult iar, Func`2 endFunction, Action`1 endAction, Task`1 promise, Boolean requiresSynchronization)
--- End of stack trace from previous location ---
   at Dapper.SqlMapper.ExecuteImplAsync(IDbConnection cnn, CommandDefinition command, Object param) in /_/Dapper/SqlMapper.Async.cs:line 662
   at PointOfSale.Infrastructure.Repositories.DiagnosticTelemetryRepository.PurgeOlderThanAsync(DateTime cutoffUtc, CancellationToken cancellationToken) in C:\Users\Albert Zee\Documents\Projects\Point Of Sale\src\PointOfSale.Infrastructure\Repositories\DiagnosticTelemetryRepository.cs:line 96
   at PointOfSale.Infrastructure.Repositories.DiagnosticTelemetryRepository.PurgeOlderThanAsync(DateTime cutoffUtc, CancellationToken cancellationToken) in C:\Users\Albert Zee\Documents\Projects\Point Of Sale\src\PointOfSale.Infrastructure\Repositories\DiagnosticTelemetryRepository.cs:line 96
   at PointOfSale.App.Services.TelemetryDiagnosticService.PurgeExpiredAsync(CancellationToken cancellationToken) in C:\Users\Albert Zee\Documents\Projects\Point Of Sale\src\PointOfSale.App\Services\TelemetryDiagnosticService.cs:line 321
   at PointOfSale.App.Services.HealthCheckWorker.ExecuteAsync(CancellationToken stoppingToken) in C:\Users\Albert Zee\Documents\Projects\Point Of Sale\src\PointOfSale.App\Services\HealthCheckWorker.cs:line 58
ClientConnectionId:c8bf80e4-948c-41e9-812d-ad33db5f4da2
Error Number:208,State:1,Class:16
2026-07-22 15:23:44.048 +02:00 [ERR] ART Diagnostic Exception HealthCheckWorker null null: Invalid object name 'dbo.DiagnosticTelemetryEvents'.
2026-07-22 15:23:44.203 +02:00 [INF] ART Diagnostic HealthCheck HealthCheckWorker 4 null: All subsystems healthy (SQL 4 ms, disk 51.71 GB free).
2026-07-22 15:23:44.426 +02:00 [INF] ART Diagnostic WorkerHeartbeat SystemHealthMonitorService null null: All monitored subsystems healthy.
2026-07-22 15:23:58.005 +02:00 [ERR] Multi-terminal synchronize failed.
Microsoft.Data.SqlClient.SqlException (0x80131904): Invalid object name 'dbo.CashierShifts'.
   at System.Threading.Tasks.ContinuationResultTaskFromResultTask`2.InnerInvoke()
   at System.Threading.ExecutionContext.RunInternal(ExecutionContext executionContext, ContextCallback callback, Object state)
--- End of stack trace from previous location ---
   at System.Threading.ExecutionContext.RunInternal(ExecutionContext executionContext, ContextCallback callback, Object state)
   at System.Threading.Tasks.Task.ExecuteWithThreadLocal(Task& currentTaskSlot, Thread threadPoolThread)
--- End of stack trace from previous location ---
   at Dapper.SqlMapper.QueryRowAsync[T](IDbConnection cnn, Row row, Type effectiveType, CommandDefinition command) in /_/Dapper/SqlMapper.Async.cs:line 489
   at PointOfSale.Infrastructure.Repositories.CashierShiftRepository.GetOpenShiftAsync(CancellationToken cancellationToken) in C:\Users\Albert Zee\Documents\Projects\Point Of Sale\src\PointOfSale.Infrastructure\Repositories\CashierShiftRepository.cs:line 41
   at PointOfSale.Infrastructure.Repositories.CashierShiftRepository.GetOpenShiftAsync(CancellationToken cancellationToken) in C:\Users\Albert Zee\Documents\Projects\Point Of Sale\src\PointOfSale.Infrastructure\Repositories\CashierShiftRepository.cs:line 41
   at PointOfSale.App.Services.MultiTerminalSyncBroker.SynchronizeNowAsync(CancellationToken cancellationToken) in C:\Users\Albert Zee\Documents\Projects\Point Of Sale\src\PointOfSale.App\Services\MultiTerminalSyncBroker.cs:line 224
ClientConnectionId:ed7bbd04-6709-4941-b10e-61bd3fc2f846
Error Number:208,State:1,Class:16
2026-07-22 15:24:02.835 +02:00 [ERR] Inventory alert scan iteration failed.
Microsoft.Data.SqlClient.SqlException (0x80131904): Invalid column name 'CatalogSource'.
Invalid column name 'HeadOfficeRevisionUtc'.
Invalid column name 'LastReplicatedAtUtc'.
Invalid column name 'MinReorderQty'.
Invalid column name 'MaxStockCapacity'.
Invalid column name 'SupplierCode'.
Invalid column name 'SupplierName'.
Invalid column name 'AverageUnitCost'.
Invalid column name 'MarkupPercent'.
   at System.Threading.Tasks.ContinuationResultTaskFromResultTask`2.InnerInvoke()
   at System.Threading.ExecutionContext.RunInternal(ExecutionContext executionContext, ContextCallback callback, Object state)
--- End of stack trace from previous location ---
   at System.Threading.ExecutionContext.RunInternal(ExecutionContext executionContext, ContextCallback callback, Object state)
   at System.Threading.Tasks.Task.ExecuteWithThreadLocal(Task& currentTaskSlot, Thread threadPoolThread)
--- End of stack trace from previous location ---
   at Dapper.SqlMapper.QueryAsync[T](IDbConnection cnn, Type effectiveType, CommandDefinition command) in /_/Dapper/SqlMapper.Async.cs:line 434
   at PointOfSale.Infrastructure.Repositories.LocalInventoryRepository.GetAllAsync(CancellationToken cancellationToken) in C:\Users\Albert Zee\Documents\Projects\Point Of Sale\src\PointOfSale.Infrastructure\Repositories\LocalInventoryRepository.cs:line 68
   at PointOfSale.Infrastructure.Repositories.LocalInventoryRepository.GetAllAsync(CancellationToken cancellationToken) in C:\Users\Albert Zee\Documents\Projects\Point Of Sale\src\PointOfSale.Infrastructure\Repositories\LocalInventoryRepository.cs:line 71
   at PointOfSale.App.Services.InventoryAlertService.ScanAsync(CancellationToken cancellationToken) in C:\Users\Albert Zee\Documents\Projects\Point Of Sale\src\PointOfSale.App\Services\InventoryAlertService.cs:line 68
   at PointOfSale.App.Services.InventoryAlertBackgroundService.ExecuteAsync(CancellationToken stoppingToken) in C:\Users\Albert Zee\Documents\Projects\Point Of Sale\src\PointOfSale.App\Services\InventoryAlertService.cs:line 313
ClientConnectionId:ed7bbd04-6709-4941-b10e-61bd3fc2f846
Error Number:207,State:1,Class:16
2026-07-22 15:24:12.922 +02:00 [WRN] Performance profiling iteration failed.
Microsoft.Data.SqlClient.SqlException (0x80131904): Invalid object name 'dbo.DiagnosticTelemetryEvents'.
   at System.Threading.Tasks.ContinuationResultTaskFromResultTask`2.InnerInvoke()
   at System.Threading.ExecutionContext.RunInternal(ExecutionContext executionContext, ContextCallback callback, Object state)
--- End of stack trace from previous location ---
   at System.Threading.ExecutionContext.RunInternal(ExecutionContext executionContext, ContextCallback callback, Object state)
   at System.Threading.Tasks.Task.ExecuteWithThreadLocal(Task& currentTaskSlot, Thread threadPoolThread)
--- End of stack trace from previous location ---
   at Dapper.SqlMapper.QueryAsync[T](IDbConnection cnn, Type effectiveType, CommandDefinition command) in /_/Dapper/SqlMapper.Async.cs:line 434
   at PointOfSale.Infrastructure.Repositories.DiagnosticTelemetryRepository.GetRecentAsync(Int32 take, String categoryFilter, String severityFilter, String search, CancellationToken cancellationToken) in C:\Users\Albert Zee\Documents\Projects\Point Of Sale\src\PointOfSale.Infrastructure\Repositories\DiagnosticTelemetryRepository.cs:line 68
   at PointOfSale.Infrastructure.Repositories.DiagnosticTelemetryRepository.GetRecentAsync(Int32 take, String categoryFilter, String severityFilter, String search, CancellationToken cancellationToken) in C:\Users\Albert Zee\Documents\Projects\Point Of Sale\src\PointOfSale.Infrastructure\Repositories\DiagnosticTelemetryRepository.cs:line 84
   at PointOfSale.App.Services.PerformanceProfilingService.LoadErrorHistogramAsync(CancellationToken cancellationToken) in C:\Users\Albert Zee\Documents\Projects\Point Of Sale\src\PointOfSale.App\Services\PerformanceProfilingService.cs:line 294
   at PointOfSale.App.Services.PerformanceProfilingService.CaptureSnapshotAsync(CancellationToken cancellationToken) in C:\Users\Albert Zee\Documents\Projects\Point Of Sale\src\PointOfSale.App\Services\PerformanceProfilingService.cs:line 110
   at PointOfSale.App.Services.PerformanceProfilingBackgroundService.ExecuteAsync(CancellationToken stoppingToken) in C:\Users\Albert Zee\Documents\Projects\Point Of Sale\src\PointOfSale.App\Services\PerformanceProfilingBackgroundService.cs:line 59
ClientConnectionId:ed7bbd04-6709-4941-b10e-61bd3fc2f846
Error Number:208,State:1,Class:16
2026-07-22 15:24:13.064 +02:00 [ERR] Multi-terminal synchronize failed.
Microsoft.Data.SqlClient.SqlException (0x80131904): Invalid object name 'dbo.CashierShifts'.
   at System.Threading.Tasks.ContinuationResultTaskFromResultTask`2.InnerInvoke()
   at System.Threading.ExecutionContext.RunInternal(ExecutionContext executionContext, ContextCallback callback, Object state)
--- End of stack trace from previous location ---
   at System.Threading.ExecutionContext.RunInternal(ExecutionContext executionContext, ContextCallback callback, Object state)
   at System.Threading.Tasks.Task.ExecuteWithThreadLocal(Task& currentTaskSlot, Thread threadPoolThread)
--- End of stack trace from previous location ---
   at Dapper.SqlMapper.QueryRowAsync[T](IDbConnection cnn, Row row, Type effectiveType, CommandDefinition command) in /_/Dapper/SqlMapper.Async.cs:line 489
   at PointOfSale.Infrastructure.Repositories.CashierShiftRepository.GetOpenShiftAsync(CancellationToken cancellationToken) in C:\Users\Albert Zee\Documents\Projects\Point Of Sale\src\PointOfSale.Infrastructure\Repositories\CashierShiftRepository.cs:line 41
   at PointOfSale.Infrastructure.Repositories.CashierShiftRepository.GetOpenShiftAsync(CancellationToken cancellationToken) in C:\Users\Albert Zee\Documents\Projects\Point Of Sale\src\PointOfSale.Infrastructure\Repositories\CashierShiftRepository.cs:line 41
   at PointOfSale.App.Services.MultiTerminalSyncBroker.SynchronizeNowAsync(CancellationToken cancellationToken) in C:\Users\Albert Zee\Documents\Projects\Point Of Sale\src\PointOfSale.App\Services\MultiTerminalSyncBroker.cs:line 224
ClientConnectionId:ed7bbd04-6709-4941-b10e-61bd3fc2f846
Error Number:208,State:1,Class:16
2026-07-22 15:24:28.107 +02:00 [ERR] Multi-terminal synchronize failed.
Microsoft.Data.SqlClient.SqlException (0x80131904): Invalid object name 'dbo.CashierShifts'.
   at System.Threading.Tasks.ContinuationResultTaskFromResultTask`2.InnerInvoke()
   at System.Threading.ExecutionContext.RunInternal(ExecutionContext executionContext, ContextCallback callback, Object state)
--- End of stack trace from previous location ---
   at System.Threading.ExecutionContext.RunInternal(ExecutionContext executionContext, ContextCallback callback, Object state)
   at System.Threading.Tasks.Task.ExecuteWithThreadLocal(Task& currentTaskSlot, Thread threadPoolThread)
--- End of stack trace from previous location ---
   at Dapper.SqlMapper.QueryRowAsync[T](IDbConnection cnn, Row row, Type effectiveType, CommandDefinition command) in /_/Dapper/SqlMapper.Async.cs:line 489
   at PointOfSale.Infrastructure.Repositories.CashierShiftRepository.GetOpenShiftAsync(CancellationToken cancellationToken) in C:\Users\Albert Zee\Documents\Projects\Point Of Sale\src\PointOfSale.Infrastructure\Repositories\CashierShiftRepository.cs:line 41
   at PointOfSale.Infrastructure.Repositories.CashierShiftRepository.GetOpenShiftAsync(CancellationToken cancellationToken) in C:\Users\Albert Zee\Documents\Projects\Point Of Sale\src\PointOfSale.Infrastructure\Repositories\CashierShiftRepository.cs:line 41
   at PointOfSale.App.Services.MultiTerminalSyncBroker.SynchronizeNowAsync(CancellationToken cancellationToken) in C:\Users\Albert Zee\Documents\Projects\Point Of Sale\src\PointOfSale.App\Services\MultiTerminalSyncBroker.cs:line 224
ClientConnectionId:ed7bbd04-6709-4941-b10e-61bd3fc2f846
Error Number:208,State:1,Class:16
2026-07-22 15:24:29.105 +02:00 [INF] ART Diagnostic WorkerHeartbeat HealthCheckWorker null null: Heartbeat
2026-07-22 15:24:29.114 +02:00 [INF] ART Diagnostic DatabaseLatency SqlExpress 3 null: SQL round-trip 3 ms
2026-07-22 15:24:29.527 +02:00 [INF] ART Diagnostic MraConnectivity MraEis 400 404: MRA reachable (404) in 400 ms.
2026-07-22 15:24:29.624 +02:00 [INF] ART Diagnostic DatabaseLatency SqlExpress 97 null: SQL round-trip 97 ms
2026-07-22 15:24:29.748 +02:00 [INF] ART Diagnostic MraConnectivity MraEis 72 404: MRA reachable (404) in 72 ms.
2026-07-22 15:24:30.165 +02:00 [INF] ART Diagnostic HealthCheck HealthCheckWorker 97 null: All subsystems healthy (SQL 97 ms, disk 51.71 GB free).
2026-07-22 15:24:30.361 +02:00 [INF] ART Diagnostic WorkerHeartbeat SystemHealthMonitorService null null: All monitored subsystems healthy.
2026-07-22 15:24:32.932 +02:00 [INF] ART Diagnostic HealthCheck HealthCheckWorker 3 null: All subsystems healthy (SQL 3 ms, disk 51.71 GB free).
2026-07-22 15:24:32.942 +02:00 [ERR] HealthCheckWorker iteration failed.
Microsoft.Data.SqlClient.SqlException (0x80131904): Invalid object name 'dbo.DiagnosticTelemetryEvents'.
   at Microsoft.Data.SqlClient.TdsParser.ThrowExceptionAndWarning(TdsParserStateObject stateObj, SqlCommand command, Boolean callerHasConnectionLock, Boolean asyncClose)
   at Microsoft.Data.SqlClient.TdsParser.TryRun(RunBehavior runBehavior, SqlCommand cmdHandler, SqlDataReader dataStream, BulkCopySimpleResultSet bulkCopyHandler, TdsParserStateObject stateObj, Boolean& dataReady)
   at Microsoft.Data.SqlClient.SqlCommand.FinishExecuteReader(SqlDataReader ds, RunBehavior runBehavior, String resetOptionsString, Boolean isInternal, Boolean forDescribeParameterEncryption, Boolean shouldCacheForAlwaysEncrypted)
   at Microsoft.Data.SqlClient.SqlCommand.CompleteAsyncExecuteReader(Boolean isInternal, Boolean forDescribeParameterEncryption)
   at Microsoft.Data.SqlClient.SqlCommand.InternalEndExecuteNonQuery(IAsyncResult asyncResult, Boolean isInternal, String endMethod)
   at Microsoft.Data.SqlClient.SqlCommand.EndExecuteNonQueryInternal(IAsyncResult asyncResult)
   at Microsoft.Data.SqlClient.SqlCommand.EndExecuteNonQueryAsync(IAsyncResult asyncResult)
   at System.Threading.Tasks.TaskFactory`1.FromAsyncCoreLogic(IAsyncResult iar, Func`2 endFunction, Action`1 endAction, Task`1 promise, Boolean requiresSynchronization)
--- End of stack trace from previous location ---
   at Dapper.SqlMapper.ExecuteImplAsync(IDbConnection cnn, CommandDefinition command, Object param) in /_/Dapper/SqlMapper.Async.cs:line 662
   at PointOfSale.Infrastructure.Repositories.DiagnosticTelemetryRepository.PurgeOlderThanAsync(DateTime cutoffUtc, CancellationToken cancellationToken) in C:\Users\Albert Zee\Documents\Projects\Point Of Sale\src\PointOfSale.Infrastructure\Repositories\DiagnosticTelemetryRepository.cs:line 96
   at PointOfSale.Infrastructure.Repositories.DiagnosticTelemetryRepository.PurgeOlderThanAsync(DateTime cutoffUtc, CancellationToken cancellationToken) in C:\Users\Albert Zee\Documents\Projects\Point Of Sale\src\PointOfSale.Infrastructure\Repositories\DiagnosticTelemetryRepository.cs:line 96
   at PointOfSale.App.Services.TelemetryDiagnosticService.PurgeExpiredAsync(CancellationToken cancellationToken) in C:\Users\Albert Zee\Documents\Projects\Point Of Sale\src\PointOfSale.App\Services\TelemetryDiagnosticService.cs:line 321
   at PointOfSale.App.Services.HealthCheckWorker.ExecuteAsync(CancellationToken stoppingToken) in C:\Users\Albert Zee\Documents\Projects\Point Of Sale\src\PointOfSale.App\Services\HealthCheckWorker.cs:line 58
ClientConnectionId:ed7bbd04-6709-4941-b10e-61bd3fc2f846
Error Number:208,State:1,Class:16
2026-07-22 15:24:32.944 +02:00 [ERR] ART Diagnostic Exception HealthCheckWorker null null: Invalid object name 'dbo.DiagnosticTelemetryEvents'.
2026-07-22 15:24:42.942 +02:00 [WRN] Performance profiling iteration failed.
Microsoft.Data.SqlClient.SqlException (0x80131904): Invalid object name 'dbo.DiagnosticTelemetryEvents'.
   at System.Threading.Tasks.ContinuationResultTaskFromResultTask`2.InnerInvoke()
   at System.Threading.ExecutionContext.RunInternal(ExecutionContext executionContext, ContextCallback callback, Object state)
--- End of stack trace from previous location ---
   at System.Threading.ExecutionContext.RunInternal(ExecutionContext executionContext, ContextCallback callback, Object state)
   at System.Threading.Tasks.Task.ExecuteWithThreadLocal(Task& currentTaskSlot, Thread threadPoolThread)
--- End of stack trace from previous location ---
   at Dapper.SqlMapper.QueryAsync[T](IDbConnection cnn, Type effectiveType, CommandDefinition command) in /_/Dapper/SqlMapper.Async.cs:line 434
   at PointOfSale.Infrastructure.Repositories.DiagnosticTelemetryRepository.GetRecentAsync(Int32 take, String categoryFilter, String severityFilter, String search, CancellationToken cancellationToken) in C:\Users\Albert Zee\Documents\Projects\Point Of Sale\src\PointOfSale.Infrastructure\Repositories\DiagnosticTelemetryRepository.cs:line 68
   at PointOfSale.Infrastructure.Repositories.DiagnosticTelemetryRepository.GetRecentAsync(Int32 take, String categoryFilter, String severityFilter, String search, CancellationToken cancellationToken) in C:\Users\Albert Zee\Documents\Projects\Point Of Sale\src\PointOfSale.Infrastructure\Repositories\DiagnosticTelemetryRepository.cs:line 84
   at PointOfSale.App.Services.PerformanceProfilingService.LoadErrorHistogramAsync(CancellationToken cancellationToken) in C:\Users\Albert Zee\Documents\Projects\Point Of Sale\src\PointOfSale.App\Services\PerformanceProfilingService.cs:line 294
   at PointOfSale.App.Services.PerformanceProfilingService.CaptureSnapshotAsync(CancellationToken cancellationToken) in C:\Users\Albert Zee\Documents\Projects\Point Of Sale\src\PointOfSale.App\Services\PerformanceProfilingService.cs:line 110
   at PointOfSale.App.Services.PerformanceProfilingBackgroundService.ExecuteAsync(CancellationToken stoppingToken) in C:\Users\Albert Zee\Documents\Projects\Point Of Sale\src\PointOfSale.App\Services\PerformanceProfilingBackgroundService.cs:line 59
ClientConnectionId:ed7bbd04-6709-4941-b10e-61bd3fc2f846
Error Number:208,State:1,Class:16
2026-07-22 15:24:43.126 +02:00 [ERR] Multi-terminal synchronize failed.
Microsoft.Data.SqlClient.SqlException (0x80131904): Invalid object name 'dbo.CashierShifts'.
   at System.Threading.Tasks.ContinuationResultTaskFromResultTask`2.InnerInvoke()
   at System.Threading.ExecutionContext.RunInternal(ExecutionContext executionContext, ContextCallback callback, Object state)
--- End of stack trace from previous location ---
   at System.Threading.ExecutionContext.RunInternal(ExecutionContext executionContext, ContextCallback callback, Object state)
   at System.Threading.Tasks.Task.ExecuteWithThreadLocal(Task& currentTaskSlot, Thread threadPoolThread)
--- End of stack trace from previous location ---
   at Dapper.SqlMapper.QueryRowAsync[T](IDbConnection cnn, Row row, Type effectiveType, CommandDefinition command) in /_/Dapper/SqlMapper.Async.cs:line 489
   at PointOfSale.Infrastructure.Repositories.CashierShiftRepository.GetOpenShiftAsync(CancellationToken cancellationToken) in C:\Users\Albert Zee\Documents\Projects\Point Of Sale\src\PointOfSale.Infrastructure\Repositories\CashierShiftRepository.cs:line 41
   at PointOfSale.Infrastructure.Repositories.CashierShiftRepository.GetOpenShiftAsync(CancellationToken cancellationToken) in C:\Users\Albert Zee\Documents\Projects\Point Of Sale\src\PointOfSale.Infrastructure\Repositories\CashierShiftRepository.cs:line 41
   at PointOfSale.App.Services.MultiTerminalSyncBroker.SynchronizeNowAsync(CancellationToken cancellationToken) in C:\Users\Albert Zee\Documents\Projects\Point Of Sale\src\PointOfSale.App\Services\MultiTerminalSyncBroker.cs:line 224
ClientConnectionId:ed7bbd04-6709-4941-b10e-61bd3fc2f846
Error Number:208,State:1,Class:16
2026-07-22 15:24:58.144 +02:00 [ERR] Multi-terminal synchronize failed.
Microsoft.Data.SqlClient.SqlException (0x80131904): Invalid object name 'dbo.CashierShifts'.
   at System.Threading.Tasks.ContinuationResultTaskFromResultTask`2.InnerInvoke()
   at System.Threading.ExecutionContext.RunInternal(ExecutionContext executionContext, ContextCallback callback, Object state)
--- End of stack trace from previous location ---
   at System.Threading.ExecutionContext.RunInternal(ExecutionContext executionContext, ContextCallback callback, Object state)
   at System.Threading.Tasks.Task.ExecuteWithThreadLocal(Task& currentTaskSlot, Thread threadPoolThread)
--- End of stack trace from previous location ---
   at Dapper.SqlMapper.QueryRowAsync[T](IDbConnection cnn, Row row, Type effectiveType, CommandDefinition command) in /_/Dapper/SqlMapper.Async.cs:line 489
   at PointOfSale.Infrastructure.Repositories.CashierShiftRepository.GetOpenShiftAsync(CancellationToken cancellationToken) in C:\Users\Albert Zee\Documents\Projects\Point Of Sale\src\PointOfSale.Infrastructure\Repositories\CashierShiftRepository.cs:line 41
   at PointOfSale.Infrastructure.Repositories.CashierShiftRepository.GetOpenShiftAsync(CancellationToken cancellationToken) in C:\Users\Albert Zee\Documents\Projects\Point Of Sale\src\PointOfSale.Infrastructure\Repositories\CashierShiftRepository.cs:line 41
   at PointOfSale.App.Services.MultiTerminalSyncBroker.SynchronizeNowAsync(CancellationToken cancellationToken) in C:\Users\Albert Zee\Documents\Projects\Point Of Sale\src\PointOfSale.App\Services\MultiTerminalSyncBroker.cs:line 224
ClientConnectionId:ed7bbd04-6709-4941-b10e-61bd3fc2f846
Error Number:208,State:1,Class:16
2026-07-22 15:25:02.853 +02:00 [ERR] Inventory alert scan iteration failed.
Microsoft.Data.SqlClient.SqlException (0x80131904): Invalid column name 'CatalogSource'.
Invalid column name 'HeadOfficeRevisionUtc'.
Invalid column name 'LastReplicatedAtUtc'.
Invalid column name 'MinReorderQty'.
Invalid column name 'MaxStockCapacity'.
Invalid column name 'SupplierCode'.
Invalid column name 'SupplierName'.
Invalid column name 'AverageUnitCost'.
Invalid column name 'MarkupPercent'.
   at System.Threading.Tasks.ContinuationResultTaskFromResultTask`2.InnerInvoke()
   at System.Threading.ExecutionContext.RunInternal(ExecutionContext executionContext, ContextCallback callback, Object state)
--- End of stack trace from previous location ---
   at System.Threading.ExecutionContext.RunInternal(ExecutionContext executionContext, ContextCallback callback, Object state)
   at System.Threading.Tasks.Task.ExecuteWithThreadLocal(Task& currentTaskSlot, Thread threadPoolThread)
--- End of stack trace from previous location ---
   at Dapper.SqlMapper.QueryAsync[T](IDbConnection cnn, Type effectiveType, CommandDefinition command) in /_/Dapper/SqlMapper.Async.cs:line 434
   at PointOfSale.Infrastructure.Repositories.LocalInventoryRepository.GetAllAsync(CancellationToken cancellationToken) in C:\Users\Albert Zee\Documents\Projects\Point Of Sale\src\PointOfSale.Infrastructure\Repositories\LocalInventoryRepository.cs:line 68
   at PointOfSale.Infrastructure.Repositories.LocalInventoryRepository.GetAllAsync(CancellationToken cancellationToken) in C:\Users\Albert Zee\Documents\Projects\Point Of Sale\src\PointOfSale.Infrastructure\Repositories\LocalInventoryRepository.cs:line 71
   at PointOfSale.App.Services.InventoryAlertService.ScanAsync(CancellationToken cancellationToken) in C:\Users\Albert Zee\Documents\Projects\Point Of Sale\src\PointOfSale.App\Services\InventoryAlertService.cs:line 68
   at PointOfSale.App.Services.InventoryAlertBackgroundService.ExecuteAsync(CancellationToken stoppingToken) in C:\Users\Albert Zee\Documents\Projects\Point Of Sale\src\PointOfSale.App\Services\InventoryAlertService.cs:line 313
ClientConnectionId:ed7bbd04-6709-4941-b10e-61bd3fc2f846
Error Number:207,State:1,Class:16
2026-07-22 15:25:12.955 +02:00 [WRN] Performance profiling iteration failed.
Microsoft.Data.SqlClient.SqlException (0x80131904): Invalid object name 'dbo.DiagnosticTelemetryEvents'.
   at System.Threading.Tasks.ContinuationResultTaskFromResultTask`2.InnerInvoke()
   at System.Threading.ExecutionContext.RunInternal(ExecutionContext executionContext, ContextCallback callback, Object state)
--- End of stack trace from previous location ---
   at System.Threading.ExecutionContext.RunInternal(ExecutionContext executionContext, ContextCallback callback, Object state)
   at System.Threading.Tasks.Task.ExecuteWithThreadLocal(Task& currentTaskSlot, Thread threadPoolThread)
--- End of stack trace from previous location ---
   at Dapper.SqlMapper.QueryAsync[T](IDbConnection cnn, Type effectiveType, CommandDefinition command) in /_/Dapper/SqlMapper.Async.cs:line 434
   at PointOfSale.Infrastructure.Repositories.DiagnosticTelemetryRepository.GetRecentAsync(Int32 take, String categoryFilter, String severityFilter, String search, CancellationToken cancellationToken) in C:\Users\Albert Zee\Documents\Projects\Point Of Sale\src\PointOfSale.Infrastructure\Repositories\DiagnosticTelemetryRepository.cs:line 68
   at PointOfSale.Infrastructure.Repositories.DiagnosticTelemetryRepository.GetRecentAsync(Int32 take, String categoryFilter, String severityFilter, String search, CancellationToken cancellationToken) in C:\Users\Albert Zee\Documents\Projects\Point Of Sale\src\PointOfSale.Infrastructure\Repositories\DiagnosticTelemetryRepository.cs:line 84
   at PointOfSale.App.Services.PerformanceProfilingService.LoadErrorHistogramAsync(CancellationToken cancellationToken) in C:\Users\Albert Zee\Documents\Projects\Point Of Sale\src\PointOfSale.App\Services\PerformanceProfilingService.cs:line 294
   at PointOfSale.App.Services.PerformanceProfilingService.CaptureSnapshotAsync(CancellationToken cancellationToken) in C:\Users\Albert Zee\Documents\Projects\Point Of Sale\src\PointOfSale.App\Services\PerformanceProfilingService.cs:line 110
   at PointOfSale.App.Services.PerformanceProfilingBackgroundService.ExecuteAsync(CancellationToken stoppingToken) in C:\Users\Albert Zee\Documents\Projects\Point Of Sale\src\PointOfSale.App\Services\PerformanceProfilingBackgroundService.cs:line 59
ClientConnectionId:ed7bbd04-6709-4941-b10e-61bd3fc2f846
Error Number:208,State:1,Class:16
2026-07-22 15:25:13.204 +02:00 [ERR] Multi-terminal synchronize failed.
Microsoft.Data.SqlClient.SqlException (0x80131904): Invalid object name 'dbo.CashierShifts'.
   at System.Threading.Tasks.ContinuationResultTaskFromResultTask`2.InnerInvoke()
   at System.Threading.ExecutionContext.RunInternal(ExecutionContext executionContext, ContextCallback callback, Object state)
--- End of stack trace from previous location ---
   at System.Threading.ExecutionContext.RunInternal(ExecutionContext executionContext, ContextCallback callback, Object state)
   at System.Threading.Tasks.Task.ExecuteWithThreadLocal(Task& currentTaskSlot, Thread threadPoolThread)
--- End of stack trace from previous location ---
   at Dapper.SqlMapper.QueryRowAsync[T](IDbConnection cnn, Row row, Type effectiveType, CommandDefinition command) in /_/Dapper/SqlMapper.Async.cs:line 489
   at PointOfSale.Infrastructure.Repositories.CashierShiftRepository.GetOpenShiftAsync(CancellationToken cancellationToken) in C:\Users\Albert Zee\Documents\Projects\Point Of Sale\src\PointOfSale.Infrastructure\Repositories\CashierShiftRepository.cs:line 41
   at PointOfSale.Infrastructure.Repositories.CashierShiftRepository.GetOpenShiftAsync(CancellationToken cancellationToken) in C:\Users\Albert Zee\Documents\Projects\Point Of Sale\src\PointOfSale.Infrastructure\Repositories\CashierShiftRepository.cs:line 41
   at PointOfSale.App.Services.MultiTerminalSyncBroker.SynchronizeNowAsync(CancellationToken cancellationToken) in C:\Users\Albert Zee\Documents\Projects\Point Of Sale\src\PointOfSale.App\Services\MultiTerminalSyncBroker.cs:line 224
ClientConnectionId:ed7bbd04-6709-4941-b10e-61bd3fc2f846
Error Number:208,State:1,Class:16
2026-07-22 15:25:15.374 +02:00 [INF] ART Diagnostic DatabaseLatency SqlExpress 1 null: SQL round-trip 1 ms
2026-07-22 15:25:17.972 +02:00 [INF] ART Diagnostic WorkerHeartbeat HealthCheckWorker null null: Heartbeat
2026-07-22 15:25:17.979 +02:00 [INF] ART Diagnostic DatabaseLatency SqlExpress 1 null: SQL round-trip 1 ms
2026-07-22 15:25:18.187 +02:00 [INF] ART Diagnostic MraConnectivity MraEis 203 404: MRA reachable (404) in 203 ms.
2026-07-22 15:25:18.512 +02:00 [INF] ART Diagnostic HealthCheck HealthCheckWorker 1 null: All subsystems healthy (SQL 1 ms, disk 51.71 GB free).
2026-07-22 15:25:18.513 +02:00 [INF] ART Diagnostic MraConnectivity MraEis 3134 404: MRA reachable (404) in 3134 ms.
2026-07-22 15:25:18.658 +02:00 [ERR] HealthCheckWorker iteration failed.
Microsoft.Data.SqlClient.SqlException (0x80131904): Invalid object name 'dbo.DiagnosticTelemetryEvents'.
   at Microsoft.Data.SqlClient.TdsParser.ThrowExceptionAndWarning(TdsParserStateObject stateObj, SqlCommand command, Boolean callerHasConnectionLock, Boolean asyncClose)
   at Microsoft.Data.SqlClient.TdsParser.TryRun(RunBehavior runBehavior, SqlCommand cmdHandler, SqlDataReader dataStream, BulkCopySimpleResultSet bulkCopyHandler, TdsParserStateObject stateObj, Boolean& dataReady)
   at Microsoft.Data.SqlClient.SqlCommand.FinishExecuteReader(SqlDataReader ds, RunBehavior runBehavior, String resetOptionsString, Boolean isInternal, Boolean forDescribeParameterEncryption, Boolean shouldCacheForAlwaysEncrypted)
   at Microsoft.Data.SqlClient.SqlCommand.CompleteAsyncExecuteReader(Boolean isInternal, Boolean forDescribeParameterEncryption)
   at Microsoft.Data.SqlClient.SqlCommand.InternalEndExecuteNonQuery(IAsyncResult asyncResult, Boolean isInternal, String endMethod)
   at Microsoft.Data.SqlClient.SqlCommand.EndExecuteNonQueryInternal(IAsyncResult asyncResult)
   at Microsoft.Data.SqlClient.SqlCommand.EndExecuteNonQueryAsync(IAsyncResult asyncResult)
   at System.Threading.Tasks.TaskFactory`1.FromAsyncCoreLogic(IAsyncResult iar, Func`2 endFunction, Action`1 endAction, Task`1 promise, Boolean requiresSynchronization)
--- End of stack trace from previous location ---
   at Dapper.SqlMapper.ExecuteImplAsync(IDbConnection cnn, CommandDefinition command, Object param) in /_/Dapper/SqlMapper.Async.cs:line 662
   at PointOfSale.Infrastructure.Repositories.DiagnosticTelemetryRepository.PurgeOlderThanAsync(DateTime cutoffUtc, CancellationToken cancellationToken) in C:\Users\Albert Zee\Documents\Projects\Point Of Sale\src\PointOfSale.Infrastructure\Repositories\DiagnosticTelemetryRepository.cs:line 96
   at PointOfSale.Infrastructure.Repositories.DiagnosticTelemetryRepository.PurgeOlderThanAsync(DateTime cutoffUtc, CancellationToken cancellationToken) in C:\Users\Albert Zee\Documents\Projects\Point Of Sale\src\PointOfSale.Infrastructure\Repositories\DiagnosticTelemetryRepository.cs:line 96
   at PointOfSale.App.Services.TelemetryDiagnosticService.PurgeExpiredAsync(CancellationToken cancellationToken) in C:\Users\Albert Zee\Documents\Projects\Point Of Sale\src\PointOfSale.App\Services\TelemetryDiagnosticService.cs:line 321
   at PointOfSale.App.Services.HealthCheckWorker.ExecuteAsync(CancellationToken stoppingToken) in C:\Users\Albert Zee\Documents\Projects\Point Of Sale\src\PointOfSale.App\Services\HealthCheckWorker.cs:line 58
ClientConnectionId:ed7bbd04-6709-4941-b10e-61bd3fc2f846
Error Number:208,State:1,Class:16
2026-07-22 15:25:18.660 +02:00 [ERR] ART Diagnostic Exception HealthCheckWorker null null: Invalid object name 'dbo.DiagnosticTelemetryEvents'.
2026-07-22 15:25:18.984 +02:00 [INF] ART Diagnostic HealthCheck HealthCheckWorker 1 null: All subsystems healthy (SQL 1 ms, disk 51.71 GB free).
2026-07-22 15:25:19.441 +02:00 [INF] ART Diagnostic WorkerHeartbeat SystemHealthMonitorService null null: All monitored subsystems healthy.
2026-07-22 15:25:28.219 +02:00 [ERR] Multi-terminal synchronize failed.
Microsoft.Data.SqlClient.SqlException (0x80131904): Invalid object name 'dbo.CashierShifts'.
   at System.Threading.Tasks.ContinuationResultTaskFromResultTask`2.InnerInvoke()
   at System.Threading.ExecutionContext.RunInternal(ExecutionContext executionContext, ContextCallback callback, Object state)
--- End of stack trace from previous location ---
   at System.Threading.ExecutionContext.RunInternal(ExecutionContext executionContext, ContextCallback callback, Object state)
   at System.Threading.Tasks.Task.ExecuteWithThreadLocal(Task& currentTaskSlot, Thread threadPoolThread)
--- End of stack trace from previous location ---
   at Dapper.SqlMapper.QueryRowAsync[T](IDbConnection cnn, Row row, Type effectiveType, CommandDefinition command) in /_/Dapper/SqlMapper.Async.cs:line 489
   at PointOfSale.Infrastructure.Repositories.CashierShiftRepository.GetOpenShiftAsync(CancellationToken cancellationToken) in C:\Users\Albert Zee\Documents\Projects\Point Of Sale\src\PointOfSale.Infrastructure\Repositories\CashierShiftRepository.cs:line 41
   at PointOfSale.Infrastructure.Repositories.CashierShiftRepository.GetOpenShiftAsync(CancellationToken cancellationToken) in C:\Users\Albert Zee\Documents\Projects\Point Of Sale\src\PointOfSale.Infrastructure\Repositories\CashierShiftRepository.cs:line 41
   at PointOfSale.App.Services.MultiTerminalSyncBroker.SynchronizeNowAsync(CancellationToken cancellationToken) in C:\Users\Albert Zee\Documents\Projects\Point Of Sale\src\PointOfSale.App\Services\MultiTerminalSyncBroker.cs:line 224
ClientConnectionId:ed7bbd04-6709-4941-b10e-61bd3fc2f846
Error Number:208,State:1,Class:16
2026-07-22 15:25:42.967 +02:00 [WRN] Performance profiling iteration failed.
Microsoft.Data.SqlClient.SqlException (0x80131904): Invalid object name 'dbo.DiagnosticTelemetryEvents'.
   at System.Threading.Tasks.ContinuationResultTaskFromResultTask`2.InnerInvoke()
   at System.Threading.ExecutionContext.RunInternal(ExecutionContext executionContext, ContextCallback callback, Object state)
--- End of stack trace from previous location ---
   at System.Threading.ExecutionContext.RunInternal(ExecutionContext executionContext, ContextCallback callback, Object state)
   at System.Threading.Tasks.Task.ExecuteWithThreadLocal(Task& currentTaskSlot, Thread threadPoolThread)
--- End of stack trace from previous location ---
   at Dapper.SqlMapper.QueryAsync[T](IDbConnection cnn, Type effectiveType, CommandDefinition command) in /_/Dapper/SqlMapper.Async.cs:line 434
   at PointOfSale.Infrastructure.Repositories.DiagnosticTelemetryRepository.GetRecentAsync(Int32 take, String categoryFilter, String severityFilter, String search, CancellationToken cancellationToken) in C:\Users\Albert Zee\Documents\Projects\Point Of Sale\src\PointOfSale.Infrastructure\Repositories\DiagnosticTelemetryRepository.cs:line 68
   at PointOfSale.Infrastructure.Repositories.DiagnosticTelemetryRepository.GetRecentAsync(Int32 take, String categoryFilter, String severityFilter, String search, CancellationToken cancellationToken) in C:\Users\Albert Zee\Documents\Projects\Point Of Sale\src\PointOfSale.Infrastructure\Repositories\DiagnosticTelemetryRepository.cs:line 84
   at PointOfSale.App.Services.PerformanceProfilingService.LoadErrorHistogramAsync(CancellationToken cancellationToken) in C:\Users\Albert Zee\Documents\Projects\Point Of Sale\src\PointOfSale.App\Services\PerformanceProfilingService.cs:line 294
   at PointOfSale.App.Services.PerformanceProfilingService.CaptureSnapshotAsync(CancellationToken cancellationToken) in C:\Users\Albert Zee\Documents\Projects\Point Of Sale\src\PointOfSale.App\Services\PerformanceProfilingService.cs:line 110
   at PointOfSale.App.Services.PerformanceProfilingBackgroundService.ExecuteAsync(CancellationToken stoppingToken) in C:\Users\Albert Zee\Documents\Projects\Point Of Sale\src\PointOfSale.App\Services\PerformanceProfilingBackgroundService.cs:line 59
ClientConnectionId:ed7bbd04-6709-4941-b10e-61bd3fc2f846
Error Number:208,State:1,Class:16
2026-07-22 15:25:43.233 +02:00 [ERR] Multi-terminal synchronize failed.
Microsoft.Data.SqlClient.SqlException (0x80131904): Invalid object name 'dbo.CashierShifts'.
   at System.Threading.Tasks.ContinuationResultTaskFromResultTask`2.InnerInvoke()
   at System.Threading.ExecutionContext.RunInternal(ExecutionContext executionContext, ContextCallback callback, Object state)
--- End of stack trace from previous location ---
   at System.Threading.ExecutionContext.RunInternal(ExecutionContext executionContext, ContextCallback callback, Object state)
   at System.Threading.Tasks.Task.ExecuteWithThreadLocal(Task& currentTaskSlot, Thread threadPoolThread)
--- End of stack trace from previous location ---
   at Dapper.SqlMapper.QueryRowAsync[T](IDbConnection cnn, Row row, Type effectiveType, CommandDefinition command) in /_/Dapper/SqlMapper.Async.cs:line 489
   at PointOfSale.Infrastructure.Repositories.CashierShiftRepository.GetOpenShiftAsync(CancellationToken cancellationToken) in C:\Users\Albert Zee\Documents\Projects\Point Of Sale\src\PointOfSale.Infrastructure\Repositories\CashierShiftRepository.cs:line 41
   at PointOfSale.Infrastructure.Repositories.CashierShiftRepository.GetOpenShiftAsync(CancellationToken cancellationToken) in C:\Users\Albert Zee\Documents\Projects\Point Of Sale\src\PointOfSale.Infrastructure\Repositories\CashierShiftRepository.cs:line 41
   at PointOfSale.App.Services.MultiTerminalSyncBroker.SynchronizeNowAsync(CancellationToken cancellationToken) in C:\Users\Albert Zee\Documents\Projects\Point Of Sale\src\PointOfSale.App\Services\MultiTerminalSyncBroker.cs:line 224
ClientConnectionId:ed7bbd04-6709-4941-b10e-61bd3fc2f846
Error Number:208,State:1,Class:16
2026-07-22 15:25:58.242 +02:00 [ERR] Multi-terminal synchronize failed.
Microsoft.Data.SqlClient.SqlException (0x80131904): Invalid object name 'dbo.CashierShifts'.
   at System.Threading.Tasks.ContinuationResultTaskFromResultTask`2.InnerInvoke()
   at System.Threading.ExecutionContext.RunInternal(ExecutionContext executionContext, ContextCallback callback, Object state)
--- End of stack trace from previous location ---
   at System.Threading.ExecutionContext.RunInternal(ExecutionContext executionContext, ContextCallback callback, Object state)
   at System.Threading.Tasks.Task.ExecuteWithThreadLocal(Task& currentTaskSlot, Thread threadPoolThread)
--- End of stack trace from previous location ---
   at Dapper.SqlMapper.QueryRowAsync[T](IDbConnection cnn, Row row, Type effectiveType, CommandDefinition command) in /_/Dapper/SqlMapper.Async.cs:line 489
   at PointOfSale.Infrastructure.Repositories.CashierShiftRepository.GetOpenShiftAsync(CancellationToken cancellationToken) in C:\Users\Albert Zee\Documents\Projects\Point Of Sale\src\PointOfSale.Infrastructure\Repositories\CashierShiftRepository.cs:line 41
   at PointOfSale.Infrastructure.Repositories.CashierShiftRepository.GetOpenShiftAsync(CancellationToken cancellationToken) in C:\Users\Albert Zee\Documents\Projects\Point Of Sale\src\PointOfSale.Infrastructure\Repositories\CashierShiftRepository.cs:line 41
   at PointOfSale.App.Services.MultiTerminalSyncBroker.SynchronizeNowAsync(CancellationToken cancellationToken) in C:\Users\Albert Zee\Documents\Projects\Point Of Sale\src\PointOfSale.App\Services\MultiTerminalSyncBroker.cs:line 224
ClientConnectionId:ed7bbd04-6709-4941-b10e-61bd3fc2f846
Error Number:208,State:1,Class:16
2026-07-22 15:26:02.853 +02:00 [ERR] Inventory alert scan iteration failed.
Microsoft.Data.SqlClient.SqlException (0x80131904): Invalid column name 'CatalogSource'.
Invalid column name 'HeadOfficeRevisionUtc'.
Invalid column name 'LastReplicatedAtUtc'.
Invalid column name 'MinReorderQty'.
Invalid column name 'MaxStockCapacity'.
Invalid column name 'SupplierCode'.
Invalid column name 'SupplierName'.
Invalid column name 'AverageUnitCost'.
Invalid column name 'MarkupPercent'.
   at System.Threading.Tasks.ContinuationResultTaskFromResultTask`2.InnerInvoke()
   at System.Threading.ExecutionContext.RunInternal(ExecutionContext executionContext, ContextCallback callback, Object state)
--- End of stack trace from previous location ---
   at System.Threading.ExecutionContext.RunInternal(ExecutionContext executionContext, ContextCallback callback, Object state)
   at System.Threading.Tasks.Task.ExecuteWithThreadLocal(Task& currentTaskSlot, Thread threadPoolThread)
--- End of stack trace from previous location ---
   at Dapper.SqlMapper.QueryAsync[T](IDbConnection cnn, Type effectiveType, CommandDefinition command) in /_/Dapper/SqlMapper.Async.cs:line 434
   at PointOfSale.Infrastructure.Repositories.LocalInventoryRepository.GetAllAsync(CancellationToken cancellationToken) in C:\Users\Albert Zee\Documents\Projects\Point Of Sale\src\PointOfSale.Infrastructure\Repositories\LocalInventoryRepository.cs:line 68
   at PointOfSale.Infrastructure.Repositories.LocalInventoryRepository.GetAllAsync(CancellationToken cancellationToken) in C:\Users\Albert Zee\Documents\Projects\Point Of Sale\src\PointOfSale.Infrastructure\Repositories\LocalInventoryRepository.cs:line 71
   at PointOfSale.App.Services.InventoryAlertService.ScanAsync(CancellationToken cancellationToken) in C:\Users\Albert Zee\Documents\Projects\Point Of Sale\src\PointOfSale.App\Services\InventoryAlertService.cs:line 68
   at PointOfSale.App.Services.InventoryAlertBackgroundService.ExecuteAsync(CancellationToken stoppingToken) in C:\Users\Albert Zee\Documents\Projects\Point Of Sale\src\PointOfSale.App\Services\InventoryAlertService.cs:line 313
ClientConnectionId:ed7bbd04-6709-4941-b10e-61bd3fc2f846
Error Number:207,State:1,Class:16
2026-07-22 15:26:03.737 +02:00 [INF] ART Diagnostic WorkerHeartbeat HealthCheckWorker null null: Heartbeat
2026-07-22 15:26:03.741 +02:00 [INF] ART Diagnostic DatabaseLatency SqlExpress 0 null: SQL round-trip 0 ms
2026-07-22 15:26:03.786 +02:00 [INF] ART Diagnostic MraConnectivity MraEis 41 404: MRA reachable (404) in 41 ms.
2026-07-22 15:26:03.911 +02:00 [INF] ART Diagnostic HealthCheck HealthCheckWorker 0 null: All subsystems healthy (SQL 0 ms, disk 51.72 GB free).
2026-07-22 15:26:03.923 +02:00 [ERR] HealthCheckWorker iteration failed.
Microsoft.Data.SqlClient.SqlException (0x80131904): Invalid object name 'dbo.DiagnosticTelemetryEvents'.
   at Microsoft.Data.SqlClient.TdsParser.ThrowExceptionAndWarning(TdsParserStateObject stateObj, SqlCommand command, Boolean callerHasConnectionLock, Boolean asyncClose)
   at Microsoft.Data.SqlClient.TdsParser.TryRun(RunBehavior runBehavior, SqlCommand cmdHandler, SqlDataReader dataStream, BulkCopySimpleResultSet bulkCopyHandler, TdsParserStateObject stateObj, Boolean& dataReady)
   at Microsoft.Data.SqlClient.SqlCommand.FinishExecuteReader(SqlDataReader ds, RunBehavior runBehavior, String resetOptionsString, Boolean isInternal, Boolean forDescribeParameterEncryption, Boolean shouldCacheForAlwaysEncrypted)
   at Microsoft.Data.SqlClient.SqlCommand.CompleteAsyncExecuteReader(Boolean isInternal, Boolean forDescribeParameterEncryption)
   at Microsoft.Data.SqlClient.SqlCommand.InternalEndExecuteNonQuery(IAsyncResult asyncResult, Boolean isInternal, String endMethod)
   at Microsoft.Data.SqlClient.SqlCommand.EndExecuteNonQueryInternal(IAsyncResult asyncResult)
   at Microsoft.Data.SqlClient.SqlCommand.EndExecuteNonQueryAsync(IAsyncResult asyncResult)
   at System.Threading.Tasks.TaskFactory`1.FromAsyncCoreLogic(IAsyncResult iar, Func`2 endFunction, Action`1 endAction, Task`1 promise, Boolean requiresSynchronization)
--- End of stack trace from previous location ---
   at Dapper.SqlMapper.ExecuteImplAsync(IDbConnection cnn, CommandDefinition command, Object param) in /_/Dapper/SqlMapper.Async.cs:line 662
   at PointOfSale.Infrastructure.Repositories.DiagnosticTelemetryRepository.PurgeOlderThanAsync(DateTime cutoffUtc, CancellationToken cancellationToken) in C:\Users\Albert Zee\Documents\Projects\Point Of Sale\src\PointOfSale.Infrastructure\Repositories\DiagnosticTelemetryRepository.cs:line 96
   at PointOfSale.Infrastructure.Repositories.DiagnosticTelemetryRepository.PurgeOlderThanAsync(DateTime cutoffUtc, CancellationToken cancellationToken) in C:\Users\Albert Zee\Documents\Projects\Point Of Sale\src\PointOfSale.Infrastructure\Repositories\DiagnosticTelemetryRepository.cs:line 96
   at PointOfSale.App.Services.TelemetryDiagnosticService.PurgeExpiredAsync(CancellationToken cancellationToken) in C:\Users\Albert Zee\Documents\Projects\Point Of Sale\src\PointOfSale.App\Services\TelemetryDiagnosticService.cs:line 321
   at PointOfSale.App.Services.HealthCheckWorker.ExecuteAsync(CancellationToken stoppingToken) in C:\Users\Albert Zee\Documents\Projects\Point Of Sale\src\PointOfSale.App\Services\HealthCheckWorker.cs:line 58
ClientConnectionId:ed7bbd04-6709-4941-b10e-61bd3fc2f846
Error Number:208,State:1,Class:16
2026-07-22 15:26:03.924 +02:00 [ERR] ART Diagnostic Exception HealthCheckWorker null null: Invalid object name 'dbo.DiagnosticTelemetryEvents'.
2026-07-22 15:26:04.765 +02:00 [INF] ART Diagnostic DatabaseLatency SqlExpress 0 null: SQL round-trip 0 ms
2026-07-22 15:26:04.812 +02:00 [INF] ART Diagnostic MraConnectivity MraEis 41 404: MRA reachable (404) in 41 ms.
2026-07-22 15:26:04.964 +02:00 [INF] ART Diagnostic HealthCheck HealthCheckWorker 0 null: All subsystems healthy (SQL 0 ms, disk 51.72 GB free).
2026-07-22 15:26:05.410 +02:00 [INF] ART Diagnostic WorkerHeartbeat SystemHealthMonitorService null null: All monitored subsystems healthy.
2026-07-22 15:26:12.984 +02:00 [WRN] Performance profiling iteration failed.
Microsoft.Data.SqlClient.SqlException (0x80131904): Invalid object name 'dbo.DiagnosticTelemetryEvents'.
   at System.Threading.Tasks.ContinuationResultTaskFromResultTask`2.InnerInvoke()
   at System.Threading.ExecutionContext.RunInternal(ExecutionContext executionContext, ContextCallback callback, Object state)
--- End of stack trace from previous location ---
   at System.Threading.ExecutionContext.RunInternal(ExecutionContext executionContext, ContextCallback callback, Object state)
   at System.Threading.Tasks.Task.ExecuteWithThreadLocal(Task& currentTaskSlot, Thread threadPoolThread)
--- End of stack trace from previous location ---
   at Dapper.SqlMapper.QueryAsync[T](IDbConnection cnn, Type effectiveType, CommandDefinition command) in /_/Dapper/SqlMapper.Async.cs:line 434
   at PointOfSale.Infrastructure.Repositories.DiagnosticTelemetryRepository.GetRecentAsync(Int32 take, String categoryFilter, String severityFilter, String search, CancellationToken cancellationToken) in C:\Users\Albert Zee\Documents\Projects\Point Of Sale\src\PointOfSale.Infrastructure\Repositories\DiagnosticTelemetryRepository.cs:line 68
   at PointOfSale.Infrastructure.Repositories.DiagnosticTelemetryRepository.GetRecentAsync(Int32 take, String categoryFilter, String severityFilter, String search, CancellationToken cancellationToken) in C:\Users\Albert Zee\Documents\Projects\Point Of Sale\src\PointOfSale.Infrastructure\Repositories\DiagnosticTelemetryRepository.cs:line 84
   at PointOfSale.App.Services.PerformanceProfilingService.LoadErrorHistogramAsync(CancellationToken cancellationToken) in C:\Users\Albert Zee\Documents\Projects\Point Of Sale\src\PointOfSale.App\Services\PerformanceProfilingService.cs:line 294
   at PointOfSale.App.Services.PerformanceProfilingService.CaptureSnapshotAsync(CancellationToken cancellationToken) in C:\Users\Albert Zee\Documents\Projects\Point Of Sale\src\PointOfSale.App\Services\PerformanceProfilingService.cs:line 110
   at PointOfSale.App.Services.PerformanceProfilingBackgroundService.ExecuteAsync(CancellationToken stoppingToken) in C:\Users\Albert Zee\Documents\Projects\Point Of Sale\src\PointOfSale.App\Services\PerformanceProfilingBackgroundService.cs:line 59
ClientConnectionId:ed7bbd04-6709-4941-b10e-61bd3fc2f846
Error Number:208,State:1,Class:16
2026-07-22 15:26:13.255 +02:00 [ERR] Multi-terminal synchronize failed.
Microsoft.Data.SqlClient.SqlException (0x80131904): Invalid object name 'dbo.CashierShifts'.
   at System.Threading.Tasks.ContinuationResultTaskFromResultTask`2.InnerInvoke()
   at System.Threading.ExecutionContext.RunInternal(ExecutionContext executionContext, ContextCallback callback, Object state)
--- End of stack trace from previous location ---
   at System.Threading.ExecutionContext.RunInternal(ExecutionContext executionContext, ContextCallback callback, Object state)
   at System.Threading.Tasks.Task.ExecuteWithThreadLocal(Task& currentTaskSlot, Thread threadPoolThread)
--- End of stack trace from previous location ---
   at Dapper.SqlMapper.QueryRowAsync[T](IDbConnection cnn, Row row, Type effectiveType, CommandDefinition command) in /_/Dapper/SqlMapper.Async.cs:line 489
   at PointOfSale.Infrastructure.Repositories.CashierShiftRepository.GetOpenShiftAsync(CancellationToken cancellationToken) in C:\Users\Albert Zee\Documents\Projects\Point Of Sale\src\PointOfSale.Infrastructure\Repositories\CashierShiftRepository.cs:line 41
   at PointOfSale.Infrastructure.Repositories.CashierShiftRepository.GetOpenShiftAsync(CancellationToken cancellationToken) in C:\Users\Albert Zee\Documents\Projects\Point Of Sale\src\PointOfSale.Infrastructure\Repositories\CashierShiftRepository.cs:line 41
   at PointOfSale.App.Services.MultiTerminalSyncBroker.SynchronizeNowAsync(CancellationToken cancellationToken) in C:\Users\Albert Zee\Documents\Projects\Point Of Sale\src\PointOfSale.App\Services\MultiTerminalSyncBroker.cs:line 224
ClientConnectionId:ed7bbd04-6709-4941-b10e-61bd3fc2f846
Error Number:208,State:1,Class:16
2026-07-22 15:26:28.258 +02:00 [ERR] Multi-terminal synchronize failed.
Microsoft.Data.SqlClient.SqlException (0x80131904): Invalid object name 'dbo.CashierShifts'.
   at System.Threading.Tasks.ContinuationResultTaskFromResultTask`2.InnerInvoke()
   at System.Threading.ExecutionContext.RunInternal(ExecutionContext executionContext, ContextCallback callback, Object state)
--- End of stack trace from previous location ---
   at System.Threading.ExecutionContext.RunInternal(ExecutionContext executionContext, ContextCallback callback, Object state)
   at System.Threading.Tasks.Task.ExecuteWithThreadLocal(Task& currentTaskSlot, Thread threadPoolThread)
--- End of stack trace from previous location ---
   at Dapper.SqlMapper.QueryRowAsync[T](IDbConnection cnn, Row row, Type effectiveType, CommandDefinition command) in /_/Dapper/SqlMapper.Async.cs:line 489
   at PointOfSale.Infrastructure.Repositories.CashierShiftRepository.GetOpenShiftAsync(CancellationToken cancellationToken) in C:\Users\Albert Zee\Documents\Projects\Point Of Sale\src\PointOfSale.Infrastructure\Repositories\CashierShiftRepository.cs:line 41
   at PointOfSale.Infrastructure.Repositories.CashierShiftRepository.GetOpenShiftAsync(CancellationToken cancellationToken) in C:\Users\Albert Zee\Documents\Projects\Point Of Sale\src\PointOfSale.Infrastructure\Repositories\CashierShiftRepository.cs:line 41
   at PointOfSale.App.Services.MultiTerminalSyncBroker.SynchronizeNowAsync(CancellationToken cancellationToken) in C:\Users\Albert Zee\Documents\Projects\Point Of Sale\src\PointOfSale.App\Services\MultiTerminalSyncBroker.cs:line 224
ClientConnectionId:ed7bbd04-6709-4941-b10e-61bd3fc2f846
Error Number:208,State:1,Class:16
2026-07-22 15:26:42.992 +02:00 [WRN] Performance profiling iteration failed.
Microsoft.Data.SqlClient.SqlException (0x80131904): Invalid object name 'dbo.DiagnosticTelemetryEvents'.
   at System.Threading.Tasks.ContinuationResultTaskFromResultTask`2.InnerInvoke()
   at System.Threading.ExecutionContext.RunInternal(ExecutionContext executionContext, ContextCallback callback, Object state)
--- End of stack trace from previous location ---
   at System.Threading.ExecutionContext.RunInternal(ExecutionContext executionContext, ContextCallback callback, Object state)
   at System.Threading.Tasks.Task.ExecuteWithThreadLocal(Task& currentTaskSlot, Thread threadPoolThread)
--- End of stack trace from previous location ---
   at Dapper.SqlMapper.QueryAsync[T](IDbConnection cnn, Type effectiveType, CommandDefinition command) in /_/Dapper/SqlMapper.Async.cs:line 434
   at PointOfSale.Infrastructure.Repositories.DiagnosticTelemetryRepository.GetRecentAsync(Int32 take, String categoryFilter, String severityFilter, String search, CancellationToken cancellationToken) in C:\Users\Albert Zee\Documents\Projects\Point Of Sale\src\PointOfSale.Infrastructure\Repositories\DiagnosticTelemetryRepository.cs:line 68
   at PointOfSale.Infrastructure.Repositories.DiagnosticTelemetryRepository.GetRecentAsync(Int32 take, String categoryFilter, String severityFilter, String search, CancellationToken cancellationToken) in C:\Users\Albert Zee\Documents\Projects\Point Of Sale\src\PointOfSale.Infrastructure\Repositories\DiagnosticTelemetryRepository.cs:line 84
   at PointOfSale.App.Services.PerformanceProfilingService.LoadErrorHistogramAsync(CancellationToken cancellationToken) in C:\Users\Albert Zee\Documents\Projects\Point Of Sale\src\PointOfSale.App\Services\PerformanceProfilingService.cs:line 294
   at PointOfSale.App.Services.PerformanceProfilingService.CaptureSnapshotAsync(CancellationToken cancellationToken) in C:\Users\Albert Zee\Documents\Projects\Point Of Sale\src\PointOfSale.App\Services\PerformanceProfilingService.cs:line 110
   at PointOfSale.App.Services.PerformanceProfilingBackgroundService.ExecuteAsync(CancellationToken stoppingToken) in C:\Users\Albert Zee\Documents\Projects\Point Of Sale\src\PointOfSale.App\Services\PerformanceProfilingBackgroundService.cs:line 59
ClientConnectionId:c8bf80e4-948c-41e9-812d-ad33db5f4da2
Error Number:208,State:1,Class:16
2026-07-22 15:26:43.280 +02:00 [ERR] Multi-terminal synchronize failed.
Microsoft.Data.SqlClient.SqlException (0x80131904): Invalid object name 'dbo.CashierShifts'.
   at System.Threading.Tasks.ContinuationResultTaskFromResultTask`2.InnerInvoke()
   at System.Threading.ExecutionContext.RunInternal(ExecutionContext executionContext, ContextCallback callback, Object state)
--- End of stack trace from previous location ---
   at System.Threading.ExecutionContext.RunInternal(ExecutionContext executionContext, ContextCallback callback, Object state)
   at System.Threading.Tasks.Task.ExecuteWithThreadLocal(Task& currentTaskSlot, Thread threadPoolThread)
--- End of stack trace from previous location ---
   at Dapper.SqlMapper.QueryRowAsync[T](IDbConnection cnn, Row row, Type effectiveType, CommandDefinition command) in /_/Dapper/SqlMapper.Async.cs:line 489
   at PointOfSale.Infrastructure.Repositories.CashierShiftRepository.GetOpenShiftAsync(CancellationToken cancellationToken) in C:\Users\Albert Zee\Documents\Projects\Point Of Sale\src\PointOfSale.Infrastructure\Repositories\CashierShiftRepository.cs:line 41
   at PointOfSale.Infrastructure.Repositories.CashierShiftRepository.GetOpenShiftAsync(CancellationToken cancellationToken) in C:\Users\Albert Zee\Documents\Projects\Point Of Sale\src\PointOfSale.Infrastructure\Repositories\CashierShiftRepository.cs:line 41
   at PointOfSale.App.Services.MultiTerminalSyncBroker.SynchronizeNowAsync(CancellationToken cancellationToken) in C:\Users\Albert Zee\Documents\Projects\Point Of Sale\src\PointOfSale.App\Services\MultiTerminalSyncBroker.cs:line 224
ClientConnectionId:c8bf80e4-948c-41e9-812d-ad33db5f4da2
Error Number:208,State:1,Class:16
2026-07-22 15:26:48.920 +02:00 [INF] ART Diagnostic WorkerHeartbeat HealthCheckWorker null null: Heartbeat
2026-07-22 15:26:48.942 +02:00 [INF] ART Diagnostic DatabaseLatency SqlExpress 0 null: SQL round-trip 0 ms
2026-07-22 15:26:48.980 +02:00 [INF] ART Diagnostic MraConnectivity MraEis 34 404: MRA reachable (404) in 34 ms.
2026-07-22 15:26:49.170 +02:00 [INF] ART Diagnostic HealthCheck HealthCheckWorker 0 null: All subsystems healthy (SQL 0 ms, disk 51.72 GB free).
2026-07-22 15:26:49.175 +02:00 [ERR] HealthCheckWorker iteration failed.
Microsoft.Data.SqlClient.SqlException (0x80131904): Invalid object name 'dbo.DiagnosticTelemetryEvents'.
   at Microsoft.Data.SqlClient.TdsParser.ThrowExceptionAndWarning(TdsParserStateObject stateObj, SqlCommand command, Boolean callerHasConnectionLock, Boolean asyncClose)
   at Microsoft.Data.SqlClient.TdsParser.TryRun(RunBehavior runBehavior, SqlCommand cmdHandler, SqlDataReader dataStream, BulkCopySimpleResultSet bulkCopyHandler, TdsParserStateObject stateObj, Boolean& dataReady)
   at Microsoft.Data.SqlClient.SqlCommand.FinishExecuteReader(SqlDataReader ds, RunBehavior runBehavior, String resetOptionsString, Boolean isInternal, Boolean forDescribeParameterEncryption, Boolean shouldCacheForAlwaysEncrypted)
   at Microsoft.Data.SqlClient.SqlCommand.CompleteAsyncExecuteReader(Boolean isInternal, Boolean forDescribeParameterEncryption)
   at Microsoft.Data.SqlClient.SqlCommand.InternalEndExecuteNonQuery(IAsyncResult asyncResult, Boolean isInternal, String endMethod)
   at Microsoft.Data.SqlClient.SqlCommand.EndExecuteNonQueryInternal(IAsyncResult asyncResult)
   at Microsoft.Data.SqlClient.SqlCommand.EndExecuteNonQueryAsync(IAsyncResult asyncResult)
   at System.Threading.Tasks.TaskFactory`1.FromAsyncCoreLogic(IAsyncResult iar, Func`2 endFunction, Action`1 endAction, Task`1 promise, Boolean requiresSynchronization)
--- End of stack trace from previous location ---
   at Dapper.SqlMapper.ExecuteImplAsync(IDbConnection cnn, CommandDefinition command, Object param) in /_/Dapper/SqlMapper.Async.cs:line 662
   at PointOfSale.Infrastructure.Repositories.DiagnosticTelemetryRepository.PurgeOlderThanAsync(DateTime cutoffUtc, CancellationToken cancellationToken) in C:\Users\Albert Zee\Documents\Projects\Point Of Sale\src\PointOfSale.Infrastructure\Repositories\DiagnosticTelemetryRepository.cs:line 96
   at PointOfSale.Infrastructure.Repositories.DiagnosticTelemetryRepository.PurgeOlderThanAsync(DateTime cutoffUtc, CancellationToken cancellationToken) in C:\Users\Albert Zee\Documents\Projects\Point Of Sale\src\PointOfSale.Infrastructure\Repositories\DiagnosticTelemetryRepository.cs:line 96
   at PointOfSale.App.Services.TelemetryDiagnosticService.PurgeExpiredAsync(CancellationToken cancellationToken) in C:\Users\Albert Zee\Documents\Projects\Point Of Sale\src\PointOfSale.App\Services\TelemetryDiagnosticService.cs:line 321
   at PointOfSale.App.Services.HealthCheckWorker.ExecuteAsync(CancellationToken stoppingToken) in C:\Users\Albert Zee\Documents\Projects\Point Of Sale\src\PointOfSale.App\Services\HealthCheckWorker.cs:line 58
ClientConnectionId:c8bf80e4-948c-41e9-812d-ad33db5f4da2
Error Number:208,State:1,Class:16
2026-07-22 15:26:49.178 +02:00 [ERR] ART Diagnostic Exception HealthCheckWorker null null: Invalid object name 'dbo.DiagnosticTelemetryEvents'.
2026-07-22 15:26:50.419 +02:00 [INF] ART Diagnostic DatabaseLatency SqlExpress 0 null: SQL round-trip 0 ms
2026-07-22 15:26:50.538 +02:00 [INF] ART Diagnostic MraConnectivity MraEis 116 404: MRA reachable (404) in 116 ms.
2026-07-22 15:26:50.659 +02:00 [INF] ART Diagnostic HealthCheck HealthCheckWorker 0 null: All subsystems healthy (SQL 0 ms, disk 51.72 GB free).
2026-07-22 15:26:50.807 +02:00 [INF] ART Diagnostic WorkerHeartbeat SystemHealthMonitorService null null: All monitored subsystems healthy.
2026-07-22 15:26:58.287 +02:00 [ERR] Multi-terminal synchronize failed.
Microsoft.Data.SqlClient.SqlException (0x80131904): Invalid object name 'dbo.CashierShifts'.
   at System.Threading.Tasks.ContinuationResultTaskFromResultTask`2.InnerInvoke()
   at System.Threading.ExecutionContext.RunInternal(ExecutionContext executionContext, ContextCallback callback, Object state)
--- End of stack trace from previous location ---
   at System.Threading.ExecutionContext.RunInternal(ExecutionContext executionContext, ContextCallback callback, Object state)
   at System.Threading.Tasks.Task.ExecuteWithThreadLocal(Task& currentTaskSlot, Thread threadPoolThread)
--- End of stack trace from previous location ---
   at Dapper.SqlMapper.QueryRowAsync[T](IDbConnection cnn, Row row, Type effectiveType, CommandDefinition command) in /_/Dapper/SqlMapper.Async.cs:line 489
   at PointOfSale.Infrastructure.Repositories.CashierShiftRepository.GetOpenShiftAsync(CancellationToken cancellationToken) in C:\Users\Albert Zee\Documents\Projects\Point Of Sale\src\PointOfSale.Infrastructure\Repositories\CashierShiftRepository.cs:line 41
   at PointOfSale.Infrastructure.Repositories.CashierShiftRepository.GetOpenShiftAsync(CancellationToken cancellationToken) in C:\Users\Albert Zee\Documents\Projects\Point Of Sale\src\PointOfSale.Infrastructure\Repositories\CashierShiftRepository.cs:line 41
   at PointOfSale.App.Services.MultiTerminalSyncBroker.SynchronizeNowAsync(CancellationToken cancellationToken) in C:\Users\Albert Zee\Documents\Projects\Point Of Sale\src\PointOfSale.App\Services\MultiTerminalSyncBroker.cs:line 224
ClientConnectionId:c8bf80e4-948c-41e9-812d-ad33db5f4da2
Error Number:208,State:1,Class:16
2026-07-22 15:27:02.869 +02:00 [ERR] Inventory alert scan iteration failed.
Microsoft.Data.SqlClient.SqlException (0x80131904): Invalid column name 'CatalogSource'.
Invalid column name 'HeadOfficeRevisionUtc'.
Invalid column name 'LastReplicatedAtUtc'.
Invalid column name 'MinReorderQty'.
Invalid column name 'MaxStockCapacity'.
Invalid column name 'SupplierCode'.
Invalid column name 'SupplierName'.
Invalid column name 'AverageUnitCost'.
Invalid column name 'MarkupPercent'.
   at System.Threading.Tasks.ContinuationResultTaskFromResultTask`2.InnerInvoke()
   at System.Threading.ExecutionContext.RunInternal(ExecutionContext executionContext, ContextCallback callback, Object state)
--- End of stack trace from previous location ---
   at System.Threading.ExecutionContext.RunInternal(ExecutionContext executionContext, ContextCallback callback, Object state)
   at System.Threading.Tasks.Task.ExecuteWithThreadLocal(Task& currentTaskSlot, Thread threadPoolThread)
--- End of stack trace from previous location ---
   at Dapper.SqlMapper.QueryAsync[T](IDbConnection cnn, Type effectiveType, CommandDefinition command) in /_/Dapper/SqlMapper.Async.cs:line 434
   at PointOfSale.Infrastructure.Repositories.LocalInventoryRepository.GetAllAsync(CancellationToken cancellationToken) in C:\Users\Albert Zee\Documents\Projects\Point Of Sale\src\PointOfSale.Infrastructure\Repositories\LocalInventoryRepository.cs:line 68
   at PointOfSale.Infrastructure.Repositories.LocalInventoryRepository.GetAllAsync(CancellationToken cancellationToken) in C:\Users\Albert Zee\Documents\Projects\Point Of Sale\src\PointOfSale.Infrastructure\Repositories\LocalInventoryRepository.cs:line 71
   at PointOfSale.App.Services.InventoryAlertService.ScanAsync(CancellationToken cancellationToken) in C:\Users\Albert Zee\Documents\Projects\Point Of Sale\src\PointOfSale.App\Services\InventoryAlertService.cs:line 68
   at PointOfSale.App.Services.InventoryAlertBackgroundService.ExecuteAsync(CancellationToken stoppingToken) in C:\Users\Albert Zee\Documents\Projects\Point Of Sale\src\PointOfSale.App\Services\InventoryAlertService.cs:line 313
ClientConnectionId:c8bf80e4-948c-41e9-812d-ad33db5f4da2
Error Number:207,State:1,Class:16
2026-07-22 15:27:13.000 +02:00 [WRN] Performance profiling iteration failed.
Microsoft.Data.SqlClient.SqlException (0x80131904): Invalid object name 'dbo.DiagnosticTelemetryEvents'.
   at System.Threading.Tasks.ContinuationResultTaskFromResultTask`2.InnerInvoke()
   at System.Threading.ExecutionContext.RunInternal(ExecutionContext executionContext, ContextCallback callback, Object state)
--- End of stack trace from previous location ---
   at System.Threading.ExecutionContext.RunInternal(ExecutionContext executionContext, ContextCallback callback, Object state)
   at System.Threading.Tasks.Task.ExecuteWithThreadLocal(Task& currentTaskSlot, Thread threadPoolThread)
--- End of stack trace from previous location ---
   at Dapper.SqlMapper.QueryAsync[T](IDbConnection cnn, Type effectiveType, CommandDefinition command) in /_/Dapper/SqlMapper.Async.cs:line 434
   at PointOfSale.Infrastructure.Repositories.DiagnosticTelemetryRepository.GetRecentAsync(Int32 take, String categoryFilter, String severityFilter, String search, CancellationToken cancellationToken) in C:\Users\Albert Zee\Documents\Projects\Point Of Sale\src\PointOfSale.Infrastructure\Repositories\DiagnosticTelemetryRepository.cs:line 68
   at PointOfSale.Infrastructure.Repositories.DiagnosticTelemetryRepository.GetRecentAsync(Int32 take, String categoryFilter, String severityFilter, String search, CancellationToken cancellationToken) in C:\Users\Albert Zee\Documents\Projects\Point Of Sale\src\PointOfSale.Infrastructure\Repositories\DiagnosticTelemetryRepository.cs:line 84
   at PointOfSale.App.Services.PerformanceProfilingService.LoadErrorHistogramAsync(CancellationToken cancellationToken) in C:\Users\Albert Zee\Documents\Projects\Point Of Sale\src\PointOfSale.App\Services\PerformanceProfilingService.cs:line 294
   at PointOfSale.App.Services.PerformanceProfilingService.CaptureSnapshotAsync(CancellationToken cancellationToken) in C:\Users\Albert Zee\Documents\Projects\Point Of Sale\src\PointOfSale.App\Services\PerformanceProfilingService.cs:line 110
   at PointOfSale.App.Services.PerformanceProfilingBackgroundService.ExecuteAsync(CancellationToken stoppingToken) in C:\Users\Albert Zee\Documents\Projects\Point Of Sale\src\PointOfSale.App\Services\PerformanceProfilingBackgroundService.cs:line 59
ClientConnectionId:c8bf80e4-948c-41e9-812d-ad33db5f4da2
Error Number:208,State:1,Class:16
2026-07-22 15:27:13.298 +02:00 [ERR] Multi-terminal synchronize failed.
Microsoft.Data.SqlClient.SqlException (0x80131904): Invalid object name 'dbo.CashierShifts'.
   at System.Threading.Tasks.ContinuationResultTaskFromResultTask`2.InnerInvoke()
   at System.Threading.ExecutionContext.RunInternal(ExecutionContext executionContext, ContextCallback callback, Object state)
--- End of stack trace from previous location ---
   at System.Threading.ExecutionContext.RunInternal(ExecutionContext executionContext, ContextCallback callback, Object state)
   at System.Threading.Tasks.Task.ExecuteWithThreadLocal(Task& currentTaskSlot, Thread threadPoolThread)
--- End of stack trace from previous location ---
   at Dapper.SqlMapper.QueryRowAsync[T](IDbConnection cnn, Row row, Type effectiveType, CommandDefinition command) in /_/Dapper/SqlMapper.Async.cs:line 489
   at PointOfSale.Infrastructure.Repositories.CashierShiftRepository.GetOpenShiftAsync(CancellationToken cancellationToken) in C:\Users\Albert Zee\Documents\Projects\Point Of Sale\src\PointOfSale.Infrastructure\Repositories\CashierShiftRepository.cs:line 41
   at PointOfSale.Infrastructure.Repositories.CashierShiftRepository.GetOpenShiftAsync(CancellationToken cancellationToken) in C:\Users\Albert Zee\Documents\Projects\Point Of Sale\src\PointOfSale.Infrastructure\Repositories\CashierShiftRepository.cs:line 41
   at PointOfSale.App.Services.MultiTerminalSyncBroker.SynchronizeNowAsync(CancellationToken cancellationToken) in C:\Users\Albert Zee\Documents\Projects\Point Of Sale\src\PointOfSale.App\Services\MultiTerminalSyncBroker.cs:line 224
ClientConnectionId:c8bf80e4-948c-41e9-812d-ad33db5f4da2
Error Number:208,State:1,Class:16
2026-07-22 15:27:28.305 +02:00 [ERR] Multi-terminal synchronize failed.
Microsoft.Data.SqlClient.SqlException (0x80131904): Invalid object name 'dbo.CashierShifts'.
   at System.Threading.Tasks.ContinuationResultTaskFromResultTask`2.InnerInvoke()
   at System.Threading.ExecutionContext.RunInternal(ExecutionContext executionContext, ContextCallback callback, Object state)
--- End of stack trace from previous location ---
   at System.Threading.ExecutionContext.RunInternal(ExecutionContext executionContext, ContextCallback callback, Object state)
   at System.Threading.Tasks.Task.ExecuteWithThreadLocal(Task& currentTaskSlot, Thread threadPoolThread)
--- End of stack trace from previous location ---
   at Dapper.SqlMapper.QueryRowAsync[T](IDbConnection cnn, Row row, Type effectiveType, CommandDefinition command) in /_/Dapper/SqlMapper.Async.cs:line 489
   at PointOfSale.Infrastructure.Repositories.CashierShiftRepository.GetOpenShiftAsync(CancellationToken cancellationToken) in C:\Users\Albert Zee\Documents\Projects\Point Of Sale\src\PointOfSale.Infrastructure\Repositories\CashierShiftRepository.cs:line 41
   at PointOfSale.Infrastructure.Repositories.CashierShiftRepository.GetOpenShiftAsync(CancellationToken cancellationToken) in C:\Users\Albert Zee\Documents\Projects\Point Of Sale\src\PointOfSale.Infrastructure\Repositories\CashierShiftRepository.cs:line 41
   at PointOfSale.App.Services.MultiTerminalSyncBroker.SynchronizeNowAsync(CancellationToken cancellationToken) in C:\Users\Albert Zee\Documents\Projects\Point Of Sale\src\PointOfSale.App\Services\MultiTerminalSyncBroker.cs:line 224
ClientConnectionId:c8bf80e4-948c-41e9-812d-ad33db5f4da2
Error Number:208,State:1,Class:16
2026-07-22 15:27:34.190 +02:00 [INF] ART Diagnostic WorkerHeartbeat HealthCheckWorker null null: Heartbeat
2026-07-22 15:27:34.194 +02:00 [INF] ART Diagnostic DatabaseLatency SqlExpress 0 null: SQL round-trip 0 ms
2026-07-22 15:27:34.232 +02:00 [INF] ART Diagnostic MraConnectivity MraEis 35 404: MRA reachable (404) in 35 ms.
2026-07-22 15:27:35.811 +02:00 [INF] ART Diagnostic DatabaseLatency SqlExpress 0 null: SQL round-trip 0 ms
2026-07-22 15:27:35.892 +02:00 [INF] ART Diagnostic MraConnectivity MraEis 76 404: MRA reachable (404) in 76 ms.
2026-07-22 15:27:37.519 +02:00 [INF] ART Diagnostic HealthCheck HealthCheckWorker 0 null: All subsystems healthy (SQL 0 ms, disk 51.72 GB free).
2026-07-22 15:27:37.521 +02:00 [INF] ART Diagnostic HealthCheck HealthCheckWorker 0 null: All subsystems healthy (SQL 0 ms, disk 51.72 GB free).
2026-07-22 15:27:37.574 +02:00 [ERR] HealthCheckWorker iteration failed.
Microsoft.Data.SqlClient.SqlException (0x80131904): Invalid object name 'dbo.DiagnosticTelemetryEvents'.
   at Microsoft.Data.SqlClient.TdsParser.ThrowExceptionAndWarning(TdsParserStateObject stateObj, SqlCommand command, Boolean callerHasConnectionLock, Boolean asyncClose)
   at Microsoft.Data.SqlClient.TdsParser.TryRun(RunBehavior runBehavior, SqlCommand cmdHandler, SqlDataReader dataStream, BulkCopySimpleResultSet bulkCopyHandler, TdsParserStateObject stateObj, Boolean& dataReady)
   at Microsoft.Data.SqlClient.SqlCommand.FinishExecuteReader(SqlDataReader ds, RunBehavior runBehavior, String resetOptionsString, Boolean isInternal, Boolean forDescribeParameterEncryption, Boolean shouldCacheForAlwaysEncrypted)
   at Microsoft.Data.SqlClient.SqlCommand.CompleteAsyncExecuteReader(Boolean isInternal, Boolean forDescribeParameterEncryption)
   at Microsoft.Data.SqlClient.SqlCommand.InternalEndExecuteNonQuery(IAsyncResult asyncResult, Boolean isInternal, String endMethod)
   at Microsoft.Data.SqlClient.SqlCommand.EndExecuteNonQueryInternal(IAsyncResult asyncResult)
   at Microsoft.Data.SqlClient.SqlCommand.EndExecuteNonQueryAsync(IAsyncResult asyncResult)
   at System.Threading.Tasks.TaskFactory`1.FromAsyncCoreLogic(IAsyncResult iar, Func`2 endFunction, Action`1 endAction, Task`1 promise, Boolean requiresSynchronization)
--- End of stack trace from previous location ---
   at Dapper.SqlMapper.ExecuteImplAsync(IDbConnection cnn, CommandDefinition command, Object param) in /_/Dapper/SqlMapper.Async.cs:line 662
   at PointOfSale.Infrastructure.Repositories.DiagnosticTelemetryRepository.PurgeOlderThanAsync(DateTime cutoffUtc, CancellationToken cancellationToken) in C:\Users\Albert Zee\Documents\Projects\Point Of Sale\src\PointOfSale.Infrastructure\Repositories\DiagnosticTelemetryRepository.cs:line 96
   at PointOfSale.Infrastructure.Repositories.DiagnosticTelemetryRepository.PurgeOlderThanAsync(DateTime cutoffUtc, CancellationToken cancellationToken) in C:\Users\Albert Zee\Documents\Projects\Point Of Sale\src\PointOfSale.Infrastructure\Repositories\DiagnosticTelemetryRepository.cs:line 96
   at PointOfSale.App.Services.TelemetryDiagnosticService.PurgeExpiredAsync(CancellationToken cancellationToken) in C:\Users\Albert Zee\Documents\Projects\Point Of Sale\src\PointOfSale.App\Services\TelemetryDiagnosticService.cs:line 321
   at PointOfSale.App.Services.HealthCheckWorker.ExecuteAsync(CancellationToken stoppingToken) in C:\Users\Albert Zee\Documents\Projects\Point Of Sale\src\PointOfSale.App\Services\HealthCheckWorker.cs:line 58
ClientConnectionId:0b5d266f-dcbb-43ed-a1f3-cc7f95331861
Error Number:208,State:1,Class:16
2026-07-22 15:27:37.576 +02:00 [ERR] ART Diagnostic Exception HealthCheckWorker null null: Invalid object name 'dbo.DiagnosticTelemetryEvents'.
2026-07-22 15:27:37.746 +02:00 [INF] ART Diagnostic WorkerHeartbeat SystemHealthMonitorService null null: All monitored subsystems healthy.
2026-07-22 15:27:42.680 +02:00 [INF] Hardware fault-tolerance loop stopped.
