2026-08-11 16:15:22.107 +02:00 [ERR] First-run infrastructure bootstrap failed.
Microsoft.Data.SqlClient.SqlException (0x80131904): Cannot open database "PointOfSale" requested by the login. The login failed.
Login failed for user 'AlbertZee\alber'.
   at Microsoft.Data.ProviderBase.DbConnectionPool.TryGetConnection(DbConnection owningObject, UInt32 waitForMultipleObjectsTimeout, Boolean allowCreate, Boolean onlyOneCheckConnection, DbConnectionOptions userOptions, DbConnectionInternal& connection)
   at Microsoft.Data.ProviderBase.DbConnectionPool.TryGetConnection(DbConnection owningObject, TaskCompletionSource`1 retry, DbConnectionOptions userOptions, DbConnectionInternal& connection)
   at Microsoft.Data.ProviderBase.DbConnectionFactory.TryGetConnection(DbConnection owningConnection, TaskCompletionSource`1 retry, DbConnectionOptions userOptions, DbConnectionInternal oldConnection, DbConnectionInternal& connection)
   at Microsoft.Data.ProviderBase.DbConnectionInternal.TryOpenConnectionInternal(DbConnection outerConnection, DbConnectionFactory connectionFactory, TaskCompletionSource`1 retry, DbConnectionOptions userOptions)
   at Microsoft.Data.ProviderBase.DbConnectionClosed.TryOpenConnection(DbConnection outerConnection, DbConnectionFactory connectionFactory, TaskCompletionSource`1 retry, DbConnectionOptions userOptions)
   at Microsoft.Data.SqlClient.SqlConnection.TryOpen(TaskCompletionSource`1 retry, SqlConnectionOverrides overrides)
   at Microsoft.Data.SqlClient.SqlConnection.InternalOpenAsync(CancellationToken cancellationToken)
--- End of stack trace from previous location ---
   at PointOfSale.App.Services.DatabaseBootstrapService.EnsureDatabaseReadyAsync(CancellationToken cancellationToken) in C:\Users\alber\OneDrive\Documents\Point Of Sale\src\PointOfSale.App\Services\DatabaseBootstrapService.cs:line 49
   at PointOfSale.App.Services.DatabaseBootstrapService.EnsureDatabaseReadyAsync(CancellationToken cancellationToken) in C:\Users\alber\OneDrive\Documents\Point Of Sale\src\PointOfSale.App\Services\DatabaseBootstrapService.cs:line 57
   at PointOfSale.App.Services.FirstRunBootstrapService.EnsureInfrastructureAsync(CancellationToken cancellationToken) in C:\Users\alber\OneDrive\Documents\Point Of Sale\src\PointOfSale.App\Services\FirstRunBootstrapService.cs:line 175
ClientConnectionId:dfaffdae-3a00-4922-8f90-f2cc8c15af53
Error Number:4060,State:1,Class:11
2026-08-11 16:15:22.179 +02:00 [INF] Offline invoice FIFO sync worker started (interval 15s, requireConnectivity=true).
2026-08-11 16:15:22.180 +02:00 [INF] MRA connectivity restored — waking offline sync worker.
2026-08-11 16:15:22.186 +02:00 [WRN] Failed to release transient quarantines before offline drain.
Microsoft.Data.SqlClient.SqlException (0x80131904): Cannot open database "PointOfSale" requested by the login. The login failed.
Login failed for user 'AlbertZee\alber'.
   at Microsoft.Data.ProviderBase.DbConnectionPool.TryGetConnection(DbConnection owningObject, UInt32 waitForMultipleObjectsTimeout, Boolean allowCreate, Boolean onlyOneCheckConnection, DbConnectionOptions userOptions, DbConnectionInternal& connection)
   at Microsoft.Data.ProviderBase.DbConnectionPool.TryGetConnection(DbConnection owningObject, TaskCompletionSource`1 retry, DbConnectionOptions userOptions, DbConnectionInternal& connection)
   at Microsoft.Data.ProviderBase.DbConnectionFactory.TryGetConnection(DbConnection owningConnection, TaskCompletionSource`1 retry, DbConnectionOptions userOptions, DbConnectionInternal oldConnection, DbConnectionInternal& connection)
   at Microsoft.Data.ProviderBase.DbConnectionInternal.TryOpenConnectionInternal(DbConnection outerConnection, DbConnectionFactory connectionFactory, TaskCompletionSource`1 retry, DbConnectionOptions userOptions)
   at Microsoft.Data.ProviderBase.DbConnectionClosed.TryOpenConnection(DbConnection outerConnection, DbConnectionFactory connectionFactory, TaskCompletionSource`1 retry, DbConnectionOptions userOptions)
   at Microsoft.Data.SqlClient.SqlConnection.TryOpen(TaskCompletionSource`1 retry, SqlConnectionOverrides overrides)
   at Microsoft.Data.SqlClient.SqlConnection.InternalOpenAsync(CancellationToken cancellationToken)
--- End of stack trace from previous location ---
   at PointOfSale.Infrastructure.Data.SqlConnectionFactory.CreateOpenConnectionAsync(CancellationToken cancellationToken) in C:\Users\alber\OneDrive\Documents\Point Of Sale\src\PointOfSale.Infrastructure\Data\SqlConnectionFactory.cs:line 19
   at PointOfSale.Infrastructure.Repositories.OfflineInvoiceQueueRepository.GetItemsAsync(String statusFilter, Int32 take, CancellationToken cancellationToken) in C:\Users\alber\OneDrive\Documents\Point Of Sale\src\PointOfSale.Infrastructure\Repositories\OfflineInvoiceQueueRepository.cs:line 213
   at PointOfSale.Infrastructure.Services.OfflineSalesQueueService.ReleaseTransientQuarantinesAsync(CancellationToken cancellationToken) in C:\Users\alber\OneDrive\Documents\Point Of Sale\src\PointOfSale.Infrastructure\Services\OfflineSalesQueueService.cs:line 953
   at PointOfSale.Infrastructure.Services.OfflineTransactionSyncService.DrainPendingAsync(CancellationToken cancellationToken) in C:\Users\alber\OneDrive\Documents\Point Of Sale\src\PointOfSale.Infrastructure\Services\OfflineTransactionSyncService.cs:line 76
ClientConnectionId:dfaffdae-3a00-4922-8f90-f2cc8c15af53
Error Number:4060,State:1,Class:11
2026-08-11 16:15:22.196 +02:00 [WRN] Unable to query last-submitted-offline-transaction for sequence check.
Microsoft.Data.SqlClient.SqlException (0x80131904): Cannot open database "PointOfSale" requested by the login. The login failed.
Login failed for user 'AlbertZee\alber'.
   at Microsoft.Data.ProviderBase.DbConnectionPool.TryGetConnection(DbConnection owningObject, UInt32 waitForMultipleObjectsTimeout, Boolean allowCreate, Boolean onlyOneCheckConnection, DbConnectionOptions userOptions, DbConnectionInternal& connection)
   at Microsoft.Data.ProviderBase.DbConnectionPool.TryGetConnection(DbConnection owningObject, TaskCompletionSource`1 retry, DbConnectionOptions userOptions, DbConnectionInternal& connection)
   at Microsoft.Data.ProviderBase.DbConnectionFactory.TryGetConnection(DbConnection owningConnection, TaskCompletionSource`1 retry, DbConnectionOptions userOptions, DbConnectionInternal oldConnection, DbConnectionInternal& connection)
   at Microsoft.Data.ProviderBase.DbConnectionInternal.TryOpenConnectionInternal(DbConnection outerConnection, DbConnectionFactory connectionFactory, TaskCompletionSource`1 retry, DbConnectionOptions userOptions)
   at Microsoft.Data.ProviderBase.DbConnectionClosed.TryOpenConnection(DbConnection outerConnection, DbConnectionFactory connectionFactory, TaskCompletionSource`1 retry, DbConnectionOptions userOptions)
   at Microsoft.Data.SqlClient.SqlConnection.TryOpen(TaskCompletionSource`1 retry, SqlConnectionOverrides overrides)
   at Microsoft.Data.SqlClient.SqlConnection.InternalOpenAsync(CancellationToken cancellationToken)
--- End of stack trace from previous location ---
   at PointOfSale.Infrastructure.Data.SqlConnectionFactory.CreateOpenConnectionAsync(CancellationToken cancellationToken) in C:\Users\alber\OneDrive\Documents\Point Of Sale\src\PointOfSale.Infrastructure\Data\SqlConnectionFactory.cs:line 19
   at PointOfSale.Infrastructure.Repositories.TerminalRepository.GetActiveTerminalIdAsync(CancellationToken cancellationToken) in C:\Users\alber\OneDrive\Documents\Point Of Sale\src\PointOfSale.Infrastructure\Repositories\TerminalRepository.cs:line 111
   at PointOfSale.Infrastructure.Services.MraTerminalAuthProvider.GetActiveTerminalIdAsync(CancellationToken cancellationToken) in C:\Users\alber\OneDrive\Documents\Point Of Sale\src\PointOfSale.Infrastructure\Services\MraTerminalAuthProvider.cs:line 32
   at PointOfSale.Infrastructure.Services.MraTerminalAuthProvider.GetJwtContextAsync(CancellationToken cancellationToken) in C:\Users\alber\OneDrive\Documents\Point Of Sale\src\PointOfSale.Infrastructure\Services\MraTerminalAuthProvider.cs:line 43
   at PointOfSale.Infrastructure.Services.SalesTransactionService.GetLastSubmittedTransactionAsync(String relativePath, String channelLabel, CancellationToken cancellationToken) in C:\Users\alber\OneDrive\Documents\Point Of Sale\src\PointOfSale.Infrastructure\Services\SalesTransactionService.cs:line 85
   at PointOfSale.Infrastructure.Services.SalesTransactionService.VerifySequenceContinuityAsync(Func`2 lookupFactory, String channelLabel, CancellationToken cancellationToken) in C:\Users\alber\OneDrive\Documents\Point Of Sale\src\PointOfSale.Infrastructure\Services\SalesTransactionService.cs:line 153
ClientConnectionId:dfaffdae-3a00-4922-8f90-f2cc8c15af53
Error Number:4060,State:1,Class:11
2026-08-11 16:15:22.198 +02:00 [ERR] Offline FIFO sync worker iteration failed.
Microsoft.Data.SqlClient.SqlException (0x80131904): Cannot open database "PointOfSale" requested by the login. The login failed.
Login failed for user 'AlbertZee\alber'.
   at Microsoft.Data.ProviderBase.DbConnectionPool.TryGetConnection(DbConnection owningObject, UInt32 waitForMultipleObjectsTimeout, Boolean allowCreate, Boolean onlyOneCheckConnection, DbConnectionOptions userOptions, DbConnectionInternal& connection)
   at Microsoft.Data.ProviderBase.DbConnectionPool.TryGetConnection(DbConnection owningObject, TaskCompletionSource`1 retry, DbConnectionOptions userOptions, DbConnectionInternal& connection)
   at Microsoft.Data.ProviderBase.DbConnectionFactory.TryGetConnection(DbConnection owningConnection, TaskCompletionSource`1 retry, DbConnectionOptions userOptions, DbConnectionInternal oldConnection, DbConnectionInternal& connection)
   at Microsoft.Data.ProviderBase.DbConnectionInternal.TryOpenConnectionInternal(DbConnection outerConnection, DbConnectionFactory connectionFactory, TaskCompletionSource`1 retry, DbConnectionOptions userOptions)
   at Microsoft.Data.ProviderBase.DbConnectionClosed.TryOpenConnection(DbConnection outerConnection, DbConnectionFactory connectionFactory, TaskCompletionSource`1 retry, DbConnectionOptions userOptions)
   at Microsoft.Data.SqlClient.SqlConnection.TryOpen(TaskCompletionSource`1 retry, SqlConnectionOverrides overrides)
   at Microsoft.Data.SqlClient.SqlConnection.InternalOpenAsync(CancellationToken cancellationToken)
--- End of stack trace from previous location ---
   at PointOfSale.Infrastructure.Data.SqlConnectionFactory.CreateOpenConnectionAsync(CancellationToken cancellationToken) in C:\Users\alber\OneDrive\Documents\Point Of Sale\src\PointOfSale.Infrastructure\Data\SqlConnectionFactory.cs:line 19
   at PointOfSale.Infrastructure.Repositories.OfflineInvoiceQueueRepository.GetItemsAsync(String statusFilter, Int32 take, CancellationToken cancellationToken) in C:\Users\alber\OneDrive\Documents\Point Of Sale\src\PointOfSale.Infrastructure\Repositories\OfflineInvoiceQueueRepository.cs:line 213
   at PointOfSale.Infrastructure.Services.OfflineSalesQueueService.RecoverStuckSyncingAsync(CancellationToken cancellationToken) in C:\Users\alber\OneDrive\Documents\Point Of Sale\src\PointOfSale.Infrastructure\Services\OfflineSalesQueueService.cs:line 2096
   at PointOfSale.Infrastructure.Services.OfflineSalesQueueService.ProcessNextFifoWithComplianceAsync(Func`4 prepareAndValidate, CancellationToken cancellationToken) in C:\Users\alber\OneDrive\Documents\Point Of Sale\src\PointOfSale.Infrastructure\Services\OfflineSalesQueueService.cs:line 164
   at PointOfSale.Infrastructure.Services.OfflineTransactionSyncService.ProcessNextCompliantAsync(CancellationToken cancellationToken) in C:\Users\alber\OneDrive\Documents\Point Of Sale\src\PointOfSale.Infrastructure\Services\OfflineTransactionSyncService.cs:line 152
   at PointOfSale.Infrastructure.Services.OfflineTransactionSyncService.DrainPendingAsync(CancellationToken cancellationToken) in C:\Users\alber\OneDrive\Documents\Point Of Sale\src\PointOfSale.Infrastructure\Services\OfflineTransactionSyncService.cs:line 106
   at PointOfSale.Infrastructure.Workers.OfflineInvoiceFifoSyncBackgroundService.ExecuteAsync(CancellationToken stoppingToken) in C:\Users\alber\OneDrive\Documents\Point Of Sale\src\PointOfSale.Infrastructure\Workers\OfflineInvoiceFifoSyncBackgroundService.cs:line 58
ClientConnectionId:dfaffdae-3a00-4922-8f90-f2cc8c15af53
Error Number:4060,State:1,Class:11
2026-08-11 16:15:22.202 +02:00 [INF] Hardware fault-tolerance loop started (probe every 20s).
2026-08-11 16:15:22.203 +02:00 [INF] ArchivalCompressionBackgroundService is disabled.
2026-08-11 16:15:22.205 +02:00 [INF] Inventory alert scanner started (interval 60s).
2026-08-11 16:15:22.212 +02:00 [ERR] Inventory alert scan iteration failed.
Microsoft.Data.SqlClient.SqlException (0x80131904): Cannot open database "PointOfSale" requested by the login. The login failed.
Login failed for user 'AlbertZee\alber'.
   at Microsoft.Data.ProviderBase.DbConnectionPool.TryGetConnection(DbConnection owningObject, UInt32 waitForMultipleObjectsTimeout, Boolean allowCreate, Boolean onlyOneCheckConnection, DbConnectionOptions userOptions, DbConnectionInternal& connection)
   at Microsoft.Data.ProviderBase.DbConnectionPool.TryGetConnection(DbConnection owningObject, TaskCompletionSource`1 retry, DbConnectionOptions userOptions, DbConnectionInternal& connection)
   at Microsoft.Data.ProviderBase.DbConnectionFactory.TryGetConnection(DbConnection owningConnection, TaskCompletionSource`1 retry, DbConnectionOptions userOptions, DbConnectionInternal oldConnection, DbConnectionInternal& connection)
   at Microsoft.Data.ProviderBase.DbConnectionInternal.TryOpenConnectionInternal(DbConnection outerConnection, DbConnectionFactory connectionFactory, TaskCompletionSource`1 retry, DbConnectionOptions userOptions)
   at Microsoft.Data.ProviderBase.DbConnectionClosed.TryOpenConnection(DbConnection outerConnection, DbConnectionFactory connectionFactory, TaskCompletionSource`1 retry, DbConnectionOptions userOptions)
   at Microsoft.Data.SqlClient.SqlConnection.TryOpen(TaskCompletionSource`1 retry, SqlConnectionOverrides overrides)
   at Microsoft.Data.SqlClient.SqlConnection.InternalOpenAsync(CancellationToken cancellationToken)
--- End of stack trace from previous location ---
   at PointOfSale.Infrastructure.Data.SqlConnectionFactory.CreateOpenConnectionAsync(CancellationToken cancellationToken) in C:\Users\alber\OneDrive\Documents\Point Of Sale\src\PointOfSale.Infrastructure\Data\SqlConnectionFactory.cs:line 19
   at PointOfSale.Infrastructure.Repositories.LocalInventoryRepository.GetAllAsync(CancellationToken cancellationToken) in C:\Users\alber\OneDrive\Documents\Point Of Sale\src\PointOfSale.Infrastructure\Repositories\LocalInventoryRepository.cs:line 77
   at PointOfSale.App.Services.InventoryAlertService.ScanAsync(CancellationToken cancellationToken) in C:\Users\alber\OneDrive\Documents\Point Of Sale\src\PointOfSale.App\Services\InventoryAlertService.cs:line 68
   at PointOfSale.App.Services.InventoryAlertBackgroundService.ExecuteAsync(CancellationToken stoppingToken) in C:\Users\alber\OneDrive\Documents\Point Of Sale\src\PointOfSale.App\Services\InventoryAlertService.cs:line 313
ClientConnectionId:dfaffdae-3a00-4922-8f90-f2cc8c15af53
Error Number:4060,State:1,Class:11
2026-08-11 16:15:22.214 +02:00 [INF] HealthCheckWorker started (interval 45s).
2026-08-11 16:15:22.215 +02:00 [INF] System health monitor started (interval 45s).
2026-08-11 16:15:22.216 +02:00 [INF] PerformanceProfilingBackgroundService started (sample 30s, flush 300s).
2026-08-11 16:15:22.217 +02:00 [INF] DatabaseMaintenanceBackgroundService started (interval 24h).
2026-08-11 16:15:22.471 +02:00 [ERR] Failed to start offline receipt QR bridge on http://10.10.46.53:18787/ReceiptValidation/Validate/. QR scans may still hit MRA portal ISE.
System.Net.HttpListenerException (5): Access is denied.
   at System.Net.HttpListener.AddPrefixCore(String registeredPrefix)
   at System.Net.HttpListener.AddAllPrefixes()
   at System.Net.HttpListener.Start()
   at PointOfSale.App.Services.OfflineReceiptQrBridgeService.ExecuteAsync(CancellationToken stoppingToken) in C:\Users\alber\OneDrive\Documents\Point Of Sale\src\PointOfSale.App\Services\OfflineReceiptQrBridgeService.cs:line 103
2026-08-11 16:15:22.483 +02:00 [ERR] First-run infrastructure bootstrap failed.
Microsoft.Data.SqlClient.SqlException (0x80131904): Cannot open database "PointOfSale" requested by the login. The login failed.
Login failed for user 'AlbertZee\alber'.
   at Microsoft.Data.ProviderBase.DbConnectionPool.TryGetConnection(DbConnection owningObject, UInt32 waitForMultipleObjectsTimeout, Boolean allowCreate, Boolean onlyOneCheckConnection, DbConnectionOptions userOptions, DbConnectionInternal& connection)
   at Microsoft.Data.ProviderBase.DbConnectionPool.TryGetConnection(DbConnection owningObject, TaskCompletionSource`1 retry, DbConnectionOptions userOptions, DbConnectionInternal& connection)
   at Microsoft.Data.ProviderBase.DbConnectionFactory.TryGetConnection(DbConnection owningConnection, TaskCompletionSource`1 retry, DbConnectionOptions userOptions, DbConnectionInternal oldConnection, DbConnectionInternal& connection)
   at Microsoft.Data.ProviderBase.DbConnectionInternal.TryOpenConnectionInternal(DbConnection outerConnection, DbConnectionFactory connectionFactory, TaskCompletionSource`1 retry, DbConnectionOptions userOptions)
   at Microsoft.Data.ProviderBase.DbConnectionClosed.TryOpenConnection(DbConnection outerConnection, DbConnectionFactory connectionFactory, TaskCompletionSource`1 retry, DbConnectionOptions userOptions)
   at Microsoft.Data.SqlClient.SqlConnection.TryOpen(TaskCompletionSource`1 retry, SqlConnectionOverrides overrides)
   at Microsoft.Data.SqlClient.SqlConnection.InternalOpenAsync(CancellationToken cancellationToken)
--- End of stack trace from previous location ---
   at PointOfSale.App.Services.DatabaseBootstrapService.EnsureDatabaseReadyAsync(CancellationToken cancellationToken) in C:\Users\alber\OneDrive\Documents\Point Of Sale\src\PointOfSale.App\Services\DatabaseBootstrapService.cs:line 49
   at PointOfSale.App.Services.DatabaseBootstrapService.EnsureDatabaseReadyAsync(CancellationToken cancellationToken) in C:\Users\alber\OneDrive\Documents\Point Of Sale\src\PointOfSale.App\Services\DatabaseBootstrapService.cs:line 57
   at PointOfSale.App.Services.FirstRunBootstrapService.EnsureInfrastructureAsync(CancellationToken cancellationToken) in C:\Users\alber\OneDrive\Documents\Point Of Sale\src\PointOfSale.App\Services\FirstRunBootstrapService.cs:line 175
ClientConnectionId:dfaffdae-3a00-4922-8f90-f2cc8c15af53
Error Number:4060,State:1,Class:11
2026-08-11 16:15:30.352 +02:00 [INF] ART Diagnostic WorkerHeartbeat HealthCheckWorker null null: Heartbeat
2026-08-11 16:15:30.557 +02:00 [INF] ART Diagnostic DatabaseLatency SqlExpress 14 null: SQL round-trip 14 ms
2026-08-11 16:15:30.851 +02:00 [INF] ART Diagnostic MraConnectivity MraEis 216 404: MRA reachable (404) in 216 ms.
2026-08-11 16:15:30.940 +02:00 [INF] MRA connectivity restored — waking offline sync worker.
2026-08-11 16:15:30.947 +02:00 [WRN] Failed to release transient quarantines before offline drain.
Microsoft.Data.SqlClient.SqlException (0x80131904): Invalid object name 'dbo.OfflineInvoiceQueue'.
   at Microsoft.Data.SqlClient.SqlCommand.<>c.<ExecuteDbDataReaderAsync>b__195_0(Task`1 result)
   at System.Threading.Tasks.ContinuationResultTaskFromResultTask`2.InnerInvoke()
   at System.Threading.ExecutionContext.RunInternal(ExecutionContext executionContext, ContextCallback callback, Object state)
--- End of stack trace from previous location ---
   at System.Threading.ExecutionContext.RunInternal(ExecutionContext executionContext, ContextCallback callback, Object state)
   at System.Threading.Tasks.Task.ExecuteWithThreadLocal(Task& currentTaskSlot, Thread threadPoolThread)
--- End of stack trace from previous location ---
   at Dapper.SqlMapper.QueryAsync[T](IDbConnection cnn, Type effectiveType, CommandDefinition command) in /_/Dapper/SqlMapper.Async.cs:line 434
   at PointOfSale.Infrastructure.Repositories.OfflineInvoiceQueueRepository.GetItemsAsync(String statusFilter, Int32 take, CancellationToken cancellationToken) in C:\Users\alber\OneDrive\Documents\Point Of Sale\src\PointOfSale.Infrastructure\Repositories\OfflineInvoiceQueueRepository.cs:line 215
   at PointOfSale.Infrastructure.Repositories.OfflineInvoiceQueueRepository.GetItemsAsync(String statusFilter, Int32 take, CancellationToken cancellationToken) in C:\Users\alber\OneDrive\Documents\Point Of Sale\src\PointOfSale.Infrastructure\Repositories\OfflineInvoiceQueueRepository.cs:line 221
   at PointOfSale.Infrastructure.Services.OfflineSalesQueueService.ReleaseTransientQuarantinesAsync(CancellationToken cancellationToken) in C:\Users\alber\OneDrive\Documents\Point Of Sale\src\PointOfSale.Infrastructure\Services\OfflineSalesQueueService.cs:line 953
   at PointOfSale.Infrastructure.Services.OfflineTransactionSyncService.DrainPendingAsync(CancellationToken cancellationToken) in C:\Users\alber\OneDrive\Documents\Point Of Sale\src\PointOfSale.Infrastructure\Services\OfflineTransactionSyncService.cs:line 76
ClientConnectionId:e6f14068-cc68-48c7-bd60-e80d6a66f4b2
Error Number:208,State:1,Class:16
2026-08-11 16:15:30.950 +02:00 [INF] ART Diagnostic HealthCheck HealthCheckWorker 14 null: All subsystems healthy (SQL 14 ms, disk 129.8 GB free).
2026-08-11 16:15:30.961 +02:00 [ERR] Offline FIFO sync worker iteration failed.
Microsoft.Data.SqlClient.SqlException (0x80131904): Invalid object name 'dbo.OfflineInvoiceQueue'.
   at Microsoft.Data.SqlClient.SqlCommand.<>c.<ExecuteDbDataReaderAsync>b__195_0(Task`1 result)
   at System.Threading.Tasks.ContinuationResultTaskFromResultTask`2.InnerInvoke()
   at System.Threading.ExecutionContext.RunInternal(ExecutionContext executionContext, ContextCallback callback, Object state)
--- End of stack trace from previous location ---
   at System.Threading.ExecutionContext.RunInternal(ExecutionContext executionContext, ContextCallback callback, Object state)
   at System.Threading.Tasks.Task.ExecuteWithThreadLocal(Task& currentTaskSlot, Thread threadPoolThread)
--- End of stack trace from previous location ---
   at Dapper.SqlMapper.QueryAsync[T](IDbConnection cnn, Type effectiveType, CommandDefinition command) in /_/Dapper/SqlMapper.Async.cs:line 434
   at PointOfSale.Infrastructure.Repositories.OfflineInvoiceQueueRepository.GetItemsAsync(String statusFilter, Int32 take, CancellationToken cancellationToken) in C:\Users\alber\OneDrive\Documents\Point Of Sale\src\PointOfSale.Infrastructure\Repositories\OfflineInvoiceQueueRepository.cs:line 215
   at PointOfSale.Infrastructure.Repositories.OfflineInvoiceQueueRepository.GetItemsAsync(String statusFilter, Int32 take, CancellationToken cancellationToken) in C:\Users\alber\OneDrive\Documents\Point Of Sale\src\PointOfSale.Infrastructure\Repositories\OfflineInvoiceQueueRepository.cs:line 221
   at PointOfSale.Infrastructure.Services.OfflineSalesQueueService.RecoverStuckSyncingAsync(CancellationToken cancellationToken) in C:\Users\alber\OneDrive\Documents\Point Of Sale\src\PointOfSale.Infrastructure\Services\OfflineSalesQueueService.cs:line 2096
   at PointOfSale.Infrastructure.Services.OfflineSalesQueueService.ProcessNextFifoWithComplianceAsync(Func`4 prepareAndValidate, CancellationToken cancellationToken) in C:\Users\alber\OneDrive\Documents\Point Of Sale\src\PointOfSale.Infrastructure\Services\OfflineSalesQueueService.cs:line 164
   at PointOfSale.Infrastructure.Services.OfflineTransactionSyncService.ProcessNextCompliantAsync(CancellationToken cancellationToken) in C:\Users\alber\OneDrive\Documents\Point Of Sale\src\PointOfSale.Infrastructure\Services\OfflineTransactionSyncService.cs:line 152
   at PointOfSale.Infrastructure.Services.OfflineTransactionSyncService.DrainPendingAsync(CancellationToken cancellationToken) in C:\Users\alber\OneDrive\Documents\Point Of Sale\src\PointOfSale.Infrastructure\Services\OfflineTransactionSyncService.cs:line 106
   at PointOfSale.Infrastructure.Workers.OfflineInvoiceFifoSyncBackgroundService.ExecuteAsync(CancellationToken stoppingToken) in C:\Users\alber\OneDrive\Documents\Point Of Sale\src\PointOfSale.Infrastructure\Workers\OfflineInvoiceFifoSyncBackgroundService.cs:line 58
ClientConnectionId:e6f14068-cc68-48c7-bd60-e80d6a66f4b2
Error Number:208,State:1,Class:16
2026-08-11 16:15:30.969 +02:00 [ERR] HealthCheckWorker iteration failed.
Microsoft.Data.SqlClient.SqlException (0x80131904): Invalid object name 'dbo.DiagnosticTelemetryEvents'.
   at Microsoft.Data.SqlClient.SqlConnection.OnError(SqlException exception, Boolean breakConnection, Action`1 wrapCloseInAction)
   at Microsoft.Data.SqlClient.SqlInternalConnection.OnError(SqlException exception, Boolean breakConnection, Action`1 wrapCloseInAction)
   at Microsoft.Data.SqlClient.TdsParser.ThrowExceptionAndWarning(TdsParserStateObject stateObj, SqlCommand command, Boolean callerHasConnectionLock, Boolean asyncClose)
   at Microsoft.Data.SqlClient.TdsParser.TryRun(RunBehavior runBehavior, SqlCommand cmdHandler, SqlDataReader dataStream, BulkCopySimpleResultSet bulkCopyHandler, TdsParserStateObject stateObj, Boolean& dataReady)
   at Microsoft.Data.SqlClient.SqlCommand.FinishExecuteReader(SqlDataReader ds, RunBehavior runBehavior, String resetOptionsString, Boolean isInternal, Boolean forDescribeParameterEncryption, Boolean shouldCacheForAlwaysEncrypted)
   at Microsoft.Data.SqlClient.SqlCommand.CompleteAsyncExecuteReader(Boolean isInternal, Boolean forDescribeParameterEncryption)
   at Microsoft.Data.SqlClient.SqlCommand.InternalEndExecuteNonQuery(IAsyncResult asyncResult, Boolean isInternal, String endMethod)
   at Microsoft.Data.SqlClient.SqlCommand.EndExecuteNonQueryInternal(IAsyncResult asyncResult)
   at Microsoft.Data.SqlClient.SqlCommand.EndExecuteNonQueryAsync(IAsyncResult asyncResult)
   at Microsoft.Data.SqlClient.SqlCommand.<>c.<InternalExecuteNonQueryAsync>b__193_1(IAsyncResult asyncResult)
   at System.Threading.Tasks.TaskFactory`1.FromAsyncCoreLogic(IAsyncResult iar, Func`2 endFunction, Action`1 endAction, Task`1 promise, Boolean requiresSynchronization)
--- End of stack trace from previous location ---
   at Dapper.SqlMapper.ExecuteImplAsync(IDbConnection cnn, CommandDefinition command, Object param) in /_/Dapper/SqlMapper.Async.cs:line 662
   at PointOfSale.Infrastructure.Repositories.DiagnosticTelemetryRepository.PurgeOlderThanAsync(DateTime cutoffUtc, CancellationToken cancellationToken) in C:\Users\alber\OneDrive\Documents\Point Of Sale\src\PointOfSale.Infrastructure\Repositories\DiagnosticTelemetryRepository.cs:line 96
   at PointOfSale.Infrastructure.Repositories.DiagnosticTelemetryRepository.PurgeOlderThanAsync(DateTime cutoffUtc, CancellationToken cancellationToken) in C:\Users\alber\OneDrive\Documents\Point Of Sale\src\PointOfSale.Infrastructure\Repositories\DiagnosticTelemetryRepository.cs:line 96
   at PointOfSale.App.Services.TelemetryDiagnosticService.PurgeExpiredAsync(CancellationToken cancellationToken) in C:\Users\alber\OneDrive\Documents\Point Of Sale\src\PointOfSale.App\Services\TelemetryDiagnosticService.cs:line 326
   at PointOfSale.App.Services.HealthCheckWorker.ExecuteAsync(CancellationToken stoppingToken) in C:\Users\alber\OneDrive\Documents\Point Of Sale\src\PointOfSale.App\Services\HealthCheckWorker.cs:line 58
ClientConnectionId:50d4df07-6031-403f-b791-02b7b46b84f4
Error Number:208,State:1,Class:16
2026-08-11 16:15:30.980 +02:00 [ERR] ART Diagnostic Exception HealthCheckWorker null null: Invalid object name 'dbo.DiagnosticTelemetryEvents'.
2026-08-11 16:15:34.230 +02:00 [INF] ART Diagnostic DatabaseLatency SqlExpress 1 null: SQL round-trip 1 ms
2026-08-11 16:15:34.504 +02:00 [ERR] Multi-terminal synchronize failed.
Microsoft.Data.SqlClient.SqlException (0x80131904): Invalid object name 'dbo.OfflineInvoiceQueue'.
   at Microsoft.Data.SqlClient.SqlConnection.OnError(SqlException exception, Boolean breakConnection, Action`1 wrapCloseInAction)
   at Microsoft.Data.SqlClient.SqlInternalConnection.OnError(SqlException exception, Boolean breakConnection, Action`1 wrapCloseInAction)
   at Microsoft.Data.SqlClient.TdsParser.ThrowExceptionAndWarning(TdsParserStateObject stateObj, SqlCommand command, Boolean callerHasConnectionLock, Boolean asyncClose)
   at Microsoft.Data.SqlClient.TdsParser.TryRun(RunBehavior runBehavior, SqlCommand cmdHandler, SqlDataReader dataStream, BulkCopySimpleResultSet bulkCopyHandler, TdsParserStateObject stateObj, Boolean& dataReady)
   at Microsoft.Data.SqlClient.SqlDataReader.TryConsumeMetaData()
   at Microsoft.Data.SqlClient.SqlDataReader.get_MetaData()
   at Microsoft.Data.SqlClient.SqlCommand.FinishExecuteReader(SqlDataReader ds, RunBehavior runBehavior, String resetOptionsString, Boolean isInternal, Boolean forDescribeParameterEncryption, Boolean shouldCacheForAlwaysEncrypted)
   at Microsoft.Data.SqlClient.SqlCommand.CompleteAsyncExecuteReader(Boolean isInternal, Boolean forDescribeParameterEncryption)
   at Microsoft.Data.SqlClient.SqlCommand.InternalEndExecuteReader(IAsyncResult asyncResult, Boolean isInternal, String endMethod)
   at Microsoft.Data.SqlClient.SqlCommand.EndExecuteReaderInternal(IAsyncResult asyncResult)
   at Microsoft.Data.SqlClient.SqlCommand.EndExecuteReaderAsync(IAsyncResult asyncResult)
   at Microsoft.Data.SqlClient.SqlCommand.<>c.<InternalExecuteReaderAsync>b__201_1(IAsyncResult asyncResult)
   at System.Threading.Tasks.TaskFactory`1.FromAsyncCoreLogic(IAsyncResult iar, Func`2 endFunction, Action`1 endAction, Task`1 promise, Boolean requiresSynchronization)
--- End of stack trace from previous location ---
   at Dapper.SqlMapper.ExecuteScalarImplAsync[T](IDbConnection cnn, CommandDefinition command) in /_/Dapper/SqlMapper.Async.cs:line 1241
   at PointOfSale.Infrastructure.Repositories.MultiTerminalSyncRepository.CountPendingOfflineInvoicesAsync(CancellationToken cancellationToken) in C:\Users\alber\OneDrive\Documents\Point Of Sale\src\PointOfSale.Infrastructure\Repositories\MultiTerminalSyncRepository.cs:line 339
   at PointOfSale.Infrastructure.Repositories.MultiTerminalSyncRepository.CountPendingOfflineInvoicesAsync(CancellationToken cancellationToken) in C:\Users\alber\OneDrive\Documents\Point Of Sale\src\PointOfSale.Infrastructure\Repositories\MultiTerminalSyncRepository.cs:line 339
   at PointOfSale.App.Services.MultiTerminalSyncBroker.SynchronizeNowAsync(CancellationToken cancellationToken) in C:\Users\alber\OneDrive\Documents\Point Of Sale\src\PointOfSale.App\Services\MultiTerminalSyncBroker.cs:line 223
ClientConnectionId:50d4df07-6031-403f-b791-02b7b46b84f4
Error Number:208,State:1,Class:16
2026-08-11 16:15:34.529 +02:00 [WRN] Performance profiling iteration failed.
Microsoft.Data.SqlClient.SqlException (0x80131904): Invalid object name 'dbo.DiagnosticTelemetryEvents'.
   at Microsoft.Data.SqlClient.SqlCommand.<>c.<ExecuteDbDataReaderAsync>b__195_0(Task`1 result)
   at System.Threading.Tasks.ContinuationResultTaskFromResultTask`2.InnerInvoke()
   at System.Threading.ExecutionContext.RunInternal(ExecutionContext executionContext, ContextCallback callback, Object state)
--- End of stack trace from previous location ---
   at System.Threading.ExecutionContext.RunInternal(ExecutionContext executionContext, ContextCallback callback, Object state)
   at System.Threading.Tasks.Task.ExecuteWithThreadLocal(Task& currentTaskSlot, Thread threadPoolThread)
--- End of stack trace from previous location ---
   at Dapper.SqlMapper.QueryAsync[T](IDbConnection cnn, Type effectiveType, CommandDefinition command) in /_/Dapper/SqlMapper.Async.cs:line 434
   at PointOfSale.Infrastructure.Repositories.DiagnosticTelemetryRepository.GetRecentAsync(Int32 take, String categoryFilter, String severityFilter, String search, CancellationToken cancellationToken) in C:\Users\alber\OneDrive\Documents\Point Of Sale\src\PointOfSale.Infrastructure\Repositories\DiagnosticTelemetryRepository.cs:line 68
   at PointOfSale.Infrastructure.Repositories.DiagnosticTelemetryRepository.GetRecentAsync(Int32 take, String categoryFilter, String severityFilter, String search, CancellationToken cancellationToken) in C:\Users\alber\OneDrive\Documents\Point Of Sale\src\PointOfSale.Infrastructure\Repositories\DiagnosticTelemetryRepository.cs:line 84
   at PointOfSale.App.Services.PerformanceProfilingService.LoadErrorHistogramAsync(CancellationToken cancellationToken) in C:\Users\alber\OneDrive\Documents\Point Of Sale\src\PointOfSale.App\Services\PerformanceProfilingService.cs:line 294
   at PointOfSale.App.Services.PerformanceProfilingService.CaptureSnapshotAsync(CancellationToken cancellationToken) in C:\Users\alber\OneDrive\Documents\Point Of Sale\src\PointOfSale.App\Services\PerformanceProfilingService.cs:line 110
   at PointOfSale.App.Services.PerformanceProfilingBackgroundService.ExecuteAsync(CancellationToken stoppingToken) in C:\Users\alber\OneDrive\Documents\Point Of Sale\src\PointOfSale.App\Services\PerformanceProfilingBackgroundService.cs:line 59
ClientConnectionId:e1a1a060-31c7-4788-8a0b-0ed25e2aff49
Error Number:208,State:1,Class:16
2026-08-11 16:15:34.620 +02:00 [INF] ART Diagnostic MraConnectivity MraEis 96 404: MRA reachable (404) in 96 ms.
2026-08-11 16:15:34.775 +02:00 [INF] MRA connectivity restored — waking offline sync worker.
2026-08-11 16:15:34.776 +02:00 [INF] ART Diagnostic HealthCheck HealthCheckWorker 1 null: All subsystems healthy (SQL 1 ms, disk 129.8 GB free).
2026-08-11 16:15:34.789 +02:00 [WRN] Failed to release transient quarantines before offline drain.
Microsoft.Data.SqlClient.SqlException (0x80131904): Invalid object name 'dbo.OfflineInvoiceQueue'.
   at Microsoft.Data.SqlClient.SqlCommand.<>c.<ExecuteDbDataReaderAsync>b__195_0(Task`1 result)
   at System.Threading.Tasks.ContinuationResultTaskFromResultTask`2.InnerInvoke()
   at System.Threading.ExecutionContext.RunInternal(ExecutionContext executionContext, ContextCallback callback, Object state)
--- End of stack trace from previous location ---
   at System.Threading.ExecutionContext.RunInternal(ExecutionContext executionContext, ContextCallback callback, Object state)
   at System.Threading.Tasks.Task.ExecuteWithThreadLocal(Task& currentTaskSlot, Thread threadPoolThread)
--- End of stack trace from previous location ---
   at Dapper.SqlMapper.QueryAsync[T](IDbConnection cnn, Type effectiveType, CommandDefinition command) in /_/Dapper/SqlMapper.Async.cs:line 434
   at PointOfSale.Infrastructure.Repositories.OfflineInvoiceQueueRepository.GetItemsAsync(String statusFilter, Int32 take, CancellationToken cancellationToken) in C:\Users\alber\OneDrive\Documents\Point Of Sale\src\PointOfSale.Infrastructure\Repositories\OfflineInvoiceQueueRepository.cs:line 215
   at PointOfSale.Infrastructure.Repositories.OfflineInvoiceQueueRepository.GetItemsAsync(String statusFilter, Int32 take, CancellationToken cancellationToken) in C:\Users\alber\OneDrive\Documents\Point Of Sale\src\PointOfSale.Infrastructure\Repositories\OfflineInvoiceQueueRepository.cs:line 221
   at PointOfSale.Infrastructure.Services.OfflineSalesQueueService.ReleaseTransientQuarantinesAsync(CancellationToken cancellationToken) in C:\Users\alber\OneDrive\Documents\Point Of Sale\src\PointOfSale.Infrastructure\Services\OfflineSalesQueueService.cs:line 953
   at PointOfSale.Infrastructure.Services.OfflineTransactionSyncService.DrainPendingAsync(CancellationToken cancellationToken) in C:\Users\alber\OneDrive\Documents\Point Of Sale\src\PointOfSale.Infrastructure\Services\OfflineTransactionSyncService.cs:line 76
ClientConnectionId:e1a1a060-31c7-4788-8a0b-0ed25e2aff49
Error Number:208,State:1,Class:16
2026-08-11 16:15:34.792 +02:00 [ERR] Offline FIFO sync worker iteration failed.
Microsoft.Data.SqlClient.SqlException (0x80131904): Invalid object name 'dbo.OfflineInvoiceQueue'.
   at Microsoft.Data.SqlClient.SqlCommand.<>c.<ExecuteDbDataReaderAsync>b__195_0(Task`1 result)
   at System.Threading.Tasks.ContinuationResultTaskFromResultTask`2.InnerInvoke()
   at System.Threading.ExecutionContext.RunInternal(ExecutionContext executionContext, ContextCallback callback, Object state)
--- End of stack trace from previous location ---
   at System.Threading.ExecutionContext.RunInternal(ExecutionContext executionContext, ContextCallback callback, Object state)
   at System.Threading.Tasks.Task.ExecuteWithThreadLocal(Task& currentTaskSlot, Thread threadPoolThread)
--- End of stack trace from previous location ---
   at Dapper.SqlMapper.QueryAsync[T](IDbConnection cnn, Type effectiveType, CommandDefinition command) in /_/Dapper/SqlMapper.Async.cs:line 434
   at PointOfSale.Infrastructure.Repositories.OfflineInvoiceQueueRepository.GetItemsAsync(String statusFilter, Int32 take, CancellationToken cancellationToken) in C:\Users\alber\OneDrive\Documents\Point Of Sale\src\PointOfSale.Infrastructure\Repositories\OfflineInvoiceQueueRepository.cs:line 215
   at PointOfSale.Infrastructure.Repositories.OfflineInvoiceQueueRepository.GetItemsAsync(String statusFilter, Int32 take, CancellationToken cancellationToken) in C:\Users\alber\OneDrive\Documents\Point Of Sale\src\PointOfSale.Infrastructure\Repositories\OfflineInvoiceQueueRepository.cs:line 221
   at PointOfSale.Infrastructure.Services.OfflineSalesQueueService.RecoverStuckSyncingAsync(CancellationToken cancellationToken) in C:\Users\alber\OneDrive\Documents\Point Of Sale\src\PointOfSale.Infrastructure\Services\OfflineSalesQueueService.cs:line 2096
   at PointOfSale.Infrastructure.Services.OfflineSalesQueueService.ProcessNextFifoWithComplianceAsync(Func`4 prepareAndValidate, CancellationToken cancellationToken) in C:\Users\alber\OneDrive\Documents\Point Of Sale\src\PointOfSale.Infrastructure\Services\OfflineSalesQueueService.cs:line 164
   at PointOfSale.Infrastructure.Services.OfflineTransactionSyncService.ProcessNextCompliantAsync(CancellationToken cancellationToken) in C:\Users\alber\OneDrive\Documents\Point Of Sale\src\PointOfSale.Infrastructure\Services\OfflineTransactionSyncService.cs:line 152
   at PointOfSale.Infrastructure.Services.OfflineTransactionSyncService.DrainPendingAsync(CancellationToken cancellationToken) in C:\Users\alber\OneDrive\Documents\Point Of Sale\src\PointOfSale.Infrastructure\Services\OfflineTransactionSyncService.cs:line 106
   at PointOfSale.Infrastructure.Workers.OfflineInvoiceFifoSyncBackgroundService.ExecuteAsync(CancellationToken stoppingToken) in C:\Users\alber\OneDrive\Documents\Point Of Sale\src\PointOfSale.Infrastructure\Workers\OfflineInvoiceFifoSyncBackgroundService.cs:line 58
ClientConnectionId:e1a1a060-31c7-4788-8a0b-0ed25e2aff49
Error Number:208,State:1,Class:16
2026-08-11 16:15:34.874 +02:00 [INF] MRA connectivity restored — waking offline sync worker.
2026-08-11 16:15:34.878 +02:00 [WRN] Failed to release transient quarantines before offline drain.
Microsoft.Data.SqlClient.SqlException (0x80131904): Invalid object name 'dbo.OfflineInvoiceQueue'.
   at Microsoft.Data.SqlClient.SqlCommand.<>c.<ExecuteDbDataReaderAsync>b__195_0(Task`1 result)
   at System.Threading.Tasks.ContinuationResultTaskFromResultTask`2.InnerInvoke()
   at System.Threading.ExecutionContext.RunInternal(ExecutionContext executionContext, ContextCallback callback, Object state)
--- End of stack trace from previous location ---
   at System.Threading.ExecutionContext.RunInternal(ExecutionContext executionContext, ContextCallback callback, Object state)
   at System.Threading.Tasks.Task.ExecuteWithThreadLocal(Task& currentTaskSlot, Thread threadPoolThread)
--- End of stack trace from previous location ---
   at Dapper.SqlMapper.QueryAsync[T](IDbConnection cnn, Type effectiveType, CommandDefinition command) in /_/Dapper/SqlMapper.Async.cs:line 434
   at PointOfSale.Infrastructure.Repositories.OfflineInvoiceQueueRepository.GetItemsAsync(String statusFilter, Int32 take, CancellationToken cancellationToken) in C:\Users\alber\OneDrive\Documents\Point Of Sale\src\PointOfSale.Infrastructure\Repositories\OfflineInvoiceQueueRepository.cs:line 215
   at PointOfSale.Infrastructure.Repositories.OfflineInvoiceQueueRepository.GetItemsAsync(String statusFilter, Int32 take, CancellationToken cancellationToken) in C:\Users\alber\OneDrive\Documents\Point Of Sale\src\PointOfSale.Infrastructure\Repositories\OfflineInvoiceQueueRepository.cs:line 221
   at PointOfSale.Infrastructure.Services.OfflineSalesQueueService.ReleaseTransientQuarantinesAsync(CancellationToken cancellationToken) in C:\Users\alber\OneDrive\Documents\Point Of Sale\src\PointOfSale.Infrastructure\Services\OfflineSalesQueueService.cs:line 953
   at PointOfSale.Infrastructure.Services.OfflineTransactionSyncService.DrainPendingAsync(CancellationToken cancellationToken) in C:\Users\alber\OneDrive\Documents\Point Of Sale\src\PointOfSale.Infrastructure\Services\OfflineTransactionSyncService.cs:line 76
ClientConnectionId:e1a1a060-31c7-4788-8a0b-0ed25e2aff49
Error Number:208,State:1,Class:16
2026-08-11 16:15:34.881 +02:00 [ERR] Offline FIFO sync worker iteration failed.
Microsoft.Data.SqlClient.SqlException (0x80131904): Invalid object name 'dbo.OfflineInvoiceQueue'.
   at Microsoft.Data.SqlClient.SqlCommand.<>c.<ExecuteDbDataReaderAsync>b__195_0(Task`1 result)
   at System.Threading.Tasks.ContinuationResultTaskFromResultTask`2.InnerInvoke()
   at System.Threading.ExecutionContext.RunInternal(ExecutionContext executionContext, ContextCallback callback, Object state)
--- End of stack trace from previous location ---
   at System.Threading.ExecutionContext.RunInternal(ExecutionContext executionContext, ContextCallback callback, Object state)
   at System.Threading.Tasks.Task.ExecuteWithThreadLocal(Task& currentTaskSlot, Thread threadPoolThread)
--- End of stack trace from previous location ---
   at Dapper.SqlMapper.QueryAsync[T](IDbConnection cnn, Type effectiveType, CommandDefinition command) in /_/Dapper/SqlMapper.Async.cs:line 434
   at PointOfSale.Infrastructure.Repositories.OfflineInvoiceQueueRepository.GetItemsAsync(String statusFilter, Int32 take, CancellationToken cancellationToken) in C:\Users\alber\OneDrive\Documents\Point Of Sale\src\PointOfSale.Infrastructure\Repositories\OfflineInvoiceQueueRepository.cs:line 215
   at PointOfSale.Infrastructure.Repositories.OfflineInvoiceQueueRepository.GetItemsAsync(String statusFilter, Int32 take, CancellationToken cancellationToken) in C:\Users\alber\OneDrive\Documents\Point Of Sale\src\PointOfSale.Infrastructure\Repositories\OfflineInvoiceQueueRepository.cs:line 221
   at PointOfSale.Infrastructure.Services.OfflineSalesQueueService.RecoverStuckSyncingAsync(CancellationToken cancellationToken) in C:\Users\alber\OneDrive\Documents\Point Of Sale\src\PointOfSale.Infrastructure\Services\OfflineSalesQueueService.cs:line 2096
   at PointOfSale.Infrastructure.Services.OfflineSalesQueueService.ProcessNextFifoWithComplianceAsync(Func`4 prepareAndValidate, CancellationToken cancellationToken) in C:\Users\alber\OneDrive\Documents\Point Of Sale\src\PointOfSale.Infrastructure\Services\OfflineSalesQueueService.cs:line 164
   at PointOfSale.Infrastructure.Services.OfflineTransactionSyncService.ProcessNextCompliantAsync(CancellationToken cancellationToken) in C:\Users\alber\OneDrive\Documents\Point Of Sale\src\PointOfSale.Infrastructure\Services\OfflineTransactionSyncService.cs:line 152
   at PointOfSale.Infrastructure.Services.OfflineTransactionSyncService.DrainPendingAsync(CancellationToken cancellationToken) in C:\Users\alber\OneDrive\Documents\Point Of Sale\src\PointOfSale.Infrastructure\Services\OfflineTransactionSyncService.cs:line 106
   at PointOfSale.Infrastructure.Workers.OfflineInvoiceFifoSyncBackgroundService.ExecuteAsync(CancellationToken stoppingToken) in C:\Users\alber\OneDrive\Documents\Point Of Sale\src\PointOfSale.Infrastructure\Workers\OfflineInvoiceFifoSyncBackgroundService.cs:line 58
ClientConnectionId:e1a1a060-31c7-4788-8a0b-0ed25e2aff49
Error Number:208,State:1,Class:16
2026-08-11 16:15:34.925 +02:00 [INF] ART Diagnostic WorkerHeartbeat SystemHealthMonitorService null null: All monitored subsystems healthy.
2026-08-11 16:15:41.666 +02:00 [INF] MRA connectivity restored — waking offline sync worker.
2026-08-11 16:15:41.668 +02:00 [WRN] Failed to release transient quarantines before offline drain.
Microsoft.Data.SqlClient.SqlException (0x80131904): Invalid object name 'dbo.OfflineInvoiceQueue'.
   at Microsoft.Data.SqlClient.SqlCommand.<>c.<ExecuteDbDataReaderAsync>b__195_0(Task`1 result)
   at System.Threading.Tasks.ContinuationResultTaskFromResultTask`2.InnerInvoke()
   at System.Threading.ExecutionContext.RunInternal(ExecutionContext executionContext, ContextCallback callback, Object state)
--- End of stack trace from previous location ---
   at System.Threading.ExecutionContext.RunInternal(ExecutionContext executionContext, ContextCallback callback, Object state)
   at System.Threading.Tasks.Task.ExecuteWithThreadLocal(Task& currentTaskSlot, Thread threadPoolThread)
--- End of stack trace from previous location ---
   at Dapper.SqlMapper.QueryAsync[T](IDbConnection cnn, Type effectiveType, CommandDefinition command) in /_/Dapper/SqlMapper.Async.cs:line 434
   at PointOfSale.Infrastructure.Repositories.OfflineInvoiceQueueRepository.GetItemsAsync(String statusFilter, Int32 take, CancellationToken cancellationToken) in C:\Users\alber\OneDrive\Documents\Point Of Sale\src\PointOfSale.Infrastructure\Repositories\OfflineInvoiceQueueRepository.cs:line 215
   at PointOfSale.Infrastructure.Repositories.OfflineInvoiceQueueRepository.GetItemsAsync(String statusFilter, Int32 take, CancellationToken cancellationToken) in C:\Users\alber\OneDrive\Documents\Point Of Sale\src\PointOfSale.Infrastructure\Repositories\OfflineInvoiceQueueRepository.cs:line 221
   at PointOfSale.Infrastructure.Services.OfflineSalesQueueService.ReleaseTransientQuarantinesAsync(CancellationToken cancellationToken) in C:\Users\alber\OneDrive\Documents\Point Of Sale\src\PointOfSale.Infrastructure\Services\OfflineSalesQueueService.cs:line 953
   at PointOfSale.Infrastructure.Services.OfflineTransactionSyncService.DrainPendingAsync(CancellationToken cancellationToken) in C:\Users\alber\OneDrive\Documents\Point Of Sale\src\PointOfSale.Infrastructure\Services\OfflineTransactionSyncService.cs:line 76
ClientConnectionId:e1a1a060-31c7-4788-8a0b-0ed25e2aff49
Error Number:208,State:1,Class:16
2026-08-11 16:15:41.672 +02:00 [ERR] Offline FIFO sync worker iteration failed.
Microsoft.Data.SqlClient.SqlException (0x80131904): Invalid object name 'dbo.OfflineInvoiceQueue'.
   at Microsoft.Data.SqlClient.SqlCommand.<>c.<ExecuteDbDataReaderAsync>b__195_0(Task`1 result)
   at System.Threading.Tasks.ContinuationResultTaskFromResultTask`2.InnerInvoke()
   at System.Threading.ExecutionContext.RunInternal(ExecutionContext executionContext, ContextCallback callback, Object state)
--- End of stack trace from previous location ---
   at System.Threading.ExecutionContext.RunInternal(ExecutionContext executionContext, ContextCallback callback, Object state)
   at System.Threading.Tasks.Task.ExecuteWithThreadLocal(Task& currentTaskSlot, Thread threadPoolThread)
--- End of stack trace from previous location ---
   at Dapper.SqlMapper.QueryAsync[T](IDbConnection cnn, Type effectiveType, CommandDefinition command) in /_/Dapper/SqlMapper.Async.cs:line 434
   at PointOfSale.Infrastructure.Repositories.OfflineInvoiceQueueRepository.GetItemsAsync(String statusFilter, Int32 take, CancellationToken cancellationToken) in C:\Users\alber\OneDrive\Documents\Point Of Sale\src\PointOfSale.Infrastructure\Repositories\OfflineInvoiceQueueRepository.cs:line 215
   at PointOfSale.Infrastructure.Repositories.OfflineInvoiceQueueRepository.GetItemsAsync(String statusFilter, Int32 take, CancellationToken cancellationToken) in C:\Users\alber\OneDrive\Documents\Point Of Sale\src\PointOfSale.Infrastructure\Repositories\OfflineInvoiceQueueRepository.cs:line 221
   at PointOfSale.Infrastructure.Services.OfflineSalesQueueService.RecoverStuckSyncingAsync(CancellationToken cancellationToken) in C:\Users\alber\OneDrive\Documents\Point Of Sale\src\PointOfSale.Infrastructure\Services\OfflineSalesQueueService.cs:line 2096
   at PointOfSale.Infrastructure.Services.OfflineSalesQueueService.ProcessNextFifoWithComplianceAsync(Func`4 prepareAndValidate, CancellationToken cancellationToken) in C:\Users\alber\OneDrive\Documents\Point Of Sale\src\PointOfSale.Infrastructure\Services\OfflineSalesQueueService.cs:line 164
   at PointOfSale.Infrastructure.Services.OfflineTransactionSyncService.ProcessNextCompliantAsync(CancellationToken cancellationToken) in C:\Users\alber\OneDrive\Documents\Point Of Sale\src\PointOfSale.Infrastructure\Services\OfflineTransactionSyncService.cs:line 152
   at PointOfSale.Infrastructure.Services.OfflineTransactionSyncService.DrainPendingAsync(CancellationToken cancellationToken) in C:\Users\alber\OneDrive\Documents\Point Of Sale\src\PointOfSale.Infrastructure\Services\OfflineTransactionSyncService.cs:line 106
   at PointOfSale.Infrastructure.Workers.OfflineInvoiceFifoSyncBackgroundService.ExecuteAsync(CancellationToken stoppingToken) in C:\Users\alber\OneDrive\Documents\Point Of Sale\src\PointOfSale.Infrastructure\Workers\OfflineInvoiceFifoSyncBackgroundService.cs:line 58
ClientConnectionId:e1a1a060-31c7-4788-8a0b-0ed25e2aff49
Error Number:208,State:1,Class:16
2026-08-11 16:15:49.514 +02:00 [ERR] Multi-terminal synchronize failed.
Microsoft.Data.SqlClient.SqlException (0x80131904): Invalid object name 'dbo.OfflineInvoiceQueue'.
   at Microsoft.Data.SqlClient.SqlConnection.OnError(SqlException exception, Boolean breakConnection, Action`1 wrapCloseInAction)
   at Microsoft.Data.SqlClient.SqlInternalConnection.OnError(SqlException exception, Boolean breakConnection, Action`1 wrapCloseInAction)
   at Microsoft.Data.SqlClient.TdsParser.ThrowExceptionAndWarning(TdsParserStateObject stateObj, SqlCommand command, Boolean callerHasConnectionLock, Boolean asyncClose)
   at Microsoft.Data.SqlClient.TdsParser.TryRun(RunBehavior runBehavior, SqlCommand cmdHandler, SqlDataReader dataStream, BulkCopySimpleResultSet bulkCopyHandler, TdsParserStateObject stateObj, Boolean& dataReady)
   at Microsoft.Data.SqlClient.SqlDataReader.TryConsumeMetaData()
   at Microsoft.Data.SqlClient.SqlDataReader.get_MetaData()
   at Microsoft.Data.SqlClient.SqlCommand.FinishExecuteReader(SqlDataReader ds, RunBehavior runBehavior, String resetOptionsString, Boolean isInternal, Boolean forDescribeParameterEncryption, Boolean shouldCacheForAlwaysEncrypted)
   at Microsoft.Data.SqlClient.SqlCommand.CompleteAsyncExecuteReader(Boolean isInternal, Boolean forDescribeParameterEncryption)
   at Microsoft.Data.SqlClient.SqlCommand.InternalEndExecuteReader(IAsyncResult asyncResult, Boolean isInternal, String endMethod)
   at Microsoft.Data.SqlClient.SqlCommand.EndExecuteReaderInternal(IAsyncResult asyncResult)
   at Microsoft.Data.SqlClient.SqlCommand.EndExecuteReaderAsync(IAsyncResult asyncResult)
   at Microsoft.Data.SqlClient.SqlCommand.<>c.<InternalExecuteReaderAsync>b__201_1(IAsyncResult asyncResult)
   at System.Threading.Tasks.TaskFactory`1.FromAsyncCoreLogic(IAsyncResult iar, Func`2 endFunction, Action`1 endAction, Task`1 promise, Boolean requiresSynchronization)
--- End of stack trace from previous location ---
   at Dapper.SqlMapper.ExecuteScalarImplAsync[T](IDbConnection cnn, CommandDefinition command) in /_/Dapper/SqlMapper.Async.cs:line 1241
   at PointOfSale.Infrastructure.Repositories.MultiTerminalSyncRepository.CountPendingOfflineInvoicesAsync(CancellationToken cancellationToken) in C:\Users\alber\OneDrive\Documents\Point Of Sale\src\PointOfSale.Infrastructure\Repositories\MultiTerminalSyncRepository.cs:line 339
   at PointOfSale.Infrastructure.Repositories.MultiTerminalSyncRepository.CountPendingOfflineInvoicesAsync(CancellationToken cancellationToken) in C:\Users\alber\OneDrive\Documents\Point Of Sale\src\PointOfSale.Infrastructure\Repositories\MultiTerminalSyncRepository.cs:line 339
   at PointOfSale.App.Services.MultiTerminalSyncBroker.SynchronizeNowAsync(CancellationToken cancellationToken) in C:\Users\alber\OneDrive\Documents\Point Of Sale\src\PointOfSale.App\Services\MultiTerminalSyncBroker.cs:line 223
ClientConnectionId:e1a1a060-31c7-4788-8a0b-0ed25e2aff49
Error Number:208,State:1,Class:16
2026-08-11 16:15:56.669 +02:00 [WRN] Failed to release transient quarantines before offline drain.
Microsoft.Data.SqlClient.SqlException (0x80131904): Invalid object name 'dbo.OfflineInvoiceQueue'.
   at Microsoft.Data.SqlClient.SqlCommand.<>c.<ExecuteDbDataReaderAsync>b__195_0(Task`1 result)
   at System.Threading.Tasks.ContinuationResultTaskFromResultTask`2.InnerInvoke()
   at System.Threading.ExecutionContext.RunInternal(ExecutionContext executionContext, ContextCallback callback, Object state)
--- End of stack trace from previous location ---
   at System.Threading.ExecutionContext.RunInternal(ExecutionContext executionContext, ContextCallback callback, Object state)
   at System.Threading.Tasks.Task.ExecuteWithThreadLocal(Task& currentTaskSlot, Thread threadPoolThread)
--- End of stack trace from previous location ---
   at Dapper.SqlMapper.QueryAsync[T](IDbConnection cnn, Type effectiveType, CommandDefinition command) in /_/Dapper/SqlMapper.Async.cs:line 434
   at PointOfSale.Infrastructure.Repositories.OfflineInvoiceQueueRepository.GetItemsAsync(String statusFilter, Int32 take, CancellationToken cancellationToken) in C:\Users\alber\OneDrive\Documents\Point Of Sale\src\PointOfSale.Infrastructure\Repositories\OfflineInvoiceQueueRepository.cs:line 215
   at PointOfSale.Infrastructure.Repositories.OfflineInvoiceQueueRepository.GetItemsAsync(String statusFilter, Int32 take, CancellationToken cancellationToken) in C:\Users\alber\OneDrive\Documents\Point Of Sale\src\PointOfSale.Infrastructure\Repositories\OfflineInvoiceQueueRepository.cs:line 221
   at PointOfSale.Infrastructure.Services.OfflineSalesQueueService.ReleaseTransientQuarantinesAsync(CancellationToken cancellationToken) in C:\Users\alber\OneDrive\Documents\Point Of Sale\src\PointOfSale.Infrastructure\Services\OfflineSalesQueueService.cs:line 953
   at PointOfSale.Infrastructure.Services.OfflineTransactionSyncService.DrainPendingAsync(CancellationToken cancellationToken) in C:\Users\alber\OneDrive\Documents\Point Of Sale\src\PointOfSale.Infrastructure\Services\OfflineTransactionSyncService.cs:line 76
ClientConnectionId:e1a1a060-31c7-4788-8a0b-0ed25e2aff49
Error Number:208,State:1,Class:16
2026-08-11 16:15:56.672 +02:00 [ERR] Offline FIFO sync worker iteration failed.
Microsoft.Data.SqlClient.SqlException (0x80131904): Invalid object name 'dbo.OfflineInvoiceQueue'.
   at Microsoft.Data.SqlClient.SqlCommand.<>c.<ExecuteDbDataReaderAsync>b__195_0(Task`1 result)
   at System.Threading.Tasks.ContinuationResultTaskFromResultTask`2.InnerInvoke()
   at System.Threading.ExecutionContext.RunInternal(ExecutionContext executionContext, ContextCallback callback, Object state)
--- End of stack trace from previous location ---
   at System.Threading.ExecutionContext.RunInternal(ExecutionContext executionContext, ContextCallback callback, Object state)
   at System.Threading.Tasks.Task.ExecuteWithThreadLocal(Task& currentTaskSlot, Thread threadPoolThread)
--- End of stack trace from previous location ---
   at Dapper.SqlMapper.QueryAsync[T](IDbConnection cnn, Type effectiveType, CommandDefinition command) in /_/Dapper/SqlMapper.Async.cs:line 434
   at PointOfSale.Infrastructure.Repositories.OfflineInvoiceQueueRepository.GetItemsAsync(String statusFilter, Int32 take, CancellationToken cancellationToken) in C:\Users\alber\OneDrive\Documents\Point Of Sale\src\PointOfSale.Infrastructure\Repositories\OfflineInvoiceQueueRepository.cs:line 215
   at PointOfSale.Infrastructure.Repositories.OfflineInvoiceQueueRepository.GetItemsAsync(String statusFilter, Int32 take, CancellationToken cancellationToken) in C:\Users\alber\OneDrive\Documents\Point Of Sale\src\PointOfSale.Infrastructure\Repositories\OfflineInvoiceQueueRepository.cs:line 221
   at PointOfSale.Infrastructure.Services.OfflineSalesQueueService.RecoverStuckSyncingAsync(CancellationToken cancellationToken) in C:\Users\alber\OneDrive\Documents\Point Of Sale\src\PointOfSale.Infrastructure\Services\OfflineSalesQueueService.cs:line 2096
   at PointOfSale.Infrastructure.Services.OfflineSalesQueueService.ProcessNextFifoWithComplianceAsync(Func`4 prepareAndValidate, CancellationToken cancellationToken) in C:\Users\alber\OneDrive\Documents\Point Of Sale\src\PointOfSale.Infrastructure\Services\OfflineSalesQueueService.cs:line 164
   at PointOfSale.Infrastructure.Services.OfflineTransactionSyncService.ProcessNextCompliantAsync(CancellationToken cancellationToken) in C:\Users\alber\OneDrive\Documents\Point Of Sale\src\PointOfSale.Infrastructure\Services\OfflineTransactionSyncService.cs:line 152
   at PointOfSale.Infrastructure.Services.OfflineTransactionSyncService.DrainPendingAsync(CancellationToken cancellationToken) in C:\Users\alber\OneDrive\Documents\Point Of Sale\src\PointOfSale.Infrastructure\Services\OfflineTransactionSyncService.cs:line 106
   at PointOfSale.Infrastructure.Workers.OfflineInvoiceFifoSyncBackgroundService.ExecuteAsync(CancellationToken stoppingToken) in C:\Users\alber\OneDrive\Documents\Point Of Sale\src\PointOfSale.Infrastructure\Workers\OfflineInvoiceFifoSyncBackgroundService.cs:line 58
ClientConnectionId:e1a1a060-31c7-4788-8a0b-0ed25e2aff49
Error Number:208,State:1,Class:16
2026-08-11 16:16:01.848 +02:00 [INF] MRA connectivity restored — waking offline sync worker.
2026-08-11 16:16:01.851 +02:00 [WRN] Failed to release transient quarantines before offline drain.
Microsoft.Data.SqlClient.SqlException (0x80131904): Invalid object name 'dbo.OfflineInvoiceQueue'.
   at Microsoft.Data.SqlClient.SqlCommand.<>c.<ExecuteDbDataReaderAsync>b__195_0(Task`1 result)
   at System.Threading.Tasks.ContinuationResultTaskFromResultTask`2.InnerInvoke()
   at System.Threading.ExecutionContext.RunInternal(ExecutionContext executionContext, ContextCallback callback, Object state)
--- End of stack trace from previous location ---
   at System.Threading.ExecutionContext.RunInternal(ExecutionContext executionContext, ContextCallback callback, Object state)
   at System.Threading.Tasks.Task.ExecuteWithThreadLocal(Task& currentTaskSlot, Thread threadPoolThread)
--- End of stack trace from previous location ---
   at Dapper.SqlMapper.QueryAsync[T](IDbConnection cnn, Type effectiveType, CommandDefinition command) in /_/Dapper/SqlMapper.Async.cs:line 434
   at PointOfSale.Infrastructure.Repositories.OfflineInvoiceQueueRepository.GetItemsAsync(String statusFilter, Int32 take, CancellationToken cancellationToken) in C:\Users\alber\OneDrive\Documents\Point Of Sale\src\PointOfSale.Infrastructure\Repositories\OfflineInvoiceQueueRepository.cs:line 215
   at PointOfSale.Infrastructure.Repositories.OfflineInvoiceQueueRepository.GetItemsAsync(String statusFilter, Int32 take, CancellationToken cancellationToken) in C:\Users\alber\OneDrive\Documents\Point Of Sale\src\PointOfSale.Infrastructure\Repositories\OfflineInvoiceQueueRepository.cs:line 221
   at PointOfSale.Infrastructure.Services.OfflineSalesQueueService.ReleaseTransientQuarantinesAsync(CancellationToken cancellationToken) in C:\Users\alber\OneDrive\Documents\Point Of Sale\src\PointOfSale.Infrastructure\Services\OfflineSalesQueueService.cs:line 953
   at PointOfSale.Infrastructure.Services.OfflineTransactionSyncService.DrainPendingAsync(CancellationToken cancellationToken) in C:\Users\alber\OneDrive\Documents\Point Of Sale\src\PointOfSale.Infrastructure\Services\OfflineTransactionSyncService.cs:line 76
ClientConnectionId:e1a1a060-31c7-4788-8a0b-0ed25e2aff49
Error Number:208,State:1,Class:16
2026-08-11 16:16:01.853 +02:00 [ERR] Offline FIFO sync worker iteration failed.
Microsoft.Data.SqlClient.SqlException (0x80131904): Invalid object name 'dbo.OfflineInvoiceQueue'.
   at Microsoft.Data.SqlClient.SqlCommand.<>c.<ExecuteDbDataReaderAsync>b__195_0(Task`1 result)
   at System.Threading.Tasks.ContinuationResultTaskFromResultTask`2.InnerInvoke()
   at System.Threading.ExecutionContext.RunInternal(ExecutionContext executionContext, ContextCallback callback, Object state)
--- End of stack trace from previous location ---
   at System.Threading.ExecutionContext.RunInternal(ExecutionContext executionContext, ContextCallback callback, Object state)
   at System.Threading.Tasks.Task.ExecuteWithThreadLocal(Task& currentTaskSlot, Thread threadPoolThread)
--- End of stack trace from previous location ---
   at Dapper.SqlMapper.QueryAsync[T](IDbConnection cnn, Type effectiveType, CommandDefinition command) in /_/Dapper/SqlMapper.Async.cs:line 434
   at PointOfSale.Infrastructure.Repositories.OfflineInvoiceQueueRepository.GetItemsAsync(String statusFilter, Int32 take, CancellationToken cancellationToken) in C:\Users\alber\OneDrive\Documents\Point Of Sale\src\PointOfSale.Infrastructure\Repositories\OfflineInvoiceQueueRepository.cs:line 215
   at PointOfSale.Infrastructure.Repositories.OfflineInvoiceQueueRepository.GetItemsAsync(String statusFilter, Int32 take, CancellationToken cancellationToken) in C:\Users\alber\OneDrive\Documents\Point Of Sale\src\PointOfSale.Infrastructure\Repositories\OfflineInvoiceQueueRepository.cs:line 221
   at PointOfSale.Infrastructure.Services.OfflineSalesQueueService.RecoverStuckSyncingAsync(CancellationToken cancellationToken) in C:\Users\alber\OneDrive\Documents\Point Of Sale\src\PointOfSale.Infrastructure\Services\OfflineSalesQueueService.cs:line 2096
   at PointOfSale.Infrastructure.Services.OfflineSalesQueueService.ProcessNextFifoWithComplianceAsync(Func`4 prepareAndValidate, CancellationToken cancellationToken) in C:\Users\alber\OneDrive\Documents\Point Of Sale\src\PointOfSale.Infrastructure\Services\OfflineSalesQueueService.cs:line 164
   at PointOfSale.Infrastructure.Services.OfflineTransactionSyncService.ProcessNextCompliantAsync(CancellationToken cancellationToken) in C:\Users\alber\OneDrive\Documents\Point Of Sale\src\PointOfSale.Infrastructure\Services\OfflineTransactionSyncService.cs:line 152
   at PointOfSale.Infrastructure.Services.OfflineTransactionSyncService.DrainPendingAsync(CancellationToken cancellationToken) in C:\Users\alber\OneDrive\Documents\Point Of Sale\src\PointOfSale.Infrastructure\Services\OfflineTransactionSyncService.cs:line 106
   at PointOfSale.Infrastructure.Workers.OfflineInvoiceFifoSyncBackgroundService.ExecuteAsync(CancellationToken stoppingToken) in C:\Users\alber\OneDrive\Documents\Point Of Sale\src\PointOfSale.Infrastructure\Workers\OfflineInvoiceFifoSyncBackgroundService.cs:line 58
ClientConnectionId:e1a1a060-31c7-4788-8a0b-0ed25e2aff49
Error Number:208,State:1,Class:16
2026-08-11 16:16:04.519 +02:00 [ERR] Multi-terminal synchronize failed.
Microsoft.Data.SqlClient.SqlException (0x80131904): Invalid object name 'dbo.OfflineInvoiceQueue'.
   at Microsoft.Data.SqlClient.SqlConnection.OnError(SqlException exception, Boolean breakConnection, Action`1 wrapCloseInAction)
   at Microsoft.Data.SqlClient.SqlInternalConnection.OnError(SqlException exception, Boolean breakConnection, Action`1 wrapCloseInAction)
   at Microsoft.Data.SqlClient.TdsParser.ThrowExceptionAndWarning(TdsParserStateObject stateObj, SqlCommand command, Boolean callerHasConnectionLock, Boolean asyncClose)
   at Microsoft.Data.SqlClient.TdsParser.TryRun(RunBehavior runBehavior, SqlCommand cmdHandler, SqlDataReader dataStream, BulkCopySimpleResultSet bulkCopyHandler, TdsParserStateObject stateObj, Boolean& dataReady)
   at Microsoft.Data.SqlClient.SqlDataReader.TryConsumeMetaData()
   at Microsoft.Data.SqlClient.SqlDataReader.get_MetaData()
   at Microsoft.Data.SqlClient.SqlCommand.FinishExecuteReader(SqlDataReader ds, RunBehavior runBehavior, String resetOptionsString, Boolean isInternal, Boolean forDescribeParameterEncryption, Boolean shouldCacheForAlwaysEncrypted)
   at Microsoft.Data.SqlClient.SqlCommand.CompleteAsyncExecuteReader(Boolean isInternal, Boolean forDescribeParameterEncryption)
   at Microsoft.Data.SqlClient.SqlCommand.InternalEndExecuteReader(IAsyncResult asyncResult, Boolean isInternal, String endMethod)
   at Microsoft.Data.SqlClient.SqlCommand.EndExecuteReaderInternal(IAsyncResult asyncResult)
   at Microsoft.Data.SqlClient.SqlCommand.EndExecuteReaderAsync(IAsyncResult asyncResult)
   at Microsoft.Data.SqlClient.SqlCommand.<>c.<InternalExecuteReaderAsync>b__201_1(IAsyncResult asyncResult)
   at System.Threading.Tasks.TaskFactory`1.FromAsyncCoreLogic(IAsyncResult iar, Func`2 endFunction, Action`1 endAction, Task`1 promise, Boolean requiresSynchronization)
--- End of stack trace from previous location ---
   at Dapper.SqlMapper.ExecuteScalarImplAsync[T](IDbConnection cnn, CommandDefinition command) in /_/Dapper/SqlMapper.Async.cs:line 1241
   at PointOfSale.Infrastructure.Repositories.MultiTerminalSyncRepository.CountPendingOfflineInvoicesAsync(CancellationToken cancellationToken) in C:\Users\alber\OneDrive\Documents\Point Of Sale\src\PointOfSale.Infrastructure\Repositories\MultiTerminalSyncRepository.cs:line 339
   at PointOfSale.Infrastructure.Repositories.MultiTerminalSyncRepository.CountPendingOfflineInvoicesAsync(CancellationToken cancellationToken) in C:\Users\alber\OneDrive\Documents\Point Of Sale\src\PointOfSale.Infrastructure\Repositories\MultiTerminalSyncRepository.cs:line 339
   at PointOfSale.App.Services.MultiTerminalSyncBroker.SynchronizeNowAsync(CancellationToken cancellationToken) in C:\Users\alber\OneDrive\Documents\Point Of Sale\src\PointOfSale.App\Services\MultiTerminalSyncBroker.cs:line 223
ClientConnectionId:e1a1a060-31c7-4788-8a0b-0ed25e2aff49
Error Number:208,State:1,Class:16
2026-08-11 16:16:04.546 +02:00 [WRN] Performance profiling iteration failed.
Microsoft.Data.SqlClient.SqlException (0x80131904): Invalid object name 'dbo.DiagnosticTelemetryEvents'.
   at Microsoft.Data.SqlClient.SqlCommand.<>c.<ExecuteDbDataReaderAsync>b__195_0(Task`1 result)
   at System.Threading.Tasks.ContinuationResultTaskFromResultTask`2.InnerInvoke()
   at System.Threading.ExecutionContext.RunInternal(ExecutionContext executionContext, ContextCallback callback, Object state)
--- End of stack trace from previous location ---
   at System.Threading.ExecutionContext.RunInternal(ExecutionContext executionContext, ContextCallback callback, Object state)
   at System.Threading.Tasks.Task.ExecuteWithThreadLocal(Task& currentTaskSlot, Thread threadPoolThread)
--- End of stack trace from previous location ---
   at Dapper.SqlMapper.QueryAsync[T](IDbConnection cnn, Type effectiveType, CommandDefinition command) in /_/Dapper/SqlMapper.Async.cs:line 434
   at PointOfSale.Infrastructure.Repositories.DiagnosticTelemetryRepository.GetRecentAsync(Int32 take, String categoryFilter, String severityFilter, String search, CancellationToken cancellationToken) in C:\Users\alber\OneDrive\Documents\Point Of Sale\src\PointOfSale.Infrastructure\Repositories\DiagnosticTelemetryRepository.cs:line 68
   at PointOfSale.Infrastructure.Repositories.DiagnosticTelemetryRepository.GetRecentAsync(Int32 take, String categoryFilter, String severityFilter, String search, CancellationToken cancellationToken) in C:\Users\alber\OneDrive\Documents\Point Of Sale\src\PointOfSale.Infrastructure\Repositories\DiagnosticTelemetryRepository.cs:line 84
   at PointOfSale.App.Services.PerformanceProfilingService.LoadErrorHistogramAsync(CancellationToken cancellationToken) in C:\Users\alber\OneDrive\Documents\Point Of Sale\src\PointOfSale.App\Services\PerformanceProfilingService.cs:line 294
   at PointOfSale.App.Services.PerformanceProfilingService.CaptureSnapshotAsync(CancellationToken cancellationToken) in C:\Users\alber\OneDrive\Documents\Point Of Sale\src\PointOfSale.App\Services\PerformanceProfilingService.cs:line 110
   at PointOfSale.App.Services.PerformanceProfilingBackgroundService.ExecuteAsync(CancellationToken stoppingToken) in C:\Users\alber\OneDrive\Documents\Point Of Sale\src\PointOfSale.App\Services\PerformanceProfilingBackgroundService.cs:line 59
ClientConnectionId:e1a1a060-31c7-4788-8a0b-0ed25e2aff49
Error Number:208,State:1,Class:16
2026-08-11 16:16:15.994 +02:00 [INF] ART Diagnostic WorkerHeartbeat HealthCheckWorker null null: Heartbeat
2026-08-11 16:16:16.000 +02:00 [INF] ART Diagnostic DatabaseLatency SqlExpress 0 null: SQL round-trip 0 ms
2026-08-11 16:16:16.240 +02:00 [INF] ART Diagnostic MraConnectivity MraEis 234 404: MRA reachable (404) in 234 ms.
2026-08-11 16:16:16.389 +02:00 [INF] MRA connectivity restored — waking offline sync worker.
2026-08-11 16:16:16.390 +02:00 [INF] ART Diagnostic HealthCheck HealthCheckWorker 0 null: All subsystems healthy (SQL 0 ms, disk 129.79 GB free).
2026-08-11 16:16:16.392 +02:00 [WRN] Failed to release transient quarantines before offline drain.
Microsoft.Data.SqlClient.SqlException (0x80131904): Invalid object name 'dbo.OfflineInvoiceQueue'.
   at Microsoft.Data.SqlClient.SqlCommand.<>c.<ExecuteDbDataReaderAsync>b__195_0(Task`1 result)
   at System.Threading.Tasks.ContinuationResultTaskFromResultTask`2.InnerInvoke()
   at System.Threading.ExecutionContext.RunInternal(ExecutionContext executionContext, ContextCallback callback, Object state)
--- End of stack trace from previous location ---
   at System.Threading.ExecutionContext.RunInternal(ExecutionContext executionContext, ContextCallback callback, Object state)
   at System.Threading.Tasks.Task.ExecuteWithThreadLocal(Task& currentTaskSlot, Thread threadPoolThread)
--- End of stack trace from previous location ---
   at Dapper.SqlMapper.QueryAsync[T](IDbConnection cnn, Type effectiveType, CommandDefinition command) in /_/Dapper/SqlMapper.Async.cs:line 434
   at PointOfSale.Infrastructure.Repositories.OfflineInvoiceQueueRepository.GetItemsAsync(String statusFilter, Int32 take, CancellationToken cancellationToken) in C:\Users\alber\OneDrive\Documents\Point Of Sale\src\PointOfSale.Infrastructure\Repositories\OfflineInvoiceQueueRepository.cs:line 215
   at PointOfSale.Infrastructure.Repositories.OfflineInvoiceQueueRepository.GetItemsAsync(String statusFilter, Int32 take, CancellationToken cancellationToken) in C:\Users\alber\OneDrive\Documents\Point Of Sale\src\PointOfSale.Infrastructure\Repositories\OfflineInvoiceQueueRepository.cs:line 221
   at PointOfSale.Infrastructure.Services.OfflineSalesQueueService.ReleaseTransientQuarantinesAsync(CancellationToken cancellationToken) in C:\Users\alber\OneDrive\Documents\Point Of Sale\src\PointOfSale.Infrastructure\Services\OfflineSalesQueueService.cs:line 953
   at PointOfSale.Infrastructure.Services.OfflineTransactionSyncService.DrainPendingAsync(CancellationToken cancellationToken) in C:\Users\alber\OneDrive\Documents\Point Of Sale\src\PointOfSale.Infrastructure\Services\OfflineTransactionSyncService.cs:line 76
ClientConnectionId:e1a1a060-31c7-4788-8a0b-0ed25e2aff49
Error Number:208,State:1,Class:16
2026-08-11 16:16:16.395 +02:00 [ERR] Offline FIFO sync worker iteration failed.
Microsoft.Data.SqlClient.SqlException (0x80131904): Invalid object name 'dbo.OfflineInvoiceQueue'.
   at Microsoft.Data.SqlClient.SqlCommand.<>c.<ExecuteDbDataReaderAsync>b__195_0(Task`1 result)
   at System.Threading.Tasks.ContinuationResultTaskFromResultTask`2.InnerInvoke()
   at System.Threading.ExecutionContext.RunInternal(ExecutionContext executionContext, ContextCallback callback, Object state)
--- End of stack trace from previous location ---
   at System.Threading.ExecutionContext.RunInternal(ExecutionContext executionContext, ContextCallback callback, Object state)
   at System.Threading.Tasks.Task.ExecuteWithThreadLocal(Task& currentTaskSlot, Thread threadPoolThread)
--- End of stack trace from previous location ---
   at Dapper.SqlMapper.QueryAsync[T](IDbConnection cnn, Type effectiveType, CommandDefinition command) in /_/Dapper/SqlMapper.Async.cs:line 434
   at PointOfSale.Infrastructure.Repositories.OfflineInvoiceQueueRepository.GetItemsAsync(String statusFilter, Int32 take, CancellationToken cancellationToken) in C:\Users\alber\OneDrive\Documents\Point Of Sale\src\PointOfSale.Infrastructure\Repositories\OfflineInvoiceQueueRepository.cs:line 215
   at PointOfSale.Infrastructure.Repositories.OfflineInvoiceQueueRepository.GetItemsAsync(String statusFilter, Int32 take, CancellationToken cancellationToken) in C:\Users\alber\OneDrive\Documents\Point Of Sale\src\PointOfSale.Infrastructure\Repositories\OfflineInvoiceQueueRepository.cs:line 221
   at PointOfSale.Infrastructure.Services.OfflineSalesQueueService.RecoverStuckSyncingAsync(CancellationToken cancellationToken) in C:\Users\alber\OneDrive\Documents\Point Of Sale\src\PointOfSale.Infrastructure\Services\OfflineSalesQueueService.cs:line 2096
   at PointOfSale.Infrastructure.Services.OfflineSalesQueueService.ProcessNextFifoWithComplianceAsync(Func`4 prepareAndValidate, CancellationToken cancellationToken) in C:\Users\alber\OneDrive\Documents\Point Of Sale\src\PointOfSale.Infrastructure\Services\OfflineSalesQueueService.cs:line 164
   at PointOfSale.Infrastructure.Services.OfflineTransactionSyncService.ProcessNextCompliantAsync(CancellationToken cancellationToken) in C:\Users\alber\OneDrive\Documents\Point Of Sale\src\PointOfSale.Infrastructure\Services\OfflineTransactionSyncService.cs:line 152
   at PointOfSale.Infrastructure.Services.OfflineTransactionSyncService.DrainPendingAsync(CancellationToken cancellationToken) in C:\Users\alber\OneDrive\Documents\Point Of Sale\src\PointOfSale.Infrastructure\Services\OfflineTransactionSyncService.cs:line 106
   at PointOfSale.Infrastructure.Workers.OfflineInvoiceFifoSyncBackgroundService.ExecuteAsync(CancellationToken stoppingToken) in C:\Users\alber\OneDrive\Documents\Point Of Sale\src\PointOfSale.Infrastructure\Workers\OfflineInvoiceFifoSyncBackgroundService.cs:line 58
ClientConnectionId:e6f14068-cc68-48c7-bd60-e80d6a66f4b2
Error Number:208,State:1,Class:16
2026-08-11 16:16:16.395 +02:00 [ERR] HealthCheckWorker iteration failed.
Microsoft.Data.SqlClient.SqlException (0x80131904): Invalid object name 'dbo.DiagnosticTelemetryEvents'.
   at Microsoft.Data.SqlClient.SqlConnection.OnError(SqlException exception, Boolean breakConnection, Action`1 wrapCloseInAction)
   at Microsoft.Data.SqlClient.SqlInternalConnection.OnError(SqlException exception, Boolean breakConnection, Action`1 wrapCloseInAction)
   at Microsoft.Data.SqlClient.TdsParser.ThrowExceptionAndWarning(TdsParserStateObject stateObj, SqlCommand command, Boolean callerHasConnectionLock, Boolean asyncClose)
   at Microsoft.Data.SqlClient.TdsParser.TryRun(RunBehavior runBehavior, SqlCommand cmdHandler, SqlDataReader dataStream, BulkCopySimpleResultSet bulkCopyHandler, TdsParserStateObject stateObj, Boolean& dataReady)
   at Microsoft.Data.SqlClient.SqlCommand.FinishExecuteReader(SqlDataReader ds, RunBehavior runBehavior, String resetOptionsString, Boolean isInternal, Boolean forDescribeParameterEncryption, Boolean shouldCacheForAlwaysEncrypted)
   at Microsoft.Data.SqlClient.SqlCommand.CompleteAsyncExecuteReader(Boolean isInternal, Boolean forDescribeParameterEncryption)
   at Microsoft.Data.SqlClient.SqlCommand.InternalEndExecuteNonQuery(IAsyncResult asyncResult, Boolean isInternal, String endMethod)
   at Microsoft.Data.SqlClient.SqlCommand.EndExecuteNonQueryInternal(IAsyncResult asyncResult)
   at Microsoft.Data.SqlClient.SqlCommand.EndExecuteNonQueryAsync(IAsyncResult asyncResult)
   at Microsoft.Data.SqlClient.SqlCommand.<>c.<InternalExecuteNonQueryAsync>b__193_1(IAsyncResult asyncResult)
   at System.Threading.Tasks.TaskFactory`1.FromAsyncCoreLogic(IAsyncResult iar, Func`2 endFunction, Action`1 endAction, Task`1 promise, Boolean requiresSynchronization)
--- End of stack trace from previous location ---
   at Dapper.SqlMapper.ExecuteImplAsync(IDbConnection cnn, CommandDefinition command, Object param) in /_/Dapper/SqlMapper.Async.cs:line 662
   at PointOfSale.Infrastructure.Repositories.DiagnosticTelemetryRepository.PurgeOlderThanAsync(DateTime cutoffUtc, CancellationToken cancellationToken) in C:\Users\alber\OneDrive\Documents\Point Of Sale\src\PointOfSale.Infrastructure\Repositories\DiagnosticTelemetryRepository.cs:line 96
   at PointOfSale.Infrastructure.Repositories.DiagnosticTelemetryRepository.PurgeOlderThanAsync(DateTime cutoffUtc, CancellationToken cancellationToken) in C:\Users\alber\OneDrive\Documents\Point Of Sale\src\PointOfSale.Infrastructure\Repositories\DiagnosticTelemetryRepository.cs:line 96
   at PointOfSale.App.Services.TelemetryDiagnosticService.PurgeExpiredAsync(CancellationToken cancellationToken) in C:\Users\alber\OneDrive\Documents\Point Of Sale\src\PointOfSale.App\Services\TelemetryDiagnosticService.cs:line 326
   at PointOfSale.App.Services.HealthCheckWorker.ExecuteAsync(CancellationToken stoppingToken) in C:\Users\alber\OneDrive\Documents\Point Of Sale\src\PointOfSale.App\Services\HealthCheckWorker.cs:line 58
ClientConnectionId:e1a1a060-31c7-4788-8a0b-0ed25e2aff49
Error Number:208,State:1,Class:16
2026-08-11 16:16:16.398 +02:00 [ERR] ART Diagnostic Exception HealthCheckWorker null null: Invalid object name 'dbo.DiagnosticTelemetryEvents'.
2026-08-11 16:16:19.537 +02:00 [ERR] Multi-terminal synchronize failed.
Microsoft.Data.SqlClient.SqlException (0x80131904): Invalid object name 'dbo.OfflineInvoiceQueue'.
   at Microsoft.Data.SqlClient.SqlConnection.OnError(SqlException exception, Boolean breakConnection, Action`1 wrapCloseInAction)
   at Microsoft.Data.SqlClient.SqlInternalConnection.OnError(SqlException exception, Boolean breakConnection, Action`1 wrapCloseInAction)
   at Microsoft.Data.SqlClient.TdsParser.ThrowExceptionAndWarning(TdsParserStateObject stateObj, SqlCommand command, Boolean callerHasConnectionLock, Boolean asyncClose)
   at Microsoft.Data.SqlClient.TdsParser.TryRun(RunBehavior runBehavior, SqlCommand cmdHandler, SqlDataReader dataStream, BulkCopySimpleResultSet bulkCopyHandler, TdsParserStateObject stateObj, Boolean& dataReady)
   at Microsoft.Data.SqlClient.SqlDataReader.TryConsumeMetaData()
   at Microsoft.Data.SqlClient.SqlDataReader.get_MetaData()
   at Microsoft.Data.SqlClient.SqlCommand.FinishExecuteReader(SqlDataReader ds, RunBehavior runBehavior, String resetOptionsString, Boolean isInternal, Boolean forDescribeParameterEncryption, Boolean shouldCacheForAlwaysEncrypted)
   at Microsoft.Data.SqlClient.SqlCommand.CompleteAsyncExecuteReader(Boolean isInternal, Boolean forDescribeParameterEncryption)
   at Microsoft.Data.SqlClient.SqlCommand.InternalEndExecuteReader(IAsyncResult asyncResult, Boolean isInternal, String endMethod)
   at Microsoft.Data.SqlClient.SqlCommand.EndExecuteReaderInternal(IAsyncResult asyncResult)
   at Microsoft.Data.SqlClient.SqlCommand.EndExecuteReaderAsync(IAsyncResult asyncResult)
   at Microsoft.Data.SqlClient.SqlCommand.<>c.<InternalExecuteReaderAsync>b__201_1(IAsyncResult asyncResult)
   at System.Threading.Tasks.TaskFactory`1.FromAsyncCoreLogic(IAsyncResult iar, Func`2 endFunction, Action`1 endAction, Task`1 promise, Boolean requiresSynchronization)
--- End of stack trace from previous location ---
   at Dapper.SqlMapper.ExecuteScalarImplAsync[T](IDbConnection cnn, CommandDefinition command) in /_/Dapper/SqlMapper.Async.cs:line 1241
   at PointOfSale.Infrastructure.Repositories.MultiTerminalSyncRepository.CountPendingOfflineInvoicesAsync(CancellationToken cancellationToken) in C:\Users\alber\OneDrive\Documents\Point Of Sale\src\PointOfSale.Infrastructure\Repositories\MultiTerminalSyncRepository.cs:line 339
   at PointOfSale.Infrastructure.Repositories.MultiTerminalSyncRepository.CountPendingOfflineInvoicesAsync(CancellationToken cancellationToken) in C:\Users\alber\OneDrive\Documents\Point Of Sale\src\PointOfSale.Infrastructure\Repositories\MultiTerminalSyncRepository.cs:line 339
   at PointOfSale.App.Services.MultiTerminalSyncBroker.SynchronizeNowAsync(CancellationToken cancellationToken) in C:\Users\alber\OneDrive\Documents\Point Of Sale\src\PointOfSale.App\Services\MultiTerminalSyncBroker.cs:line 223
ClientConnectionId:e1a1a060-31c7-4788-8a0b-0ed25e2aff49
Error Number:208,State:1,Class:16
2026-08-11 16:16:19.938 +02:00 [INF] ART Diagnostic DatabaseLatency SqlExpress 1 null: SQL round-trip 1 ms
2026-08-11 16:16:20.118 +02:00 [INF] ART Diagnostic MraConnectivity MraEis 172 404: MRA reachable (404) in 172 ms.
2026-08-11 16:16:20.231 +02:00 [INF] MRA connectivity restored — waking offline sync worker.
2026-08-11 16:16:20.232 +02:00 [INF] ART Diagnostic HealthCheck HealthCheckWorker 1 null: All subsystems healthy (SQL 1 ms, disk 129.8 GB free).
2026-08-11 16:16:20.233 +02:00 [WRN] Failed to release transient quarantines before offline drain.
Microsoft.Data.SqlClient.SqlException (0x80131904): Invalid object name 'dbo.OfflineInvoiceQueue'.
   at System.Threading.Tasks.ContinuationResultTaskFromResultTask`2.InnerInvoke()
   at System.Threading.ExecutionContext.RunInternal(ExecutionContext executionContext, ContextCallback callback, Object state)
--- End of stack trace from previous location ---
   at System.Threading.ExecutionContext.RunInternal(ExecutionContext executionContext, ContextCallback callback, Object state)
   at System.Threading.Tasks.Task.ExecuteWithThreadLocal(Task& currentTaskSlot, Thread threadPoolThread)
--- End of stack trace from previous location ---
   at Dapper.SqlMapper.QueryAsync[T](IDbConnection cnn, Type effectiveType, CommandDefinition command) in /_/Dapper/SqlMapper.Async.cs:line 434
   at PointOfSale.Infrastructure.Repositories.OfflineInvoiceQueueRepository.GetItemsAsync(String statusFilter, Int32 take, CancellationToken cancellationToken) in C:\Users\alber\OneDrive\Documents\Point Of Sale\src\PointOfSale.Infrastructure\Repositories\OfflineInvoiceQueueRepository.cs:line 215
   at PointOfSale.Infrastructure.Repositories.OfflineInvoiceQueueRepository.GetItemsAsync(String statusFilter, Int32 take, CancellationToken cancellationToken) in C:\Users\alber\OneDrive\Documents\Point Of Sale\src\PointOfSale.Infrastructure\Repositories\OfflineInvoiceQueueRepository.cs:line 221
   at PointOfSale.Infrastructure.Services.OfflineSalesQueueService.ReleaseTransientQuarantinesAsync(CancellationToken cancellationToken) in C:\Users\alber\OneDrive\Documents\Point Of Sale\src\PointOfSale.Infrastructure\Services\OfflineSalesQueueService.cs:line 953
   at PointOfSale.Infrastructure.Services.OfflineTransactionSyncService.DrainPendingAsync(CancellationToken cancellationToken) in C:\Users\alber\OneDrive\Documents\Point Of Sale\src\PointOfSale.Infrastructure\Services\OfflineTransactionSyncService.cs:line 76
ClientConnectionId:e1a1a060-31c7-4788-8a0b-0ed25e2aff49
Error Number:208,State:1,Class:16
2026-08-11 16:16:20.237 +02:00 [ERR] Offline FIFO sync worker iteration failed.
Microsoft.Data.SqlClient.SqlException (0x80131904): Invalid object name 'dbo.OfflineInvoiceQueue'.
   at System.Threading.Tasks.ContinuationResultTaskFromResultTask`2.InnerInvoke()
   at System.Threading.ExecutionContext.RunInternal(ExecutionContext executionContext, ContextCallback callback, Object state)
--- End of stack trace from previous location ---
   at System.Threading.ExecutionContext.RunInternal(ExecutionContext executionContext, ContextCallback callback, Object state)
   at System.Threading.Tasks.Task.ExecuteWithThreadLocal(Task& currentTaskSlot, Thread threadPoolThread)
--- End of stack trace from previous location ---
   at Dapper.SqlMapper.QueryAsync[T](IDbConnection cnn, Type effectiveType, CommandDefinition command) in /_/Dapper/SqlMapper.Async.cs:line 434
   at PointOfSale.Infrastructure.Repositories.OfflineInvoiceQueueRepository.GetItemsAsync(String statusFilter, Int32 take, CancellationToken cancellationToken) in C:\Users\alber\OneDrive\Documents\Point Of Sale\src\PointOfSale.Infrastructure\Repositories\OfflineInvoiceQueueRepository.cs:line 215
   at PointOfSale.Infrastructure.Repositories.OfflineInvoiceQueueRepository.GetItemsAsync(String statusFilter, Int32 take, CancellationToken cancellationToken) in C:\Users\alber\OneDrive\Documents\Point Of Sale\src\PointOfSale.Infrastructure\Repositories\OfflineInvoiceQueueRepository.cs:line 221
   at PointOfSale.Infrastructure.Services.OfflineSalesQueueService.RecoverStuckSyncingAsync(CancellationToken cancellationToken) in C:\Users\alber\OneDrive\Documents\Point Of Sale\src\PointOfSale.Infrastructure\Services\OfflineSalesQueueService.cs:line 2096
   at PointOfSale.Infrastructure.Services.OfflineSalesQueueService.ProcessNextFifoWithComplianceAsync(Func`4 prepareAndValidate, CancellationToken cancellationToken) in C:\Users\alber\OneDrive\Documents\Point Of Sale\src\PointOfSale.Infrastructure\Services\OfflineSalesQueueService.cs:line 164
   at PointOfSale.Infrastructure.Services.OfflineTransactionSyncService.ProcessNextCompliantAsync(CancellationToken cancellationToken) in C:\Users\alber\OneDrive\Documents\Point Of Sale\src\PointOfSale.Infrastructure\Services\OfflineTransactionSyncService.cs:line 152
   at PointOfSale.Infrastructure.Services.OfflineTransactionSyncService.DrainPendingAsync(CancellationToken cancellationToken) in C:\Users\alber\OneDrive\Documents\Point Of Sale\src\PointOfSale.Infrastructure\Services\OfflineTransactionSyncService.cs:line 106
   at PointOfSale.Infrastructure.Workers.OfflineInvoiceFifoSyncBackgroundService.ExecuteAsync(CancellationToken stoppingToken) in C:\Users\alber\OneDrive\Documents\Point Of Sale\src\PointOfSale.Infrastructure\Workers\OfflineInvoiceFifoSyncBackgroundService.cs:line 58
ClientConnectionId:e1a1a060-31c7-4788-8a0b-0ed25e2aff49
Error Number:208,State:1,Class:16
2026-08-11 16:16:20.344 +02:00 [INF] MRA connectivity restored — waking offline sync worker.
2026-08-11 16:16:20.345 +02:00 [WRN] Failed to release transient quarantines before offline drain.
Microsoft.Data.SqlClient.SqlException (0x80131904): Invalid object name 'dbo.OfflineInvoiceQueue'.
   at System.Threading.Tasks.ContinuationResultTaskFromResultTask`2.InnerInvoke()
   at System.Threading.ExecutionContext.RunInternal(ExecutionContext executionContext, ContextCallback callback, Object state)
--- End of stack trace from previous location ---
   at System.Threading.ExecutionContext.RunInternal(ExecutionContext executionContext, ContextCallback callback, Object state)
   at System.Threading.Tasks.Task.ExecuteWithThreadLocal(Task& currentTaskSlot, Thread threadPoolThread)
--- End of stack trace from previous location ---
   at Dapper.SqlMapper.QueryAsync[T](IDbConnection cnn, Type effectiveType, CommandDefinition command) in /_/Dapper/SqlMapper.Async.cs:line 434
   at PointOfSale.Infrastructure.Repositories.OfflineInvoiceQueueRepository.GetItemsAsync(String statusFilter, Int32 take, CancellationToken cancellationToken) in C:\Users\alber\OneDrive\Documents\Point Of Sale\src\PointOfSale.Infrastructure\Repositories\OfflineInvoiceQueueRepository.cs:line 215
   at PointOfSale.Infrastructure.Repositories.OfflineInvoiceQueueRepository.GetItemsAsync(String statusFilter, Int32 take, CancellationToken cancellationToken) in C:\Users\alber\OneDrive\Documents\Point Of Sale\src\PointOfSale.Infrastructure\Repositories\OfflineInvoiceQueueRepository.cs:line 221
   at PointOfSale.Infrastructure.Services.OfflineSalesQueueService.ReleaseTransientQuarantinesAsync(CancellationToken cancellationToken) in C:\Users\alber\OneDrive\Documents\Point Of Sale\src\PointOfSale.Infrastructure\Services\OfflineSalesQueueService.cs:line 953
   at PointOfSale.Infrastructure.Services.OfflineTransactionSyncService.DrainPendingAsync(CancellationToken cancellationToken) in C:\Users\alber\OneDrive\Documents\Point Of Sale\src\PointOfSale.Infrastructure\Services\OfflineTransactionSyncService.cs:line 76
ClientConnectionId:e1a1a060-31c7-4788-8a0b-0ed25e2aff49
Error Number:208,State:1,Class:16
2026-08-11 16:16:20.348 +02:00 [ERR] Offline FIFO sync worker iteration failed.
Microsoft.Data.SqlClient.SqlException (0x80131904): Invalid object name 'dbo.OfflineInvoiceQueue'.
   at System.Threading.Tasks.ContinuationResultTaskFromResultTask`2.InnerInvoke()
   at System.Threading.ExecutionContext.RunInternal(ExecutionContext executionContext, ContextCallback callback, Object state)
--- End of stack trace from previous location ---
   at System.Threading.ExecutionContext.RunInternal(ExecutionContext executionContext, ContextCallback callback, Object state)
   at System.Threading.Tasks.Task.ExecuteWithThreadLocal(Task& currentTaskSlot, Thread threadPoolThread)
--- End of stack trace from previous location ---
   at Dapper.SqlMapper.QueryAsync[T](IDbConnection cnn, Type effectiveType, CommandDefinition command) in /_/Dapper/SqlMapper.Async.cs:line 434
   at PointOfSale.Infrastructure.Repositories.OfflineInvoiceQueueRepository.GetItemsAsync(String statusFilter, Int32 take, CancellationToken cancellationToken) in C:\Users\alber\OneDrive\Documents\Point Of Sale\src\PointOfSale.Infrastructure\Repositories\OfflineInvoiceQueueRepository.cs:line 215
   at PointOfSale.Infrastructure.Repositories.OfflineInvoiceQueueRepository.GetItemsAsync(String statusFilter, Int32 take, CancellationToken cancellationToken) in C:\Users\alber\OneDrive\Documents\Point Of Sale\src\PointOfSale.Infrastructure\Repositories\OfflineInvoiceQueueRepository.cs:line 221
   at PointOfSale.Infrastructure.Services.OfflineSalesQueueService.RecoverStuckSyncingAsync(CancellationToken cancellationToken) in C:\Users\alber\OneDrive\Documents\Point Of Sale\src\PointOfSale.Infrastructure\Services\OfflineSalesQueueService.cs:line 2096
   at PointOfSale.Infrastructure.Services.OfflineSalesQueueService.ProcessNextFifoWithComplianceAsync(Func`4 prepareAndValidate, CancellationToken cancellationToken) in C:\Users\alber\OneDrive\Documents\Point Of Sale\src\PointOfSale.Infrastructure\Services\OfflineSalesQueueService.cs:line 164
   at PointOfSale.Infrastructure.Services.OfflineTransactionSyncService.ProcessNextCompliantAsync(CancellationToken cancellationToken) in C:\Users\alber\OneDrive\Documents\Point Of Sale\src\PointOfSale.Infrastructure\Services\OfflineTransactionSyncService.cs:line 152
   at PointOfSale.Infrastructure.Services.OfflineTransactionSyncService.DrainPendingAsync(CancellationToken cancellationToken) in C:\Users\alber\OneDrive\Documents\Point Of Sale\src\PointOfSale.Infrastructure\Services\OfflineTransactionSyncService.cs:line 106
   at PointOfSale.Infrastructure.Workers.OfflineInvoiceFifoSyncBackgroundService.ExecuteAsync(CancellationToken stoppingToken) in C:\Users\alber\OneDrive\Documents\Point Of Sale\src\PointOfSale.Infrastructure\Workers\OfflineInvoiceFifoSyncBackgroundService.cs:line 58
ClientConnectionId:e1a1a060-31c7-4788-8a0b-0ed25e2aff49
Error Number:208,State:1,Class:16
2026-08-11 16:16:20.388 +02:00 [INF] ART Diagnostic WorkerHeartbeat SystemHealthMonitorService null null: All monitored subsystems healthy.
2026-08-11 16:16:21.641 +02:00 [INF] MRA connectivity restored — waking offline sync worker.
2026-08-11 16:16:21.644 +02:00 [WRN] Failed to release transient quarantines before offline drain.
Microsoft.Data.SqlClient.SqlException (0x80131904): Invalid object name 'dbo.OfflineInvoiceQueue'.
   at System.Threading.Tasks.ContinuationResultTaskFromResultTask`2.InnerInvoke()
   at System.Threading.ExecutionContext.RunInternal(ExecutionContext executionContext, ContextCallback callback, Object state)
--- End of stack trace from previous location ---
   at System.Threading.ExecutionContext.RunInternal(ExecutionContext executionContext, ContextCallback callback, Object state)
   at System.Threading.Tasks.Task.ExecuteWithThreadLocal(Task& currentTaskSlot, Thread threadPoolThread)
--- End of stack trace from previous location ---
   at Dapper.SqlMapper.QueryAsync[T](IDbConnection cnn, Type effectiveType, CommandDefinition command) in /_/Dapper/SqlMapper.Async.cs:line 434
   at PointOfSale.Infrastructure.Repositories.OfflineInvoiceQueueRepository.GetItemsAsync(String statusFilter, Int32 take, CancellationToken cancellationToken) in C:\Users\alber\OneDrive\Documents\Point Of Sale\src\PointOfSale.Infrastructure\Repositories\OfflineInvoiceQueueRepository.cs:line 215
   at PointOfSale.Infrastructure.Repositories.OfflineInvoiceQueueRepository.GetItemsAsync(String statusFilter, Int32 take, CancellationToken cancellationToken) in C:\Users\alber\OneDrive\Documents\Point Of Sale\src\PointOfSale.Infrastructure\Repositories\OfflineInvoiceQueueRepository.cs:line 221
   at PointOfSale.Infrastructure.Services.OfflineSalesQueueService.ReleaseTransientQuarantinesAsync(CancellationToken cancellationToken) in C:\Users\alber\OneDrive\Documents\Point Of Sale\src\PointOfSale.Infrastructure\Services\OfflineSalesQueueService.cs:line 953
   at PointOfSale.Infrastructure.Services.OfflineTransactionSyncService.DrainPendingAsync(CancellationToken cancellationToken) in C:\Users\alber\OneDrive\Documents\Point Of Sale\src\PointOfSale.Infrastructure\Services\OfflineTransactionSyncService.cs:line 76
ClientConnectionId:e1a1a060-31c7-4788-8a0b-0ed25e2aff49
Error Number:208,State:1,Class:16
2026-08-11 16:16:21.646 +02:00 [ERR] Offline FIFO sync worker iteration failed.
Microsoft.Data.SqlClient.SqlException (0x80131904): Invalid object name 'dbo.OfflineInvoiceQueue'.
   at System.Threading.Tasks.ContinuationResultTaskFromResultTask`2.InnerInvoke()
   at System.Threading.ExecutionContext.RunInternal(ExecutionContext executionContext, ContextCallback callback, Object state)
--- End of stack trace from previous location ---
   at System.Threading.ExecutionContext.RunInternal(ExecutionContext executionContext, ContextCallback callback, Object state)
   at System.Threading.Tasks.Task.ExecuteWithThreadLocal(Task& currentTaskSlot, Thread threadPoolThread)
--- End of stack trace from previous location ---
   at Dapper.SqlMapper.QueryAsync[T](IDbConnection cnn, Type effectiveType, CommandDefinition command) in /_/Dapper/SqlMapper.Async.cs:line 434
   at PointOfSale.Infrastructure.Repositories.OfflineInvoiceQueueRepository.GetItemsAsync(String statusFilter, Int32 take, CancellationToken cancellationToken) in C:\Users\alber\OneDrive\Documents\Point Of Sale\src\PointOfSale.Infrastructure\Repositories\OfflineInvoiceQueueRepository.cs:line 215
   at PointOfSale.Infrastructure.Repositories.OfflineInvoiceQueueRepository.GetItemsAsync(String statusFilter, Int32 take, CancellationToken cancellationToken) in C:\Users\alber\OneDrive\Documents\Point Of Sale\src\PointOfSale.Infrastructure\Repositories\OfflineInvoiceQueueRepository.cs:line 221
   at PointOfSale.Infrastructure.Services.OfflineSalesQueueService.RecoverStuckSyncingAsync(CancellationToken cancellationToken) in C:\Users\alber\OneDrive\Documents\Point Of Sale\src\PointOfSale.Infrastructure\Services\OfflineSalesQueueService.cs:line 2096
   at PointOfSale.Infrastructure.Services.OfflineSalesQueueService.ProcessNextFifoWithComplianceAsync(Func`4 prepareAndValidate, CancellationToken cancellationToken) in C:\Users\alber\OneDrive\Documents\Point Of Sale\src\PointOfSale.Infrastructure\Services\OfflineSalesQueueService.cs:line 164
   at PointOfSale.Infrastructure.Services.OfflineTransactionSyncService.ProcessNextCompliantAsync(CancellationToken cancellationToken) in C:\Users\alber\OneDrive\Documents\Point Of Sale\src\PointOfSale.Infrastructure\Services\OfflineTransactionSyncService.cs:line 152
   at PointOfSale.Infrastructure.Services.OfflineTransactionSyncService.DrainPendingAsync(CancellationToken cancellationToken) in C:\Users\alber\OneDrive\Documents\Point Of Sale\src\PointOfSale.Infrastructure\Services\OfflineTransactionSyncService.cs:line 106
   at PointOfSale.Infrastructure.Workers.OfflineInvoiceFifoSyncBackgroundService.ExecuteAsync(CancellationToken stoppingToken) in C:\Users\alber\OneDrive\Documents\Point Of Sale\src\PointOfSale.Infrastructure\Workers\OfflineInvoiceFifoSyncBackgroundService.cs:line 58
ClientConnectionId:e1a1a060-31c7-4788-8a0b-0ed25e2aff49
Error Number:208,State:1,Class:16
2026-08-11 16:16:22.231 +02:00 [ERR] Inventory alert scan iteration failed.
Microsoft.Data.SqlClient.SqlException (0x80131904): Invalid object name 'dbo.LocalInventory'.
   at System.Threading.Tasks.ContinuationResultTaskFromResultTask`2.InnerInvoke()
   at System.Threading.ExecutionContext.RunInternal(ExecutionContext executionContext, ContextCallback callback, Object state)
--- End of stack trace from previous location ---
   at System.Threading.ExecutionContext.RunInternal(ExecutionContext executionContext, ContextCallback callback, Object state)
   at System.Threading.Tasks.Task.ExecuteWithThreadLocal(Task& currentTaskSlot, Thread threadPoolThread)
--- End of stack trace from previous location ---
   at Dapper.SqlMapper.QueryAsync[T](IDbConnection cnn, Type effectiveType, CommandDefinition command) in /_/Dapper/SqlMapper.Async.cs:line 434
   at PointOfSale.Infrastructure.Repositories.LocalInventoryRepository.GetAllAsync(CancellationToken cancellationToken) in C:\Users\alber\OneDrive\Documents\Point Of Sale\src\PointOfSale.Infrastructure\Repositories\LocalInventoryRepository.cs:line 79
   at PointOfSale.Infrastructure.Repositories.LocalInventoryRepository.GetAllAsync(CancellationToken cancellationToken) in C:\Users\alber\OneDrive\Documents\Point Of Sale\src\PointOfSale.Infrastructure\Repositories\LocalInventoryRepository.cs:line 82
   at PointOfSale.App.Services.InventoryAlertService.ScanAsync(CancellationToken cancellationToken) in C:\Users\alber\OneDrive\Documents\Point Of Sale\src\PointOfSale.App\Services\InventoryAlertService.cs:line 68
   at PointOfSale.App.Services.InventoryAlertBackgroundService.ExecuteAsync(CancellationToken stoppingToken) in C:\Users\alber\OneDrive\Documents\Point Of Sale\src\PointOfSale.App\Services\InventoryAlertService.cs:line 313
ClientConnectionId:e1a1a060-31c7-4788-8a0b-0ed25e2aff49
Error Number:208,State:1,Class:16
2026-08-11 16:16:34.575 +02:00 [ERR] Multi-terminal synchronize failed.
Microsoft.Data.SqlClient.SqlException (0x80131904): Invalid object name 'dbo.OfflineInvoiceQueue'.
   at Microsoft.Data.SqlClient.TdsParser.ThrowExceptionAndWarning(TdsParserStateObject stateObj, SqlCommand command, Boolean callerHasConnectionLock, Boolean asyncClose)
   at Microsoft.Data.SqlClient.TdsParser.TryRun(RunBehavior runBehavior, SqlCommand cmdHandler, SqlDataReader dataStream, BulkCopySimpleResultSet bulkCopyHandler, TdsParserStateObject stateObj, Boolean& dataReady)
   at Microsoft.Data.SqlClient.SqlDataReader.TryConsumeMetaData()
   at Microsoft.Data.SqlClient.SqlCommand.FinishExecuteReader(SqlDataReader ds, RunBehavior runBehavior, String resetOptionsString, Boolean isInternal, Boolean forDescribeParameterEncryption, Boolean shouldCacheForAlwaysEncrypted)
   at Microsoft.Data.SqlClient.SqlCommand.CompleteAsyncExecuteReader(Boolean isInternal, Boolean forDescribeParameterEncryption)
   at Microsoft.Data.SqlClient.SqlCommand.InternalEndExecuteReader(IAsyncResult asyncResult, Boolean isInternal, String endMethod)
   at Microsoft.Data.SqlClient.SqlCommand.EndExecuteReaderInternal(IAsyncResult asyncResult)
   at Microsoft.Data.SqlClient.SqlCommand.EndExecuteReaderAsync(IAsyncResult asyncResult)
   at Microsoft.Data.SqlClient.SqlCommand.<>c.<InternalExecuteReaderAsync>b__201_1(IAsyncResult asyncResult)
   at System.Threading.Tasks.TaskFactory`1.FromAsyncCoreLogic(IAsyncResult iar, Func`2 endFunction, Action`1 endAction, Task`1 promise, Boolean requiresSynchronization)
--- End of stack trace from previous location ---
   at Dapper.SqlMapper.ExecuteScalarImplAsync[T](IDbConnection cnn, CommandDefinition command) in /_/Dapper/SqlMapper.Async.cs:line 1241
   at PointOfSale.Infrastructure.Repositories.MultiTerminalSyncRepository.CountPendingOfflineInvoicesAsync(CancellationToken cancellationToken) in C:\Users\alber\OneDrive\Documents\Point Of Sale\src\PointOfSale.Infrastructure\Repositories\MultiTerminalSyncRepository.cs:line 339
   at PointOfSale.Infrastructure.Repositories.MultiTerminalSyncRepository.CountPendingOfflineInvoicesAsync(CancellationToken cancellationToken) in C:\Users\alber\OneDrive\Documents\Point Of Sale\src\PointOfSale.Infrastructure\Repositories\MultiTerminalSyncRepository.cs:line 339
   at PointOfSale.App.Services.MultiTerminalSyncBroker.SynchronizeNowAsync(CancellationToken cancellationToken) in C:\Users\alber\OneDrive\Documents\Point Of Sale\src\PointOfSale.App\Services\MultiTerminalSyncBroker.cs:line 223
ClientConnectionId:e1a1a060-31c7-4788-8a0b-0ed25e2aff49
Error Number:208,State:1,Class:16
2026-08-11 16:16:34.587 +02:00 [WRN] Performance profiling iteration failed.
Microsoft.Data.SqlClient.SqlException (0x80131904): Invalid object name 'dbo.DiagnosticTelemetryEvents'.
   at System.Threading.Tasks.ContinuationResultTaskFromResultTask`2.InnerInvoke()
   at System.Threading.ExecutionContext.RunInternal(ExecutionContext executionContext, ContextCallback callback, Object state)
--- End of stack trace from previous location ---
   at System.Threading.ExecutionContext.RunInternal(ExecutionContext executionContext, ContextCallback callback, Object state)
   at System.Threading.Tasks.Task.ExecuteWithThreadLocal(Task& currentTaskSlot, Thread threadPoolThread)
--- End of stack trace from previous location ---
   at Dapper.SqlMapper.QueryAsync[T](IDbConnection cnn, Type effectiveType, CommandDefinition command) in /_/Dapper/SqlMapper.Async.cs:line 434
   at PointOfSale.Infrastructure.Repositories.DiagnosticTelemetryRepository.GetRecentAsync(Int32 take, String categoryFilter, String severityFilter, String search, CancellationToken cancellationToken) in C:\Users\alber\OneDrive\Documents\Point Of Sale\src\PointOfSale.Infrastructure\Repositories\DiagnosticTelemetryRepository.cs:line 68
   at PointOfSale.Infrastructure.Repositories.DiagnosticTelemetryRepository.GetRecentAsync(Int32 take, String categoryFilter, String severityFilter, String search, CancellationToken cancellationToken) in C:\Users\alber\OneDrive\Documents\Point Of Sale\src\PointOfSale.Infrastructure\Repositories\DiagnosticTelemetryRepository.cs:line 84
   at PointOfSale.App.Services.PerformanceProfilingService.LoadErrorHistogramAsync(CancellationToken cancellationToken) in C:\Users\alber\OneDrive\Documents\Point Of Sale\src\PointOfSale.App\Services\PerformanceProfilingService.cs:line 294
   at PointOfSale.App.Services.PerformanceProfilingService.CaptureSnapshotAsync(CancellationToken cancellationToken) in C:\Users\alber\OneDrive\Documents\Point Of Sale\src\PointOfSale.App\Services\PerformanceProfilingService.cs:line 110
   at PointOfSale.App.Services.PerformanceProfilingBackgroundService.ExecuteAsync(CancellationToken stoppingToken) in C:\Users\alber\OneDrive\Documents\Point Of Sale\src\PointOfSale.App\Services\PerformanceProfilingBackgroundService.cs:line 59
ClientConnectionId:e6f14068-cc68-48c7-bd60-e80d6a66f4b2
Error Number:208,State:1,Class:16
2026-08-11 16:16:36.660 +02:00 [WRN] Failed to release transient quarantines before offline drain.
Microsoft.Data.SqlClient.SqlException (0x80131904): Invalid object name 'dbo.OfflineInvoiceQueue'.
   at System.Threading.Tasks.ContinuationResultTaskFromResultTask`2.InnerInvoke()
   at System.Threading.ExecutionContext.RunInternal(ExecutionContext executionContext, ContextCallback callback, Object state)
--- End of stack trace from previous location ---
   at System.Threading.ExecutionContext.RunInternal(ExecutionContext executionContext, ContextCallback callback, Object state)
   at System.Threading.Tasks.Task.ExecuteWithThreadLocal(Task& currentTaskSlot, Thread threadPoolThread)
--- End of stack trace from previous location ---
   at Dapper.SqlMapper.QueryAsync[T](IDbConnection cnn, Type effectiveType, CommandDefinition command) in /_/Dapper/SqlMapper.Async.cs:line 434
   at PointOfSale.Infrastructure.Repositories.OfflineInvoiceQueueRepository.GetItemsAsync(String statusFilter, Int32 take, CancellationToken cancellationToken) in C:\Users\alber\OneDrive\Documents\Point Of Sale\src\PointOfSale.Infrastructure\Repositories\OfflineInvoiceQueueRepository.cs:line 215
   at PointOfSale.Infrastructure.Repositories.OfflineInvoiceQueueRepository.GetItemsAsync(String statusFilter, Int32 take, CancellationToken cancellationToken) in C:\Users\alber\OneDrive\Documents\Point Of Sale\src\PointOfSale.Infrastructure\Repositories\OfflineInvoiceQueueRepository.cs:line 221
   at PointOfSale.Infrastructure.Services.OfflineSalesQueueService.ReleaseTransientQuarantinesAsync(CancellationToken cancellationToken) in C:\Users\alber\OneDrive\Documents\Point Of Sale\src\PointOfSale.Infrastructure\Services\OfflineSalesQueueService.cs:line 953
   at PointOfSale.Infrastructure.Services.OfflineTransactionSyncService.DrainPendingAsync(CancellationToken cancellationToken) in C:\Users\alber\OneDrive\Documents\Point Of Sale\src\PointOfSale.Infrastructure\Services\OfflineTransactionSyncService.cs:line 76
ClientConnectionId:e6f14068-cc68-48c7-bd60-e80d6a66f4b2
Error Number:208,State:1,Class:16
2026-08-11 16:16:36.663 +02:00 [ERR] Offline FIFO sync worker iteration failed.
Microsoft.Data.SqlClient.SqlException (0x80131904): Invalid object name 'dbo.OfflineInvoiceQueue'.
   at System.Threading.Tasks.ContinuationResultTaskFromResultTask`2.InnerInvoke()
   at System.Threading.ExecutionContext.RunInternal(ExecutionContext executionContext, ContextCallback callback, Object state)
--- End of stack trace from previous location ---
   at System.Threading.ExecutionContext.RunInternal(ExecutionContext executionContext, ContextCallback callback, Object state)
   at System.Threading.Tasks.Task.ExecuteWithThreadLocal(Task& currentTaskSlot, Thread threadPoolThread)
--- End of stack trace from previous location ---
   at Dapper.SqlMapper.QueryAsync[T](IDbConnection cnn, Type effectiveType, CommandDefinition command) in /_/Dapper/SqlMapper.Async.cs:line 434
   at PointOfSale.Infrastructure.Repositories.OfflineInvoiceQueueRepository.GetItemsAsync(String statusFilter, Int32 take, CancellationToken cancellationToken) in C:\Users\alber\OneDrive\Documents\Point Of Sale\src\PointOfSale.Infrastructure\Repositories\OfflineInvoiceQueueRepository.cs:line 215
   at PointOfSale.Infrastructure.Repositories.OfflineInvoiceQueueRepository.GetItemsAsync(String statusFilter, Int32 take, CancellationToken cancellationToken) in C:\Users\alber\OneDrive\Documents\Point Of Sale\src\PointOfSale.Infrastructure\Repositories\OfflineInvoiceQueueRepository.cs:line 221
   at PointOfSale.Infrastructure.Services.OfflineSalesQueueService.RecoverStuckSyncingAsync(CancellationToken cancellationToken) in C:\Users\alber\OneDrive\Documents\Point Of Sale\src\PointOfSale.Infrastructure\Services\OfflineSalesQueueService.cs:line 2096
   at PointOfSale.Infrastructure.Services.OfflineSalesQueueService.ProcessNextFifoWithComplianceAsync(Func`4 prepareAndValidate, CancellationToken cancellationToken) in C:\Users\alber\OneDrive\Documents\Point Of Sale\src\PointOfSale.Infrastructure\Services\OfflineSalesQueueService.cs:line 164
   at PointOfSale.Infrastructure.Services.OfflineTransactionSyncService.ProcessNextCompliantAsync(CancellationToken cancellationToken) in C:\Users\alber\OneDrive\Documents\Point Of Sale\src\PointOfSale.Infrastructure\Services\OfflineTransactionSyncService.cs:line 152
   at PointOfSale.Infrastructure.Services.OfflineTransactionSyncService.DrainPendingAsync(CancellationToken cancellationToken) in C:\Users\alber\OneDrive\Documents\Point Of Sale\src\PointOfSale.Infrastructure\Services\OfflineTransactionSyncService.cs:line 106
   at PointOfSale.Infrastructure.Workers.OfflineInvoiceFifoSyncBackgroundService.ExecuteAsync(CancellationToken stoppingToken) in C:\Users\alber\OneDrive\Documents\Point Of Sale\src\PointOfSale.Infrastructure\Workers\OfflineInvoiceFifoSyncBackgroundService.cs:line 58
ClientConnectionId:e6f14068-cc68-48c7-bd60-e80d6a66f4b2
Error Number:208,State:1,Class:16
2026-08-11 16:16:41.780 +02:00 [INF] MRA connectivity restored — waking offline sync worker.
2026-08-11 16:16:41.781 +02:00 [WRN] Failed to release transient quarantines before offline drain.
Microsoft.Data.SqlClient.SqlException (0x80131904): Invalid object name 'dbo.OfflineInvoiceQueue'.
   at System.Threading.Tasks.ContinuationResultTaskFromResultTask`2.InnerInvoke()
   at System.Threading.ExecutionContext.RunInternal(ExecutionContext executionContext, ContextCallback callback, Object state)
--- End of stack trace from previous location ---
   at System.Threading.ExecutionContext.RunInternal(ExecutionContext executionContext, ContextCallback callback, Object state)
   at System.Threading.Tasks.Task.ExecuteWithThreadLocal(Task& currentTaskSlot, Thread threadPoolThread)
--- End of stack trace from previous location ---
   at Dapper.SqlMapper.QueryAsync[T](IDbConnection cnn, Type effectiveType, CommandDefinition command) in /_/Dapper/SqlMapper.Async.cs:line 434
   at PointOfSale.Infrastructure.Repositories.OfflineInvoiceQueueRepository.GetItemsAsync(String statusFilter, Int32 take, CancellationToken cancellationToken) in C:\Users\alber\OneDrive\Documents\Point Of Sale\src\PointOfSale.Infrastructure\Repositories\OfflineInvoiceQueueRepository.cs:line 215
   at PointOfSale.Infrastructure.Repositories.OfflineInvoiceQueueRepository.GetItemsAsync(String statusFilter, Int32 take, CancellationToken cancellationToken) in C:\Users\alber\OneDrive\Documents\Point Of Sale\src\PointOfSale.Infrastructure\Repositories\OfflineInvoiceQueueRepository.cs:line 221
   at PointOfSale.Infrastructure.Services.OfflineSalesQueueService.ReleaseTransientQuarantinesAsync(CancellationToken cancellationToken) in C:\Users\alber\OneDrive\Documents\Point Of Sale\src\PointOfSale.Infrastructure\Services\OfflineSalesQueueService.cs:line 953
   at PointOfSale.Infrastructure.Services.OfflineTransactionSyncService.DrainPendingAsync(CancellationToken cancellationToken) in C:\Users\alber\OneDrive\Documents\Point Of Sale\src\PointOfSale.Infrastructure\Services\OfflineTransactionSyncService.cs:line 76
ClientConnectionId:e6f14068-cc68-48c7-bd60-e80d6a66f4b2
Error Number:208,State:1,Class:16
2026-08-11 16:16:41.783 +02:00 [ERR] Offline FIFO sync worker iteration failed.
Microsoft.Data.SqlClient.SqlException (0x80131904): Invalid object name 'dbo.OfflineInvoiceQueue'.
   at System.Threading.Tasks.ContinuationResultTaskFromResultTask`2.InnerInvoke()
   at System.Threading.ExecutionContext.RunInternal(ExecutionContext executionContext, ContextCallback callback, Object state)
--- End of stack trace from previous location ---
   at System.Threading.ExecutionContext.RunInternal(ExecutionContext executionContext, ContextCallback callback, Object state)
   at System.Threading.Tasks.Task.ExecuteWithThreadLocal(Task& currentTaskSlot, Thread threadPoolThread)
--- End of stack trace from previous location ---
   at Dapper.SqlMapper.QueryAsync[T](IDbConnection cnn, Type effectiveType, CommandDefinition command) in /_/Dapper/SqlMapper.Async.cs:line 434
   at PointOfSale.Infrastructure.Repositories.OfflineInvoiceQueueRepository.GetItemsAsync(String statusFilter, Int32 take, CancellationToken cancellationToken) in C:\Users\alber\OneDrive\Documents\Point Of Sale\src\PointOfSale.Infrastructure\Repositories\OfflineInvoiceQueueRepository.cs:line 215
   at PointOfSale.Infrastructure.Repositories.OfflineInvoiceQueueRepository.GetItemsAsync(String statusFilter, Int32 take, CancellationToken cancellationToken) in C:\Users\alber\OneDrive\Documents\Point Of Sale\src\PointOfSale.Infrastructure\Repositories\OfflineInvoiceQueueRepository.cs:line 221
   at PointOfSale.Infrastructure.Services.OfflineSalesQueueService.RecoverStuckSyncingAsync(CancellationToken cancellationToken) in C:\Users\alber\OneDrive\Documents\Point Of Sale\src\PointOfSale.Infrastructure\Services\OfflineSalesQueueService.cs:line 2096
   at PointOfSale.Infrastructure.Services.OfflineSalesQueueService.ProcessNextFifoWithComplianceAsync(Func`4 prepareAndValidate, CancellationToken cancellationToken) in C:\Users\alber\OneDrive\Documents\Point Of Sale\src\PointOfSale.Infrastructure\Services\OfflineSalesQueueService.cs:line 164
   at PointOfSale.Infrastructure.Services.OfflineTransactionSyncService.ProcessNextCompliantAsync(CancellationToken cancellationToken) in C:\Users\alber\OneDrive\Documents\Point Of Sale\src\PointOfSale.Infrastructure\Services\OfflineTransactionSyncService.cs:line 152
   at PointOfSale.Infrastructure.Services.OfflineTransactionSyncService.DrainPendingAsync(CancellationToken cancellationToken) in C:\Users\alber\OneDrive\Documents\Point Of Sale\src\PointOfSale.Infrastructure\Services\OfflineTransactionSyncService.cs:line 106
   at PointOfSale.Infrastructure.Workers.OfflineInvoiceFifoSyncBackgroundService.ExecuteAsync(CancellationToken stoppingToken) in C:\Users\alber\OneDrive\Documents\Point Of Sale\src\PointOfSale.Infrastructure\Workers\OfflineInvoiceFifoSyncBackgroundService.cs:line 58
ClientConnectionId:e6f14068-cc68-48c7-bd60-e80d6a66f4b2
Error Number:208,State:1,Class:16
2026-08-11 16:16:49.585 +02:00 [ERR] Multi-terminal synchronize failed.
Microsoft.Data.SqlClient.SqlException (0x80131904): Invalid object name 'dbo.OfflineInvoiceQueue'.
   at Microsoft.Data.SqlClient.TdsParser.ThrowExceptionAndWarning(TdsParserStateObject stateObj, SqlCommand command, Boolean callerHasConnectionLock, Boolean asyncClose)
   at Microsoft.Data.SqlClient.TdsParser.TryRun(RunBehavior runBehavior, SqlCommand cmdHandler, SqlDataReader dataStream, BulkCopySimpleResultSet bulkCopyHandler, TdsParserStateObject stateObj, Boolean& dataReady)
   at Microsoft.Data.SqlClient.SqlDataReader.TryConsumeMetaData()
   at Microsoft.Data.SqlClient.SqlCommand.FinishExecuteReader(SqlDataReader ds, RunBehavior runBehavior, String resetOptionsString, Boolean isInternal, Boolean forDescribeParameterEncryption, Boolean shouldCacheForAlwaysEncrypted)
   at Microsoft.Data.SqlClient.SqlCommand.CompleteAsyncExecuteReader(Boolean isInternal, Boolean forDescribeParameterEncryption)
   at Microsoft.Data.SqlClient.SqlCommand.EndExecuteReaderInternal(IAsyncResult asyncResult)
   at Microsoft.Data.SqlClient.SqlCommand.EndExecuteReaderAsync(IAsyncResult asyncResult)
   at System.Threading.Tasks.TaskFactory`1.FromAsyncCoreLogic(IAsyncResult iar, Func`2 endFunction, Action`1 endAction, Task`1 promise, Boolean requiresSynchronization)
--- End of stack trace from previous location ---
   at Dapper.SqlMapper.ExecuteScalarImplAsync[T](IDbConnection cnn, CommandDefinition command) in /_/Dapper/SqlMapper.Async.cs:line 1241
   at PointOfSale.Infrastructure.Repositories.MultiTerminalSyncRepository.CountPendingOfflineInvoicesAsync(CancellationToken cancellationToken) in C:\Users\alber\OneDrive\Documents\Point Of Sale\src\PointOfSale.Infrastructure\Repositories\MultiTerminalSyncRepository.cs:line 339
   at PointOfSale.Infrastructure.Repositories.MultiTerminalSyncRepository.CountPendingOfflineInvoicesAsync(CancellationToken cancellationToken) in C:\Users\alber\OneDrive\Documents\Point Of Sale\src\PointOfSale.Infrastructure\Repositories\MultiTerminalSyncRepository.cs:line 339
   at PointOfSale.App.Services.MultiTerminalSyncBroker.SynchronizeNowAsync(CancellationToken cancellationToken) in C:\Users\alber\OneDrive\Documents\Point Of Sale\src\PointOfSale.App\Services\MultiTerminalSyncBroker.cs:line 223
ClientConnectionId:e6f14068-cc68-48c7-bd60-e80d6a66f4b2
Error Number:208,State:1,Class:16
2026-08-11 16:16:56.808 +02:00 [WRN] Failed to release transient quarantines before offline drain.
Microsoft.Data.SqlClient.SqlException (0x80131904): Invalid object name 'dbo.OfflineInvoiceQueue'.
   at System.Threading.Tasks.ContinuationResultTaskFromResultTask`2.InnerInvoke()
   at System.Threading.ExecutionContext.RunInternal(ExecutionContext executionContext, ContextCallback callback, Object state)
--- End of stack trace from previous location ---
   at System.Threading.ExecutionContext.RunInternal(ExecutionContext executionContext, ContextCallback callback, Object state)
   at System.Threading.Tasks.Task.ExecuteWithThreadLocal(Task& currentTaskSlot, Thread threadPoolThread)
--- End of stack trace from previous location ---
   at Dapper.SqlMapper.QueryAsync[T](IDbConnection cnn, Type effectiveType, CommandDefinition command) in /_/Dapper/SqlMapper.Async.cs:line 434
   at PointOfSale.Infrastructure.Repositories.OfflineInvoiceQueueRepository.GetItemsAsync(String statusFilter, Int32 take, CancellationToken cancellationToken) in C:\Users\alber\OneDrive\Documents\Point Of Sale\src\PointOfSale.Infrastructure\Repositories\OfflineInvoiceQueueRepository.cs:line 215
   at PointOfSale.Infrastructure.Repositories.OfflineInvoiceQueueRepository.GetItemsAsync(String statusFilter, Int32 take, CancellationToken cancellationToken) in C:\Users\alber\OneDrive\Documents\Point Of Sale\src\PointOfSale.Infrastructure\Repositories\OfflineInvoiceQueueRepository.cs:line 221
   at PointOfSale.Infrastructure.Services.OfflineSalesQueueService.ReleaseTransientQuarantinesAsync(CancellationToken cancellationToken) in C:\Users\alber\OneDrive\Documents\Point Of Sale\src\PointOfSale.Infrastructure\Services\OfflineSalesQueueService.cs:line 953
   at PointOfSale.Infrastructure.Services.OfflineTransactionSyncService.DrainPendingAsync(CancellationToken cancellationToken) in C:\Users\alber\OneDrive\Documents\Point Of Sale\src\PointOfSale.Infrastructure\Services\OfflineTransactionSyncService.cs:line 76
ClientConnectionId:e6f14068-cc68-48c7-bd60-e80d6a66f4b2
Error Number:208,State:1,Class:16
2026-08-11 16:16:56.816 +02:00 [WRN] Unable to query last-submitted-offline-transaction for sequence check.
Microsoft.Data.SqlClient.SqlException (0x80131904): Invalid object name 'dbo.Terminals'.
   at System.Threading.Tasks.ContinuationResultTaskFromResultTask`2.InnerInvoke()
   at System.Threading.ExecutionContext.RunInternal(ExecutionContext executionContext, ContextCallback callback, Object state)
--- End of stack trace from previous location ---
   at System.Threading.ExecutionContext.RunInternal(ExecutionContext executionContext, ContextCallback callback, Object state)
   at System.Threading.Tasks.Task.ExecuteWithThreadLocal(Task& currentTaskSlot, Thread threadPoolThread)
--- End of stack trace from previous location ---
   at Dapper.SqlMapper.QueryRowAsync[T](IDbConnection cnn, Row row, Type effectiveType, CommandDefinition command) in /_/Dapper/SqlMapper.Async.cs:line 489
   at PointOfSale.Infrastructure.Repositories.TerminalRepository.GetActiveTerminalIdAsync(CancellationToken cancellationToken) in C:\Users\alber\OneDrive\Documents\Point Of Sale\src\PointOfSale.Infrastructure\Repositories\TerminalRepository.cs:line 113
   at PointOfSale.Infrastructure.Repositories.TerminalRepository.GetActiveTerminalIdAsync(CancellationToken cancellationToken) in C:\Users\alber\OneDrive\Documents\Point Of Sale\src\PointOfSale.Infrastructure\Repositories\TerminalRepository.cs:line 113
   at PointOfSale.Infrastructure.Services.MraTerminalAuthProvider.GetActiveTerminalIdAsync(CancellationToken cancellationToken) in C:\Users\alber\OneDrive\Documents\Point Of Sale\src\PointOfSale.Infrastructure\Services\MraTerminalAuthProvider.cs:line 32
   at PointOfSale.Infrastructure.Services.MraTerminalAuthProvider.GetJwtContextAsync(CancellationToken cancellationToken) in C:\Users\alber\OneDrive\Documents\Point Of Sale\src\PointOfSale.Infrastructure\Services\MraTerminalAuthProvider.cs:line 43
   at PointOfSale.Infrastructure.Services.SalesTransactionService.GetLastSubmittedTransactionAsync(String relativePath, String channelLabel, CancellationToken cancellationToken) in C:\Users\alber\OneDrive\Documents\Point Of Sale\src\PointOfSale.Infrastructure\Services\SalesTransactionService.cs:line 85
   at PointOfSale.Infrastructure.Services.SalesTransactionService.VerifySequenceContinuityAsync(Func`2 lookupFactory, String channelLabel, CancellationToken cancellationToken) in C:\Users\alber\OneDrive\Documents\Point Of Sale\src\PointOfSale.Infrastructure\Services\SalesTransactionService.cs:line 153
ClientConnectionId:e6f14068-cc68-48c7-bd60-e80d6a66f4b2
Error Number:208,State:1,Class:16
2026-08-11 16:16:56.818 +02:00 [ERR] Offline FIFO sync worker iteration failed.
Microsoft.Data.SqlClient.SqlException (0x80131904): Invalid object name 'dbo.OfflineInvoiceQueue'.
   at System.Threading.Tasks.ContinuationResultTaskFromResultTask`2.InnerInvoke()
   at System.Threading.ExecutionContext.RunInternal(ExecutionContext executionContext, ContextCallback callback, Object state)
--- End of stack trace from previous location ---
   at System.Threading.ExecutionContext.RunInternal(ExecutionContext executionContext, ContextCallback callback, Object state)
   at System.Threading.Tasks.Task.ExecuteWithThreadLocal(Task& currentTaskSlot, Thread threadPoolThread)
--- End of stack trace from previous location ---
   at Dapper.SqlMapper.QueryAsync[T](IDbConnection cnn, Type effectiveType, CommandDefinition command) in /_/Dapper/SqlMapper.Async.cs:line 434
   at PointOfSale.Infrastructure.Repositories.OfflineInvoiceQueueRepository.GetItemsAsync(String statusFilter, Int32 take, CancellationToken cancellationToken) in C:\Users\alber\OneDrive\Documents\Point Of Sale\src\PointOfSale.Infrastructure\Repositories\OfflineInvoiceQueueRepository.cs:line 215
   at PointOfSale.Infrastructure.Repositories.OfflineInvoiceQueueRepository.GetItemsAsync(String statusFilter, Int32 take, CancellationToken cancellationToken) in C:\Users\alber\OneDrive\Documents\Point Of Sale\src\PointOfSale.Infrastructure\Repositories\OfflineInvoiceQueueRepository.cs:line 221
   at PointOfSale.Infrastructure.Services.OfflineSalesQueueService.RecoverStuckSyncingAsync(CancellationToken cancellationToken) in C:\Users\alber\OneDrive\Documents\Point Of Sale\src\PointOfSale.Infrastructure\Services\OfflineSalesQueueService.cs:line 2096
   at PointOfSale.Infrastructure.Services.OfflineSalesQueueService.ProcessNextFifoWithComplianceAsync(Func`4 prepareAndValidate, CancellationToken cancellationToken) in C:\Users\alber\OneDrive\Documents\Point Of Sale\src\PointOfSale.Infrastructure\Services\OfflineSalesQueueService.cs:line 164
   at PointOfSale.Infrastructure.Services.OfflineTransactionSyncService.ProcessNextCompliantAsync(CancellationToken cancellationToken) in C:\Users\alber\OneDrive\Documents\Point Of Sale\src\PointOfSale.Infrastructure\Services\OfflineTransactionSyncService.cs:line 152
   at PointOfSale.Infrastructure.Services.OfflineTransactionSyncService.DrainPendingAsync(CancellationToken cancellationToken) in C:\Users\alber\OneDrive\Documents\Point Of Sale\src\PointOfSale.Infrastructure\Services\OfflineTransactionSyncService.cs:line 106
   at PointOfSale.Infrastructure.Workers.OfflineInvoiceFifoSyncBackgroundService.ExecuteAsync(CancellationToken stoppingToken) in C:\Users\alber\OneDrive\Documents\Point Of Sale\src\PointOfSale.Infrastructure\Workers\OfflineInvoiceFifoSyncBackgroundService.cs:line 58
ClientConnectionId:e6f14068-cc68-48c7-bd60-e80d6a66f4b2
Error Number:208,State:1,Class:16
2026-08-11 16:17:00.868 +02:00 [INF] Seeded starter LocalInventory catalog (9 statements).
2026-08-11 16:17:00.878 +02:00 [INF] SQL Express schema ready (version 32).
2026-08-11 16:17:00.900 +02:00 [WRN] Phase 37 InitialSetup.sql apply skipped after error (schema already bootstrapped in-app).
Microsoft.Data.SqlClient.SqlException (0x80131904): Filtered index 'IX_OfflineInvoiceQueue_PendingFifo' cannot be created on table 'dbo.OfflineInvoiceQueue' because the column 'Status' in the filter expression is compared with a constant of higher data type precedence or of a different collation. Converting a column to the data type of a constant is not supported for filtered indexes. To resolve this error, explicitly convert the constant to the same data type and collation as the column 'Status'.
   at Microsoft.Data.SqlClient.TdsParser.ThrowExceptionAndWarning(TdsParserStateObject stateObj, SqlCommand command, Boolean callerHasConnectionLock, Boolean asyncClose)
   at Microsoft.Data.SqlClient.TdsParser.TryRun(RunBehavior runBehavior, SqlCommand cmdHandler, SqlDataReader dataStream, BulkCopySimpleResultSet bulkCopyHandler, TdsParserStateObject stateObj, Boolean& dataReady)
   at Microsoft.Data.SqlClient.SqlCommand.InternalEndExecuteNonQuery(IAsyncResult asyncResult, Boolean isInternal, String endMethod)
   at Microsoft.Data.SqlClient.SqlCommand.EndExecuteNonQueryInternal(IAsyncResult asyncResult)
   at Microsoft.Data.SqlClient.SqlCommand.EndExecuteNonQueryAsync(IAsyncResult asyncResult)
   at Microsoft.Data.SqlClient.SqlCommand.<>c.<InternalExecuteNonQueryAsync>b__193_1(IAsyncResult asyncResult)
   at System.Threading.Tasks.TaskFactory`1.FromAsyncCoreLogic(IAsyncResult iar, Func`2 endFunction, Action`1 endAction, Task`1 promise, Boolean requiresSynchronization)
--- End of stack trace from previous location ---
   at PointOfSale.App.Services.FirstRunBootstrapService.TryApplyInitialSetupScriptAsync(CancellationToken cancellationToken) in C:\Users\alber\OneDrive\Documents\Point Of Sale\src\PointOfSale.App\Services\FirstRunBootstrapService.cs:line 411
   at PointOfSale.App.Services.FirstRunBootstrapService.TryApplyInitialSetupScriptAsync(CancellationToken cancellationToken) in C:\Users\alber\OneDrive\Documents\Point Of Sale\src\PointOfSale.App\Services\FirstRunBootstrapService.cs:line 411
   at PointOfSale.App.Services.FirstRunBootstrapService.TryApplyInitialSetupScriptAsync(CancellationToken cancellationToken) in C:\Users\alber\OneDrive\Documents\Point Of Sale\src\PointOfSale.App\Services\FirstRunBootstrapService.cs:line 414
ClientConnectionId:e6f14068-cc68-48c7-bd60-e80d6a66f4b2
Error Number:10611,State:1,Class:16
2026-08-11 16:17:00.968 +02:00 [WRN] Seeded default Administrator account 'admin'. Change the password after first login.
2026-08-11 16:17:00.983 +02:00 [WRN] Seeded default Cashier account 'cashier'. Change the password after first login.
2026-08-11 16:17:01.390 +02:00 [WRN] Seeded default supervisor PIN for 'admin'. Change it after first login.
2026-08-11 16:17:01.407 +02:00 [INF] ART Diagnostic WorkerHeartbeat HealthCheckWorker null null: Heartbeat
2026-08-11 16:17:01.414 +02:00 [INF] ART Diagnostic DatabaseLatency SqlExpress 0 null: SQL round-trip 0 ms
2026-08-11 16:17:01.464 +02:00 [INF] ART Diagnostic MraConnectivity MraEis 46 404: MRA reachable (404) in 46 ms.
2026-08-11 16:17:01.585 +02:00 [INF] MRA connectivity restored — waking offline sync worker.
2026-08-11 16:17:01.585 +02:00 [INF] ART Diagnostic HealthCheck HealthCheckWorker 0 null: All subsystems healthy (SQL 0 ms, disk 129.8 GB free).
2026-08-11 16:17:04.634 +02:00 [INF] ART Diagnostic DatabaseLatency SqlExpress 0 null: Performance profile sample (FPS 0.0)
2026-08-11 16:17:05.390 +02:00 [INF] ART Diagnostic DatabaseLatency SqlExpress 1 null: SQL round-trip 1 ms
2026-08-11 16:17:05.487 +02:00 [INF] ART Diagnostic MraConnectivity MraEis 71 404: MRA reachable (404) in 71 ms.
2026-08-11 16:17:05.586 +02:00 [INF] MRA connectivity restored — waking offline sync worker.
2026-08-11 16:17:05.586 +02:00 [INF] ART Diagnostic HealthCheck HealthCheckWorker 1 null: All subsystems healthy (SQL 1 ms, disk 129.79 GB free).
2026-08-11 16:17:05.861 +02:00 [INF] MRA connectivity restored — waking offline sync worker.
2026-08-11 16:17:05.892 +02:00 [INF] ART Diagnostic WorkerHeartbeat SystemHealthMonitorService null null: All monitored subsystems healthy.
2026-08-11 16:17:21.681 +02:00 [INF] MRA connectivity restored — waking offline sync worker.
2026-08-11 16:17:22.285 +02:00 [INF] Inventory alert scan complete: 8 products, low=0, stockout=0, overstock=0, fast=0.
2026-08-11 16:17:34.667 +02:00 [INF] ART Diagnostic DatabaseLatency SqlExpress 1 null: Performance profile sample (FPS 0.0)
2026-08-11 16:17:41.652 +02:00 [INF] MRA connectivity restored — waking offline sync worker.
2026-08-11 16:17:46.609 +02:00 [INF] ART Diagnostic WorkerHeartbeat HealthCheckWorker null null: Heartbeat
2026-08-11 16:17:46.632 +02:00 [INF] ART Diagnostic DatabaseLatency SqlExpress 0 null: SQL round-trip 0 ms
2026-08-11 16:17:46.811 +02:00 [INF] ART Diagnostic MraConnectivity MraEis 173 404: MRA reachable (404) in 173 ms.
2026-08-11 16:17:46.893 +02:00 [INF] MRA connectivity restored — waking offline sync worker.
2026-08-11 16:17:46.893 +02:00 [INF] ART Diagnostic HealthCheck HealthCheckWorker 0 null: All subsystems healthy (SQL 0 ms, disk 129.79 GB free).
2026-08-11 16:17:50.901 +02:00 [INF] ART Diagnostic DatabaseLatency SqlExpress 0 null: SQL round-trip 0 ms
2026-08-11 16:17:51.026 +02:00 [INF] ART Diagnostic MraConnectivity MraEis 116 404: MRA reachable (404) in 116 ms.
2026-08-11 16:17:51.236 +02:00 [INF] MRA connectivity restored — waking offline sync worker.
2026-08-11 16:17:51.236 +02:00 [INF] ART Diagnostic HealthCheck HealthCheckWorker 0 null: All subsystems healthy (SQL 0 ms, disk 129.79 GB free).
2026-08-11 16:17:51.393 +02:00 [INF] MRA connectivity restored — waking offline sync worker.
2026-08-11 16:17:51.448 +02:00 [INF] ART Diagnostic WorkerHeartbeat SystemHealthMonitorService null null: All monitored subsystems healthy.
2026-08-11 16:18:01.717 +02:00 [INF] MRA connectivity restored — waking offline sync worker.
2026-08-11 16:18:04.688 +02:00 [INF] ART Diagnostic DatabaseLatency SqlExpress 0 null: Performance profile sample (FPS 0.0)
2026-08-11 16:18:21.613 +02:00 [INF] MRA connectivity restored — waking offline sync worker.
2026-08-11 16:18:22.297 +02:00 [INF] Inventory alert scan complete: 8 products, low=0, stockout=0, overstock=0, fast=0.
2026-08-11 16:18:31.904 +02:00 [INF] ART Diagnostic WorkerHeartbeat HealthCheckWorker null null: Heartbeat
2026-08-11 16:18:31.923 +02:00 [INF] ART Diagnostic DatabaseLatency SqlExpress 0 null: SQL round-trip 0 ms
2026-08-11 16:18:32.086 +02:00 [INF] ART Diagnostic MraConnectivity MraEis 160 404: MRA reachable (404) in 160 ms.
2026-08-11 16:18:32.165 +02:00 [INF] MRA connectivity restored — waking offline sync worker.
2026-08-11 16:18:32.165 +02:00 [INF] ART Diagnostic HealthCheck HealthCheckWorker 0 null: All subsystems healthy (SQL 0 ms, disk 129.79 GB free).
2026-08-11 16:18:32.169 +02:00 [WRN] Unable to query last-submitted-offline-transaction for sequence check.
System.InvalidOperationException: No activated terminal is registered for Albert Retail Terminal.
   at PointOfSale.Infrastructure.Services.MraTerminalAuthProvider.GetActiveTerminalIdAsync(CancellationToken cancellationToken) in C:\Users\alber\OneDrive\Documents\Point Of Sale\src\PointOfSale.Infrastructure\Services\MraTerminalAuthProvider.cs:line 35
   at PointOfSale.Infrastructure.Services.MraTerminalAuthProvider.GetJwtContextAsync(CancellationToken cancellationToken) in C:\Users\alber\OneDrive\Documents\Point Of Sale\src\PointOfSale.Infrastructure\Services\MraTerminalAuthProvider.cs:line 43
   at PointOfSale.Infrastructure.Services.SalesTransactionService.GetLastSubmittedTransactionAsync(String relativePath, String channelLabel, CancellationToken cancellationToken) in C:\Users\alber\OneDrive\Documents\Point Of Sale\src\PointOfSale.Infrastructure\Services\SalesTransactionService.cs:line 85
   at PointOfSale.Infrastructure.Services.SalesTransactionService.VerifySequenceContinuityAsync(Func`2 lookupFactory, String channelLabel, CancellationToken cancellationToken) in C:\Users\alber\OneDrive\Documents\Point Of Sale\src\PointOfSale.Infrastructure\Services\SalesTransactionService.cs:line 153
2026-08-11 16:18:34.709 +02:00 [INF] ART Diagnostic DatabaseLatency SqlExpress 0 null: Performance profile sample (FPS 0.0)
2026-08-11 16:18:36.454 +02:00 [INF] ART Diagnostic DatabaseLatency SqlExpress 0 null: SQL round-trip 0 ms
2026-08-11 16:18:36.504 +02:00 [INF] ART Diagnostic MraConnectivity MraEis 46 404: MRA reachable (404) in 46 ms.
2026-08-11 16:18:36.669 +02:00 [INF] MRA connectivity restored — waking offline sync worker.
2026-08-11 16:18:36.669 +02:00 [INF] ART Diagnostic HealthCheck HealthCheckWorker 0 null: All subsystems healthy (SQL 0 ms, disk 129.79 GB free).
2026-08-11 16:18:36.780 +02:00 [INF] MRA connectivity restored — waking offline sync worker.
2026-08-11 16:18:36.821 +02:00 [INF] ART Diagnostic WorkerHeartbeat SystemHealthMonitorService null null: All monitored subsystems healthy.
2026-08-11 16:18:41.691 +02:00 [INF] MRA connectivity restored — waking offline sync worker.
2026-08-11 16:19:01.722 +02:00 [INF] MRA connectivity restored — waking offline sync worker.
2026-08-11 16:19:04.746 +02:00 [INF] ART Diagnostic DatabaseLatency SqlExpress 1 null: Performance profile sample (FPS 0.0)
2026-08-11 16:19:17.171 +02:00 [INF] ART Diagnostic WorkerHeartbeat HealthCheckWorker null null: Heartbeat
2026-08-11 16:19:17.183 +02:00 [INF] ART Diagnostic DatabaseLatency SqlExpress 0 null: SQL round-trip 0 ms
2026-08-11 16:19:17.222 +02:00 [INF] ART Diagnostic MraConnectivity MraEis 33 404: MRA reachable (404) in 33 ms.
2026-08-11 16:19:17.318 +02:00 [INF] MRA connectivity restored — waking offline sync worker.
2026-08-11 16:19:17.319 +02:00 [INF] ART Diagnostic HealthCheck HealthCheckWorker 0 null: All subsystems healthy (SQL 0 ms, disk 129.79 GB free).
2026-08-11 16:19:21.689 +02:00 [INF] MRA connectivity restored — waking offline sync worker.
2026-08-11 16:19:21.819 +02:00 [INF] ART Diagnostic DatabaseLatency SqlExpress 0 null: SQL round-trip 0 ms
2026-08-11 16:19:21.917 +02:00 [INF] ART Diagnostic MraConnectivity MraEis 87 404: MRA reachable (404) in 87 ms.
2026-08-11 16:19:22.031 +02:00 [INF] MRA connectivity restored — waking offline sync worker.
2026-08-11 16:19:22.032 +02:00 [INF] ART Diagnostic HealthCheck HealthCheckWorker 0 null: All subsystems healthy (SQL 0 ms, disk 129.8 GB free).
2026-08-11 16:19:22.091 +02:00 [INF] MRA connectivity restored — waking offline sync worker.
2026-08-11 16:19:22.117 +02:00 [INF] ART Diagnostic WorkerHeartbeat SystemHealthMonitorService null null: All monitored subsystems healthy.
2026-08-11 16:19:22.311 +02:00 [INF] Inventory alert scan complete: 8 products, low=0, stockout=0, overstock=0, fast=0.
2026-08-11 16:19:34.773 +02:00 [INF] ART Diagnostic DatabaseLatency SqlExpress 0 null: Performance profile sample (FPS 0.0)
2026-08-11 16:19:41.789 +02:00 [INF] MRA connectivity restored — waking offline sync worker.
2026-08-11 16:20:01.641 +02:00 [INF] MRA connectivity restored — waking offline sync worker.
2026-08-11 16:20:02.330 +02:00 [INF] ART Diagnostic WorkerHeartbeat HealthCheckWorker null null: Heartbeat
2026-08-11 16:20:02.344 +02:00 [INF] ART Diagnostic DatabaseLatency SqlExpress 0 null: SQL round-trip 0 ms
2026-08-11 16:20:02.459 +02:00 [INF] ART Diagnostic MraConnectivity MraEis 107 404: MRA reachable (404) in 107 ms.
2026-08-11 16:20:02.566 +02:00 [INF] MRA connectivity restored — waking offline sync worker.
2026-08-11 16:20:02.567 +02:00 [INF] ART Diagnostic HealthCheck HealthCheckWorker 0 null: All subsystems healthy (SQL 0 ms, disk 129.8 GB free).
2026-08-11 16:20:02.572 +02:00 [WRN] Unable to query last-submitted-offline-transaction for sequence check.
System.InvalidOperationException: No activated terminal is registered for Albert Retail Terminal.
   at PointOfSale.Infrastructure.Services.MraTerminalAuthProvider.GetActiveTerminalIdAsync(CancellationToken cancellationToken) in C:\Users\alber\OneDrive\Documents\Point Of Sale\src\PointOfSale.Infrastructure\Services\MraTerminalAuthProvider.cs:line 35
   at PointOfSale.Infrastructure.Services.MraTerminalAuthProvider.GetJwtContextAsync(CancellationToken cancellationToken) in C:\Users\alber\OneDrive\Documents\Point Of Sale\src\PointOfSale.Infrastructure\Services\MraTerminalAuthProvider.cs:line 43
   at PointOfSale.Infrastructure.Services.SalesTransactionService.GetLastSubmittedTransactionAsync(String relativePath, String channelLabel, CancellationToken cancellationToken) in C:\Users\alber\OneDrive\Documents\Point Of Sale\src\PointOfSale.Infrastructure\Services\SalesTransactionService.cs:line 85
   at PointOfSale.Infrastructure.Services.SalesTransactionService.VerifySequenceContinuityAsync(Func`2 lookupFactory, String channelLabel, CancellationToken cancellationToken) in C:\Users\alber\OneDrive\Documents\Point Of Sale\src\PointOfSale.Infrastructure\Services\SalesTransactionService.cs:line 153
2026-08-11 16:20:04.801 +02:00 [INF] ART Diagnostic DatabaseLatency SqlExpress 0 null: Performance profile sample (FPS 0.0)
2026-08-11 16:20:07.126 +02:00 [INF] ART Diagnostic DatabaseLatency SqlExpress 1 null: SQL round-trip 1 ms
2026-08-11 16:20:07.209 +02:00 [INF] ART Diagnostic MraConnectivity MraEis 68 404: MRA reachable (404) in 68 ms.
2026-08-11 16:20:07.297 +02:00 [INF] MRA connectivity restored — waking offline sync worker.
2026-08-11 16:20:07.297 +02:00 [INF] ART Diagnostic HealthCheck HealthCheckWorker 1 null: All subsystems healthy (SQL 1 ms, disk 129.8 GB free).
2026-08-11 16:20:07.393 +02:00 [INF] MRA connectivity restored — waking offline sync worker.
2026-08-11 16:20:07.456 +02:00 [INF] ART Diagnostic WorkerHeartbeat SystemHealthMonitorService null null: All monitored subsystems healthy.
2026-08-11 16:20:21.643 +02:00 [INF] MRA connectivity restored — waking offline sync worker.
2026-08-11 16:20:22.347 +02:00 [INF] Inventory alert scan complete: 8 products, low=0, stockout=0, overstock=0, fast=0.
2026-08-11 16:20:25.269 +02:00 [INF] MRA EIS POST "https://dev-eis-api.mra.mw/api/v1/onboarding/activate-terminal"
2026-08-11 16:20:25.270 +02:00 [INF] MRA EIS request payload for "https://dev-eis-api.mra.mw/api/v1/onboarding/activate-terminal": {"terminalActivationCode":"QFV3-ZBW3-9VSA-CE2I","environment":{"platform":{"osName":"Windows 11","osVersion":"Windows 11","osBuild":"10.0.26200.0","macAddress":"38-F3-AB-3A-9E-0A"},"pos":{"productID":"MRA-desktop/AlbertRetailTerminal","productVersion":"1.0.0"}}}
2026-08-11 16:20:25.485 +02:00 [INF] MRA POST /api/v1/onboarding/activate-terminal status=200 success=true durationMs=203
2026-08-11 16:20:25.680 +02:00 [INF] Terminal 81a1dce2-8934-46eb-b9fd-dc8259efe24f activated pending MRA confirmation (productionAccessKey=false).
2026-08-11 16:20:25.681 +02:00 [INF] MRA activate-terminal returned terminal 81a1dce2-8934-46eb-b9fd-dc8259efe24f; TerminalCredentials stored encrypted pending confirmation.
2026-08-11 16:20:25.694 +02:00 [INF] Confirmation headers for "onboarding/terminal-activated-confirmation": Authorization=true, x-signature=true, bearer=true
2026-08-11 16:20:25.695 +02:00 [INF] MRA EIS POST "https://dev-eis-api.mra.mw/api/v1/onboarding/terminal-activated-confirmation"
2026-08-11 16:20:25.695 +02:00 [INF] MRA EIS request payload for "https://dev-eis-api.mra.mw/api/v1/onboarding/terminal-activated-confirmation": {"terminalId":"81a1dce2-8934-46eb-b9fd-dc8259efe24f"}
2026-08-11 16:20:25.814 +02:00 [INF] MRA POST /api/v1/onboarding/terminal-activated-confirmation status=200 success=true durationMs=125
2026-08-11 16:20:25.867 +02:00 [INF] MRA EIS POST "https://dev-eis-api.mra.mw/api/v1/configuration/get-latest-configs"
2026-08-11 16:20:25.867 +02:00 [INF] MRA EIS request payload for "https://dev-eis-api.mra.mw/api/v1/configuration/get-latest-configs": {}
2026-08-11 16:20:25.967 +02:00 [INF] MRA POST /api/v1/configuration/get-latest-configs status=200 success=true durationMs=109
2026-08-11 16:20:25.999 +02:00 [INF] Cached get-latest-configs for 81a1dce2-8934-46eb-b9fd-dc8259efe24f. sellerTIN=31018345, siteId=BLc4f27da3-6c8e-4014-84b1-140886944c25, versions g/t/tp=1/1/1
2026-08-11 16:20:26.000 +02:00 [INF] Terminal 81a1dce2-8934-46eb-b9fd-dc8259efe24f confirmed with MRA.
2026-08-11 16:20:26.014 +02:00 [INF] MRA EIS POST "https://dev-eis-api.mra.mw/api/v1/configuration/get-latest-configs"
2026-08-11 16:20:26.014 +02:00 [INF] MRA EIS request payload for "https://dev-eis-api.mra.mw/api/v1/configuration/get-latest-configs": {}
2026-08-11 16:20:26.128 +02:00 [INF] MRA POST /api/v1/configuration/get-latest-configs status=200 success=true durationMs=109
2026-08-11 16:20:26.147 +02:00 [INF] Cached get-latest-configs for 81a1dce2-8934-46eb-b9fd-dc8259efe24f. sellerTIN=31018345, siteId=BLc4f27da3-6c8e-4014-84b1-140886944c25, versions g/t/tp=1/1/1
2026-08-11 16:20:26.172 +02:00 [INF] MRA EIS POST "https://dev-eis-api.mra.mw/api/v1/utilities/get-terminal-site-products"
2026-08-11 16:20:26.172 +02:00 [INF] MRA EIS request payload for "https://dev-eis-api.mra.mw/api/v1/utilities/get-terminal-site-products": {"tin":"31018345","siteId":"BLc4f27da3-6c8e-4014-84b1-140886944c25"}
2026-08-11 16:20:26.561 +02:00 [INF] MRA POST /api/v1/utilities/get-terminal-site-products status=200 success=true durationMs=391
2026-08-11 16:20:26.590 +02:00 [WRN] Skipping MRA site product 87056 with missing/zero price.
2026-08-11 16:20:26.590 +02:00 [INF] Parsed get-terminal-site-products catalog items=102 usable=101 skipped=1
2026-08-11 16:20:26.778 +02:00 [INF] Synced MRA site catalog tin=31018345 siteId=BLc4f27da3-6c8e-4014-84b1-140886944c25 upserted=101 products=100 services=1 preserveStock=true
2026-08-11 16:20:26.779 +02:00 [INF] Cached/synced 102 MRA site product(s) for tin=31018345 siteId=BLc4f27da3-6c8e-4014-84b1-140886944c25; upserted=101
2026-08-11 16:20:26.779 +02:00 [INF] Post-activation site products: Inventory synced — 102 EIS product(s) pulled into local catalog.
2026-08-11 16:20:26.951 +02:00 [INF] Terminal license activated (QFV3-****-****-CE2I).
2026-08-11 16:20:34.816 +02:00 [INF] ART Diagnostic DatabaseLatency SqlExpress 0 null: Performance profile sample (FPS 0.0)
2026-08-11 16:20:41.571 +02:00 [INF] MRA EIS POST "https://dev-eis-api.mra.mw/api/v1/utilities/ping"
2026-08-11 16:20:41.665 +02:00 [INF] MRA POST /api/v1/utilities/ping status=200 success=true durationMs=94
2026-08-11 16:20:41.687 +02:00 [INF] MRA connectivity restored — waking offline sync worker.
2026-08-11 16:20:47.587 +02:00 [INF] ART Diagnostic WorkerHeartbeat HealthCheckWorker null null: Heartbeat
2026-08-11 16:20:47.598 +02:00 [INF] ART Diagnostic DatabaseLatency SqlExpress 0 null: SQL round-trip 0 ms
2026-08-11 16:20:47.604 +02:00 [INF] MRA EIS POST "https://dev-eis-api.mra.mw/api/v1/utilities/ping"
2026-08-11 16:20:47.656 +02:00 [INF] MRA POST /api/v1/utilities/ping status=200 success=true durationMs=47
2026-08-11 16:20:47.662 +02:00 [INF] ART Diagnostic MraConnectivity MraEis 58 1: MRA ping ok in 58 ms.
2026-08-11 16:20:47.700 +02:00 [INF] MRA EIS POST "https://dev-eis-api.mra.mw/api/v1/utilities/ping"
2026-08-11 16:20:47.764 +02:00 [INF] MRA POST /api/v1/utilities/ping status=200 success=true durationMs=62
2026-08-11 16:20:47.775 +02:00 [INF] MRA connectivity restored — waking offline sync worker.
2026-08-11 16:20:47.775 +02:00 [INF] ART Diagnostic HealthCheck HealthCheckWorker 0 null: All subsystems healthy (SQL 0 ms, disk 129.8 GB free).
2026-08-11 16:20:50.443 +02:00 [INF] MRA EIS POST "https://dev-eis-api.mra.mw/api/v1/utilities/ping"
2026-08-11 16:20:50.594 +02:00 [INF] MRA POST /api/v1/utilities/ping status=200 success=true durationMs=156
2026-08-11 16:20:50.649 +02:00 [INF] MRA EIS POST "https://dev-eis-api.mra.mw/api/v1/utilities/ping"
2026-08-11 16:20:50.696 +02:00 [INF] MRA POST /api/v1/utilities/ping status=200 success=true durationMs=47
2026-08-11 16:20:50.705 +02:00 [INF] MRA connectivity restored — waking offline sync worker.
2026-08-11 16:20:50.713 +02:00 [INF] MRA EIS POST "https://dev-eis-api.mra.mw/api/v1/configuration/get-latest-configs"
2026-08-11 16:20:50.713 +02:00 [INF] MRA EIS request payload for "https://dev-eis-api.mra.mw/api/v1/configuration/get-latest-configs": {}
2026-08-11 16:20:50.874 +02:00 [INF] MRA POST /api/v1/configuration/get-latest-configs status=200 success=true durationMs=171
2026-08-11 16:20:50.903 +02:00 [INF] Cached get-latest-configs for 81a1dce2-8934-46eb-b9fd-dc8259efe24f. sellerTIN=31018345, siteId=BLc4f27da3-6c8e-4014-84b1-140886944c25, versions g/t/tp=1/1/1
2026-08-11 16:20:50.913 +02:00 [INF] Receipt ID batch repair finished: scanned=0, rewritten=0, unchanged=0, failed=0.
2026-08-11 16:20:50.924 +02:00 [INF] VerifyAndSyncApis: pulling EIS site products into local inventory.
2026-08-11 16:20:50.940 +02:00 [INF] MRA EIS POST "https://dev-eis-api.mra.mw/api/v1/utilities/get-terminal-site-products"
2026-08-11 16:20:50.940 +02:00 [INF] MRA EIS request payload for "https://dev-eis-api.mra.mw/api/v1/utilities/get-terminal-site-products": {"tin":"31018345","siteId":"BLc4f27da3-6c8e-4014-84b1-140886944c25"}
2026-08-11 16:20:51.171 +02:00 [INF] MRA POST /api/v1/utilities/get-terminal-site-products status=200 success=true durationMs=234
2026-08-11 16:20:51.177 +02:00 [WRN] Skipping MRA site product 87056 with missing/zero price.
2026-08-11 16:20:51.177 +02:00 [INF] Parsed get-terminal-site-products catalog items=102 usable=101 skipped=1
2026-08-11 16:20:51.364 +02:00 [INF] Synced MRA site catalog tin=31018345 siteId=BLc4f27da3-6c8e-4014-84b1-140886944c25 upserted=101 products=100 services=1 preserveStock=true
2026-08-11 16:20:51.364 +02:00 [INF] Cached/synced 102 MRA site product(s) for tin=31018345 siteId=BLc4f27da3-6c8e-4014-84b1-140886944c25; upserted=101
2026-08-11 16:20:51.364 +02:00 [INF] VerifyAndSyncApis site products sync OK — 102 product(s).
2026-08-11 16:20:52.475 +02:00 [INF] ART Diagnostic DatabaseLatency SqlExpress 1 null: SQL round-trip 1 ms
2026-08-11 16:20:52.488 +02:00 [INF] MRA EIS POST "https://dev-eis-api.mra.mw/api/v1/utilities/ping"
2026-08-11 16:20:52.590 +02:00 [INF] MRA POST /api/v1/utilities/ping status=200 success=true durationMs=109
2026-08-11 16:20:52.598 +02:00 [INF] ART Diagnostic MraConnectivity MraEis 110 1: MRA ping ok in 110 ms.
2026-08-11 16:20:52.625 +02:00 [INF] MRA EIS POST "https://dev-eis-api.mra.mw/api/v1/utilities/ping"
2026-08-11 16:20:52.667 +02:00 [INF] MRA POST /api/v1/utilities/ping status=200 success=true durationMs=47
2026-08-11 16:20:52.673 +02:00 [INF] MRA connectivity restored — waking offline sync worker.
2026-08-11 16:20:52.674 +02:00 [INF] ART Diagnostic HealthCheck HealthCheckWorker 1 null: All subsystems healthy (SQL 1 ms, disk 129.8 GB free).
2026-08-11 16:20:52.705 +02:00 [INF] MRA EIS POST "https://dev-eis-api.mra.mw/api/v1/utilities/ping"
2026-08-11 16:20:52.813 +02:00 [INF] MRA POST /api/v1/utilities/ping status=200 success=true durationMs=109
2026-08-11 16:20:52.818 +02:00 [INF] MRA connectivity restored — waking offline sync worker.
2026-08-11 16:20:52.856 +02:00 [INF] ART Diagnostic WorkerHeartbeat SystemHealthMonitorService null null: All monitored subsystems healthy.
2026-08-11 16:20:53.761 +02:00 [INF] MRA EIS POST "https://dev-eis-api.mra.mw/api/v1/utilities/ping"
2026-08-11 16:20:53.831 +02:00 [INF] MRA POST /api/v1/utilities/ping status=200 success=true durationMs=79
2026-08-11 16:20:53.863 +02:00 [INF] MRA EIS POST "https://dev-eis-api.mra.mw/api/v1/utilities/ping"
2026-08-11 16:20:53.931 +02:00 [INF] MRA POST /api/v1/utilities/ping status=200 success=true durationMs=62
2026-08-11 16:20:53.944 +02:00 [INF] MRA connectivity restored — waking offline sync worker.
2026-08-11 16:20:53.955 +02:00 [INF] MRA EIS POST "https://dev-eis-api.mra.mw/api/v1/configuration/get-latest-configs"
2026-08-11 16:20:53.956 +02:00 [INF] MRA EIS request payload for "https://dev-eis-api.mra.mw/api/v1/configuration/get-latest-configs": {}
2026-08-11 16:20:54.057 +02:00 [INF] MRA POST /api/v1/configuration/get-latest-configs status=200 success=true durationMs=109
2026-08-11 16:20:54.078 +02:00 [INF] Cached get-latest-configs for 81a1dce2-8934-46eb-b9fd-dc8259efe24f. sellerTIN=31018345, siteId=BLc4f27da3-6c8e-4014-84b1-140886944c25, versions g/t/tp=1/1/1
2026-08-11 16:20:54.080 +02:00 [INF] Receipt ID batch repair finished: scanned=0, rewritten=0, unchanged=0, failed=0.
2026-08-11 16:20:54.082 +02:00 [INF] VerifyAndSyncApis: pulling EIS site products into local inventory.
2026-08-11 16:20:54.091 +02:00 [INF] MRA EIS POST "https://dev-eis-api.mra.mw/api/v1/utilities/get-terminal-site-products"
2026-08-11 16:20:54.092 +02:00 [INF] MRA EIS request payload for "https://dev-eis-api.mra.mw/api/v1/utilities/get-terminal-site-products": {"tin":"31018345","siteId":"BLc4f27da3-6c8e-4014-84b1-140886944c25"}
2026-08-11 16:20:54.271 +02:00 [INF] MRA POST /api/v1/utilities/get-terminal-site-products status=200 success=true durationMs=172
2026-08-11 16:20:54.279 +02:00 [WRN] Skipping MRA site product 87056 with missing/zero price.
2026-08-11 16:20:54.279 +02:00 [INF] Parsed get-terminal-site-products catalog items=102 usable=101 skipped=1
2026-08-11 16:20:54.451 +02:00 [INF] Synced MRA site catalog tin=31018345 siteId=BLc4f27da3-6c8e-4014-84b1-140886944c25 upserted=101 products=100 services=1 preserveStock=true
2026-08-11 16:20:54.451 +02:00 [INF] Cached/synced 102 MRA site product(s) for tin=31018345 siteId=BLc4f27da3-6c8e-4014-84b1-140886944c25; upserted=101
2026-08-11 16:20:54.451 +02:00 [INF] VerifyAndSyncApis site products sync OK — 102 product(s).
2026-08-11 16:21:01.576 +02:00 [INF] MRA EIS POST "https://dev-eis-api.mra.mw/api/v1/utilities/ping"
2026-08-11 16:21:01.702 +02:00 [INF] MRA POST /api/v1/utilities/ping status=200 success=true durationMs=125
2026-08-11 16:21:01.713 +02:00 [INF] MRA connectivity restored — waking offline sync worker.
2026-08-11 16:21:04.856 +02:00 [INF] ART Diagnostic DatabaseLatency SqlExpress 0 null: Performance profile sample (FPS 0.0)
2026-08-11 16:21:21.575 +02:00 [INF] MRA EIS POST "https://dev-eis-api.mra.mw/api/v1/utilities/ping"
2026-08-11 16:21:21.673 +02:00 [INF] MRA POST /api/v1/utilities/ping status=200 success=true durationMs=93
2026-08-11 16:21:21.683 +02:00 [INF] MRA connectivity restored — waking offline sync worker.
2026-08-11 16:21:22.415 +02:00 [INF] Inventory alert scan complete: 109 products, low=1, stockout=0, overstock=0, fast=0.
2026-08-11 16:21:32.796 +02:00 [INF] ART Diagnostic WorkerHeartbeat HealthCheckWorker null null: Heartbeat
2026-08-11 16:21:32.806 +02:00 [INF] ART Diagnostic DatabaseLatency SqlExpress 0 null: SQL round-trip 0 ms
2026-08-11 16:21:32.809 +02:00 [INF] MRA EIS POST "https://dev-eis-api.mra.mw/api/v1/utilities/ping"
2026-08-11 16:21:32.860 +02:00 [INF] MRA POST /api/v1/utilities/ping status=200 success=true durationMs=47
2026-08-11 16:21:32.863 +02:00 [INF] ART Diagnostic MraConnectivity MraEis 54 1: MRA ping ok in 54 ms.
2026-08-11 16:21:32.891 +02:00 [INF] MRA EIS POST "https://dev-eis-api.mra.mw/api/v1/utilities/ping"
2026-08-11 16:21:32.956 +02:00 [INF] MRA POST /api/v1/utilities/ping status=200 success=true durationMs=63
2026-08-11 16:21:32.959 +02:00 [INF] MRA connectivity restored — waking offline sync worker.
2026-08-11 16:21:32.959 +02:00 [INF] ART Diagnostic HealthCheck HealthCheckWorker 0 null: All subsystems healthy (SQL 0 ms, disk 129.8 GB free).
2026-08-11 16:21:32.961 +02:00 [INF] MRA EIS POST "https://dev-eis-api.mra.mw/api/v1/sales/last-submitted-offline-transaction"
2026-08-11 16:21:33.187 +02:00 [INF] MRA POST /api/v1/sales/last-submitted-offline-transaction status=200 success=true durationMs=234
2026-08-11 16:21:33.212 +02:00 [WRN] MRA EIS last-submitted-offline-transaction returned success=false. Remark=Invoice details not found. Errors=[]. statusCode=1
2026-08-11 16:21:34.891 +02:00 [INF] ART Diagnostic DatabaseLatency SqlExpress 1 null: Performance profile sample (FPS 0.0)
2026-08-11 16:21:37.870 +02:00 [INF] ART Diagnostic DatabaseLatency SqlExpress 1 null: SQL round-trip 1 ms
2026-08-11 16:21:37.889 +02:00 [INF] MRA EIS POST "https://dev-eis-api.mra.mw/api/v1/utilities/ping"
2026-08-11 16:21:37.936 +02:00 [INF] MRA POST /api/v1/utilities/ping status=200 success=true durationMs=47
2026-08-11 16:21:37.940 +02:00 [INF] ART Diagnostic MraConnectivity MraEis 51 1: MRA ping ok in 51 ms.
2026-08-11 16:21:37.971 +02:00 [INF] MRA EIS POST "https://dev-eis-api.mra.mw/api/v1/utilities/ping"
2026-08-11 16:21:38.031 +02:00 [INF] MRA POST /api/v1/utilities/ping status=200 success=true durationMs=63
2026-08-11 16:21:38.037 +02:00 [INF] MRA connectivity restored — waking offline sync worker.
2026-08-11 16:21:38.151 +02:00 [INF] ART Diagnostic HealthCheck HealthCheckWorker 1 null: All subsystems healthy (SQL 1 ms, disk 129.8 GB free).
2026-08-11 16:21:38.208 +02:00 [INF] MRA EIS POST "https://dev-eis-api.mra.mw/api/v1/utilities/ping"
2026-08-11 16:21:38.292 +02:00 [INF] MRA POST /api/v1/utilities/ping status=200 success=true durationMs=93
2026-08-11 16:21:38.331 +02:00 [INF] MRA connectivity restored — waking offline sync worker.
2026-08-11 16:21:38.362 +02:00 [INF] ART Diagnostic WorkerHeartbeat SystemHealthMonitorService null null: All monitored subsystems healthy.
2026-08-11 16:21:41.579 +02:00 [INF] MRA EIS POST "https://dev-eis-api.mra.mw/api/v1/utilities/ping"
2026-08-11 16:21:41.725 +02:00 [INF] MRA POST /api/v1/utilities/ping status=200 success=true durationMs=140
2026-08-11 16:21:41.738 +02:00 [INF] MRA connectivity restored — waking offline sync worker.
2026-08-11 16:22:01.571 +02:00 [INF] MRA EIS POST "https://dev-eis-api.mra.mw/api/v1/utilities/ping"
2026-08-11 16:22:01.671 +02:00 [INF] MRA POST /api/v1/utilities/ping status=200 success=true durationMs=109
2026-08-11 16:22:01.682 +02:00 [INF] MRA connectivity restored — waking offline sync worker.
2026-08-11 16:22:04.927 +02:00 [INF] ART Diagnostic DatabaseLatency SqlExpress 0 null: Performance profile sample (FPS 0.0)
2026-08-11 16:22:17.963 +02:00 [INF] ART Diagnostic WorkerHeartbeat HealthCheckWorker null null: Heartbeat
2026-08-11 16:22:17.972 +02:00 [INF] ART Diagnostic DatabaseLatency SqlExpress 0 null: SQL round-trip 0 ms
2026-08-11 16:22:17.977 +02:00 [INF] MRA EIS POST "https://dev-eis-api.mra.mw/api/v1/utilities/ping"
2026-08-11 16:22:18.089 +02:00 [INF] MRA POST /api/v1/utilities/ping status=200 success=true durationMs=110
2026-08-11 16:22:18.096 +02:00 [INF] ART Diagnostic MraConnectivity MraEis 119 1: MRA ping ok in 119 ms.
2026-08-11 16:22:18.131 +02:00 [INF] MRA EIS POST "https://dev-eis-api.mra.mw/api/v1/utilities/ping"
2026-08-11 16:22:18.248 +02:00 [INF] MRA POST /api/v1/utilities/ping status=200 success=true durationMs=110
2026-08-11 16:22:18.256 +02:00 [INF] MRA connectivity restored — waking offline sync worker.
2026-08-11 16:22:18.256 +02:00 [INF] ART Diagnostic HealthCheck HealthCheckWorker 0 null: All subsystems healthy (SQL 0 ms, disk 129.8 GB free).
2026-08-11 16:22:21.567 +02:00 [INF] MRA EIS POST "https://dev-eis-api.mra.mw/api/v1/utilities/ping"
2026-08-11 16:22:21.648 +02:00 [INF] MRA POST /api/v1/utilities/ping status=200 success=true durationMs=78
2026-08-11 16:22:21.658 +02:00 [INF] MRA connectivity restored — waking offline sync worker.
2026-08-11 16:22:22.471 +02:00 [INF] Inventory alert scan complete: 109 products, low=1, stockout=0, overstock=0, fast=0.
2026-08-11 16:22:23.372 +02:00 [INF] ART Diagnostic DatabaseLatency SqlExpress 1 null: SQL round-trip 1 ms
2026-08-11 16:22:23.394 +02:00 [INF] MRA EIS POST "https://dev-eis-api.mra.mw/api/v1/utilities/ping"
2026-08-11 16:22:23.470 +02:00 [INF] MRA POST /api/v1/utilities/ping status=200 success=true durationMs=78
2026-08-11 16:22:23.477 +02:00 [INF] ART Diagnostic MraConnectivity MraEis 83 1: MRA ping ok in 83 ms.
2026-08-11 16:22:23.507 +02:00 [INF] MRA EIS POST "https://dev-eis-api.mra.mw/api/v1/utilities/ping"
2026-08-11 16:22:23.638 +02:00 [INF] MRA POST /api/v1/utilities/ping status=200 success=true durationMs=125
2026-08-11 16:22:23.649 +02:00 [INF] MRA connectivity restored — waking offline sync worker.
2026-08-11 16:22:23.649 +02:00 [INF] ART Diagnostic HealthCheck HealthCheckWorker 1 null: All subsystems healthy (SQL 1 ms, disk 129.8 GB free).
2026-08-11 16:22:23.684 +02:00 [INF] MRA EIS POST "https://dev-eis-api.mra.mw/api/v1/utilities/ping"
2026-08-11 16:22:23.801 +02:00 [INF] MRA POST /api/v1/utilities/ping status=200 success=true durationMs=125
2026-08-11 16:22:23.814 +02:00 [INF] MRA connectivity restored — waking offline sync worker.
2026-08-11 16:22:23.846 +02:00 [INF] ART Diagnostic WorkerHeartbeat SystemHealthMonitorService null null: All monitored subsystems healthy.
2026-08-11 16:22:34.966 +02:00 [INF] ART Diagnostic DatabaseLatency SqlExpress 1 null: Performance profile sample (FPS 0.0)
2026-08-11 16:22:41.569 +02:00 [INF] MRA EIS POST "https://dev-eis-api.mra.mw/api/v1/utilities/ping"
2026-08-11 16:22:42.002 +02:00 [INF] MRA POST /api/v1/utilities/ping status=200 success=true durationMs=437
2026-08-11 16:22:42.028 +02:00 [INF] MRA connectivity restored — waking offline sync worker.
2026-08-11 16:23:01.571 +02:00 [INF] MRA EIS POST "https://dev-eis-api.mra.mw/api/v1/utilities/ping"
2026-08-11 16:23:01.663 +02:00 [INF] MRA POST /api/v1/utilities/ping status=200 success=true durationMs=94
2026-08-11 16:23:01.687 +02:00 [INF] MRA connectivity restored — waking offline sync worker.
2026-08-11 16:23:03.265 +02:00 [INF] ART Diagnostic WorkerHeartbeat HealthCheckWorker null null: Heartbeat
2026-08-11 16:23:03.289 +02:00 [INF] ART Diagnostic DatabaseLatency SqlExpress 0 null: SQL round-trip 0 ms
2026-08-11 16:23:03.297 +02:00 [INF] MRA EIS POST "https://dev-eis-api.mra.mw/api/v1/utilities/ping"
2026-08-11 16:23:03.425 +02:00 [INF] MRA POST /api/v1/utilities/ping status=200 success=true durationMs=125
2026-08-11 16:23:03.431 +02:00 [INF] ART Diagnostic MraConnectivity MraEis 134 1: MRA ping ok in 134 ms.
2026-08-11 16:23:03.464 +02:00 [INF] MRA EIS POST "https://dev-eis-api.mra.mw/api/v1/utilities/ping"
2026-08-11 16:23:03.520 +02:00 [INF] MRA POST /api/v1/utilities/ping status=200 success=true durationMs=47
2026-08-11 16:23:03.530 +02:00 [INF] MRA connectivity restored — waking offline sync worker.
2026-08-11 16:23:03.531 +02:00 [INF] ART Diagnostic HealthCheck HealthCheckWorker 0 null: All subsystems healthy (SQL 0 ms, disk 129.8 GB free).
2026-08-11 16:23:03.535 +02:00 [INF] MRA EIS POST "https://dev-eis-api.mra.mw/api/v1/sales/last-submitted-offline-transaction"
2026-08-11 16:23:03.651 +02:00 [INF] MRA POST /api/v1/sales/last-submitted-offline-transaction status=200 success=true durationMs=109
2026-08-11 16:23:03.658 +02:00 [WRN] MRA EIS last-submitted-offline-transaction returned success=false. Remark=Invoice details not found. Errors=[]. statusCode=1
2026-08-11 16:23:04.978 +02:00 [INF] ART Diagnostic DatabaseLatency SqlExpress 0 null: Performance profile sample (FPS 0.0)
2026-08-11 16:23:08.861 +02:00 [INF] ART Diagnostic DatabaseLatency SqlExpress 1 null: SQL round-trip 1 ms
2026-08-11 16:23:08.873 +02:00 [INF] MRA EIS POST "https://dev-eis-api.mra.mw/api/v1/utilities/ping"
2026-08-11 16:23:09.017 +02:00 [INF] MRA POST /api/v1/utilities/ping status=200 success=true durationMs=156
2026-08-11 16:23:09.028 +02:00 [INF] ART Diagnostic MraConnectivity MraEis 155 1: MRA ping ok in 155 ms.
2026-08-11 16:23:09.064 +02:00 [INF] MRA EIS POST "https://dev-eis-api.mra.mw/api/v1/utilities/ping"
2026-08-11 16:23:09.129 +02:00 [INF] MRA POST /api/v1/utilities/ping status=200 success=true durationMs=63
2026-08-11 16:23:09.140 +02:00 [INF] MRA connectivity restored — waking offline sync worker.
2026-08-11 16:23:09.141 +02:00 [INF] ART Diagnostic HealthCheck HealthCheckWorker 1 null: All subsystems healthy (SQL 1 ms, disk 129.8 GB free).
2026-08-11 16:23:09.176 +02:00 [INF] MRA EIS POST "https://dev-eis-api.mra.mw/api/v1/utilities/ping"
2026-08-11 16:23:09.235 +02:00 [INF] MRA POST /api/v1/utilities/ping status=200 success=true durationMs=62
2026-08-11 16:23:09.244 +02:00 [INF] MRA connectivity restored — waking offline sync worker.
2026-08-11 16:23:09.274 +02:00 [INF] ART Diagnostic WorkerHeartbeat SystemHealthMonitorService null null: All monitored subsystems healthy.
2026-08-11 16:23:21.567 +02:00 [INF] MRA EIS POST "https://dev-eis-api.mra.mw/api/v1/utilities/ping"
2026-08-11 16:23:21.623 +02:00 [INF] MRA POST /api/v1/utilities/ping status=200 success=true durationMs=63
2026-08-11 16:23:21.650 +02:00 [INF] MRA connectivity restored — waking offline sync worker.
2026-08-11 16:23:22.526 +02:00 [INF] Inventory alert scan complete: 109 products, low=1, stockout=0, overstock=0, fast=0.
2026-08-11 16:23:35.014 +02:00 [INF] ART Diagnostic DatabaseLatency SqlExpress 0 null: Performance profile sample (FPS 0.0)
2026-08-11 16:23:41.595 +02:00 [INF] MRA EIS POST "https://dev-eis-api.mra.mw/api/v1/utilities/ping"
2026-08-11 16:23:41.657 +02:00 [INF] MRA POST /api/v1/utilities/ping status=200 success=true durationMs=63
2026-08-11 16:23:41.668 +02:00 [INF] MRA connectivity restored — waking offline sync worker.
2026-08-11 16:23:48.539 +02:00 [INF] ART Diagnostic WorkerHeartbeat HealthCheckWorker null null: Heartbeat
2026-08-11 16:23:48.556 +02:00 [INF] ART Diagnostic DatabaseLatency SqlExpress 0 null: SQL round-trip 0 ms
2026-08-11 16:23:48.562 +02:00 [INF] MRA EIS POST "https://dev-eis-api.mra.mw/api/v1/utilities/ping"
2026-08-11 16:23:48.621 +02:00 [INF] MRA POST /api/v1/utilities/ping status=200 success=true durationMs=62
2026-08-11 16:23:48.627 +02:00 [INF] ART Diagnostic MraConnectivity MraEis 64 1: MRA ping ok in 64 ms.
2026-08-11 16:23:48.666 +02:00 [INF] MRA EIS POST "https://dev-eis-api.mra.mw/api/v1/utilities/ping"
2026-08-11 16:23:48.763 +02:00 [INF] MRA POST /api/v1/utilities/ping status=200 success=true durationMs=94
2026-08-11 16:23:48.768 +02:00 [INF] MRA connectivity restored — waking offline sync worker.
2026-08-11 16:23:48.769 +02:00 [INF] ART Diagnostic HealthCheck HealthCheckWorker 0 null: All subsystems healthy (SQL 0 ms, disk 129.8 GB free).
2026-08-11 16:23:54.279 +02:00 [INF] ART Diagnostic DatabaseLatency SqlExpress 1 null: SQL round-trip 1 ms
2026-08-11 16:23:54.293 +02:00 [INF] MRA EIS POST "https://dev-eis-api.mra.mw/api/v1/utilities/ping"
2026-08-11 16:23:54.338 +02:00 [INF] MRA POST /api/v1/utilities/ping status=200 success=true durationMs=47
2026-08-11 16:23:54.343 +02:00 [INF] ART Diagnostic MraConnectivity MraEis 49 1: MRA ping ok in 49 ms.
2026-08-11 16:23:54.383 +02:00 [INF] MRA EIS POST "https://dev-eis-api.mra.mw/api/v1/utilities/ping"
2026-08-11 16:23:54.444 +02:00 [INF] MRA POST /api/v1/utilities/ping status=200 success=true durationMs=63
2026-08-11 16:23:54.455 +02:00 [INF] MRA connectivity restored — waking offline sync worker.
2026-08-11 16:23:54.456 +02:00 [INF] ART Diagnostic HealthCheck HealthCheckWorker 1 null: All subsystems healthy (SQL 1 ms, disk 129.8 GB free).
2026-08-11 16:23:54.498 +02:00 [INF] MRA EIS POST "https://dev-eis-api.mra.mw/api/v1/utilities/ping"
2026-08-11 16:23:54.593 +02:00 [INF] MRA POST /api/v1/utilities/ping status=200 success=true durationMs=94
2026-08-11 16:23:54.605 +02:00 [INF] MRA connectivity restored — waking offline sync worker.
2026-08-11 16:23:54.640 +02:00 [INF] ART Diagnostic WorkerHeartbeat SystemHealthMonitorService null null: All monitored subsystems healthy.
2026-08-11 16:24:01.579 +02:00 [INF] MRA EIS POST "https://dev-eis-api.mra.mw/api/v1/utilities/ping"
2026-08-11 16:24:01.623 +02:00 [INF] MRA POST /api/v1/utilities/ping status=200 success=true durationMs=46
2026-08-11 16:24:01.644 +02:00 [INF] MRA connectivity restored — waking offline sync worker.
2026-08-11 16:24:05.046 +02:00 [INF] ART Diagnostic DatabaseLatency SqlExpress 0 null: Performance profile sample (FPS 0.0)
2026-08-11 16:24:21.583 +02:00 [INF] MRA EIS POST "https://dev-eis-api.mra.mw/api/v1/utilities/ping"
2026-08-11 16:24:21.619 +02:00 [INF] MRA POST /api/v1/utilities/ping status=200 success=true durationMs=46
2026-08-11 16:24:21.630 +02:00 [INF] MRA connectivity restored — waking offline sync worker.
2026-08-11 16:24:22.567 +02:00 [INF] Inventory alert scan complete: 109 products, low=1, stockout=0, overstock=0, fast=0.
2026-08-11 16:24:33.782 +02:00 [INF] ART Diagnostic WorkerHeartbeat HealthCheckWorker null null: Heartbeat
2026-08-11 16:24:33.807 +02:00 [INF] ART Diagnostic DatabaseLatency SqlExpress 0 null: SQL round-trip 0 ms
2026-08-11 16:24:33.812 +02:00 [INF] MRA EIS POST "https://dev-eis-api.mra.mw/api/v1/utilities/ping"
2026-08-11 16:24:33.915 +02:00 [INF] MRA POST /api/v1/utilities/ping status=200 success=true durationMs=94
2026-08-11 16:24:33.925 +02:00 [INF] ART Diagnostic MraConnectivity MraEis 112 1: MRA ping ok in 112 ms.
2026-08-11 16:24:33.978 +02:00 [INF] MRA EIS POST "https://dev-eis-api.mra.mw/api/v1/utilities/ping"
2026-08-11 16:24:34.021 +02:00 [INF] MRA POST /api/v1/utilities/ping status=200 success=true durationMs=31
2026-08-11 16:24:34.031 +02:00 [INF] MRA connectivity restored — waking offline sync worker.
2026-08-11 16:24:34.031 +02:00 [INF] ART Diagnostic HealthCheck HealthCheckWorker 0 null: All subsystems healthy (SQL 0 ms, disk 129.8 GB free).
2026-08-11 16:24:34.040 +02:00 [INF] MRA EIS POST "https://dev-eis-api.mra.mw/api/v1/sales/last-submitted-offline-transaction"
2026-08-11 16:24:34.176 +02:00 [INF] MRA POST /api/v1/sales/last-submitted-offline-transaction status=200 success=true durationMs=140
2026-08-11 16:24:34.185 +02:00 [WRN] MRA EIS last-submitted-offline-transaction returned success=false. Remark=Invoice details not found. Errors=[]. statusCode=1
2026-08-11 16:24:35.095 +02:00 [INF] ART Diagnostic DatabaseLatency SqlExpress 1 null: Performance profile sample (FPS 0.0)
2026-08-11 16:24:39.658 +02:00 [INF] ART Diagnostic DatabaseLatency SqlExpress 1 null: SQL round-trip 1 ms
2026-08-11 16:24:39.677 +02:00 [INF] MRA EIS POST "https://dev-eis-api.mra.mw/api/v1/utilities/ping"
2026-08-11 16:24:39.806 +02:00 [INF] MRA POST /api/v1/utilities/ping status=200 success=true durationMs=125
2026-08-11 16:24:39.814 +02:00 [INF] ART Diagnostic MraConnectivity MraEis 136 1: MRA ping ok in 136 ms.
2026-08-11 16:24:39.859 +02:00 [INF] MRA EIS POST "https://dev-eis-api.mra.mw/api/v1/utilities/ping"
2026-08-11 16:24:39.893 +02:00 [INF] MRA POST /api/v1/utilities/ping status=200 success=true durationMs=31
2026-08-11 16:24:39.903 +02:00 [INF] MRA connectivity restored — waking offline sync worker.
2026-08-11 16:24:39.903 +02:00 [INF] ART Diagnostic HealthCheck HealthCheckWorker 1 null: All subsystems healthy (SQL 1 ms, disk 129.8 GB free).
2026-08-11 16:24:39.942 +02:00 [INF] MRA EIS POST "https://dev-eis-api.mra.mw/api/v1/utilities/ping"
2026-08-11 16:24:39.991 +02:00 [INF] MRA POST /api/v1/utilities/ping status=200 success=true durationMs=47
2026-08-11 16:24:40.004 +02:00 [INF] MRA connectivity restored — waking offline sync worker.
2026-08-11 16:24:40.047 +02:00 [INF] ART Diagnostic WorkerHeartbeat SystemHealthMonitorService null null: All monitored subsystems healthy.
2026-08-11 16:24:41.575 +02:00 [INF] MRA EIS POST "https://dev-eis-api.mra.mw/api/v1/utilities/ping"
2026-08-11 16:24:41.757 +02:00 [INF] MRA POST /api/v1/utilities/ping status=200 success=true durationMs=171
2026-08-11 16:24:41.771 +02:00 [INF] MRA connectivity restored — waking offline sync worker.
2026-08-11 16:25:01.588 +02:00 [INF] MRA EIS POST "https://dev-eis-api.mra.mw/api/v1/utilities/ping"
2026-08-11 16:25:01.633 +02:00 [INF] MRA POST /api/v1/utilities/ping status=200 success=true durationMs=31
2026-08-11 16:25:01.646 +02:00 [INF] MRA connectivity restored — waking offline sync worker.
2026-08-11 16:25:05.127 +02:00 [INF] ART Diagnostic DatabaseLatency SqlExpress 0 null: Performance profile sample (FPS 0.0)
2026-08-11 16:25:19.037 +02:00 [INF] ART Diagnostic WorkerHeartbeat HealthCheckWorker null null: Heartbeat
2026-08-11 16:25:19.061 +02:00 [INF] ART Diagnostic DatabaseLatency SqlExpress 0 null: SQL round-trip 0 ms
2026-08-11 16:25:19.066 +02:00 [INF] MRA EIS POST "https://dev-eis-api.mra.mw/api/v1/utilities/ping"
2026-08-11 16:25:19.159 +02:00 [INF] MRA POST /api/v1/utilities/ping status=200 success=true durationMs=94
2026-08-11 16:25:19.164 +02:00 [INF] ART Diagnostic MraConnectivity MraEis 97 1: MRA ping ok in 97 ms.
2026-08-11 16:25:19.205 +02:00 [INF] MRA EIS POST "https://dev-eis-api.mra.mw/api/v1/utilities/ping"
2026-08-11 16:25:19.330 +02:00 [INF] MRA POST /api/v1/utilities/ping status=200 success=true durationMs=125
2026-08-11 16:25:19.343 +02:00 [INF] MRA connectivity restored — waking offline sync worker.
2026-08-11 16:25:19.344 +02:00 [INF] ART Diagnostic HealthCheck HealthCheckWorker 0 null: All subsystems healthy (SQL 0 ms, disk 129.8 GB free).
2026-08-11 16:25:21.580 +02:00 [INF] MRA EIS POST "https://dev-eis-api.mra.mw/api/v1/utilities/ping"
2026-08-11 16:25:21.624 +02:00 [INF] MRA POST /api/v1/utilities/ping status=200 success=true durationMs=46
2026-08-11 16:25:21.637 +02:00 [INF] MRA connectivity restored — waking offline sync worker.
2026-08-11 16:25:22.615 +02:00 [INF] Inventory alert scan complete: 109 products, low=1, stockout=0, overstock=0, fast=0.
2026-08-11 16:25:25.062 +02:00 [INF] ART Diagnostic DatabaseLatency SqlExpress 1 null: SQL round-trip 1 ms
2026-08-11 16:25:25.077 +02:00 [INF] MRA EIS POST "https://dev-eis-api.mra.mw/api/v1/utilities/ping"
2026-08-11 16:25:25.242 +02:00 [INF] MRA POST /api/v1/utilities/ping status=200 success=true durationMs=156
2026-08-11 16:25:25.251 +02:00 [INF] ART Diagnostic MraConnectivity MraEis 174 1: MRA ping ok in 174 ms.
2026-08-11 16:25:25.290 +02:00 [INF] MRA EIS POST "https://dev-eis-api.mra.mw/api/v1/utilities/ping"
2026-08-11 16:25:25.338 +02:00 [INF] MRA POST /api/v1/utilities/ping status=200 success=true durationMs=62
2026-08-11 16:25:25.347 +02:00 [INF] MRA connectivity restored — waking offline sync worker.
2026-08-11 16:25:25.348 +02:00 [INF] ART Diagnostic HealthCheck HealthCheckWorker 1 null: All subsystems healthy (SQL 1 ms, disk 129.8 GB free).
2026-08-11 16:25:25.381 +02:00 [INF] MRA EIS POST "https://dev-eis-api.mra.mw/api/v1/utilities/ping"
2026-08-11 16:25:25.429 +02:00 [INF] MRA POST /api/v1/utilities/ping status=200 success=true durationMs=47
2026-08-11 16:25:25.438 +02:00 [INF] MRA connectivity restored — waking offline sync worker.
2026-08-11 16:25:25.477 +02:00 [INF] ART Diagnostic WorkerHeartbeat SystemHealthMonitorService null null: All monitored subsystems healthy.
2026-08-11 16:25:35.172 +02:00 [INF] ART Diagnostic DatabaseLatency SqlExpress 1 null: Performance profile sample (FPS 0.0)
2026-08-11 16:25:41.580 +02:00 [INF] MRA EIS POST "https://dev-eis-api.mra.mw/api/v1/utilities/ping"
2026-08-11 16:25:41.664 +02:00 [INF] MRA POST /api/v1/utilities/ping status=200 success=true durationMs=78
2026-08-11 16:25:41.673 +02:00 [INF] MRA connectivity restored — waking offline sync worker.
2026-08-11 16:26:01.592 +02:00 [INF] MRA EIS POST "https://dev-eis-api.mra.mw/api/v1/utilities/ping"
2026-08-11 16:26:01.662 +02:00 [INF] MRA POST /api/v1/utilities/ping status=200 success=true durationMs=63
2026-08-11 16:26:01.678 +02:00 [INF] MRA connectivity restored — waking offline sync worker.
2026-08-11 16:26:04.364 +02:00 [INF] ART Diagnostic WorkerHeartbeat HealthCheckWorker null null: Heartbeat
2026-08-11 16:26:04.385 +02:00 [INF] ART Diagnostic DatabaseLatency SqlExpress 0 null: SQL round-trip 0 ms
2026-08-11 16:26:04.391 +02:00 [INF] MRA EIS POST "https://dev-eis-api.mra.mw/api/v1/utilities/ping"
2026-08-11 16:26:04.466 +02:00 [INF] MRA POST /api/v1/utilities/ping status=200 success=true durationMs=78
2026-08-11 16:26:04.476 +02:00 [INF] ART Diagnostic MraConnectivity MraEis 84 1: MRA ping ok in 84 ms.
2026-08-11 16:26:04.516 +02:00 [INF] MRA EIS POST "https://dev-eis-api.mra.mw/api/v1/utilities/ping"
2026-08-11 16:26:04.566 +02:00 [INF] MRA POST /api/v1/utilities/ping status=200 success=true durationMs=47
2026-08-11 16:26:04.576 +02:00 [INF] MRA connectivity restored — waking offline sync worker.
2026-08-11 16:26:04.577 +02:00 [INF] ART Diagnostic HealthCheck HealthCheckWorker 0 null: All subsystems healthy (SQL 0 ms, disk 129.8 GB free).
2026-08-11 16:26:04.582 +02:00 [INF] MRA EIS POST "https://dev-eis-api.mra.mw/api/v1/sales/last-submitted-offline-transaction"
2026-08-11 16:26:04.705 +02:00 [INF] MRA POST /api/v1/sales/last-submitted-offline-transaction status=200 success=true durationMs=125
2026-08-11 16:26:04.709 +02:00 [WRN] MRA EIS last-submitted-offline-transaction returned success=false. Remark=Invoice details not found. Errors=[]. statusCode=1
2026-08-11 16:26:05.223 +02:00 [INF] ART Diagnostic DatabaseLatency SqlExpress 1 null: Performance profile sample (FPS 0.0)
2026-08-11 16:26:10.494 +02:00 [INF] ART Diagnostic DatabaseLatency SqlExpress 0 null: SQL round-trip 0 ms
2026-08-11 16:26:10.517 +02:00 [INF] MRA EIS POST "https://dev-eis-api.mra.mw/api/v1/utilities/ping"
2026-08-11 16:26:10.557 +02:00 [INF] MRA POST /api/v1/utilities/ping status=200 success=true durationMs=47
2026-08-11 16:26:10.564 +02:00 [INF] ART Diagnostic MraConnectivity MraEis 47 1: MRA ping ok in 47 ms.
2026-08-11 16:26:10.600 +02:00 [INF] MRA EIS POST "https://dev-eis-api.mra.mw/api/v1/utilities/ping"
2026-08-11 16:26:10.635 +02:00 [INF] MRA POST /api/v1/utilities/ping status=200 success=true durationMs=47
2026-08-11 16:26:10.646 +02:00 [INF] MRA connectivity restored — waking offline sync worker.
2026-08-11 16:26:10.646 +02:00 [INF] ART Diagnostic HealthCheck HealthCheckWorker 0 null: All subsystems healthy (SQL 0 ms, disk 129.8 GB free).
2026-08-11 16:26:10.684 +02:00 [INF] MRA EIS POST "https://dev-eis-api.mra.mw/api/v1/utilities/ping"
2026-08-11 16:26:10.892 +02:00 [INF] MRA POST /api/v1/utilities/ping status=200 success=true durationMs=203
2026-08-11 16:26:10.919 +02:00 [INF] MRA connectivity restored — waking offline sync worker.
2026-08-11 16:26:10.948 +02:00 [INF] ART Diagnostic WorkerHeartbeat SystemHealthMonitorService null null: All monitored subsystems healthy.
2026-08-11 16:26:21.587 +02:00 [INF] MRA EIS POST "https://dev-eis-api.mra.mw/api/v1/utilities/ping"
2026-08-11 16:26:21.623 +02:00 [INF] MRA POST /api/v1/utilities/ping status=200 success=true durationMs=46
2026-08-11 16:26:21.633 +02:00 [INF] MRA connectivity restored — waking offline sync worker.
2026-08-11 16:26:22.653 +02:00 [INF] Inventory alert scan complete: 109 products, low=1, stockout=0, overstock=0, fast=0.
2026-08-11 16:26:35.248 +02:00 [INF] ART Diagnostic DatabaseLatency SqlExpress 1 null: Performance profile sample (FPS 0.0)
2026-08-11 16:26:41.583 +02:00 [INF] MRA EIS POST "https://dev-eis-api.mra.mw/api/v1/utilities/ping"
2026-08-11 16:26:41.857 +02:00 [INF] MRA POST /api/v1/utilities/ping status=200 success=true durationMs=281
2026-08-11 16:26:41.869 +02:00 [INF] MRA connectivity restored — waking offline sync worker.
2026-08-11 16:26:49.594 +02:00 [INF] ART Diagnostic WorkerHeartbeat HealthCheckWorker null null: Heartbeat
2026-08-11 16:26:49.605 +02:00 [INF] ART Diagnostic DatabaseLatency SqlExpress 0 null: SQL round-trip 0 ms
2026-08-11 16:26:49.612 +02:00 [INF] MRA EIS POST "https://dev-eis-api.mra.mw/api/v1/utilities/ping"
2026-08-11 16:26:49.701 +02:00 [INF] MRA POST /api/v1/utilities/ping status=200 success=true durationMs=94
2026-08-11 16:26:49.705 +02:00 [INF] ART Diagnostic MraConnectivity MraEis 93 1: MRA ping ok in 93 ms.
2026-08-11 16:26:49.750 +02:00 [INF] MRA EIS POST "https://dev-eis-api.mra.mw/api/v1/utilities/ping"
2026-08-11 16:26:49.797 +02:00 [INF] MRA POST /api/v1/utilities/ping status=200 success=true durationMs=47
2026-08-11 16:26:49.806 +02:00 [INF] MRA connectivity restored — waking offline sync worker.
2026-08-11 16:26:49.806 +02:00 [INF] ART Diagnostic HealthCheck HealthCheckWorker 0 null: All subsystems healthy (SQL 0 ms, disk 129.79 GB free).
2026-08-11 16:26:55.958 +02:00 [INF] ART Diagnostic DatabaseLatency SqlExpress 0 null: SQL round-trip 0 ms
2026-08-11 16:26:55.982 +02:00 [INF] MRA EIS POST "https://dev-eis-api.mra.mw/api/v1/utilities/ping"
2026-08-11 16:26:56.029 +02:00 [INF] MRA POST /api/v1/utilities/ping status=200 success=true durationMs=47
2026-08-11 16:26:56.036 +02:00 [INF] ART Diagnostic MraConnectivity MraEis 54 1: MRA ping ok in 54 ms.
2026-08-11 16:26:56.072 +02:00 [INF] MRA EIS POST "https://dev-eis-api.mra.mw/api/v1/utilities/ping"
2026-08-11 16:26:56.163 +02:00 [INF] MRA POST /api/v1/utilities/ping status=200 success=true durationMs=94
2026-08-11 16:26:56.168 +02:00 [INF] MRA connectivity restored — waking offline sync worker.
2026-08-11 16:26:56.169 +02:00 [INF] ART Diagnostic HealthCheck HealthCheckWorker 0 null: All subsystems healthy (SQL 0 ms, disk 129.79 GB free).
2026-08-11 16:26:56.207 +02:00 [INF] MRA EIS POST "https://dev-eis-api.mra.mw/api/v1/utilities/ping"
2026-08-11 16:26:56.289 +02:00 [INF] MRA POST /api/v1/utilities/ping status=200 success=true durationMs=78
2026-08-11 16:26:56.294 +02:00 [INF] MRA connectivity restored — waking offline sync worker.
2026-08-11 16:26:56.326 +02:00 [INF] ART Diagnostic WorkerHeartbeat SystemHealthMonitorService null null: All monitored subsystems healthy.
2026-08-11 16:27:01.579 +02:00 [INF] MRA EIS POST "https://dev-eis-api.mra.mw/api/v1/utilities/ping"
2026-08-11 16:27:01.756 +02:00 [INF] MRA POST /api/v1/utilities/ping status=200 success=true durationMs=171
2026-08-11 16:27:01.768 +02:00 [INF] MRA connectivity restored — waking offline sync worker.
2026-08-11 16:27:05.278 +02:00 [INF] ART Diagnostic DatabaseLatency SqlExpress 0 null: Performance profile sample (FPS 0.0)
2026-08-11 16:27:21.584 +02:00 [INF] MRA EIS POST "https://dev-eis-api.mra.mw/api/v1/utilities/ping"
2026-08-11 16:27:21.679 +02:00 [INF] MRA POST /api/v1/utilities/ping status=200 success=true durationMs=93
2026-08-11 16:27:21.690 +02:00 [INF] MRA connectivity restored — waking offline sync worker.
2026-08-11 16:27:22.702 +02:00 [INF] Inventory alert scan complete: 109 products, low=1, stockout=0, overstock=0, fast=0.
2026-08-11 16:27:34.815 +02:00 [INF] ART Diagnostic WorkerHeartbeat HealthCheckWorker null null: Heartbeat
2026-08-11 16:27:34.838 +02:00 [INF] ART Diagnostic DatabaseLatency SqlExpress 0 null: SQL round-trip 0 ms
2026-08-11 16:27:34.843 +02:00 [INF] MRA EIS POST "https://dev-eis-api.mra.mw/api/v1/utilities/ping"
2026-08-11 16:27:34.935 +02:00 [INF] MRA POST /api/v1/utilities/ping status=200 success=true durationMs=94
2026-08-11 16:27:34.946 +02:00 [INF] ART Diagnostic MraConnectivity MraEis 102 1: MRA ping ok in 102 ms.
2026-08-11 16:27:34.980 +02:00 [INF] MRA EIS POST "https://dev-eis-api.mra.mw/api/v1/utilities/ping"
2026-08-11 16:27:35.044 +02:00 [INF] MRA POST /api/v1/utilities/ping status=200 success=true durationMs=62
2026-08-11 16:27:35.053 +02:00 [INF] MRA connectivity restored — waking offline sync worker.
2026-08-11 16:27:35.053 +02:00 [INF] ART Diagnostic HealthCheck HealthCheckWorker 0 null: All subsystems healthy (SQL 0 ms, disk 129.79 GB free).
2026-08-11 16:27:35.057 +02:00 [INF] MRA EIS POST "https://dev-eis-api.mra.mw/api/v1/sales/last-submitted-offline-transaction"
2026-08-11 16:27:35.247 +02:00 [INF] MRA POST /api/v1/sales/last-submitted-offline-transaction status=200 success=true durationMs=187
2026-08-11 16:27:35.251 +02:00 [WRN] MRA EIS last-submitted-offline-transaction returned success=false. Remark=Invoice details not found. Errors=[]. statusCode=1
2026-08-11 16:27:35.309 +02:00 [INF] ART Diagnostic DatabaseLatency SqlExpress 0 null: Performance profile sample (FPS 0.0)
2026-08-11 16:27:41.334 +02:00 [INF] ART Diagnostic DatabaseLatency SqlExpress 0 null: SQL round-trip 0 ms
2026-08-11 16:27:41.354 +02:00 [INF] MRA EIS POST "https://dev-eis-api.mra.mw/api/v1/utilities/ping"
2026-08-11 16:27:41.388 +02:00 [INF] MRA POST /api/v1/utilities/ping status=200 success=true durationMs=31
2026-08-11 16:27:41.392 +02:00 [INF] ART Diagnostic MraConnectivity MraEis 38 1: MRA ping ok in 38 ms.
2026-08-11 16:27:41.434 +02:00 [INF] MRA EIS POST "https://dev-eis-api.mra.mw/api/v1/utilities/ping"
2026-08-11 16:27:41.522 +02:00 [INF] MRA POST /api/v1/utilities/ping status=200 success=true durationMs=78
2026-08-11 16:27:41.529 +02:00 [INF] MRA connectivity restored — waking offline sync worker.
2026-08-11 16:27:41.530 +02:00 [INF] ART Diagnostic HealthCheck HealthCheckWorker 0 null: All subsystems healthy (SQL 0 ms, disk 129.79 GB free).
2026-08-11 16:27:41.576 +02:00 [INF] MRA EIS POST "https://dev-eis-api.mra.mw/api/v1/utilities/ping"
2026-08-11 16:27:41.646 +02:00 [INF] MRA POST /api/v1/utilities/ping status=200 success=true durationMs=62
2026-08-11 16:27:41.655 +02:00 [INF] MRA connectivity restored — waking offline sync worker.
2026-08-11 16:27:41.692 +02:00 [INF] ART Diagnostic WorkerHeartbeat SystemHealthMonitorService null null: All monitored subsystems healthy.
2026-08-11 16:28:01.607 +02:00 [INF] MRA EIS POST "https://dev-eis-api.mra.mw/api/v1/utilities/ping"
2026-08-11 16:28:01.729 +02:00 [INF] MRA POST /api/v1/utilities/ping status=200 success=true durationMs=125
2026-08-11 16:28:01.740 +02:00 [INF] MRA connectivity restored — waking offline sync worker.
2026-08-11 16:28:05.330 +02:00 [INF] ART Diagnostic DatabaseLatency SqlExpress 0 null: Performance profile sample (FPS 0.0)
2026-08-11 16:28:20.062 +02:00 [INF] ART Diagnostic WorkerHeartbeat HealthCheckWorker null null: Heartbeat
2026-08-11 16:28:20.068 +02:00 [INF] ART Diagnostic DatabaseLatency SqlExpress 0 null: SQL round-trip 0 ms
2026-08-11 16:28:20.074 +02:00 [INF] MRA EIS POST "https://dev-eis-api.mra.mw/api/v1/utilities/ping"
2026-08-11 16:28:20.161 +02:00 [INF] MRA POST /api/v1/utilities/ping status=200 success=true durationMs=78
2026-08-11 16:28:20.166 +02:00 [INF] ART Diagnostic MraConnectivity MraEis 91 1: MRA ping ok in 91 ms.
2026-08-11 16:28:20.220 +02:00 [INF] MRA EIS POST "https://dev-eis-api.mra.mw/api/v1/utilities/ping"
2026-08-11 16:28:20.264 +02:00 [INF] MRA POST /api/v1/utilities/ping status=200 success=true durationMs=47
2026-08-11 16:28:20.275 +02:00 [INF] MRA connectivity restored — waking offline sync worker.
2026-08-11 16:28:20.275 +02:00 [INF] ART Diagnostic HealthCheck HealthCheckWorker 0 null: All subsystems healthy (SQL 0 ms, disk 129.79 GB free).
2026-08-11 16:28:21.582 +02:00 [INF] MRA EIS POST "https://dev-eis-api.mra.mw/api/v1/utilities/ping"
2026-08-11 16:28:21.645 +02:00 [INF] MRA POST /api/v1/utilities/ping status=200 success=true durationMs=62
2026-08-11 16:28:21.654 +02:00 [INF] MRA connectivity restored — waking offline sync worker.
2026-08-11 16:28:22.740 +02:00 [INF] Inventory alert scan complete: 109 products, low=1, stockout=0, overstock=0, fast=0.
2026-08-11 16:28:26.706 +02:00 [INF] ART Diagnostic DatabaseLatency SqlExpress 0 null: SQL round-trip 0 ms
2026-08-11 16:28:26.713 +02:00 [INF] MRA EIS POST "https://dev-eis-api.mra.mw/api/v1/utilities/ping"
2026-08-11 16:28:26.848 +02:00 [INF] MRA POST /api/v1/utilities/ping status=200 success=true durationMs=125
2026-08-11 16:28:26.855 +02:00 [INF] ART Diagnostic MraConnectivity MraEis 141 1: MRA ping ok in 141 ms.
2026-08-11 16:28:26.896 +02:00 [INF] MRA EIS POST "https://dev-eis-api.mra.mw/api/v1/utilities/ping"
2026-08-11 16:28:26.989 +02:00 [INF] MRA POST /api/v1/utilities/ping status=200 success=true durationMs=94
2026-08-11 16:28:26.996 +02:00 [INF] MRA connectivity restored — waking offline sync worker.
2026-08-11 16:28:26.996 +02:00 [INF] ART Diagnostic HealthCheck HealthCheckWorker 0 null: All subsystems healthy (SQL 0 ms, disk 129.79 GB free).
2026-08-11 16:28:27.034 +02:00 [INF] MRA EIS POST "https://dev-eis-api.mra.mw/api/v1/utilities/ping"
2026-08-11 16:28:27.154 +02:00 [INF] MRA POST /api/v1/utilities/ping status=200 success=true durationMs=125
2026-08-11 16:28:27.165 +02:00 [INF] MRA connectivity restored — waking offline sync worker.
2026-08-11 16:28:27.210 +02:00 [INF] ART Diagnostic WorkerHeartbeat SystemHealthMonitorService null null: All monitored subsystems healthy.
2026-08-11 16:28:35.355 +02:00 [INF] ART Diagnostic DatabaseLatency SqlExpress 0 null: Performance profile sample (FPS 0.0)
2026-08-11 16:28:41.593 +02:00 [INF] MRA EIS POST "https://dev-eis-api.mra.mw/api/v1/utilities/ping"
2026-08-11 16:28:41.731 +02:00 [INF] MRA POST /api/v1/utilities/ping status=200 success=true durationMs=141
2026-08-11 16:28:41.746 +02:00 [INF] MRA connectivity restored — waking offline sync worker.
2026-08-11 16:29:01.602 +02:00 [INF] MRA EIS POST "https://dev-eis-api.mra.mw/api/v1/utilities/ping"
2026-08-11 16:29:01.883 +02:00 [INF] MRA POST /api/v1/utilities/ping status=200 success=true durationMs=281
2026-08-11 16:29:01.896 +02:00 [INF] MRA connectivity restored — waking offline sync worker.
2026-08-11 16:29:05.321 +02:00 [INF] ART Diagnostic WorkerHeartbeat HealthCheckWorker null null: Heartbeat
2026-08-11 16:29:05.341 +02:00 [INF] ART Diagnostic DatabaseLatency SqlExpress 0 null: SQL round-trip 0 ms
2026-08-11 16:29:05.354 +02:00 [INF] MRA EIS POST "https://dev-eis-api.mra.mw/api/v1/utilities/ping"
2026-08-11 16:29:05.390 +02:00 [INF] ART Diagnostic DatabaseLatency SqlExpress 0 null: Performance profile sample (FPS 0.0)
2026-08-11 16:29:05.443 +02:00 [INF] MRA POST /api/v1/utilities/ping status=200 success=true durationMs=78
2026-08-11 16:29:05.449 +02:00 [INF] ART Diagnostic MraConnectivity MraEis 95 1: MRA ping ok in 95 ms.
2026-08-11 16:29:05.510 +02:00 [INF] MRA EIS POST "https://dev-eis-api.mra.mw/api/v1/utilities/ping"
2026-08-11 16:29:05.597 +02:00 [INF] MRA POST /api/v1/utilities/ping status=200 success=true durationMs=78
2026-08-11 16:29:05.652 +02:00 [INF] MRA connectivity restored — waking offline sync worker.
2026-08-11 16:29:05.652 +02:00 [INF] ART Diagnostic HealthCheck HealthCheckWorker 0 null: All subsystems healthy (SQL 0 ms, disk 129.79 GB free).
2026-08-11 16:29:05.707 +02:00 [INF] MRA EIS POST "https://dev-eis-api.mra.mw/api/v1/sales/last-submitted-offline-transaction"
2026-08-11 16:29:05.887 +02:00 [INF] MRA POST /api/v1/sales/last-submitted-offline-transaction status=200 success=true durationMs=187
2026-08-11 16:29:05.972 +02:00 [WRN] MRA EIS last-submitted-offline-transaction returned success=false. Remark=Invoice details not found. Errors=[]. statusCode=1
2026-08-11 16:29:12.287 +02:00 [INF] ART Diagnostic DatabaseLatency SqlExpress 37 null: SQL round-trip 37 ms
2026-08-11 16:29:12.337 +02:00 [INF] MRA EIS POST "https://dev-eis-api.mra.mw/api/v1/utilities/ping"
2026-08-11 16:29:12.438 +02:00 [INF] MRA POST /api/v1/utilities/ping status=200 success=true durationMs=109
2026-08-11 16:29:12.728 +02:00 [INF] ART Diagnostic MraConnectivity MraEis 390 1: MRA ping ok in 390 ms.
2026-08-11 16:29:12.865 +02:00 [INF] MRA EIS POST "https://dev-eis-api.mra.mw/api/v1/utilities/ping"
2026-08-11 16:29:13.075 +02:00 [INF] MRA POST /api/v1/utilities/ping status=200 success=true durationMs=219
2026-08-11 16:29:13.202 +02:00 [INF] MRA connectivity restored — waking offline sync worker.
2026-08-11 16:29:13.202 +02:00 [INF] ART Diagnostic HealthCheck HealthCheckWorker 37 null: All subsystems healthy (SQL 37 ms, disk 129.79 GB free).
2026-08-11 16:29:13.460 +02:00 [INF] MRA EIS POST "https://dev-eis-api.mra.mw/api/v1/utilities/ping"
2026-08-11 16:29:13.577 +02:00 [INF] MRA POST /api/v1/utilities/ping status=200 success=true durationMs=125
2026-08-11 16:29:13.756 +02:00 [INF] MRA connectivity restored — waking offline sync worker.
2026-08-11 16:29:13.805 +02:00 [INF] ART Diagnostic WorkerHeartbeat SystemHealthMonitorService null null: All monitored subsystems healthy.
2026-08-11 16:29:21.577 +02:00 [INF] MRA EIS POST "https://dev-eis-api.mra.mw/api/v1/utilities/ping"
2026-08-11 16:29:21.811 +02:00 [INF] MRA POST /api/v1/utilities/ping status=200 success=true durationMs=234
2026-08-11 16:29:21.819 +02:00 [INF] MRA connectivity restored — waking offline sync worker.
2026-08-11 16:29:22.792 +02:00 [INF] Inventory alert scan complete: 109 products, low=1, stockout=0, overstock=0, fast=0.
2026-08-11 16:29:35.414 +02:00 [INF] ART Diagnostic DatabaseLatency SqlExpress 1 null: Performance profile sample (FPS 0.0)
2026-08-11 16:29:41.568 +02:00 [INF] MRA EIS POST "https://dev-eis-api.mra.mw/api/v1/utilities/ping"
2026-08-11 16:29:41.652 +02:00 [INF] MRA POST /api/v1/utilities/ping status=200 success=true durationMs=94
2026-08-11 16:29:41.661 +02:00 [INF] MRA connectivity restored — waking offline sync worker.
2026-08-11 16:35:36.020 +02:00 [INF] MRA EIS POST "https://dev-eis-api.mra.mw/api/v1/utilities/ping"
2026-08-11 16:35:36.181 +02:00 [INF] SQL Express schema ready (version 32).
2026-08-11 16:35:36.213 +02:00 [WRN] Phase 37 InitialSetup.sql apply skipped after error (schema already bootstrapped in-app).
Microsoft.Data.SqlClient.SqlException (0x80131904): Filtered index 'IX_OfflineInvoiceQueue_PendingFifo' cannot be created on table 'dbo.OfflineInvoiceQueue' because the column 'Status' in the filter expression is compared with a constant of higher data type precedence or of a different collation. Converting a column to the data type of a constant is not supported for filtered indexes. To resolve this error, explicitly convert the constant to the same data type and collation as the column 'Status'.
   at Microsoft.Data.SqlClient.SqlConnection.OnError(SqlException exception, Boolean breakConnection, Action`1 wrapCloseInAction)
   at Microsoft.Data.SqlClient.SqlInternalConnection.OnError(SqlException exception, Boolean breakConnection, Action`1 wrapCloseInAction)
   at Microsoft.Data.SqlClient.TdsParser.ThrowExceptionAndWarning(TdsParserStateObject stateObj, SqlCommand command, Boolean callerHasConnectionLock, Boolean asyncClose)
   at Microsoft.Data.SqlClient.TdsParser.TryRun(RunBehavior runBehavior, SqlCommand cmdHandler, SqlDataReader dataStream, BulkCopySimpleResultSet bulkCopyHandler, TdsParserStateObject stateObj, Boolean& dataReady)
   at Microsoft.Data.SqlClient.SqlCommand.InternalEndExecuteNonQuery(IAsyncResult asyncResult, Boolean isInternal, String endMethod)
   at Microsoft.Data.SqlClient.SqlCommand.EndExecuteNonQueryInternal(IAsyncResult asyncResult)
   at Microsoft.Data.SqlClient.SqlCommand.EndExecuteNonQueryAsync(IAsyncResult asyncResult)
   at Microsoft.Data.SqlClient.SqlCommand.<>c.<InternalExecuteNonQueryAsync>b__193_1(IAsyncResult asyncResult)
   at System.Threading.Tasks.TaskFactory`1.FromAsyncCoreLogic(IAsyncResult iar, Func`2 endFunction, Action`1 endAction, Task`1 promise, Boolean requiresSynchronization)
--- End of stack trace from previous location ---
   at PointOfSale.App.Services.FirstRunBootstrapService.TryApplyInitialSetupScriptAsync(CancellationToken cancellationToken) in C:\Users\alber\OneDrive\Documents\Point Of Sale\src\PointOfSale.App\Services\FirstRunBootstrapService.cs:line 411
   at PointOfSale.App.Services.FirstRunBootstrapService.TryApplyInitialSetupScriptAsync(CancellationToken cancellationToken) in C:\Users\alber\OneDrive\Documents\Point Of Sale\src\PointOfSale.App\Services\FirstRunBootstrapService.cs:line 411
   at PointOfSale.App.Services.FirstRunBootstrapService.TryApplyInitialSetupScriptAsync(CancellationToken cancellationToken) in C:\Users\alber\OneDrive\Documents\Point Of Sale\src\PointOfSale.App\Services\FirstRunBootstrapService.cs:line 414
ClientConnectionId:deef59d7-1ef6-453f-8f47-37600face570
Error Number:10611,State:1,Class:16
2026-08-11 16:35:36.271 +02:00 [INF] MRA POST /api/v1/utilities/ping status=200 success=true durationMs=219
2026-08-11 16:35:36.303 +02:00 [INF] Offline invoice FIFO sync worker started (interval 15s, requireConnectivity=true).
2026-08-11 16:35:36.306 +02:00 [INF] Hardware fault-tolerance loop started (probe every 20s).
2026-08-11 16:35:36.308 +02:00 [INF] ArchivalCompressionBackgroundService is disabled.
2026-08-11 16:35:36.310 +02:00 [INF] Inventory alert scanner started (interval 60s).
2026-08-11 16:35:36.318 +02:00 [INF] MRA connectivity restored — waking offline sync worker.
2026-08-11 16:35:36.322 +02:00 [INF] HealthCheckWorker started (interval 45s).
2026-08-11 16:35:36.323 +02:00 [INF] System health monitor started (interval 45s).
2026-08-11 16:35:36.325 +02:00 [INF] PerformanceProfilingBackgroundService started (sample 30s, flush 300s).
2026-08-11 16:35:36.328 +02:00 [INF] DatabaseMaintenanceBackgroundService started (interval 24h).
2026-08-11 16:35:36.348 +02:00 [INF] MRA EIS POST "https://dev-eis-api.mra.mw/api/v1/sales/last-submitted-offline-transaction"
2026-08-11 16:35:36.390 +02:00 [INF] Inventory alert scan complete: 109 products, low=1, stockout=0, overstock=0, fast=0.
2026-08-11 16:35:36.479 +02:00 [INF] MRA POST /api/v1/sales/last-submitted-offline-transaction status=200 success=true durationMs=141
2026-08-11 16:35:36.495 +02:00 [WRN] MRA EIS last-submitted-offline-transaction returned success=false. Remark=Invoice details not found. Errors=[]. statusCode=1
2026-08-11 16:35:36.532 +02:00 [ERR] Failed to start offline receipt QR bridge on http://10.10.46.53:18787/ReceiptValidation/Validate/. QR scans may still hit MRA portal ISE.
System.Net.HttpListenerException (5): Access is denied.
   at System.Net.HttpListener.AddPrefixCore(String registeredPrefix)
   at System.Net.HttpListener.AddAllPrefixes()
   at System.Net.HttpListener.Start()
   at PointOfSale.App.Services.OfflineReceiptQrBridgeService.ExecuteAsync(CancellationToken stoppingToken) in C:\Users\alber\OneDrive\Documents\Point Of Sale\src\PointOfSale.App\Services\OfflineReceiptQrBridgeService.cs:line 103
2026-08-11 16:35:36.726 +02:00 [INF] SQL Express schema ready (version 32).
2026-08-11 16:35:36.729 +02:00 [WRN] Phase 37 InitialSetup.sql apply skipped after error (schema already bootstrapped in-app).
Microsoft.Data.SqlClient.SqlException (0x80131904): Filtered index 'IX_OfflineInvoiceQueue_PendingFifo' cannot be created on table 'dbo.OfflineInvoiceQueue' because the column 'Status' in the filter expression is compared with a constant of higher data type precedence or of a different collation. Converting a column to the data type of a constant is not supported for filtered indexes. To resolve this error, explicitly convert the constant to the same data type and collation as the column 'Status'.
   at Microsoft.Data.SqlClient.SqlConnection.OnError(SqlException exception, Boolean breakConnection, Action`1 wrapCloseInAction)
   at Microsoft.Data.SqlClient.SqlInternalConnection.OnError(SqlException exception, Boolean breakConnection, Action`1 wrapCloseInAction)
   at Microsoft.Data.SqlClient.TdsParser.ThrowExceptionAndWarning(TdsParserStateObject stateObj, SqlCommand command, Boolean callerHasConnectionLock, Boolean asyncClose)
   at Microsoft.Data.SqlClient.TdsParser.TryRun(RunBehavior runBehavior, SqlCommand cmdHandler, SqlDataReader dataStream, BulkCopySimpleResultSet bulkCopyHandler, TdsParserStateObject stateObj, Boolean& dataReady)
   at Microsoft.Data.SqlClient.SqlCommand.InternalEndExecuteNonQuery(IAsyncResult asyncResult, Boolean isInternal, String endMethod)
   at Microsoft.Data.SqlClient.SqlCommand.EndExecuteNonQueryInternal(IAsyncResult asyncResult)
   at Microsoft.Data.SqlClient.SqlCommand.EndExecuteNonQueryAsync(IAsyncResult asyncResult)
   at Microsoft.Data.SqlClient.SqlCommand.<>c.<InternalExecuteNonQueryAsync>b__193_1(IAsyncResult asyncResult)
   at System.Threading.Tasks.TaskFactory`1.FromAsyncCoreLogic(IAsyncResult iar, Func`2 endFunction, Action`1 endAction, Task`1 promise, Boolean requiresSynchronization)
--- End of stack trace from previous location ---
   at PointOfSale.App.Services.FirstRunBootstrapService.TryApplyInitialSetupScriptAsync(CancellationToken cancellationToken) in C:\Users\alber\OneDrive\Documents\Point Of Sale\src\PointOfSale.App\Services\FirstRunBootstrapService.cs:line 411
   at PointOfSale.App.Services.FirstRunBootstrapService.TryApplyInitialSetupScriptAsync(CancellationToken cancellationToken) in C:\Users\alber\OneDrive\Documents\Point Of Sale\src\PointOfSale.App\Services\FirstRunBootstrapService.cs:line 411
   at PointOfSale.App.Services.FirstRunBootstrapService.TryApplyInitialSetupScriptAsync(CancellationToken cancellationToken) in C:\Users\alber\OneDrive\Documents\Point Of Sale\src\PointOfSale.App\Services\FirstRunBootstrapService.cs:line 414
ClientConnectionId:19c90a8c-9e92-4fa6-be14-0992ece58fd1
Error Number:10611,State:1,Class:16
2026-08-11 16:35:44.339 +02:00 [INF] ART Diagnostic WorkerHeartbeat HealthCheckWorker null null: Heartbeat
2026-08-11 16:35:44.365 +02:00 [INF] ART Diagnostic DatabaseLatency SqlExpress 2 null: SQL round-trip 2 ms
2026-08-11 16:35:44.383 +02:00 [INF] MRA EIS POST "https://dev-eis-api.mra.mw/api/v1/utilities/ping"
2026-08-11 16:35:44.539 +02:00 [INF] MRA POST /api/v1/utilities/ping status=200 success=true durationMs=157
2026-08-11 16:35:44.552 +02:00 [INF] ART Diagnostic MraConnectivity MraEis 161 1: MRA ping ok in 161 ms.
2026-08-11 16:35:44.589 +02:00 [INF] MRA EIS POST "https://dev-eis-api.mra.mw/api/v1/utilities/ping"
2026-08-11 16:35:44.671 +02:00 [INF] MRA POST /api/v1/utilities/ping status=200 success=true durationMs=78
2026-08-11 16:35:44.680 +02:00 [INF] MRA connectivity restored — waking offline sync worker.
2026-08-11 16:35:44.687 +02:00 [INF] ART Diagnostic HealthCheck HealthCheckWorker 2 null: All subsystems healthy (SQL 2 ms, disk 129.78 GB free).
2026-08-11 16:35:48.327 +02:00 [INF] ART Diagnostic DatabaseLatency SqlExpress 0 null: SQL round-trip 0 ms
2026-08-11 16:35:48.335 +02:00 [INF] MRA EIS POST "https://dev-eis-api.mra.mw/api/v1/utilities/ping"
2026-08-11 16:35:48.394 +02:00 [INF] MRA POST /api/v1/utilities/ping status=200 success=true durationMs=62
2026-08-11 16:35:49.033 +02:00 [INF] ART Diagnostic MraConnectivity MraEis 698 1: MRA ping ok in 698 ms.
2026-08-11 16:35:49.047 +02:00 [INF] ART Diagnostic DatabaseLatency SqlExpress 5 null: Performance profile sample (FPS 0.0)
2026-08-11 16:35:49.085 +02:00 [INF] MRA EIS POST "https://dev-eis-api.mra.mw/api/v1/utilities/ping"
2026-08-11 16:35:49.144 +02:00 [INF] MRA POST /api/v1/utilities/ping status=200 success=true durationMs=62
2026-08-11 16:35:49.158 +02:00 [INF] MRA connectivity restored — waking offline sync worker.
2026-08-11 16:35:49.158 +02:00 [INF] ART Diagnostic HealthCheck HealthCheckWorker 0 null: All subsystems healthy (SQL 0 ms, disk 129.78 GB free).
2026-08-11 16:35:49.199 +02:00 [INF] MRA EIS POST "https://dev-eis-api.mra.mw/api/v1/utilities/ping"
2026-08-11 16:35:49.292 +02:00 [INF] MRA POST /api/v1/utilities/ping status=200 success=true durationMs=93
2026-08-11 16:35:49.301 +02:00 [INF] MRA connectivity restored — waking offline sync worker.
2026-08-11 16:35:49.338 +02:00 [INF] ART Diagnostic WorkerHeartbeat SystemHealthMonitorService null null: All monitored subsystems healthy.
2026-08-11 16:35:55.739 +02:00 [INF] MRA EIS POST "https://dev-eis-api.mra.mw/api/v1/utilities/ping"
2026-08-11 16:35:55.783 +02:00 [INF] MRA POST /api/v1/utilities/ping status=200 success=true durationMs=47
2026-08-11 16:35:55.793 +02:00 [INF] MRA connectivity restored — waking offline sync worker.
2026-08-11 16:36:15.750 +02:00 [INF] MRA EIS POST "https://dev-eis-api.mra.mw/api/v1/utilities/ping"
2026-08-11 16:36:15.815 +02:00 [INF] MRA POST /api/v1/utilities/ping status=200 success=true durationMs=63
2026-08-11 16:36:15.823 +02:00 [INF] MRA connectivity restored — waking offline sync worker.
2026-08-11 16:36:19.070 +02:00 [INF] ART Diagnostic DatabaseLatency SqlExpress 0 null: Performance profile sample (FPS 0.0)
2026-08-11 16:36:29.697 +02:00 [INF] ART Diagnostic WorkerHeartbeat HealthCheckWorker null null: Heartbeat
2026-08-11 16:36:29.722 +02:00 [INF] ART Diagnostic DatabaseLatency SqlExpress 0 null: SQL round-trip 0 ms
2026-08-11 16:36:29.726 +02:00 [INF] MRA EIS POST "https://dev-eis-api.mra.mw/api/v1/utilities/ping"
2026-08-11 16:36:30.046 +02:00 [INF] MRA POST /api/v1/utilities/ping status=200 success=true durationMs=328
2026-08-11 16:36:30.068 +02:00 [INF] ART Diagnostic MraConnectivity MraEis 342 1: MRA ping ok in 342 ms.
2026-08-11 16:36:30.101 +02:00 [INF] MRA EIS POST "https://dev-eis-api.mra.mw/api/v1/utilities/ping"
2026-08-11 16:36:30.221 +02:00 [INF] MRA POST /api/v1/utilities/ping status=200 success=true durationMs=125
2026-08-11 16:36:30.231 +02:00 [INF] MRA connectivity restored — waking offline sync worker.
2026-08-11 16:36:30.231 +02:00 [INF] ART Diagnostic HealthCheck HealthCheckWorker 0 null: All subsystems healthy (SQL 0 ms, disk 129.78 GB free).
2026-08-11 16:36:34.344 +02:00 [INF] ART Diagnostic DatabaseLatency SqlExpress 1 null: SQL round-trip 1 ms
2026-08-11 16:36:34.358 +02:00 [INF] MRA EIS POST "https://dev-eis-api.mra.mw/api/v1/utilities/ping"
2026-08-11 16:36:34.432 +02:00 [INF] MRA POST /api/v1/utilities/ping status=200 success=true durationMs=78
2026-08-11 16:36:34.437 +02:00 [INF] ART Diagnostic MraConnectivity MraEis 79 1: MRA ping ok in 79 ms.
2026-08-11 16:36:34.473 +02:00 [INF] MRA EIS POST "https://dev-eis-api.mra.mw/api/v1/utilities/ping"
2026-08-11 16:36:34.524 +02:00 [INF] MRA POST /api/v1/utilities/ping status=200 success=true durationMs=47
2026-08-11 16:36:34.533 +02:00 [INF] MRA connectivity restored — waking offline sync worker.
2026-08-11 16:36:34.534 +02:00 [INF] ART Diagnostic HealthCheck HealthCheckWorker 1 null: All subsystems healthy (SQL 1 ms, disk 129.78 GB free).
2026-08-11 16:36:34.565 +02:00 [INF] MRA EIS POST "https://dev-eis-api.mra.mw/api/v1/utilities/ping"
2026-08-11 16:36:34.650 +02:00 [INF] MRA POST /api/v1/utilities/ping status=200 success=true durationMs=94
2026-08-11 16:36:34.660 +02:00 [INF] MRA connectivity restored — waking offline sync worker.
2026-08-11 16:36:34.694 +02:00 [INF] ART Diagnostic WorkerHeartbeat SystemHealthMonitorService null null: All monitored subsystems healthy.
2026-08-11 16:36:35.736 +02:00 [INF] MRA EIS POST "https://dev-eis-api.mra.mw/api/v1/utilities/ping"
2026-08-11 16:36:35.827 +02:00 [INF] MRA POST /api/v1/utilities/ping status=200 success=true durationMs=94
2026-08-11 16:36:35.852 +02:00 [INF] MRA connectivity restored — waking offline sync worker.
2026-08-11 16:36:36.438 +02:00 [INF] Inventory alert scan complete: 109 products, low=1, stockout=0, overstock=0, fast=0.
2026-08-11 16:36:49.098 +02:00 [INF] ART Diagnostic DatabaseLatency SqlExpress 1 null: Performance profile sample (FPS 0.0)
2026-08-11 16:36:55.735 +02:00 [INF] MRA EIS POST "https://dev-eis-api.mra.mw/api/v1/utilities/ping"
2026-08-11 16:36:55.792 +02:00 [INF] MRA POST /api/v1/utilities/ping status=200 success=true durationMs=62
2026-08-11 16:36:55.801 +02:00 [INF] MRA connectivity restored — waking offline sync worker.
2026-08-11 16:37:10.821 +02:00 [INF] MRA EIS POST "https://dev-eis-api.mra.mw/api/v1/sales/last-submitted-offline-transaction"
2026-08-11 16:37:11.030 +02:00 [INF] MRA POST /api/v1/sales/last-submitted-offline-transaction status=200 success=true durationMs=219
2026-08-11 16:37:11.053 +02:00 [WRN] MRA EIS last-submitted-offline-transaction returned success=false. Remark=Invoice details not found. Errors=[]. statusCode=1
2026-08-11 16:37:15.237 +02:00 [INF] ART Diagnostic WorkerHeartbeat HealthCheckWorker null null: Heartbeat
2026-08-11 16:37:15.259 +02:00 [INF] ART Diagnostic DatabaseLatency SqlExpress 0 null: SQL round-trip 0 ms
2026-08-11 16:37:15.262 +02:00 [INF] MRA EIS POST "https://dev-eis-api.mra.mw/api/v1/utilities/ping"
2026-08-11 16:37:15.307 +02:00 [INF] MRA POST /api/v1/utilities/ping status=200 success=true durationMs=47
2026-08-11 16:37:15.312 +02:00 [INF] ART Diagnostic MraConnectivity MraEis 49 1: MRA ping ok in 49 ms.
2026-08-11 16:37:15.343 +02:00 [INF] MRA EIS POST "https://dev-eis-api.mra.mw/api/v1/utilities/ping"
2026-08-11 16:37:15.394 +02:00 [INF] MRA POST /api/v1/utilities/ping status=200 success=true durationMs=47
2026-08-11 16:37:15.404 +02:00 [INF] MRA connectivity restored — waking offline sync worker.
2026-08-11 16:37:15.404 +02:00 [INF] ART Diagnostic HealthCheck HealthCheckWorker 0 null: All subsystems healthy (SQL 0 ms, disk 129.78 GB free).
2026-08-11 16:37:15.562 +02:00 [INF] MRA EIS POST "https://dev-eis-api.mra.mw/api/v1/configuration/get-latest-configs"
2026-08-11 16:37:15.562 +02:00 [INF] MRA EIS request payload for "https://dev-eis-api.mra.mw/api/v1/configuration/get-latest-configs": {}
2026-08-11 16:37:15.655 +02:00 [INF] MRA POST /api/v1/configuration/get-latest-configs status=200 success=true durationMs=94
2026-08-11 16:37:15.691 +02:00 [INF] Cached get-latest-configs for 81a1dce2-8934-46eb-b9fd-dc8259efe24f. sellerTIN=31018345, siteId=BLc4f27da3-6c8e-4014-84b1-140886944c25, versions g/t/tp=1/1/177
2026-08-11 16:37:15.716 +02:00 [INF] Checkout fiscal identity ready. sellerTIN=31018345 siteId=BLc4f27da3-6c8e-4014-84b1-140886944c25 taxRateId=A versions g/t/tp=1/1/177 invoiceTinDigits=31018345
2026-08-11 16:37:15.733 +02:00 [INF] MRA EIS POST "https://dev-eis-api.mra.mw/api/v1/utilities/ping"
2026-08-11 16:37:15.740 +02:00 [INF] MRA EIS POST "https://dev-eis-api.mra.mw/api/v1/configuration/get-latest-configs"
2026-08-11 16:37:15.740 +02:00 [INF] MRA EIS request payload for "https://dev-eis-api.mra.mw/api/v1/configuration/get-latest-configs": {}
2026-08-11 16:37:15.801 +02:00 [INF] MRA POST /api/v1/utilities/ping status=200 success=true durationMs=62
2026-08-11 16:37:15.804 +02:00 [INF] MRA connectivity restored — waking offline sync worker.
2026-08-11 16:37:15.956 +02:00 [INF] MRA POST /api/v1/configuration/get-latest-configs status=200 success=true durationMs=219
2026-08-11 16:37:15.973 +02:00 [INF] Cached get-latest-configs for 81a1dce2-8934-46eb-b9fd-dc8259efe24f. sellerTIN=31018345, siteId=BLc4f27da3-6c8e-4014-84b1-140886944c25, versions g/t/tp=1/1/177
2026-08-11 16:37:15.974 +02:00 [INF] Refreshed fiscal identity from get-latest-configs. sellerTIN=31018345 siteId=BLc4f27da3-6c8e-4014-84b1-140886944c25 taxRateId=A vatReg=true activated=[PIT,CGT,NRT,VAT,WHT] versions g/t/tp=1/1/177
2026-08-11 16:37:16.006 +02:00 [INF] Generated offline ValidationURL signature for invoice Cvp-E-JY5Q-B (N=1, julian=2461264).
2026-08-11 16:37:16.169 +02:00 [INF] MRA EIS POST "https://dev-eis-api.mra.mw/api/v1/sales/submit-sales-transaction"
2026-08-11 16:37:16.170 +02:00 [INF] MRA EIS request payload for "https://dev-eis-api.mra.mw/api/v1/sales/submit-sales-transaction": {"invoiceHeader":{"invoiceNumber":"Cvp-E-JY5Q-B","invoiceDateTime":"2026-08-11T14:37:15.724Z","sellerTIN":"31018345","siteId":"BLc4f27da3-6c8e-4014-84b1-140886944c25","globalConfigVersion":1,"taxpayerConfigVersion":177,"terminalConfigVersion":1,"isExport":false,"isReliefSupply":false,"paymentMethod":"Cash"},"invoiceLineItems":[{"id":1,"productCode":"456076017395","description":"Air Cleaner  13780-67 F01","unitPrice":22000.00,"quantity":1,"discount":851.06,"total":17872.34,"totalVAT":3127.66,"taxRateId":"A","isProduct":true}],"invoiceSummary":{"taxBreakDown":[{"rateId":"A","taxableAmount":17872.34,"taxAmount":3127.66}],"totalVAT":3127.66,"offlineSignature":"DXnR_5JLIBSL8EJIoag5tSlH50-QY9eu1h67Zzf1nd4","invoiceTotal":21000.00,"amountTendered":22000.00}}
2026-08-11 16:37:16.269 +02:00 [INF] MRA POST /api/v1/sales/submit-sales-transaction status=400 success=false durationMs=94
2026-08-11 16:37:16.276 +02:00 [WRN] MRA EIS HTTP 400 for POST "https://dev-eis-api.mra.mw/api/v1/sales/submit-sales-transaction". RequestPayload={"invoiceHeader":{"invoiceNumber":"Cvp-E-JY5Q-B","invoiceDateTime":"2026-08-11T14:37:15.724Z","sellerTIN":"31018345","siteId":"BLc4f27da3-6c8e-4014-84b1-140886944c25","globalConfigVersion":1,"taxpayerConfigVersion":177,"terminalConfigVersion":1,"isExport":false,"isReliefSupply":false,"paymentMethod":"Cash"},"invoiceLineItems":[{"id":1,"productCode":"456076017395","description":"Air Cleaner  13780-67 F01","unitPrice":22000.00,"quantity":1,"discount":851.06,"total":17872.34,"totalVAT":3127.66,"taxRateId":"A","isProduct":true}],"invoiceSummary":{"taxBreakDown":[{"rateId":"A","taxableAmount":17872.34,"taxAmount":3127.66}],"totalVAT":3127.66,"offlineSignature":"DXnR_5JLIBSL8EJIoag5tSlH50-QY9eu1h67Zzf1nd4","invoiceTotal":21000.00,"amountTendered":22000.00}}. ResponseBody={"type":"https://tools.ietf.org/html/rfc9110#section-15.5.1","title":"One or more validation errors occurred.","status":400,"errors":{"":["Tax breakdown entries do not match computed line item taxable amounts or tax amounts."]},"traceId":"00-6804f66cdc73c8df93f14f137c5eda64-507bd0032b4a7aae-00"}
2026-08-11 16:37:16.282 +02:00 [WRN] MRA EIS failure classified. category="InvalidFieldValue" action="QuarantinePayload" statusCode=0 primaryCode=0 remark=MRA EIS HTTP 400: Bad Request — One or more validation errors occurred. detail=statusCode=0; primaryCode=0; remark=MRA EIS HTTP 400: Bad Request — One or more validation errors occurred.
2026-08-11 16:37:16.294 +02:00 [WRN] Quarantined queue id 1 after MRA HTTP 400: category="InvalidFieldValue" action="QuarantinePayload". ResponseBody={"type":"https://tools.ietf.org/html/rfc9110#section-15.5.1","title":"One or more validation errors occurred.","status":400,"errors":{"":["Tax breakdown entries do not match computed line item taxable amounts or tax amounts."]},"traceId":"00-6804f66cdc73c8df93f14f137c5eda64-507bd0032b4a7aae-00"}
2026-08-11 16:37:16.301 +02:00 [INF] Generated offline ValidationURL signature for invoice Cvp-E-JY5Q-B (N=1, julian=2461264).
2026-08-11 16:37:19.178 +02:00 [INF] ART Diagnostic DatabaseLatency SqlExpress 1 null: Performance profile sample (FPS 0.0)
2026-08-11 16:37:19.708 +02:00 [INF] ART Diagnostic DatabaseLatency SqlExpress 0 null: SQL round-trip 0 ms
2026-08-11 16:37:19.713 +02:00 [INF] MRA EIS POST "https://dev-eis-api.mra.mw/api/v1/utilities/ping"
2026-08-11 16:37:19.767 +02:00 [INF] MRA POST /api/v1/utilities/ping status=200 success=true durationMs=47
2026-08-11 16:37:19.776 +02:00 [INF] ART Diagnostic MraConnectivity MraEis 62 1: MRA ping ok in 62 ms.
2026-08-11 16:37:19.805 +02:00 [INF] MRA EIS POST "https://dev-eis-api.mra.mw/api/v1/utilities/ping"
2026-08-11 16:37:19.949 +02:00 [INF] MRA POST /api/v1/utilities/ping status=200 success=true durationMs=157
2026-08-11 16:37:19.962 +02:00 [INF] MRA connectivity restored — waking offline sync worker.
2026-08-11 16:37:19.965 +02:00 [INF] ART Diagnostic HealthCheck HealthCheckWorker 0 null: All subsystems healthy (SQL 0 ms, disk 129.78 GB free).
2026-08-11 16:37:20.000 +02:00 [INF] MRA EIS POST "https://dev-eis-api.mra.mw/api/v1/utilities/ping"
2026-08-11 16:37:20.097 +02:00 [INF] MRA POST /api/v1/utilities/ping status=200 success=true durationMs=94
2026-08-11 16:37:20.105 +02:00 [INF] MRA connectivity restored — waking offline sync worker.
2026-08-11 16:37:20.134 +02:00 [INF] ART Diagnostic WorkerHeartbeat SystemHealthMonitorService null null: All monitored subsystems healthy.
2026-08-11 16:37:35.758 +02:00 [INF] MRA EIS POST "https://dev-eis-api.mra.mw/api/v1/utilities/ping"
2026-08-11 16:37:35.816 +02:00 [INF] MRA POST /api/v1/utilities/ping status=200 success=true durationMs=63
2026-08-11 16:37:35.826 +02:00 [INF] MRA connectivity restored — waking offline sync worker.
2026-08-11 16:37:36.487 +02:00 [INF] Inventory alert scan complete: 109 products, low=1, stockout=0, overstock=0, fast=0.
2026-08-11 16:37:49.307 +02:00 [INF] ART Diagnostic DatabaseLatency SqlExpress 1 null: Performance profile sample (FPS 0.0)
2026-08-11 16:37:55.750 +02:00 [INF] MRA EIS POST "https://dev-eis-api.mra.mw/api/v1/utilities/ping"
2026-08-11 16:37:56.002 +02:00 [INF] MRA POST /api/v1/utilities/ping status=200 success=true durationMs=250
2026-08-11 16:37:56.013 +02:00 [INF] MRA connectivity restored — waking offline sync worker.
2026-08-11 16:38:00.418 +02:00 [INF] ART Diagnostic WorkerHeartbeat HealthCheckWorker null null: Heartbeat
2026-08-11 16:38:00.429 +02:00 [INF] ART Diagnostic DatabaseLatency SqlExpress 0 null: SQL round-trip 0 ms
2026-08-11 16:38:00.438 +02:00 [INF] MRA EIS POST "https://dev-eis-api.mra.mw/api/v1/utilities/ping"
2026-08-11 16:38:00.539 +02:00 [INF] MRA POST /api/v1/utilities/ping status=200 success=true durationMs=94
2026-08-11 16:38:00.547 +02:00 [INF] ART Diagnostic MraConnectivity MraEis 109 1: MRA ping ok in 109 ms.
2026-08-11 16:38:00.589 +02:00 [INF] MRA EIS POST "https://dev-eis-api.mra.mw/api/v1/utilities/ping"
2026-08-11 16:38:00.704 +02:00 [INF] MRA POST /api/v1/utilities/ping status=200 success=true durationMs=110
2026-08-11 16:38:00.714 +02:00 [INF] MRA connectivity restored — waking offline sync worker.
2026-08-11 16:38:00.715 +02:00 [INF] ART Diagnostic HealthCheck HealthCheckWorker 0 null: All subsystems healthy (SQL 0 ms, disk 129.78 GB free).
2026-08-11 16:38:05.150 +02:00 [INF] ART Diagnostic DatabaseLatency SqlExpress 0 null: SQL round-trip 0 ms
2026-08-11 16:38:05.161 +02:00 [INF] MRA EIS POST "https://dev-eis-api.mra.mw/api/v1/utilities/ping"
2026-08-11 16:38:05.271 +02:00 [INF] MRA POST /api/v1/utilities/ping status=200 success=true durationMs=109
2026-08-11 16:38:05.278 +02:00 [INF] ART Diagnostic MraConnectivity MraEis 116 1: MRA ping ok in 116 ms.
2026-08-11 16:38:05.320 +02:00 [INF] MRA EIS POST "https://dev-eis-api.mra.mw/api/v1/utilities/ping"
2026-08-11 16:38:05.405 +02:00 [INF] MRA POST /api/v1/utilities/ping status=200 success=true durationMs=94
2026-08-11 16:38:05.418 +02:00 [INF] MRA connectivity restored — waking offline sync worker.
2026-08-11 16:38:05.419 +02:00 [INF] ART Diagnostic HealthCheck HealthCheckWorker 0 null: All subsystems healthy (SQL 0 ms, disk 129.78 GB free).
2026-08-11 16:38:05.466 +02:00 [INF] MRA EIS POST "https://dev-eis-api.mra.mw/api/v1/utilities/ping"
2026-08-11 16:38:05.523 +02:00 [INF] MRA POST /api/v1/utilities/ping status=200 success=true durationMs=47
2026-08-11 16:38:05.534 +02:00 [INF] MRA connectivity restored — waking offline sync worker.
2026-08-11 16:38:05.562 +02:00 [INF] ART Diagnostic WorkerHeartbeat SystemHealthMonitorService null null: All monitored subsystems healthy.
2026-08-11 16:38:15.766 +02:00 [INF] MRA EIS POST "https://dev-eis-api.mra.mw/api/v1/utilities/ping"
2026-08-11 16:38:15.879 +02:00 [INF] MRA POST /api/v1/utilities/ping status=200 success=true durationMs=109
2026-08-11 16:38:15.895 +02:00 [INF] MRA connectivity restored — waking offline sync worker.
2026-08-11 16:38:19.355 +02:00 [INF] ART Diagnostic DatabaseLatency SqlExpress 1 null: Performance profile sample (FPS 0.0)
2026-08-11 16:38:35.747 +02:00 [INF] MRA EIS POST "https://dev-eis-api.mra.mw/api/v1/utilities/ping"
2026-08-11 16:38:35.827 +02:00 [INF] MRA POST /api/v1/utilities/ping status=200 success=true durationMs=79
2026-08-11 16:38:35.839 +02:00 [INF] MRA connectivity restored — waking offline sync worker.
2026-08-11 16:38:36.536 +02:00 [INF] Inventory alert scan complete: 109 products, low=1, stockout=0, overstock=0, fast=0.
2026-08-11 16:38:45.736 +02:00 [INF] ART Diagnostic WorkerHeartbeat HealthCheckWorker null null: Heartbeat
2026-08-11 16:38:45.755 +02:00 [INF] ART Diagnostic DatabaseLatency SqlExpress 0 null: SQL round-trip 0 ms
2026-08-11 16:38:45.760 +02:00 [INF] MRA EIS POST "https://dev-eis-api.mra.mw/api/v1/utilities/ping"
2026-08-11 16:38:45.827 +02:00 [INF] MRA POST /api/v1/utilities/ping status=200 success=true durationMs=63
2026-08-11 16:38:45.835 +02:00 [INF] ART Diagnostic MraConnectivity MraEis 74 1: MRA ping ok in 74 ms.
2026-08-11 16:38:45.867 +02:00 [INF] MRA EIS POST "https://dev-eis-api.mra.mw/api/v1/utilities/ping"
2026-08-11 16:38:45.981 +02:00 [INF] MRA POST /api/v1/utilities/ping status=200 success=true durationMs=125
2026-08-11 16:38:45.992 +02:00 [INF] MRA connectivity restored — waking offline sync worker.
2026-08-11 16:38:45.992 +02:00 [INF] ART Diagnostic HealthCheck HealthCheckWorker 0 null: All subsystems healthy (SQL 0 ms, disk 129.78 GB free).
2026-08-11 16:38:45.997 +02:00 [INF] MRA EIS POST "https://dev-eis-api.mra.mw/api/v1/sales/last-submitted-offline-transaction"
2026-08-11 16:38:46.243 +02:00 [INF] MRA POST /api/v1/sales/last-submitted-offline-transaction status=200 success=true durationMs=250
2026-08-11 16:38:46.245 +02:00 [WRN] MRA EIS last-submitted-offline-transaction returned success=false. Remark=Invoice details not found. Errors=[]. statusCode=1
2026-08-11 16:38:49.390 +02:00 [INF] ART Diagnostic DatabaseLatency SqlExpress 1 null: Performance profile sample (FPS 0.0)
2026-08-11 16:38:50.582 +02:00 [INF] ART Diagnostic DatabaseLatency SqlExpress 0 null: SQL round-trip 0 ms
2026-08-11 16:38:50.593 +02:00 [INF] MRA EIS POST "https://dev-eis-api.mra.mw/api/v1/utilities/ping"
2026-08-11 16:38:50.659 +02:00 [INF] MRA POST /api/v1/utilities/ping status=200 success=true durationMs=63
2026-08-11 16:38:50.666 +02:00 [INF] ART Diagnostic MraConnectivity MraEis 72 1: MRA ping ok in 72 ms.
2026-08-11 16:38:50.697 +02:00 [INF] MRA EIS POST "https://dev-eis-api.mra.mw/api/v1/utilities/ping"
2026-08-11 16:38:50.764 +02:00 [INF] MRA POST /api/v1/utilities/ping status=200 success=true durationMs=78
2026-08-11 16:38:50.773 +02:00 [INF] MRA connectivity restored — waking offline sync worker.
2026-08-11 16:38:50.774 +02:00 [INF] ART Diagnostic HealthCheck HealthCheckWorker 0 null: All subsystems healthy (SQL 0 ms, disk 129.78 GB free).
2026-08-11 16:38:50.806 +02:00 [INF] MRA EIS POST "https://dev-eis-api.mra.mw/api/v1/utilities/ping"
2026-08-11 16:38:50.919 +02:00 [INF] MRA POST /api/v1/utilities/ping status=200 success=true durationMs=125
2026-08-11 16:38:50.930 +02:00 [INF] MRA connectivity restored — waking offline sync worker.
2026-08-11 16:38:50.979 +02:00 [INF] ART Diagnostic WorkerHeartbeat SystemHealthMonitorService null null: All monitored subsystems healthy.
2026-08-11 16:38:55.747 +02:00 [INF] MRA EIS POST "https://dev-eis-api.mra.mw/api/v1/utilities/ping"
2026-08-11 16:38:55.830 +02:00 [INF] MRA POST /api/v1/utilities/ping status=200 success=true durationMs=79
2026-08-11 16:38:55.838 +02:00 [INF] MRA connectivity restored — waking offline sync worker.
2026-08-11 16:39:15.752 +02:00 [INF] MRA EIS POST "https://dev-eis-api.mra.mw/api/v1/utilities/ping"
2026-08-11 16:39:15.847 +02:00 [INF] MRA POST /api/v1/utilities/ping status=200 success=true durationMs=94
2026-08-11 16:39:15.861 +02:00 [INF] MRA connectivity restored — waking offline sync worker.
2026-08-11 16:39:19.417 +02:00 [INF] ART Diagnostic DatabaseLatency SqlExpress 0 null: Performance profile sample (FPS 0.0)
2026-08-11 16:39:30.998 +02:00 [INF] ART Diagnostic WorkerHeartbeat HealthCheckWorker null null: Heartbeat
2026-08-11 16:39:31.007 +02:00 [INF] ART Diagnostic DatabaseLatency SqlExpress 0 null: SQL round-trip 0 ms
2026-08-11 16:39:31.015 +02:00 [INF] MRA EIS POST "https://dev-eis-api.mra.mw/api/v1/utilities/ping"
2026-08-11 16:39:31.446 +02:00 [INF] MRA POST /api/v1/utilities/ping status=200 success=true durationMs=422
2026-08-11 16:39:31.456 +02:00 [INF] ART Diagnostic MraConnectivity MraEis 440 1: MRA ping ok in 440 ms.
2026-08-11 16:39:31.494 +02:00 [INF] MRA EIS POST "https://dev-eis-api.mra.mw/api/v1/utilities/ping"
2026-08-11 16:39:31.585 +02:00 [INF] MRA POST /api/v1/utilities/ping status=200 success=true durationMs=94
2026-08-11 16:39:31.591 +02:00 [INF] MRA connectivity restored — waking offline sync worker.
2026-08-11 16:39:31.591 +02:00 [INF] ART Diagnostic HealthCheck HealthCheckWorker 0 null: All subsystems healthy (SQL 0 ms, disk 129.78 GB free).
2026-08-11 16:39:35.764 +02:00 [INF] MRA EIS POST "https://dev-eis-api.mra.mw/api/v1/utilities/ping"
2026-08-11 16:39:35.868 +02:00 [INF] MRA POST /api/v1/utilities/ping status=200 success=true durationMs=94
2026-08-11 16:39:35.875 +02:00 [INF] MRA connectivity restored — waking offline sync worker.
2026-08-11 16:39:35.999 +02:00 [INF] ART Diagnostic DatabaseLatency SqlExpress 0 null: SQL round-trip 0 ms
2026-08-11 16:39:36.011 +02:00 [INF] MRA EIS POST "https://dev-eis-api.mra.mw/api/v1/utilities/ping"
2026-08-11 16:39:36.286 +02:00 [INF] MRA POST /api/v1/utilities/ping status=200 success=true durationMs=266
2026-08-11 16:39:36.294 +02:00 [INF] ART Diagnostic MraConnectivity MraEis 282 1: MRA ping ok in 282 ms.
2026-08-11 16:39:36.339 +02:00 [INF] MRA EIS POST "https://dev-eis-api.mra.mw/api/v1/utilities/ping"
2026-08-11 16:39:36.486 +02:00 [INF] MRA POST /api/v1/utilities/ping status=200 success=true durationMs=141
2026-08-11 16:39:36.497 +02:00 [INF] MRA connectivity restored — waking offline sync worker.
2026-08-11 16:39:36.497 +02:00 [INF] ART Diagnostic HealthCheck HealthCheckWorker 0 null: All subsystems healthy (SQL 0 ms, disk 129.78 GB free).
2026-08-11 16:39:36.542 +02:00 [INF] MRA EIS POST "https://dev-eis-api.mra.mw/api/v1/utilities/ping"
2026-08-11 16:39:36.577 +02:00 [INF] Inventory alert scan complete: 109 products, low=1, stockout=0, overstock=0, fast=0.
2026-08-11 16:39:36.686 +02:00 [INF] MRA POST /api/v1/utilities/ping status=200 success=true durationMs=141
2026-08-11 16:39:36.697 +02:00 [INF] MRA connectivity restored — waking offline sync worker.
2026-08-11 16:39:36.743 +02:00 [INF] ART Diagnostic WorkerHeartbeat SystemHealthMonitorService null null: All monitored subsystems healthy.
2026-08-11 16:39:49.466 +02:00 [INF] ART Diagnostic DatabaseLatency SqlExpress 1 null: Performance profile sample (FPS 0.0)
2026-08-11 16:39:55.758 +02:00 [INF] MRA EIS POST "https://dev-eis-api.mra.mw/api/v1/utilities/ping"
2026-08-11 16:39:56.075 +02:00 [INF] MRA POST /api/v1/utilities/ping status=200 success=true durationMs=329
2026-08-11 16:39:56.084 +02:00 [INF] MRA connectivity restored — waking offline sync worker.
2026-08-11 16:40:15.753 +02:00 [INF] MRA EIS POST "https://dev-eis-api.mra.mw/api/v1/utilities/ping"
2026-08-11 16:40:15.832 +02:00 [INF] MRA POST /api/v1/utilities/ping status=200 success=true durationMs=79
2026-08-11 16:40:15.846 +02:00 [INF] MRA connectivity restored — waking offline sync worker.
2026-08-11 16:40:16.602 +02:00 [INF] ART Diagnostic WorkerHeartbeat HealthCheckWorker null null: Heartbeat
2026-08-11 16:40:16.612 +02:00 [INF] ART Diagnostic DatabaseLatency SqlExpress 0 null: SQL round-trip 0 ms
2026-08-11 16:40:16.616 +02:00 [INF] MRA EIS POST "https://dev-eis-api.mra.mw/api/v1/utilities/ping"
2026-08-11 16:40:16.658 +02:00 [INF] MRA POST /api/v1/utilities/ping status=200 success=true durationMs=47
2026-08-11 16:40:16.662 +02:00 [INF] ART Diagnostic MraConnectivity MraEis 45 1: MRA ping ok in 45 ms.
2026-08-11 16:40:16.692 +02:00 [INF] MRA EIS POST "https://dev-eis-api.mra.mw/api/v1/utilities/ping"
2026-08-11 16:40:16.808 +02:00 [INF] MRA POST /api/v1/utilities/ping status=200 success=true durationMs=125
2026-08-11 16:40:16.821 +02:00 [INF] MRA connectivity restored — waking offline sync worker.
2026-08-11 16:40:16.822 +02:00 [INF] ART Diagnostic HealthCheck HealthCheckWorker 0 null: All subsystems healthy (SQL 0 ms, disk 129.78 GB free).
2026-08-11 16:40:16.831 +02:00 [INF] MRA EIS POST "https://dev-eis-api.mra.mw/api/v1/sales/last-submitted-offline-transaction"
2026-08-11 16:40:16.961 +02:00 [INF] MRA POST /api/v1/sales/last-submitted-offline-transaction status=200 success=true durationMs=125
2026-08-11 16:40:16.968 +02:00 [WRN] MRA EIS last-submitted-offline-transaction returned success=false. Remark=Invoice details not found. Errors=[]. statusCode=1
2026-08-11 16:40:19.486 +02:00 [INF] ART Diagnostic DatabaseLatency SqlExpress 0 null: Performance profile sample (FPS 0.0)
2026-08-11 16:40:21.749 +02:00 [INF] ART Diagnostic DatabaseLatency SqlExpress 0 null: SQL round-trip 0 ms
2026-08-11 16:40:21.760 +02:00 [INF] MRA EIS POST "https://dev-eis-api.mra.mw/api/v1/utilities/ping"
2026-08-11 16:40:21.875 +02:00 [INF] MRA POST /api/v1/utilities/ping status=200 success=true durationMs=109
2026-08-11 16:40:21.882 +02:00 [INF] ART Diagnostic MraConnectivity MraEis 121 1: MRA ping ok in 121 ms.
2026-08-11 16:40:21.910 +02:00 [INF] MRA EIS POST "https://dev-eis-api.mra.mw/api/v1/utilities/ping"
2026-08-11 16:40:21.959 +02:00 [INF] MRA POST /api/v1/utilities/ping status=200 success=true durationMs=47
2026-08-11 16:40:21.967 +02:00 [INF] MRA connectivity restored — waking offline sync worker.
2026-08-11 16:40:21.968 +02:00 [INF] ART Diagnostic HealthCheck HealthCheckWorker 0 null: All subsystems healthy (SQL 0 ms, disk 129.78 GB free).
2026-08-11 16:40:21.997 +02:00 [INF] MRA EIS POST "https://dev-eis-api.mra.mw/api/v1/utilities/ping"
2026-08-11 16:40:22.097 +02:00 [INF] MRA POST /api/v1/utilities/ping status=200 success=true durationMs=94
2026-08-11 16:40:22.117 +02:00 [INF] MRA connectivity restored — waking offline sync worker.
2026-08-11 16:40:22.155 +02:00 [INF] ART Diagnostic WorkerHeartbeat SystemHealthMonitorService null null: All monitored subsystems healthy.
2026-08-11 16:40:35.748 +02:00 [INF] MRA EIS POST "https://dev-eis-api.mra.mw/api/v1/utilities/ping"
2026-08-11 16:40:35.825 +02:00 [INF] MRA POST /api/v1/utilities/ping status=200 success=true durationMs=79
2026-08-11 16:40:35.831 +02:00 [INF] MRA connectivity restored — waking offline sync worker.
2026-08-11 16:40:36.628 +02:00 [INF] Inventory alert scan complete: 109 products, low=1, stockout=0, overstock=0, fast=0.
2026-08-11 16:40:49.521 +02:00 [INF] ART Diagnostic DatabaseLatency SqlExpress 1 null: Performance profile sample (FPS 0.0)
2026-08-11 16:40:55.751 +02:00 [INF] MRA EIS POST "https://dev-eis-api.mra.mw/api/v1/utilities/ping"
2026-08-11 16:40:55.805 +02:00 [INF] MRA POST /api/v1/utilities/ping status=200 success=true durationMs=47
2026-08-11 16:40:55.813 +02:00 [INF] MRA connectivity restored — waking offline sync worker.
2026-08-11 16:41:01.832 +02:00 [INF] ART Diagnostic WorkerHeartbeat HealthCheckWorker null null: Heartbeat
2026-08-11 16:41:01.853 +02:00 [INF] ART Diagnostic DatabaseLatency SqlExpress 0 null: SQL round-trip 0 ms
2026-08-11 16:41:01.857 +02:00 [INF] MRA EIS POST "https://dev-eis-api.mra.mw/api/v1/utilities/ping"
2026-08-11 16:41:01.935 +02:00 [INF] MRA POST /api/v1/utilities/ping status=200 success=true durationMs=78
2026-08-11 16:41:01.941 +02:00 [INF] ART Diagnostic MraConnectivity MraEis 83 1: MRA ping ok in 83 ms.
2026-08-11 16:41:01.971 +02:00 [INF] MRA EIS POST "https://dev-eis-api.mra.mw/api/v1/utilities/ping"
2026-08-11 16:41:02.031 +02:00 [INF] MRA POST /api/v1/utilities/ping status=200 success=true durationMs=63
2026-08-11 16:41:02.038 +02:00 [INF] MRA connectivity restored — waking offline sync worker.
2026-08-11 16:41:02.038 +02:00 [INF] ART Diagnostic HealthCheck HealthCheckWorker 0 null: All subsystems healthy (SQL 0 ms, disk 129.78 GB free).
2026-08-11 16:41:07.198 +02:00 [INF] ART Diagnostic DatabaseLatency SqlExpress 23 null: SQL round-trip 23 ms
2026-08-11 16:41:07.237 +02:00 [INF] MRA EIS POST "https://dev-eis-api.mra.mw/api/v1/utilities/ping"
2026-08-11 16:41:07.343 +02:00 [INF] MRA POST /api/v1/utilities/ping status=200 success=true durationMs=109
2026-08-11 16:41:07.352 +02:00 [INF] ART Diagnostic MraConnectivity MraEis 115 1: MRA ping ok in 115 ms.
2026-08-11 16:41:07.400 +02:00 [INF] MRA EIS POST "https://dev-eis-api.mra.mw/api/v1/utilities/ping"
2026-08-11 16:41:07.488 +02:00 [INF] MRA POST /api/v1/utilities/ping status=200 success=true durationMs=78
2026-08-11 16:41:07.496 +02:00 [INF] MRA connectivity restored — waking offline sync worker.
2026-08-11 16:41:07.496 +02:00 [INF] ART Diagnostic HealthCheck HealthCheckWorker 23 null: All subsystems healthy (SQL 23 ms, disk 129.78 GB free).
2026-08-11 16:41:07.536 +02:00 [INF] MRA EIS POST "https://dev-eis-api.mra.mw/api/v1/utilities/ping"
2026-08-11 16:41:07.761 +02:00 [INF] MRA POST /api/v1/utilities/ping status=200 success=true durationMs=234
2026-08-11 16:41:07.783 +02:00 [INF] MRA connectivity restored — waking offline sync worker.
2026-08-11 16:41:07.812 +02:00 [INF] ART Diagnostic WorkerHeartbeat SystemHealthMonitorService null null: All monitored subsystems healthy.
2026-08-11 16:41:15.748 +02:00 [INF] MRA EIS POST "https://dev-eis-api.mra.mw/api/v1/utilities/ping"
2026-08-11 16:41:15.835 +02:00 [INF] MRA POST /api/v1/utilities/ping status=200 success=true durationMs=79
2026-08-11 16:41:15.847 +02:00 [INF] MRA connectivity restored — waking offline sync worker.
2026-08-11 16:41:19.554 +02:00 [INF] ART Diagnostic DatabaseLatency SqlExpress 1 null: Performance profile sample (FPS 0.0)
2026-08-11 16:41:35.738 +02:00 [INF] MRA EIS POST "https://dev-eis-api.mra.mw/api/v1/utilities/ping"
2026-08-11 16:41:35.826 +02:00 [INF] MRA POST /api/v1/utilities/ping status=200 success=true durationMs=94
2026-08-11 16:41:35.849 +02:00 [INF] MRA connectivity restored — waking offline sync worker.
2026-08-11 16:41:36.677 +02:00 [INF] Inventory alert scan complete: 109 products, low=1, stockout=0, overstock=0, fast=0.
2026-08-11 16:41:47.045 +02:00 [INF] ART Diagnostic WorkerHeartbeat HealthCheckWorker null null: Heartbeat
2026-08-11 16:41:47.051 +02:00 [INF] ART Diagnostic DatabaseLatency SqlExpress 0 null: SQL round-trip 0 ms
2026-08-11 16:41:47.055 +02:00 [INF] MRA EIS POST "https://dev-eis-api.mra.mw/api/v1/utilities/ping"
2026-08-11 16:41:47.091 +02:00 [INF] MRA POST /api/v1/utilities/ping status=200 success=true durationMs=47
2026-08-11 16:41:47.097 +02:00 [INF] ART Diagnostic MraConnectivity MraEis 42 1: MRA ping ok in 42 ms.
2026-08-11 16:41:47.127 +02:00 [INF] MRA EIS POST "https://dev-eis-api.mra.mw/api/v1/utilities/ping"
2026-08-11 16:41:47.231 +02:00 [INF] MRA POST /api/v1/utilities/ping status=200 success=true durationMs=110
2026-08-11 16:41:47.239 +02:00 [INF] MRA connectivity restored — waking offline sync worker.
2026-08-11 16:41:47.239 +02:00 [INF] ART Diagnostic HealthCheck HealthCheckWorker 0 null: All subsystems healthy (SQL 0 ms, disk 129.78 GB free).
2026-08-11 16:41:47.244 +02:00 [INF] MRA EIS POST "https://dev-eis-api.mra.mw/api/v1/sales/last-submitted-offline-transaction"
2026-08-11 16:41:47.397 +02:00 [INF] MRA POST /api/v1/sales/last-submitted-offline-transaction status=200 success=true durationMs=141
2026-08-11 16:41:47.400 +02:00 [WRN] MRA EIS last-submitted-offline-transaction returned success=false. Remark=Invoice details not found. Errors=[]. statusCode=1
2026-08-11 16:41:49.585 +02:00 [INF] ART Diagnostic DatabaseLatency SqlExpress 0 null: Performance profile sample (FPS 0.0)
2026-08-11 16:41:52.830 +02:00 [INF] ART Diagnostic DatabaseLatency SqlExpress 1 null: SQL round-trip 1 ms
2026-08-11 16:41:52.843 +02:00 [INF] MRA EIS POST "https://dev-eis-api.mra.mw/api/v1/utilities/ping"
2026-08-11 16:41:52.926 +02:00 [INF] MRA POST /api/v1/utilities/ping status=200 success=true durationMs=78
2026-08-11 16:41:52.934 +02:00 [INF] ART Diagnostic MraConnectivity MraEis 90 1: MRA ping ok in 90 ms.
2026-08-11 16:41:52.965 +02:00 [INF] MRA EIS POST "https://dev-eis-api.mra.mw/api/v1/utilities/ping"
2026-08-11 16:41:53.093 +02:00 [INF] MRA POST /api/v1/utilities/ping status=200 success=true durationMs=125
2026-08-11 16:41:53.104 +02:00 [INF] MRA connectivity restored — waking offline sync worker.
2026-08-11 16:41:53.105 +02:00 [INF] ART Diagnostic HealthCheck HealthCheckWorker 1 null: All subsystems healthy (SQL 1 ms, disk 129.78 GB free).
2026-08-11 16:41:53.141 +02:00 [INF] MRA EIS POST "https://dev-eis-api.mra.mw/api/v1/utilities/ping"
2026-08-11 16:41:53.187 +02:00 [INF] MRA POST /api/v1/utilities/ping status=200 success=true durationMs=47
2026-08-11 16:41:53.196 +02:00 [INF] MRA connectivity restored — waking offline sync worker.
2026-08-11 16:41:53.226 +02:00 [INF] ART Diagnostic WorkerHeartbeat SystemHealthMonitorService null null: All monitored subsystems healthy.
2026-08-11 16:41:55.738 +02:00 [INF] MRA EIS POST "https://dev-eis-api.mra.mw/api/v1/utilities/ping"
2026-08-11 16:41:55.844 +02:00 [INF] MRA POST /api/v1/utilities/ping status=200 success=true durationMs=109
2026-08-11 16:41:55.852 +02:00 [INF] MRA connectivity restored — waking offline sync worker.
2026-08-11 16:42:15.740 +02:00 [INF] MRA EIS POST "https://dev-eis-api.mra.mw/api/v1/utilities/ping"
2026-08-11 16:42:15.927 +02:00 [INF] MRA POST /api/v1/utilities/ping status=200 success=true durationMs=187
2026-08-11 16:42:15.935 +02:00 [INF] MRA connectivity restored — waking offline sync worker.
2026-08-11 16:42:19.637 +02:00 [INF] ART Diagnostic DatabaseLatency SqlExpress 0 null: Performance profile sample (FPS 0.0)
2026-08-11 16:42:32.245 +02:00 [INF] ART Diagnostic WorkerHeartbeat HealthCheckWorker null null: Heartbeat
2026-08-11 16:42:32.252 +02:00 [INF] ART Diagnostic DatabaseLatency SqlExpress 0 null: SQL round-trip 0 ms
2026-08-11 16:42:32.256 +02:00 [INF] MRA EIS POST "https://dev-eis-api.mra.mw/api/v1/utilities/ping"
2026-08-11 16:42:32.361 +02:00 [INF] MRA POST /api/v1/utilities/ping status=200 success=true durationMs=110
2026-08-11 16:42:32.367 +02:00 [INF] ART Diagnostic MraConnectivity MraEis 110 1: MRA ping ok in 110 ms.
2026-08-11 16:42:32.417 +02:00 [INF] MRA EIS POST "https://dev-eis-api.mra.mw/api/v1/utilities/ping"
2026-08-11 16:42:32.524 +02:00 [INF] MRA POST /api/v1/utilities/ping status=200 success=true durationMs=94
2026-08-11 16:42:32.535 +02:00 [INF] MRA connectivity restored — waking offline sync worker.
2026-08-11 16:42:32.535 +02:00 [INF] ART Diagnostic HealthCheck HealthCheckWorker 0 null: All subsystems healthy (SQL 0 ms, disk 129.78 GB free).
2026-08-11 16:42:35.750 +02:00 [INF] MRA EIS POST "https://dev-eis-api.mra.mw/api/v1/utilities/ping"
2026-08-11 16:42:35.826 +02:00 [INF] MRA POST /api/v1/utilities/ping status=200 success=true durationMs=79
2026-08-11 16:42:35.834 +02:00 [INF] MRA connectivity restored — waking offline sync worker.
2026-08-11 16:42:36.742 +02:00 [INF] Inventory alert scan complete: 109 products, low=1, stockout=0, overstock=0, fast=0.
2026-08-11 16:42:38.244 +02:00 [INF] ART Diagnostic DatabaseLatency SqlExpress 1 null: SQL round-trip 1 ms
2026-08-11 16:42:38.258 +02:00 [INF] MRA EIS POST "https://dev-eis-api.mra.mw/api/v1/utilities/ping"
2026-08-11 16:42:38.328 +02:00 [INF] MRA POST /api/v1/utilities/ping status=200 success=true durationMs=79
2026-08-11 16:42:38.335 +02:00 [INF] ART Diagnostic MraConnectivity MraEis 76 1: MRA ping ok in 76 ms.
2026-08-11 16:42:38.369 +02:00 [INF] MRA EIS POST "https://dev-eis-api.mra.mw/api/v1/utilities/ping"
2026-08-11 16:42:38.410 +02:00 [INF] MRA POST /api/v1/utilities/ping status=200 success=true durationMs=47
2026-08-11 16:42:38.418 +02:00 [INF] MRA connectivity restored — waking offline sync worker.
2026-08-11 16:42:38.419 +02:00 [INF] ART Diagnostic HealthCheck HealthCheckWorker 1 null: All subsystems healthy (SQL 1 ms, disk 129.78 GB free).
2026-08-11 16:42:38.449 +02:00 [INF] MRA EIS POST "https://dev-eis-api.mra.mw/api/v1/utilities/ping"
2026-08-11 16:42:38.525 +02:00 [INF] MRA POST /api/v1/utilities/ping status=200 success=true durationMs=78
2026-08-11 16:42:38.528 +02:00 [INF] MRA connectivity restored — waking offline sync worker.
2026-08-11 16:42:38.555 +02:00 [INF] ART Diagnostic WorkerHeartbeat SystemHealthMonitorService null null: All monitored subsystems healthy.
2026-08-11 16:42:49.671 +02:00 [INF] ART Diagnostic DatabaseLatency SqlExpress 0 null: Performance profile sample (FPS 0.0)
2026-08-11 16:42:55.743 +02:00 [INF] MRA EIS POST "https://dev-eis-api.mra.mw/api/v1/utilities/ping"
2026-08-11 16:42:55.904 +02:00 [INF] MRA POST /api/v1/utilities/ping status=200 success=true durationMs=172
2026-08-11 16:42:55.915 +02:00 [INF] MRA connectivity restored — waking offline sync worker.
2026-08-11 16:43:15.752 +02:00 [INF] MRA EIS POST "https://dev-eis-api.mra.mw/api/v1/utilities/ping"
2026-08-11 16:43:15.846 +02:00 [INF] MRA POST /api/v1/utilities/ping status=200 success=true durationMs=94
2026-08-11 16:43:15.855 +02:00 [INF] MRA connectivity restored — waking offline sync worker.
2026-08-11 16:43:17.553 +02:00 [INF] ART Diagnostic WorkerHeartbeat HealthCheckWorker null null: Heartbeat
2026-08-11 16:43:17.558 +02:00 [INF] ART Diagnostic DatabaseLatency SqlExpress 0 null: SQL round-trip 0 ms
2026-08-11 16:43:17.564 +02:00 [INF] MRA EIS POST "https://dev-eis-api.mra.mw/api/v1/utilities/ping"
2026-08-11 16:43:17.623 +02:00 [INF] MRA POST /api/v1/utilities/ping status=200 success=true durationMs=62
2026-08-11 16:43:17.627 +02:00 [INF] ART Diagnostic MraConnectivity MraEis 63 1: MRA ping ok in 63 ms.
2026-08-11 16:43:17.662 +02:00 [INF] MRA EIS POST "https://dev-eis-api.mra.mw/api/v1/utilities/ping"
2026-08-11 16:43:17.793 +02:00 [INF] MRA POST /api/v1/utilities/ping status=200 success=true durationMs=140
2026-08-11 16:43:17.798 +02:00 [INF] MRA connectivity restored — waking offline sync worker.
2026-08-11 16:43:17.799 +02:00 [INF] ART Diagnostic HealthCheck HealthCheckWorker 0 null: All subsystems healthy (SQL 0 ms, disk 129.78 GB free).
2026-08-11 16:43:17.803 +02:00 [INF] MRA EIS POST "https://dev-eis-api.mra.mw/api/v1/sales/last-submitted-offline-transaction"
2026-08-11 16:43:17.981 +02:00 [INF] MRA POST /api/v1/sales/last-submitted-offline-transaction status=200 success=true durationMs=188
2026-08-11 16:43:17.989 +02:00 [WRN] MRA EIS last-submitted-offline-transaction returned success=false. Remark=Invoice details not found. Errors=[]. statusCode=1
2026-08-11 16:43:19.695 +02:00 [INF] ART Diagnostic DatabaseLatency SqlExpress 0 null: Performance profile sample (FPS 0.0)
2026-08-11 16:43:23.559 +02:00 [INF] ART Diagnostic DatabaseLatency SqlExpress 0 null: SQL round-trip 0 ms
2026-08-11 16:43:23.582 +02:00 [INF] MRA EIS POST "https://dev-eis-api.mra.mw/api/v1/utilities/ping"
2026-08-11 16:43:23.736 +02:00 [INF] MRA POST /api/v1/utilities/ping status=200 success=true durationMs=156
2026-08-11 16:43:23.740 +02:00 [INF] ART Diagnostic MraConnectivity MraEis 157 1: MRA ping ok in 157 ms.
2026-08-11 16:43:23.778 +02:00 [INF] MRA EIS POST "https://dev-eis-api.mra.mw/api/v1/utilities/ping"
2026-08-11 16:43:23.859 +02:00 [INF] MRA POST /api/v1/utilities/ping status=200 success=true durationMs=78
2026-08-11 16:43:23.866 +02:00 [INF] MRA connectivity restored — waking offline sync worker.
2026-08-11 16:43:23.866 +02:00 [INF] ART Diagnostic HealthCheck HealthCheckWorker 0 null: All subsystems healthy (SQL 0 ms, disk 129.76 GB free).
2026-08-11 16:43:23.907 +02:00 [INF] MRA EIS POST "https://dev-eis-api.mra.mw/api/v1/utilities/ping"
2026-08-11 16:43:23.957 +02:00 [INF] MRA POST /api/v1/utilities/ping status=200 success=true durationMs=47
2026-08-11 16:43:23.960 +02:00 [INF] MRA connectivity restored — waking offline sync worker.
2026-08-11 16:43:23.993 +02:00 [INF] ART Diagnostic WorkerHeartbeat SystemHealthMonitorService null null: All monitored subsystems healthy.
2026-08-11 16:43:35.744 +02:00 [INF] MRA EIS POST "https://dev-eis-api.mra.mw/api/v1/utilities/ping"
2026-08-11 16:43:35.819 +02:00 [INF] MRA POST /api/v1/utilities/ping status=200 success=true durationMs=63
2026-08-11 16:43:35.834 +02:00 [INF] MRA connectivity restored — waking offline sync worker.
2026-08-11 16:43:36.778 +02:00 [INF] Inventory alert scan complete: 109 products, low=1, stockout=0, overstock=0, fast=0.
2026-08-11 16:43:49.728 +02:00 [INF] ART Diagnostic DatabaseLatency SqlExpress 1 null: Performance profile sample (FPS 0.0)
