2026-07-27 08:40:02.037 +02:00 [INF] SQL Express schema ready (version 32).
2026-07-27 08:40:02.212 +02:00 [WRN] Phase 37 InitialSetup.sql apply skipped after error (schema already bootstrapped in-app).
Microsoft.Data.SqlClient.SqlException (0x80131904): Filtered index 'IX_OfflineInvoiceQueue_PendingFifo' cannot be created on table 'dbo.OfflineInvoiceQueue' because the column 'Status' in the filter expression is compared with a constant of higher data type precedence or of a different collation. Converting a column to the data type of a constant is not supported for filtered indexes. To resolve this error, explicitly convert the constant to the same data type and collation as the column 'Status'.
   at Microsoft.Data.SqlClient.SqlConnection.OnError(SqlException exception, Boolean breakConnection, Action`1 wrapCloseInAction)
   at Microsoft.Data.SqlClient.SqlInternalConnection.OnError(SqlException exception, Boolean breakConnection, Action`1 wrapCloseInAction)
   at Microsoft.Data.SqlClient.TdsParser.ThrowExceptionAndWarning(TdsParserStateObject stateObj, SqlCommand command, Boolean callerHasConnectionLock, Boolean asyncClose)
   at Microsoft.Data.SqlClient.TdsParser.TryRun(RunBehavior runBehavior, SqlCommand cmdHandler, SqlDataReader dataStream, BulkCopySimpleResultSet bulkCopyHandler, TdsParserStateObject stateObj, Boolean& dataReady)
   at Microsoft.Data.SqlClient.SqlCommand.InternalEndExecuteNonQuery(IAsyncResult asyncResult, Boolean isInternal, String endMethod)
   at Microsoft.Data.SqlClient.SqlCommand.EndExecuteNonQueryInternal(IAsyncResult asyncResult)
   at Microsoft.Data.SqlClient.SqlCommand.EndExecuteNonQueryAsync(IAsyncResult asyncResult)
   at Microsoft.Data.SqlClient.SqlCommand.<>c.<InternalExecuteNonQueryAsync>b__193_1(IAsyncResult asyncResult)
   at System.Threading.Tasks.TaskFactory`1.FromAsyncCoreLogic(IAsyncResult iar, Func`2 endFunction, Action`1 endAction, Task`1 promise, Boolean requiresSynchronization)
--- End of stack trace from previous location ---
   at PointOfSale.App.Services.FirstRunBootstrapService.TryApplyInitialSetupScriptAsync(CancellationToken cancellationToken) in C:\Users\Albert Zee\Documents\Projects\Point Of Sale\src\PointOfSale.App\Services\FirstRunBootstrapService.cs:line 402
   at PointOfSale.App.Services.FirstRunBootstrapService.TryApplyInitialSetupScriptAsync(CancellationToken cancellationToken) in C:\Users\Albert Zee\Documents\Projects\Point Of Sale\src\PointOfSale.App\Services\FirstRunBootstrapService.cs:line 402
   at PointOfSale.App.Services.FirstRunBootstrapService.TryApplyInitialSetupScriptAsync(CancellationToken cancellationToken) in C:\Users\Albert Zee\Documents\Projects\Point Of Sale\src\PointOfSale.App\Services\FirstRunBootstrapService.cs:line 405
ClientConnectionId:4b52a9a6-db1f-4ebc-b49e-46e757680e0b
Error Number:10611,State:1,Class:16
2026-07-27 08:40:02.597 +02:00 [INF] Offline invoice FIFO sync worker started (interval 15s). Auto-print is handled after successful MRA sync.
2026-07-27 08:40:02.614 +02:00 [INF] Hardware fault-tolerance loop started (probe every 20s).
2026-07-27 08:40:02.617 +02:00 [INF] ArchivalCompressionBackgroundService is disabled.
2026-07-27 08:40:02.621 +02:00 [INF] Inventory alert scanner started (interval 60s).
2026-07-27 08:40:02.635 +02:00 [INF] HealthCheckWorker started (interval 45s).
2026-07-27 08:40:02.637 +02:00 [INF] System health monitor started (interval 45s).
2026-07-27 08:40:02.639 +02:00 [INF] PerformanceProfilingBackgroundService started (sample 30s, flush 300s).
2026-07-27 08:40:02.640 +02:00 [INF] DatabaseMaintenanceBackgroundService started (interval 24h).
2026-07-27 08:40:02.825 +02:00 [INF] SQL Express schema ready (version 32).
2026-07-27 08:40:02.894 +02:00 [WRN] Phase 37 InitialSetup.sql apply skipped after error (schema already bootstrapped in-app).
Microsoft.Data.SqlClient.SqlException (0x80131904): Filtered index 'IX_OfflineInvoiceQueue_PendingFifo' cannot be created on table 'dbo.OfflineInvoiceQueue' because the column 'Status' in the filter expression is compared with a constant of higher data type precedence or of a different collation. Converting a column to the data type of a constant is not supported for filtered indexes. To resolve this error, explicitly convert the constant to the same data type and collation as the column 'Status'.
   at Microsoft.Data.SqlClient.SqlConnection.OnError(SqlException exception, Boolean breakConnection, Action`1 wrapCloseInAction)
   at Microsoft.Data.SqlClient.SqlInternalConnection.OnError(SqlException exception, Boolean breakConnection, Action`1 wrapCloseInAction)
   at Microsoft.Data.SqlClient.TdsParser.ThrowExceptionAndWarning(TdsParserStateObject stateObj, SqlCommand command, Boolean callerHasConnectionLock, Boolean asyncClose)
   at Microsoft.Data.SqlClient.TdsParser.TryRun(RunBehavior runBehavior, SqlCommand cmdHandler, SqlDataReader dataStream, BulkCopySimpleResultSet bulkCopyHandler, TdsParserStateObject stateObj, Boolean& dataReady)
   at Microsoft.Data.SqlClient.SqlCommand.InternalEndExecuteNonQuery(IAsyncResult asyncResult, Boolean isInternal, String endMethod)
   at Microsoft.Data.SqlClient.SqlCommand.EndExecuteNonQueryInternal(IAsyncResult asyncResult)
   at Microsoft.Data.SqlClient.SqlCommand.EndExecuteNonQueryAsync(IAsyncResult asyncResult)
   at Microsoft.Data.SqlClient.SqlCommand.<>c.<InternalExecuteNonQueryAsync>b__193_1(IAsyncResult asyncResult)
   at System.Threading.Tasks.TaskFactory`1.FromAsyncCoreLogic(IAsyncResult iar, Func`2 endFunction, Action`1 endAction, Task`1 promise, Boolean requiresSynchronization)
--- End of stack trace from previous location ---
   at PointOfSale.App.Services.FirstRunBootstrapService.TryApplyInitialSetupScriptAsync(CancellationToken cancellationToken) in C:\Users\Albert Zee\Documents\Projects\Point Of Sale\src\PointOfSale.App\Services\FirstRunBootstrapService.cs:line 402
   at PointOfSale.App.Services.FirstRunBootstrapService.TryApplyInitialSetupScriptAsync(CancellationToken cancellationToken) in C:\Users\Albert Zee\Documents\Projects\Point Of Sale\src\PointOfSale.App\Services\FirstRunBootstrapService.cs:line 402
   at PointOfSale.App.Services.FirstRunBootstrapService.TryApplyInitialSetupScriptAsync(CancellationToken cancellationToken) in C:\Users\Albert Zee\Documents\Projects\Point Of Sale\src\PointOfSale.App\Services\FirstRunBootstrapService.cs:line 405
ClientConnectionId:3d19d64b-69dd-4c82-bbd3-aa368a9a7bc6
Error Number:10611,State:1,Class:16
2026-07-27 08:40:03.030 +02:00 [INF] Inventory alert scan complete: 8 products, low=0, stockout=0, overstock=0, fast=0.
2026-07-27 08:40:10.703 +02:00 [INF] ART Diagnostic WorkerHeartbeat HealthCheckWorker null null: Heartbeat
2026-07-27 08:40:11.144 +02:00 [INF] ART Diagnostic DatabaseLatency SqlExpress 82 null: SQL round-trip 82 ms
2026-07-27 08:40:11.387 +02:00 [INF] ART Diagnostic MraConnectivity MraEis 98 404: MRA reachable (404) in 98 ms.
2026-07-27 08:40:11.472 +02:00 [INF] ART Diagnostic HealthCheck HealthCheckWorker 82 null: All subsystems healthy (SQL 82 ms, disk 50.43 GB free).
2026-07-27 08:40:14.654 +02:00 [INF] ART Diagnostic DatabaseLatency SqlExpress 1 null: SQL round-trip 1 ms
2026-07-27 08:40:14.679 +02:00 [INF] ART Diagnostic MraConnectivity MraEis 14 404: MRA reachable (404) in 14 ms.
2026-07-27 08:40:14.741 +02:00 [INF] ART Diagnostic HealthCheck HealthCheckWorker 1 null: All subsystems healthy (SQL 1 ms, disk 50.43 GB free).
2026-07-27 08:40:14.966 +02:00 [INF] ART Diagnostic DatabaseLatency SqlExpress 4 null: Performance profile sample (FPS 0.0)
2026-07-27 08:40:17.969 +02:00 [INF] ART Diagnostic WorkerHeartbeat SystemHealthMonitorService null null: All monitored subsystems healthy.
2026-07-27 08:40:45.243 +02:00 [INF] ART Diagnostic DatabaseLatency SqlExpress 1 null: Performance profile sample (FPS 0.0)
2026-07-27 08:40:56.600 +02:00 [INF] ART Diagnostic WorkerHeartbeat HealthCheckWorker null null: Heartbeat
2026-07-27 08:40:56.612 +02:00 [INF] ART Diagnostic DatabaseLatency SqlExpress 0 null: SQL round-trip 0 ms
2026-07-27 08:40:56.631 +02:00 [INF] ART Diagnostic MraConnectivity MraEis 13 404: MRA reachable (404) in 13 ms.
2026-07-27 08:40:56.716 +02:00 [INF] ART Diagnostic HealthCheck HealthCheckWorker 0 null: All subsystems healthy (SQL 0 ms, disk 50.43 GB free).
2026-07-27 08:41:02.974 +02:00 [INF] ART Diagnostic DatabaseLatency SqlExpress 1 null: SQL round-trip 1 ms
2026-07-27 08:41:02.997 +02:00 [INF] ART Diagnostic MraConnectivity MraEis 14 404: MRA reachable (404) in 14 ms.
2026-07-27 08:41:03.046 +02:00 [INF] Inventory alert scan complete: 8 products, low=0, stockout=0, overstock=0, fast=0.
2026-07-27 08:41:03.065 +02:00 [INF] ART Diagnostic HealthCheck HealthCheckWorker 1 null: All subsystems healthy (SQL 1 ms, disk 50.43 GB free).
2026-07-27 08:41:03.179 +02:00 [INF] ART Diagnostic WorkerHeartbeat SystemHealthMonitorService null null: All monitored subsystems healthy.
2026-07-27 08:41:15.346 +02:00 [INF] ART Diagnostic DatabaseLatency SqlExpress 1 null: Performance profile sample (FPS 0.0)
2026-07-27 08:41:39.862 +02:00 [INF] MRA EIS POST "https://dev-eis-api.mra.mw/api/v1/sales/submit-sales-transaction"
2026-07-27 08:41:39.864 +02:00 [INF] MRA EIS request payload for "https://dev-eis-api.mra.mw/api/v1/sales/submit-sales-transaction": {"invoiceHeader":{"invoiceNumber":"ART-20260724164619","invoiceDateTime":"2026-07-24T14:46:21.124Z","sellerTIN":"1234567890","siteId":"SITE-CITY-CENTER","globalConfigVersion":1,"taxpayerConfigVersion":1,"terminalConfigVersion":1,"isReliefSupply":false,"paymentMethod":"Cash"},"invoiceLineItems":[{"id":1,"productCode":"ART-WATER-500","description":"Bottled Water 500ml","unitPrice":350.00,"quantity":1,"discount":0,"total":350.00,"totalVAT":61.25,"taxRateId":"A","isProduct":true},{"id":2,"productCode":"ART-OIL-1L","description":"Cooking Oil 1L","unitPrice":5200.00,"quantity":1,"discount":0,"total":5200.00,"totalVAT":910.00,"taxRateId":"A","isProduct":true}],"invoiceSummary":{"taxBreakDown":[{"rateId":"A","taxableAmount":5550.00,"taxAmount":971.25}],"totalVAT":971.25,"invoiceTotal":6521.25,"amountTendered":6521.25}}
2026-07-27 08:41:39.956 +02:00 [INF] MRA POST /api/v1/sales/submit-sales-transaction status=500 success=false durationMs=78
2026-07-27 08:41:40.023 +02:00 [WRN] MRA EIS HTTP 500 for POST "https://dev-eis-api.mra.mw/api/v1/sales/submit-sales-transaction". RequestPayload={"invoiceHeader":{"invoiceNumber":"ART-20260724164619","invoiceDateTime":"2026-07-24T14:46:21.124Z","sellerTIN":"1234567890","siteId":"SITE-CITY-CENTER","globalConfigVersion":1,"taxpayerConfigVersion":1,"terminalConfigVersion":1,"isReliefSupply":false,"paymentMethod":"Cash"},"invoiceLineItems":[{"id":1,"productCode":"ART-WATER-500","description":"Bottled Water 500ml","unitPrice":350.00,"quantity":1,"discount":0,"total":350.00,"totalVAT":61.25,"taxRateId":"A","isProduct":true},{"id":2,"productCode":"ART-OIL-1L","description":"Cooking Oil 1L","unitPrice":5200.00,"quantity":1,"discount":0,"total":5200.00,"totalVAT":910.00,"taxRateId":"A","isProduct":true}],"invoiceSummary":{"taxBreakDown":[{"rateId":"A","taxableAmount":5550.00,"taxAmount":971.25}],"totalVAT":971.25,"invoiceTotal":6521.25,"amountTendered":6521.25}}. ResponseBody={"message":"An internal error occurred"}
2026-07-27 08:41:40.064 +02:00 [WRN] Quarantined queue id 2009 after MRA HTTP 500: MRA EIS HTTP 500: Internal Server Error — An internal error occurred. ResponseBody={"message":"An internal error occurred"}
2026-07-27 08:41:41.755 +02:00 [INF] ART Diagnostic WorkerHeartbeat HealthCheckWorker null null: Heartbeat
2026-07-27 08:41:41.783 +02:00 [INF] ART Diagnostic DatabaseLatency SqlExpress 2 null: SQL round-trip 2 ms
2026-07-27 08:41:41.806 +02:00 [INF] ART Diagnostic MraConnectivity MraEis 15 404: MRA reachable (404) in 15 ms.
2026-07-27 08:41:44.937 +02:00 [INF] ART Diagnostic HealthCheck HealthCheckWorker 2 null: All subsystems healthy (SQL 2 ms, disk 50.43 GB free).
2026-07-27 08:41:47.136 +02:00 [INF] MRA EIS POST "https://dev-eis-api.mra.mw/api/v1/sales/submit-sales-transaction"
2026-07-27 08:41:47.136 +02:00 [INF] MRA EIS request payload for "https://dev-eis-api.mra.mw/api/v1/sales/submit-sales-transaction": {"invoiceHeader":{"invoiceNumber":"ART-20260724164619","invoiceDateTime":"2026-07-24T14:46:21.124Z","sellerTIN":"1234567890","siteId":"SITE-CITY-CENTER","globalConfigVersion":1,"taxpayerConfigVersion":1,"terminalConfigVersion":1,"isReliefSupply":false,"paymentMethod":"Cash"},"invoiceLineItems":[{"id":1,"productCode":"ART-WATER-500","description":"Bottled Water 500ml","unitPrice":350.00,"quantity":1,"discount":0,"total":350.00,"totalVAT":61.25,"taxRateId":"A","isProduct":true},{"id":2,"productCode":"ART-OIL-1L","description":"Cooking Oil 1L","unitPrice":5200.00,"quantity":1,"discount":0,"total":5200.00,"totalVAT":910.00,"taxRateId":"A","isProduct":true}],"invoiceSummary":{"taxBreakDown":[{"rateId":"A","taxableAmount":5550.00,"taxAmount":971.25}],"totalVAT":971.25,"invoiceTotal":6521.25,"amountTendered":6521.25}}
2026-07-27 08:41:47.158 +02:00 [INF] MRA POST /api/v1/sales/submit-sales-transaction status=500 success=false durationMs=31
2026-07-27 08:41:47.199 +02:00 [WRN] MRA EIS HTTP 500 for POST "https://dev-eis-api.mra.mw/api/v1/sales/submit-sales-transaction". RequestPayload={"invoiceHeader":{"invoiceNumber":"ART-20260724164619","invoiceDateTime":"2026-07-24T14:46:21.124Z","sellerTIN":"1234567890","siteId":"SITE-CITY-CENTER","globalConfigVersion":1,"taxpayerConfigVersion":1,"terminalConfigVersion":1,"isReliefSupply":false,"paymentMethod":"Cash"},"invoiceLineItems":[{"id":1,"productCode":"ART-WATER-500","description":"Bottled Water 500ml","unitPrice":350.00,"quantity":1,"discount":0,"total":350.00,"totalVAT":61.25,"taxRateId":"A","isProduct":true},{"id":2,"productCode":"ART-OIL-1L","description":"Cooking Oil 1L","unitPrice":5200.00,"quantity":1,"discount":0,"total":5200.00,"totalVAT":910.00,"taxRateId":"A","isProduct":true}],"invoiceSummary":{"taxBreakDown":[{"rateId":"A","taxableAmount":5550.00,"taxAmount":971.25}],"totalVAT":971.25,"invoiceTotal":6521.25,"amountTendered":6521.25}}. ResponseBody={"message":"An internal error occurred"}
2026-07-27 08:41:47.208 +02:00 [WRN] Quarantined queue id 2009 after MRA HTTP 500: MRA EIS HTTP 500: Internal Server Error — An internal error occurred. ResponseBody={"message":"An internal error occurred"}
2026-07-27 08:41:48.187 +02:00 [INF] ART Diagnostic DatabaseLatency SqlExpress 1 null: SQL round-trip 1 ms
2026-07-27 08:41:48.217 +02:00 [INF] ART Diagnostic MraConnectivity MraEis 15 404: MRA reachable (404) in 15 ms.
2026-07-27 08:41:48.283 +02:00 [INF] ART Diagnostic HealthCheck HealthCheckWorker 1 null: All subsystems healthy (SQL 1 ms, disk 50.43 GB free).
2026-07-27 08:41:48.380 +02:00 [INF] ART Diagnostic WorkerHeartbeat SystemHealthMonitorService null null: All monitored subsystems healthy.
2026-07-27 08:41:55.311 +02:00 [INF] ART Diagnostic DatabaseLatency SqlExpress 1 null: Performance profile sample (FPS 0.0)
2026-07-27 08:42:03.083 +02:00 [INF] Inventory alert scan complete: 8 products, low=0, stockout=0, overstock=0, fast=0.
2026-07-27 08:42:25.398 +02:00 [INF] ART Diagnostic DatabaseLatency SqlExpress 1 null: Performance profile sample (FPS 0.0)
2026-07-27 08:42:26.508 +02:00 [INF] MRA EIS POST "https://dev-eis-api.mra.mw/api/v1/sales/get-invoice-by-number"
2026-07-27 08:42:26.508 +02:00 [INF] MRA EIS request payload for "https://dev-eis-api.mra.mw/api/v1/sales/get-invoice-by-number": {"invoiceNumber":"ART-20260724164619"}
2026-07-27 08:42:26.530 +02:00 [INF] MRA POST /api/v1/sales/get-invoice-by-number status=500 success=false durationMs=31
2026-07-27 08:42:26.538 +02:00 [WRN] MRA EIS HTTP 500 for POST "https://dev-eis-api.mra.mw/api/v1/sales/get-invoice-by-number". RequestPayload={"invoiceNumber":"ART-20260724164619"}. ResponseBody={"message":"An internal error occurred"}
2026-07-27 08:42:29.947 +02:00 [INF] ART Diagnostic WorkerHeartbeat HealthCheckWorker null null: Heartbeat
2026-07-27 08:42:29.955 +02:00 [INF] ART Diagnostic DatabaseLatency SqlExpress 1 null: SQL round-trip 1 ms
2026-07-27 08:42:33.057 +02:00 [INF] ART Diagnostic MraConnectivity MraEis 3095 404: MRA reachable (404) in 3095 ms.
2026-07-27 08:42:33.150 +02:00 [INF] ART Diagnostic HealthCheck HealthCheckWorker 1 null: All subsystems healthy (SQL 1 ms, disk 50.43 GB free).
2026-07-27 08:42:33.385 +02:00 [INF] ART Diagnostic DatabaseLatency SqlExpress 0 null: SQL round-trip 0 ms
2026-07-27 08:42:33.403 +02:00 [INF] ART Diagnostic MraConnectivity MraEis 14 404: MRA reachable (404) in 14 ms.
2026-07-27 08:42:33.469 +02:00 [INF] ART Diagnostic HealthCheck HealthCheckWorker 0 null: All subsystems healthy (SQL 0 ms, disk 50.42 GB free).
2026-07-27 08:42:33.585 +02:00 [INF] ART Diagnostic WorkerHeartbeat SystemHealthMonitorService null null: All monitored subsystems healthy.
2026-07-27 08:42:55.548 +02:00 [INF] ART Diagnostic DatabaseLatency SqlExpress 5 null: Performance profile sample (FPS 0.0)
2026-07-27 08:43:03.100 +02:00 [INF] Inventory alert scan complete: 8 products, low=0, stockout=0, overstock=0, fast=0.
2026-07-27 08:43:18.165 +02:00 [INF] ART Diagnostic WorkerHeartbeat HealthCheckWorker null null: Heartbeat
2026-07-27 08:43:18.182 +02:00 [INF] ART Diagnostic DatabaseLatency SqlExpress 1 null: SQL round-trip 1 ms
2026-07-27 08:43:18.202 +02:00 [INF] ART Diagnostic MraConnectivity MraEis 14 404: MRA reachable (404) in 14 ms.
2026-07-27 08:43:18.605 +02:00 [INF] ART Diagnostic DatabaseLatency SqlExpress 2 null: SQL round-trip 2 ms
2026-07-27 08:43:18.626 +02:00 [INF] ART Diagnostic MraConnectivity MraEis 14 404: MRA reachable (404) in 14 ms.
2026-07-27 08:43:18.632 +02:00 [INF] ART Diagnostic HealthCheck HealthCheckWorker 2 null: All subsystems healthy (SQL 2 ms, disk 50.42 GB free).
2026-07-27 08:43:18.699 +02:00 [INF] ART Diagnostic WorkerHeartbeat SystemHealthMonitorService null null: All monitored subsystems healthy.
2026-07-27 08:43:21.315 +02:00 [INF] ART Diagnostic HealthCheck HealthCheckWorker 1 null: All subsystems healthy (SQL 1 ms, disk 50.42 GB free).
2026-07-27 08:43:25.874 +02:00 [INF] ART Diagnostic DatabaseLatency SqlExpress 1 null: Performance profile sample (FPS 0.0)
2026-07-27 08:44:00.612 +02:00 [INF] ART Diagnostic DatabaseLatency SqlExpress 0 null: Performance profile sample (FPS 0.0)
2026-07-27 08:44:03.124 +02:00 [INF] Inventory alert scan complete: 8 products, low=0, stockout=0, overstock=0, fast=0.
2026-07-27 08:44:03.722 +02:00 [INF] ART Diagnostic DatabaseLatency SqlExpress 1 null: SQL round-trip 1 ms
2026-07-27 08:44:03.753 +02:00 [INF] ART Diagnostic MraConnectivity MraEis 21 404: MRA reachable (404) in 21 ms.
2026-07-27 08:44:06.329 +02:00 [INF] ART Diagnostic WorkerHeartbeat HealthCheckWorker null null: Heartbeat
2026-07-27 08:44:06.338 +02:00 [INF] ART Diagnostic DatabaseLatency SqlExpress 1 null: SQL round-trip 1 ms
2026-07-27 08:44:06.359 +02:00 [INF] ART Diagnostic MraConnectivity MraEis 15 404: MRA reachable (404) in 15 ms.
2026-07-27 08:44:06.366 +02:00 [INF] ART Diagnostic HealthCheck HealthCheckWorker 1 null: All subsystems healthy (SQL 1 ms, disk 50.42 GB free).
2026-07-27 08:44:06.883 +02:00 [INF] ART Diagnostic HealthCheck HealthCheckWorker 1 null: All subsystems healthy (SQL 1 ms, disk 50.42 GB free).
2026-07-27 08:44:07.010 +02:00 [INF] ART Diagnostic WorkerHeartbeat SystemHealthMonitorService null null: All monitored subsystems healthy.
2026-07-27 08:44:30.673 +02:00 [INF] ART Diagnostic DatabaseLatency SqlExpress 0 null: Performance profile sample (FPS 0.0)
2026-07-27 08:44:51.387 +02:00 [INF] ART Diagnostic WorkerHeartbeat HealthCheckWorker null null: Heartbeat
2026-07-27 08:44:51.394 +02:00 [INF] ART Diagnostic DatabaseLatency SqlExpress 1 null: SQL round-trip 1 ms
2026-07-27 08:44:51.415 +02:00 [INF] ART Diagnostic MraConnectivity MraEis 14 404: MRA reachable (404) in 14 ms.
2026-07-27 08:44:51.500 +02:00 [INF] ART Diagnostic HealthCheck HealthCheckWorker 1 null: All subsystems healthy (SQL 1 ms, disk 50.42 GB free).
2026-07-27 08:44:52.013 +02:00 [INF] ART Diagnostic DatabaseLatency SqlExpress 1 null: SQL round-trip 1 ms
2026-07-27 08:44:52.033 +02:00 [INF] ART Diagnostic MraConnectivity MraEis 14 404: MRA reachable (404) in 14 ms.
2026-07-27 08:44:55.202 +02:00 [INF] ART Diagnostic HealthCheck HealthCheckWorker 1 null: All subsystems healthy (SQL 1 ms, disk 50.42 GB free).
2026-07-27 08:44:55.324 +02:00 [INF] ART Diagnostic WorkerHeartbeat SystemHealthMonitorService null null: All monitored subsystems healthy.
2026-07-27 08:45:10.800 +02:00 [INF] Inventory alert scan complete: 8 products, low=0, stockout=0, overstock=0, fast=0.
2026-07-27 08:45:10.813 +02:00 [INF] ART Diagnostic DatabaseLatency SqlExpress 1 null: Performance profile sample (FPS 0.0)
2026-07-27 08:45:36.500 +02:00 [INF] ART Diagnostic WorkerHeartbeat HealthCheckWorker null null: Heartbeat
2026-07-27 08:45:36.552 +02:00 [INF] ART Diagnostic DatabaseLatency SqlExpress 0 null: SQL round-trip 0 ms
2026-07-27 08:45:39.679 +02:00 [INF] ART Diagnostic MraConnectivity MraEis 3104 404: MRA reachable (404) in 3104 ms.
2026-07-27 08:45:40.330 +02:00 [INF] ART Diagnostic DatabaseLatency SqlExpress 2 null: SQL round-trip 2 ms
2026-07-27 08:45:40.352 +02:00 [INF] ART Diagnostic MraConnectivity MraEis 15 404: MRA reachable (404) in 15 ms.
2026-07-27 08:45:40.358 +02:00 [INF] ART Diagnostic HealthCheck HealthCheckWorker 2 null: All subsystems healthy (SQL 2 ms, disk 50.42 GB free).
2026-07-27 08:45:40.412 +02:00 [INF] ART Diagnostic WorkerHeartbeat SystemHealthMonitorService null null: All monitored subsystems healthy.
2026-07-27 08:45:40.858 +02:00 [INF] ART Diagnostic DatabaseLatency SqlExpress 0 null: Performance profile sample (FPS 0.0)
2026-07-27 08:45:42.818 +02:00 [INF] ART Diagnostic HealthCheck HealthCheckWorker 0 null: All subsystems healthy (SQL 0 ms, disk 50.42 GB free).
2026-07-27 08:46:10.859 +02:00 [INF] Inventory alert scan complete: 8 products, low=0, stockout=0, overstock=0, fast=0.
2026-07-27 08:46:10.929 +02:00 [INF] ART Diagnostic DatabaseLatency SqlExpress 0 null: Performance profile sample (FPS 0.0)
2026-07-27 08:46:25.563 +02:00 [INF] ART Diagnostic DatabaseLatency SqlExpress 1 null: SQL round-trip 1 ms
2026-07-27 08:46:25.585 +02:00 [INF] ART Diagnostic MraConnectivity MraEis 16 404: MRA reachable (404) in 16 ms.
2026-07-27 08:46:27.842 +02:00 [INF] ART Diagnostic WorkerHeartbeat HealthCheckWorker null null: Heartbeat
2026-07-27 08:46:27.858 +02:00 [INF] ART Diagnostic DatabaseLatency SqlExpress 1 null: SQL round-trip 1 ms
2026-07-27 08:46:27.880 +02:00 [INF] ART Diagnostic MraConnectivity MraEis 15 404: MRA reachable (404) in 15 ms.
2026-07-27 08:46:27.899 +02:00 [INF] ART Diagnostic HealthCheck HealthCheckWorker 1 null: All subsystems healthy (SQL 1 ms, disk 50.42 GB free).
2026-07-27 08:46:27.942 +02:00 [INF] ART Diagnostic HealthCheck HealthCheckWorker 1 null: All subsystems healthy (SQL 1 ms, disk 50.42 GB free).
2026-07-27 08:46:28.049 +02:00 [INF] ART Diagnostic WorkerHeartbeat SystemHealthMonitorService null null: All monitored subsystems healthy.
2026-07-27 08:46:41.011 +02:00 [INF] ART Diagnostic DatabaseLatency SqlExpress 1 null: Performance profile sample (FPS 0.0)
2026-07-27 08:47:10.910 +02:00 [INF] Inventory alert scan complete: 8 products, low=0, stockout=0, overstock=0, fast=0.
2026-07-27 08:47:11.085 +02:00 [INF] ART Diagnostic DatabaseLatency SqlExpress 1 null: Performance profile sample (FPS 0.0)
2026-07-27 08:47:12.914 +02:00 [INF] ART Diagnostic WorkerHeartbeat HealthCheckWorker null null: Heartbeat
2026-07-27 08:47:12.932 +02:00 [INF] ART Diagnostic DatabaseLatency SqlExpress 0 null: SQL round-trip 0 ms
2026-07-27 08:47:13.055 +02:00 [INF] ART Diagnostic DatabaseLatency SqlExpress 0 null: SQL round-trip 0 ms
2026-07-27 08:47:13.101 +02:00 [INF] ART Diagnostic MraConnectivity MraEis 38 404: MRA reachable (404) in 38 ms.
2026-07-27 08:47:13.170 +02:00 [INF] ART Diagnostic HealthCheck HealthCheckWorker 0 null: All subsystems healthy (SQL 0 ms, disk 50.42 GB free).
2026-07-27 08:47:16.002 +02:00 [INF] ART Diagnostic MraConnectivity MraEis 3067 404: MRA reachable (404) in 3067 ms.
2026-07-27 08:47:16.066 +02:00 [INF] ART Diagnostic WorkerHeartbeat SystemHealthMonitorService null null: All monitored subsystems healthy.
2026-07-27 08:47:16.124 +02:00 [INF] ART Diagnostic HealthCheck HealthCheckWorker 0 null: All subsystems healthy (SQL 0 ms, disk 50.42 GB free).
2026-07-27 08:47:41.156 +02:00 [INF] ART Diagnostic DatabaseLatency SqlExpress 1 null: Performance profile sample (FPS 0.0)
2026-07-27 08:48:01.072 +02:00 [INF] ART Diagnostic DatabaseLatency SqlExpress 0 null: SQL round-trip 0 ms
2026-07-27 08:48:01.091 +02:00 [INF] ART Diagnostic MraConnectivity MraEis 14 404: MRA reachable (404) in 14 ms.
2026-07-27 08:48:01.227 +02:00 [INF] ART Diagnostic WorkerHeartbeat HealthCheckWorker null null: Heartbeat
2026-07-27 08:48:01.232 +02:00 [INF] ART Diagnostic DatabaseLatency SqlExpress 0 null: SQL round-trip 0 ms
2026-07-27 08:48:01.248 +02:00 [INF] ART Diagnostic MraConnectivity MraEis 14 404: MRA reachable (404) in 14 ms.
2026-07-27 08:48:01.251 +02:00 [INF] ART Diagnostic HealthCheck HealthCheckWorker 0 null: All subsystems healthy (SQL 0 ms, disk 50.42 GB free).
2026-07-27 08:48:04.256 +02:00 [INF] ART Diagnostic HealthCheck HealthCheckWorker 0 null: All subsystems healthy (SQL 0 ms, disk 50.42 GB free).
2026-07-27 08:48:04.376 +02:00 [INF] ART Diagnostic WorkerHeartbeat SystemHealthMonitorService null null: All monitored subsystems healthy.
2026-07-27 08:48:10.948 +02:00 [INF] Inventory alert scan complete: 8 products, low=0, stockout=0, overstock=0, fast=0.
2026-07-27 08:48:11.215 +02:00 [INF] ART Diagnostic DatabaseLatency SqlExpress 1 null: Performance profile sample (FPS 0.0)
2026-07-27 08:48:46.258 +02:00 [INF] ART Diagnostic WorkerHeartbeat HealthCheckWorker null null: Heartbeat
2026-07-27 08:48:46.279 +02:00 [INF] ART Diagnostic DatabaseLatency SqlExpress 1 null: SQL round-trip 1 ms
2026-07-27 08:48:49.375 +02:00 [INF] ART Diagnostic MraConnectivity MraEis 3078 404: MRA reachable (404) in 3078 ms.
2026-07-27 08:48:49.385 +02:00 [INF] ART Diagnostic DatabaseLatency SqlExpress 1 null: SQL round-trip 1 ms
2026-07-27 08:48:49.405 +02:00 [INF] ART Diagnostic MraConnectivity MraEis 14 404: MRA reachable (404) in 14 ms.
2026-07-27 08:48:49.412 +02:00 [INF] ART Diagnostic HealthCheck HealthCheckWorker 1 null: All subsystems healthy (SQL 1 ms, disk 50.42 GB free).
2026-07-27 08:48:49.489 +02:00 [INF] ART Diagnostic WorkerHeartbeat SystemHealthMonitorService null null: All monitored subsystems healthy.
2026-07-27 08:48:51.327 +02:00 [INF] ART Diagnostic DatabaseLatency SqlExpress 1 null: Performance profile sample (FPS 0.0)
2026-07-27 08:48:52.578 +02:00 [INF] ART Diagnostic HealthCheck HealthCheckWorker 1 null: All subsystems healthy (SQL 1 ms, disk 50.42 GB free).
2026-07-27 08:49:10.991 +02:00 [INF] Inventory alert scan complete: 8 products, low=0, stockout=0, overstock=0, fast=0.
2026-07-27 08:49:21.391 +02:00 [INF] ART Diagnostic DatabaseLatency SqlExpress 1 null: Performance profile sample (FPS 0.0)
2026-07-27 08:49:34.479 +02:00 [INF] ART Diagnostic DatabaseLatency SqlExpress 2 null: SQL round-trip 2 ms
2026-07-27 08:49:34.507 +02:00 [INF] ART Diagnostic MraConnectivity MraEis 14 404: MRA reachable (404) in 14 ms.
2026-07-27 08:49:34.575 +02:00 [INF] ART Diagnostic HealthCheck HealthCheckWorker 2 null: All subsystems healthy (SQL 2 ms, disk 50.42 GB free).
2026-07-27 08:49:34.673 +02:00 [INF] ART Diagnostic WorkerHeartbeat SystemHealthMonitorService null null: All monitored subsystems healthy.
2026-07-27 08:49:37.586 +02:00 [INF] ART Diagnostic WorkerHeartbeat HealthCheckWorker null null: Heartbeat
2026-07-27 08:49:37.593 +02:00 [INF] ART Diagnostic DatabaseLatency SqlExpress 1 null: SQL round-trip 1 ms
2026-07-27 08:49:37.615 +02:00 [INF] ART Diagnostic MraConnectivity MraEis 14 404: MRA reachable (404) in 14 ms.
2026-07-27 08:49:37.692 +02:00 [INF] ART Diagnostic HealthCheck HealthCheckWorker 1 null: All subsystems healthy (SQL 1 ms, disk 50.42 GB free).
2026-07-27 08:49:51.426 +02:00 [INF] ART Diagnostic DatabaseLatency SqlExpress 0 null: Performance profile sample (FPS 0.0)
2026-07-27 08:50:11.023 +02:00 [INF] Inventory alert scan complete: 8 products, low=0, stockout=0, overstock=0, fast=0.
2026-07-27 08:50:19.680 +02:00 [INF] ART Diagnostic DatabaseLatency SqlExpress 1 null: SQL round-trip 1 ms
2026-07-27 08:50:21.495 +02:00 [INF] ART Diagnostic DatabaseLatency SqlExpress 1 null: Performance profile sample (FPS 0.0)
2026-07-27 08:50:22.709 +02:00 [INF] ART Diagnostic WorkerHeartbeat HealthCheckWorker null null: Heartbeat
2026-07-27 08:50:22.716 +02:00 [INF] ART Diagnostic DatabaseLatency SqlExpress 1 null: SQL round-trip 1 ms
2026-07-27 08:50:22.750 +02:00 [INF] ART Diagnostic MraConnectivity MraEis 27 404: MRA reachable (404) in 27 ms.
2026-07-27 08:50:22.812 +02:00 [INF] ART Diagnostic MraConnectivity MraEis 3121 404: MRA reachable (404) in 3121 ms.
2026-07-27 08:50:22.814 +02:00 [INF] ART Diagnostic HealthCheck HealthCheckWorker 1 null: All subsystems healthy (SQL 1 ms, disk 50.42 GB free).
2026-07-27 08:50:22.816 +02:00 [INF] ART Diagnostic HealthCheck HealthCheckWorker 1 null: All subsystems healthy (SQL 1 ms, disk 50.42 GB free).
2026-07-27 08:50:26.015 +02:00 [INF] ART Diagnostic WorkerHeartbeat SystemHealthMonitorService null null: All monitored subsystems healthy.
2026-07-27 08:51:01.619 +02:00 [INF] ART Diagnostic DatabaseLatency SqlExpress 0 null: Performance profile sample (FPS 0.0)
2026-07-27 08:51:07.825 +02:00 [INF] ART Diagnostic WorkerHeartbeat HealthCheckWorker null null: Heartbeat
2026-07-27 08:51:07.836 +02:00 [INF] ART Diagnostic DatabaseLatency SqlExpress 1 null: SQL round-trip 1 ms
2026-07-27 08:51:10.941 +02:00 [INF] ART Diagnostic MraConnectivity MraEis 3098 404: MRA reachable (404) in 3098 ms.
2026-07-27 08:51:11.013 +02:00 [INF] ART Diagnostic DatabaseLatency SqlExpress 0 null: SQL round-trip 0 ms
2026-07-27 08:51:11.032 +02:00 [INF] ART Diagnostic MraConnectivity MraEis 16 404: MRA reachable (404) in 16 ms.
2026-07-27 08:51:11.035 +02:00 [INF] ART Diagnostic HealthCheck HealthCheckWorker 0 null: All subsystems healthy (SQL 0 ms, disk 50.42 GB free).
2026-07-27 08:51:11.047 +02:00 [INF] Inventory alert scan complete: 8 products, low=0, stockout=0, overstock=0, fast=0.
2026-07-27 08:51:11.077 +02:00 [INF] ART Diagnostic WorkerHeartbeat SystemHealthMonitorService null null: All monitored subsystems healthy.
2026-07-27 08:51:14.142 +02:00 [INF] ART Diagnostic HealthCheck HealthCheckWorker 1 null: All subsystems healthy (SQL 1 ms, disk 50.42 GB free).
2026-07-27 08:51:31.692 +02:00 [INF] ART Diagnostic DatabaseLatency SqlExpress 1 null: Performance profile sample (FPS 0.0)
2026-07-27 08:51:56.093 +02:00 [INF] ART Diagnostic DatabaseLatency SqlExpress 0 null: SQL round-trip 0 ms
2026-07-27 08:51:56.112 +02:00 [INF] ART Diagnostic MraConnectivity MraEis 14 404: MRA reachable (404) in 14 ms.
2026-07-27 08:51:56.182 +02:00 [INF] ART Diagnostic HealthCheck HealthCheckWorker 0 null: All subsystems healthy (SQL 0 ms, disk 50.42 GB free).
2026-07-27 08:51:59.154 +02:00 [INF] ART Diagnostic WorkerHeartbeat HealthCheckWorker null null: Heartbeat
2026-07-27 08:51:59.278 +02:00 [INF] ART Diagnostic DatabaseLatency SqlExpress 1 null: SQL round-trip 1 ms
2026-07-27 08:51:59.301 +02:00 [INF] ART Diagnostic MraConnectivity MraEis 17 404: MRA reachable (404) in 17 ms.
2026-07-27 08:51:59.306 +02:00 [INF] ART Diagnostic HealthCheck HealthCheckWorker 1 null: All subsystems healthy (SQL 1 ms, disk 50.42 GB free).
2026-07-27 08:51:59.381 +02:00 [INF] ART Diagnostic WorkerHeartbeat SystemHealthMonitorService null null: All monitored subsystems healthy.
2026-07-27 08:52:01.728 +02:00 [INF] ART Diagnostic DatabaseLatency SqlExpress 0 null: Performance profile sample (FPS 0.0)
2026-07-27 08:52:11.076 +02:00 [INF] Inventory alert scan complete: 8 products, low=0, stockout=0, overstock=0, fast=0.
2026-07-27 08:52:31.991 +02:00 [INF] ART Diagnostic DatabaseLatency SqlExpress 1 null: Performance profile sample (FPS 0.0)
2026-07-27 08:52:38.837 +02:00 [INF] Normalized queue payload for item 2 before MRA resubmit (length 997 -> 998). sellerTIN=1234567890 siteId=SITE-CITY-CENTER taxRates=A
2026-07-27 08:52:38.856 +02:00 [INF] MRA EIS POST "https://dev-eis-api.mra.mw/api/v1/sales/submit-sales-transaction"
2026-07-27 08:52:38.856 +02:00 [INF] MRA EIS request payload for "https://dev-eis-api.mra.mw/api/v1/sales/submit-sales-transaction": {"invoiceHeader":{"invoiceNumber":"ART-20260723090136","invoiceDateTime":"2026-07-23T07:01:36.042Z","sellerTIN":"1234567890","siteId":"SITE-CITY-CENTER","globalConfigVersion":1,"taxpayerConfigVersion":1,"terminalConfigVersion":1,"isReliefSupply":false,"paymentMethod":"Cash"},"invoiceLineItems":[{"id":1,"productCode":"ART-SOAP-250","description":"Bar Soap 250g","unitPrice":800.00,"quantity":1,"discount":0,"total":800.00,"totalVAT":140.00,"taxRateId":"A","isProduct":true},{"id":2,"productCode":"ART-OIL-1L","description":"Cooking Oil 1L","unitPrice":5200.00,"quantity":1,"discount":0,"total":5200.00,"totalVAT":910.00,"taxRateId":"A","isProduct":true},{"id":3,"productCode":"ART-SUGAR-1KG","description":"Sugar 1kg","unitPrice":2800.00,"quantity":1,"discount":0,"total":2800.00,"totalVAT":490.00,"taxRateId":"A","isProduct":true}],"invoiceSummary":{"taxBreakDown":[{"rateId":"A","taxableAmount":8800.00,"taxAmount":1540.00}],"totalVAT":1540.00,"invoiceTotal":10340.00,"amountTendered":10340.00}}
2026-07-27 08:52:38.888 +02:00 [INF] MRA POST /api/v1/sales/submit-sales-transaction status=500 success=false durationMs=32
2026-07-27 08:52:38.903 +02:00 [WRN] MRA EIS HTTP 500 for POST "https://dev-eis-api.mra.mw/api/v1/sales/submit-sales-transaction". RequestPayload={"invoiceHeader":{"invoiceNumber":"ART-20260723090136","invoiceDateTime":"2026-07-23T07:01:36.042Z","sellerTIN":"1234567890","siteId":"SITE-CITY-CENTER","globalConfigVersion":1,"taxpayerConfigVersion":1,"terminalConfigVersion":1,"isReliefSupply":false,"paymentMethod":"Cash"},"invoiceLineItems":[{"id":1,"productCode":"ART-SOAP-250","description":"Bar Soap 250g","unitPrice":800.00,"quantity":1,"discount":0,"total":800.00,"totalVAT":140.00,"taxRateId":"A","isProduct":true},{"id":2,"productCode":"ART-OIL-1L","description":"Cooking Oil 1L","unitPrice":5200.00,"quantity":1,"discount":0,"total":5200.00,"totalVAT":910.00,"taxRateId":"A","isProduct":true},{"id":3,"productCode":"ART-SUGAR-1KG","description":"Sugar 1kg","unitPrice":2800.00,"quantity":1,"discount":0,"total":2800.00,"totalVAT":490.00,"taxRateId":"A","isProduct":true}],"invoiceSummary":{"taxBreakDown":[{"rateId":"A","taxableAmount":8800.00,"taxAmount":1540.00}],"totalVAT":1540.00,"invoiceTotal":10340.00,"amountTendered":10340.00}}. ResponseBody={"message":"An internal error occurred"}
2026-07-27 08:52:38.920 +02:00 [WRN] Quarantined queue id 2 after MRA HTTP 500: MRA EIS HTTP 500: Internal Server Error — An internal error occurred. ResponseBody={"message":"An internal error occurred"}
2026-07-27 08:52:41.607 +02:00 [INF] Normalized queue payload for item 3 before MRA resubmit (length 935 -> 936). sellerTIN=1234567890 siteId=SITE-CITY-CENTER taxRates=A
2026-07-27 08:52:41.618 +02:00 [INF] MRA EIS POST "https://dev-eis-api.mra.mw/api/v1/sales/submit-sales-transaction"
2026-07-27 08:52:41.618 +02:00 [INF] MRA EIS request payload for "https://dev-eis-api.mra.mw/api/v1/sales/submit-sales-transaction": {"invoiceHeader":{"invoiceNumber":"ART-20260723091558","invoiceDateTime":"2026-07-23T07:16:22.950Z","sellerTIN":"1234567890","siteId":"SITE-CITY-CENTER","globalConfigVersion":1,"taxpayerConfigVersion":1,"terminalConfigVersion":1,"isReliefSupply":false,"paymentMethod":"Cash"},"invoiceLineItems":[{"id":1,"productCode":"ART-WATER-500","description":"Bottled Water 500ml","unitPrice":350.00,"quantity":2,"discount":0,"total":700.00,"totalVAT":122.50,"taxRateId":"A","isProduct":true},{"id":2,"productCode":"ART-SUGAR-1KG","description":"Sugar 1kg","unitPrice":2800.00,"quantity":1,"discount":0,"total":2800.00,"totalVAT":490.00,"taxRateId":"A","isProduct":true}],"invoiceSummary":{"taxBreakDown":[{"rateId":"A","taxableAmount":3500.00,"taxAmount":612.50}],"totalVAT":612.50,"offlineSignature":"NVvXLE/h/KvCd9Q7JLUOB18SRSY09wgL/q3bxZvMQ4Bu6408zFWe\u002BW/BWB1e8jqD96vp6Qir4Cgcf7tZx74RhA==","invoiceTotal":4112.50,"amountTendered":4112.50}}
2026-07-27 08:52:41.640 +02:00 [INF] MRA POST /api/v1/sales/submit-sales-transaction status=500 success=false durationMs=16
2026-07-27 08:52:41.790 +02:00 [WRN] MRA EIS HTTP 500 for POST "https://dev-eis-api.mra.mw/api/v1/sales/submit-sales-transaction". RequestPayload={"invoiceHeader":{"invoiceNumber":"ART-20260723091558","invoiceDateTime":"2026-07-23T07:16:22.950Z","sellerTIN":"1234567890","siteId":"SITE-CITY-CENTER","globalConfigVersion":1,"taxpayerConfigVersion":1,"terminalConfigVersion":1,"isReliefSupply":false,"paymentMethod":"Cash"},"invoiceLineItems":[{"id":1,"productCode":"ART-WATER-500","description":"Bottled Water 500ml","unitPrice":350.00,"quantity":2,"discount":0,"total":700.00,"totalVAT":122.50,"taxRateId":"A","isProduct":true},{"id":2,"productCode":"ART-SUGAR-1KG","description":"Sugar 1kg","unitPrice":2800.00,"quantity":1,"discount":0,"total":2800.00,"totalVAT":490.00,"taxRateId":"A","isProduct":true}],"invoiceSummary":{"taxBreakDown":[{"rateId":"A","taxableAmount":3500.00,"taxAmount":612.50}],"totalVAT":612.50,"offlineSignature":"NVvXLE/h/KvCd9Q7JLUOB18SRSY09wgL/q3bxZvMQ4Bu6408zFWe\u002BW/BWB1e8jqD96vp6Qir4Cgcf7tZx74RhA==","invoiceTotal":4112.50,"amountTendered":4112.50}}. ResponseBody={"message":"An internal error occurred"}
2026-07-27 08:52:41.872 +02:00 [WRN] Quarantined queue id 3 after MRA HTTP 500: MRA EIS HTTP 500: Internal Server Error — An internal error occurred. ResponseBody={"message":"An internal error occurred"}
2026-07-27 08:52:43.280 +02:00 [INF] Normalized queue payload for item 4 before MRA resubmit (length 819 -> 820). sellerTIN=1234567890 siteId=SITE-CITY-CENTER taxRates=A
2026-07-27 08:52:43.308 +02:00 [INF] MRA EIS POST "https://dev-eis-api.mra.mw/api/v1/sales/submit-sales-transaction"
2026-07-27 08:52:43.308 +02:00 [INF] MRA EIS request payload for "https://dev-eis-api.mra.mw/api/v1/sales/submit-sales-transaction": {"invoiceHeader":{"invoiceNumber":"ART-20260723093842","invoiceDateTime":"2026-07-23T07:38:42.602Z","sellerTIN":"1234567890","siteId":"SITE-CITY-CENTER","globalConfigVersion":1,"taxpayerConfigVersion":1,"terminalConfigVersion":1,"isReliefSupply":false,"paymentMethod":"Cash"},"invoiceLineItems":[{"id":1,"productCode":"ART-OIL-1L","description":"Cooking Oil 1L","unitPrice":5200.00,"quantity":1,"discount":0,"total":5200.00,"totalVAT":910.00,"taxRateId":"A","isProduct":true},{"id":2,"productCode":"ART-EGGS-12","description":"Eggs (dozen)","unitPrice":3500.00,"quantity":1,"discount":0,"total":3500.00,"totalVAT":612.50,"taxRateId":"A","isProduct":true}],"invoiceSummary":{"taxBreakDown":[{"rateId":"A","taxableAmount":8700.00,"taxAmount":1522.50}],"totalVAT":1522.50,"invoiceTotal":10222.50,"amountTendered":10222.50}}
2026-07-27 08:52:44.312 +02:00 [INF] ART Diagnostic WorkerHeartbeat HealthCheckWorker null null: Heartbeat
2026-07-27 08:52:44.375 +02:00 [INF] ART Diagnostic DatabaseLatency SqlExpress 0 null: SQL round-trip 0 ms
2026-07-27 08:52:44.422 +02:00 [INF] ART Diagnostic DatabaseLatency SqlExpress 0 null: SQL round-trip 0 ms
2026-07-27 08:52:44.523 +02:00 [INF] ART Diagnostic MraConnectivity MraEis 19 404: MRA reachable (404) in 19 ms.
2026-07-27 08:52:46.432 +02:00 [INF] ART Diagnostic MraConnectivity MraEis 1959 404: MRA reachable (404) in 1959 ms.
2026-07-27 08:52:46.436 +02:00 [INF] MRA POST /api/v1/sales/submit-sales-transaction status=500 success=false durationMs=3125
2026-07-27 08:52:46.474 +02:00 [INF] ART Diagnostic HealthCheck HealthCheckWorker 0 null: All subsystems healthy (SQL 0 ms, disk 50.42 GB free).
2026-07-27 08:52:46.478 +02:00 [WRN] MRA EIS HTTP 500 for POST "https://dev-eis-api.mra.mw/api/v1/sales/submit-sales-transaction". RequestPayload={"invoiceHeader":{"invoiceNumber":"ART-20260723093842","invoiceDateTime":"2026-07-23T07:38:42.602Z","sellerTIN":"1234567890","siteId":"SITE-CITY-CENTER","globalConfigVersion":1,"taxpayerConfigVersion":1,"terminalConfigVersion":1,"isReliefSupply":false,"paymentMethod":"Cash"},"invoiceLineItems":[{"id":1,"productCode":"ART-OIL-1L","description":"Cooking Oil 1L","unitPrice":5200.00,"quantity":1,"discount":0,"total":5200.00,"totalVAT":910.00,"taxRateId":"A","isProduct":true},{"id":2,"productCode":"ART-EGGS-12","description":"Eggs (dozen)","unitPrice":3500.00,"quantity":1,"discount":0,"total":3500.00,"totalVAT":612.50,"taxRateId":"A","isProduct":true}],"invoiceSummary":{"taxBreakDown":[{"rateId":"A","taxableAmount":8700.00,"taxAmount":1522.50}],"totalVAT":1522.50,"invoiceTotal":10222.50,"amountTendered":10222.50}}. ResponseBody={"message":"An internal error occurred"}
2026-07-27 08:52:46.528 +02:00 [WRN] Quarantined queue id 4 after MRA HTTP 500: MRA EIS HTTP 500: Internal Server Error — An internal error occurred. ResponseBody={"message":"An internal error occurred"}
2026-07-27 08:52:46.544 +02:00 [INF] ART Diagnostic HealthCheck HealthCheckWorker 0 null: All subsystems healthy (SQL 0 ms, disk 50.42 GB free).
2026-07-27 08:52:46.716 +02:00 [INF] ART Diagnostic WorkerHeartbeat SystemHealthMonitorService null null: All monitored subsystems healthy.
2026-07-27 08:52:48.001 +02:00 [INF] Normalized queue payload for item 5 before MRA resubmit (length 816 -> 817). sellerTIN=1234567890 siteId=SITE-CITY-CENTER taxRates=A
2026-07-27 08:52:48.012 +02:00 [INF] MRA EIS POST "https://dev-eis-api.mra.mw/api/v1/sales/submit-sales-transaction"
2026-07-27 08:52:48.012 +02:00 [INF] MRA EIS request payload for "https://dev-eis-api.mra.mw/api/v1/sales/submit-sales-transaction": {"invoiceHeader":{"invoiceNumber":"ART-20260723100435","invoiceDateTime":"2026-07-23T08:04:36.100Z","sellerTIN":"1234567890","siteId":"SITE-CITY-CENTER","globalConfigVersion":1,"taxpayerConfigVersion":1,"terminalConfigVersion":1,"isReliefSupply":false,"paymentMethod":"Cash"},"invoiceLineItems":[{"id":1,"productCode":"ART-OIL-1L","description":"Cooking Oil 1L","unitPrice":5200.00,"quantity":1,"discount":0,"total":5200.00,"totalVAT":910.00,"taxRateId":"A","isProduct":true},{"id":2,"productCode":"ART-RICE-2KG","description":"Rice 2kg","unitPrice":4500.00,"quantity":1,"discount":0,"total":4500.00,"totalVAT":787.50,"taxRateId":"A","isProduct":true}],"invoiceSummary":{"taxBreakDown":[{"rateId":"A","taxableAmount":9700.00,"taxAmount":1697.50}],"totalVAT":1697.50,"invoiceTotal":11397.50,"amountTendered":11397.50}}
2026-07-27 08:52:48.033 +02:00 [INF] MRA POST /api/v1/sales/submit-sales-transaction status=500 success=false durationMs=15
2026-07-27 08:52:48.037 +02:00 [WRN] MRA EIS HTTP 500 for POST "https://dev-eis-api.mra.mw/api/v1/sales/submit-sales-transaction". RequestPayload={"invoiceHeader":{"invoiceNumber":"ART-20260723100435","invoiceDateTime":"2026-07-23T08:04:36.100Z","sellerTIN":"1234567890","siteId":"SITE-CITY-CENTER","globalConfigVersion":1,"taxpayerConfigVersion":1,"terminalConfigVersion":1,"isReliefSupply":false,"paymentMethod":"Cash"},"invoiceLineItems":[{"id":1,"productCode":"ART-OIL-1L","description":"Cooking Oil 1L","unitPrice":5200.00,"quantity":1,"discount":0,"total":5200.00,"totalVAT":910.00,"taxRateId":"A","isProduct":true},{"id":2,"productCode":"ART-RICE-2KG","description":"Rice 2kg","unitPrice":4500.00,"quantity":1,"discount":0,"total":4500.00,"totalVAT":787.50,"taxRateId":"A","isProduct":true}],"invoiceSummary":{"taxBreakDown":[{"rateId":"A","taxableAmount":9700.00,"taxAmount":1697.50}],"totalVAT":1697.50,"invoiceTotal":11397.50,"amountTendered":11397.50}}. ResponseBody={"message":"An internal error occurred"}
2026-07-27 08:52:48.040 +02:00 [WRN] Quarantined queue id 5 after MRA HTTP 500: MRA EIS HTTP 500: Internal Server Error — An internal error occurred. ResponseBody={"message":"An internal error occurred"}
2026-07-27 08:52:50.606 +02:00 [INF] Normalized queue payload for item 1005 before MRA resubmit (length 819 -> 820). sellerTIN=1234567890 siteId=SITE-CITY-CENTER taxRates=A
2026-07-27 08:52:50.609 +02:00 [INF] MRA EIS POST "https://dev-eis-api.mra.mw/api/v1/sales/submit-sales-transaction"
2026-07-27 08:52:50.609 +02:00 [INF] MRA EIS request payload for "https://dev-eis-api.mra.mw/api/v1/sales/submit-sales-transaction": {"invoiceHeader":{"invoiceNumber":"ART-20260724082457","invoiceDateTime":"2026-07-24T06:24:58.895Z","sellerTIN":"1234567890","siteId":"SITE-CITY-CENTER","globalConfigVersion":1,"taxpayerConfigVersion":1,"terminalConfigVersion":1,"isReliefSupply":false,"paymentMethod":"Card"},"invoiceLineItems":[{"id":1,"productCode":"ART-OIL-1L","description":"Cooking Oil 1L","unitPrice":5200.00,"quantity":1,"discount":0,"total":5200.00,"totalVAT":910.00,"taxRateId":"A","isProduct":true},{"id":2,"productCode":"ART-EGGS-12","description":"Eggs (dozen)","unitPrice":3500.00,"quantity":1,"discount":0,"total":3500.00,"totalVAT":612.50,"taxRateId":"A","isProduct":true}],"invoiceSummary":{"taxBreakDown":[{"rateId":"A","taxableAmount":8700.00,"taxAmount":1522.50}],"totalVAT":1522.50,"invoiceTotal":10222.50,"amountTendered":10222.50}}
2026-07-27 08:52:50.631 +02:00 [INF] MRA POST /api/v1/sales/submit-sales-transaction status=500 success=false durationMs=32
2026-07-27 08:52:50.637 +02:00 [WRN] MRA EIS HTTP 500 for POST "https://dev-eis-api.mra.mw/api/v1/sales/submit-sales-transaction". RequestPayload={"invoiceHeader":{"invoiceNumber":"ART-20260724082457","invoiceDateTime":"2026-07-24T06:24:58.895Z","sellerTIN":"1234567890","siteId":"SITE-CITY-CENTER","globalConfigVersion":1,"taxpayerConfigVersion":1,"terminalConfigVersion":1,"isReliefSupply":false,"paymentMethod":"Card"},"invoiceLineItems":[{"id":1,"productCode":"ART-OIL-1L","description":"Cooking Oil 1L","unitPrice":5200.00,"quantity":1,"discount":0,"total":5200.00,"totalVAT":910.00,"taxRateId":"A","isProduct":true},{"id":2,"productCode":"ART-EGGS-12","description":"Eggs (dozen)","unitPrice":3500.00,"quantity":1,"discount":0,"total":3500.00,"totalVAT":612.50,"taxRateId":"A","isProduct":true}],"invoiceSummary":{"taxBreakDown":[{"rateId":"A","taxableAmount":8700.00,"taxAmount":1522.50}],"totalVAT":1522.50,"invoiceTotal":10222.50,"amountTendered":10222.50}}. ResponseBody={"message":"An internal error occurred"}
2026-07-27 08:52:50.638 +02:00 [WRN] Quarantined queue id 1005 after MRA HTTP 500: MRA EIS HTTP 500: Internal Server Error — An internal error occurred. ResponseBody={"message":"An internal error occurred"}
2026-07-27 08:52:52.422 +02:00 [INF] Normalized queue payload for item 1006 before MRA resubmit (length 817 -> 819). sellerTIN=1234567890 siteId=SITE-CITY-CENTER taxRates=A
2026-07-27 08:52:52.434 +02:00 [INF] MRA EIS POST "https://dev-eis-api.mra.mw/api/v1/sales/submit-sales-transaction"
2026-07-27 08:52:52.434 +02:00 [INF] MRA EIS request payload for "https://dev-eis-api.mra.mw/api/v1/sales/submit-sales-transaction": {"invoiceHeader":{"invoiceNumber":"ART-20260724090036","invoiceDateTime":"2026-07-24T07:00:37.498Z","sellerTIN":"1234567890","siteId":"SITE-CITY-CENTER","globalConfigVersion":1,"taxpayerConfigVersion":1,"terminalConfigVersion":1,"isReliefSupply":false,"paymentMethod":"Cash"},"invoiceLineItems":[{"id":1,"productCode":"ART-OIL-1L","description":"Cooking Oil 1L","unitPrice":5200.00,"quantity":1,"discount":0,"total":5200.00,"totalVAT":910.00,"taxRateId":"A","isProduct":true},{"id":2,"productCode":"ART-MILK-1L","description":"Fresh Milk 1L","unitPrice":2200.00,"quantity":1,"discount":0,"total":2200.00,"totalVAT":385.00,"taxRateId":"A","isProduct":true}],"invoiceSummary":{"taxBreakDown":[{"rateId":"A","taxableAmount":7400.00,"taxAmount":1295.00}],"totalVAT":1295.00,"invoiceTotal":8695.00,"amountTendered":8695.00}}
2026-07-27 08:52:52.455 +02:00 [INF] MRA POST /api/v1/sales/submit-sales-transaction status=500 success=false durationMs=15
2026-07-27 08:52:52.458 +02:00 [WRN] MRA EIS HTTP 500 for POST "https://dev-eis-api.mra.mw/api/v1/sales/submit-sales-transaction". RequestPayload={"invoiceHeader":{"invoiceNumber":"ART-20260724090036","invoiceDateTime":"2026-07-24T07:00:37.498Z","sellerTIN":"1234567890","siteId":"SITE-CITY-CENTER","globalConfigVersion":1,"taxpayerConfigVersion":1,"terminalConfigVersion":1,"isReliefSupply":false,"paymentMethod":"Cash"},"invoiceLineItems":[{"id":1,"productCode":"ART-OIL-1L","description":"Cooking Oil 1L","unitPrice":5200.00,"quantity":1,"discount":0,"total":5200.00,"totalVAT":910.00,"taxRateId":"A","isProduct":true},{"id":2,"productCode":"ART-MILK-1L","description":"Fresh Milk 1L","unitPrice":2200.00,"quantity":1,"discount":0,"total":2200.00,"totalVAT":385.00,"taxRateId":"A","isProduct":true}],"invoiceSummary":{"taxBreakDown":[{"rateId":"A","taxableAmount":7400.00,"taxAmount":1295.00}],"totalVAT":1295.00,"invoiceTotal":8695.00,"amountTendered":8695.00}}. ResponseBody={"message":"An internal error occurred"}
2026-07-27 08:52:52.462 +02:00 [WRN] Quarantined queue id 1006 after MRA HTTP 500: MRA EIS HTTP 500: Internal Server Error — An internal error occurred. ResponseBody={"message":"An internal error occurred"}
2026-07-27 08:53:11.106 +02:00 [INF] Inventory alert scan complete: 8 products, low=0, stockout=0, overstock=0, fast=0.
2026-07-27 08:53:11.944 +02:00 [INF] ART Diagnostic DatabaseLatency SqlExpress 1 null: Performance profile sample (FPS 0.0)
2026-07-27 08:53:31.502 +02:00 [INF] ART Diagnostic WorkerHeartbeat HealthCheckWorker null null: Heartbeat
2026-07-27 08:53:31.510 +02:00 [INF] ART Diagnostic DatabaseLatency SqlExpress 1 null: SQL round-trip 1 ms
2026-07-27 08:53:31.531 +02:00 [INF] ART Diagnostic MraConnectivity MraEis 15 404: MRA reachable (404) in 15 ms.
2026-07-27 08:53:31.610 +02:00 [INF] ART Diagnostic HealthCheck HealthCheckWorker 1 null: All subsystems healthy (SQL 1 ms, disk 50.42 GB free).
2026-07-27 08:53:31.707 +02:00 [INF] ART Diagnostic DatabaseLatency SqlExpress 1 null: SQL round-trip 1 ms
2026-07-27 08:53:31.737 +02:00 [INF] ART Diagnostic MraConnectivity MraEis 23 404: MRA reachable (404) in 23 ms.
2026-07-27 08:53:34.924 +02:00 [INF] ART Diagnostic HealthCheck HealthCheckWorker 1 null: All subsystems healthy (SQL 1 ms, disk 50.42 GB free).
2026-07-27 08:53:35.047 +02:00 [INF] ART Diagnostic WorkerHeartbeat SystemHealthMonitorService null null: All monitored subsystems healthy.
2026-07-27 08:53:42.042 +02:00 [INF] ART Diagnostic DatabaseLatency SqlExpress 1 null: Performance profile sample (FPS 0.0)
2026-07-27 08:54:11.126 +02:00 [INF] Inventory alert scan complete: 8 products, low=0, stockout=0, overstock=0, fast=0.
2026-07-27 08:54:12.102 +02:00 [INF] ART Diagnostic DatabaseLatency SqlExpress 1 null: Performance profile sample (FPS 0.0)
2026-07-27 08:54:16.626 +02:00 [INF] ART Diagnostic WorkerHeartbeat HealthCheckWorker null null: Heartbeat
2026-07-27 08:54:16.665 +02:00 [INF] ART Diagnostic DatabaseLatency SqlExpress 0 null: SQL round-trip 0 ms
2026-07-27 08:54:19.738 +02:00 [INF] ART Diagnostic MraConnectivity MraEis 3069 404: MRA reachable (404) in 3069 ms.
2026-07-27 08:54:20.070 +02:00 [INF] ART Diagnostic DatabaseLatency SqlExpress 6 null: SQL round-trip 6 ms
2026-07-27 08:54:20.138 +02:00 [INF] ART Diagnostic MraConnectivity MraEis 13 404: MRA reachable (404) in 13 ms.
2026-07-27 08:54:20.151 +02:00 [INF] ART Diagnostic HealthCheck HealthCheckWorker 6 null: All subsystems healthy (SQL 6 ms, disk 50.42 GB free).
2026-07-27 08:54:20.207 +02:00 [INF] ART Diagnostic WorkerHeartbeat SystemHealthMonitorService null null: All monitored subsystems healthy.
2026-07-27 08:54:22.875 +02:00 [INF] ART Diagnostic HealthCheck HealthCheckWorker 0 null: All subsystems healthy (SQL 0 ms, disk 50.42 GB free).
2026-07-27 08:54:42.174 +02:00 [INF] ART Diagnostic DatabaseLatency SqlExpress 1 null: Performance profile sample (FPS 0.0)
2026-07-27 08:55:05.221 +02:00 [INF] ART Diagnostic DatabaseLatency SqlExpress 1 null: SQL round-trip 1 ms
2026-07-27 08:55:05.246 +02:00 [INF] ART Diagnostic MraConnectivity MraEis 14 404: MRA reachable (404) in 14 ms.
2026-07-27 08:55:05.335 +02:00 [INF] ART Diagnostic HealthCheck HealthCheckWorker 1 null: All subsystems healthy (SQL 1 ms, disk 50.42 GB free).
2026-07-27 08:55:05.431 +02:00 [INF] ART Diagnostic WorkerHeartbeat SystemHealthMonitorService null null: All monitored subsystems healthy.
2026-07-27 08:55:07.906 +02:00 [INF] ART Diagnostic WorkerHeartbeat HealthCheckWorker null null: Heartbeat
2026-07-27 08:55:07.910 +02:00 [INF] ART Diagnostic DatabaseLatency SqlExpress 0 null: SQL round-trip 0 ms
2026-07-27 08:55:07.945 +02:00 [INF] ART Diagnostic MraConnectivity MraEis 14 404: MRA reachable (404) in 14 ms.
2026-07-27 08:55:11.068 +02:00 [INF] ART Diagnostic HealthCheck HealthCheckWorker 0 null: All subsystems healthy (SQL 0 ms, disk 50.42 GB free).
2026-07-27 08:55:11.153 +02:00 [INF] Inventory alert scan complete: 8 products, low=0, stockout=0, overstock=0, fast=0.
2026-07-27 08:55:12.245 +02:00 [INF] ART Diagnostic DatabaseLatency SqlExpress 1 null: Performance profile sample (FPS 0.0)
2026-07-27 08:55:42.303 +02:00 [INF] ART Diagnostic DatabaseLatency SqlExpress 1 null: Performance profile sample (FPS 0.0)
2026-07-27 08:55:50.431 +02:00 [INF] ART Diagnostic DatabaseLatency SqlExpress 1 null: SQL round-trip 1 ms
2026-07-27 08:55:53.565 +02:00 [INF] ART Diagnostic MraConnectivity MraEis 3128 404: MRA reachable (404) in 3128 ms.
2026-07-27 08:55:53.660 +02:00 [INF] ART Diagnostic HealthCheck HealthCheckWorker 1 null: All subsystems healthy (SQL 1 ms, disk 50.42 GB free).
2026-07-27 08:55:53.753 +02:00 [INF] ART Diagnostic WorkerHeartbeat SystemHealthMonitorService null null: All monitored subsystems healthy.
2026-07-27 08:55:56.077 +02:00 [INF] ART Diagnostic WorkerHeartbeat HealthCheckWorker null null: Heartbeat
2026-07-27 08:55:56.084 +02:00 [INF] ART Diagnostic DatabaseLatency SqlExpress 1 null: SQL round-trip 1 ms
2026-07-27 08:55:56.104 +02:00 [INF] ART Diagnostic MraConnectivity MraEis 14 404: MRA reachable (404) in 14 ms.
2026-07-27 08:55:56.171 +02:00 [INF] ART Diagnostic HealthCheck HealthCheckWorker 1 null: All subsystems healthy (SQL 1 ms, disk 50.42 GB free).
2026-07-27 08:56:11.195 +02:00 [INF] Inventory alert scan complete: 8 products, low=0, stockout=0, overstock=0, fast=0.
2026-07-27 08:56:12.363 +02:00 [INF] ART Diagnostic DatabaseLatency SqlExpress 1 null: Performance profile sample (FPS 0.0)
2026-07-27 08:56:38.762 +02:00 [INF] ART Diagnostic DatabaseLatency SqlExpress 2 null: SQL round-trip 2 ms
2026-07-27 08:56:38.784 +02:00 [INF] ART Diagnostic MraConnectivity MraEis 15 404: MRA reachable (404) in 15 ms.
2026-07-27 08:56:38.859 +02:00 [INF] ART Diagnostic HealthCheck HealthCheckWorker 2 null: All subsystems healthy (SQL 2 ms, disk 50.42 GB free).
2026-07-27 08:56:41.184 +02:00 [INF] ART Diagnostic WorkerHeartbeat HealthCheckWorker null null: Heartbeat
2026-07-27 08:56:41.195 +02:00 [INF] ART Diagnostic DatabaseLatency SqlExpress 0 null: SQL round-trip 0 ms
2026-07-27 08:56:41.212 +02:00 [INF] ART Diagnostic MraConnectivity MraEis 14 404: MRA reachable (404) in 14 ms.
2026-07-27 08:56:41.215 +02:00 [INF] ART Diagnostic HealthCheck HealthCheckWorker 0 null: All subsystems healthy (SQL 0 ms, disk 50.42 GB free).
2026-07-27 08:56:42.057 +02:00 [INF] ART Diagnostic WorkerHeartbeat SystemHealthMonitorService null null: All monitored subsystems healthy.
2026-07-27 08:56:42.405 +02:00 [INF] ART Diagnostic DatabaseLatency SqlExpress 0 null: Performance profile sample (FPS 0.0)
2026-07-27 08:57:11.251 +02:00 [INF] Inventory alert scan complete: 8 products, low=0, stockout=0, overstock=0, fast=0.
2026-07-27 08:57:12.482 +02:00 [INF] ART Diagnostic DatabaseLatency SqlExpress 1 null: Performance profile sample (FPS 0.0)
2026-07-27 08:57:26.230 +02:00 [INF] ART Diagnostic WorkerHeartbeat HealthCheckWorker null null: Heartbeat
2026-07-27 08:57:26.281 +02:00 [INF] ART Diagnostic DatabaseLatency SqlExpress 0 null: SQL round-trip 0 ms
2026-07-27 08:57:26.338 +02:00 [INF] ART Diagnostic MraConnectivity MraEis 17 404: MRA reachable (404) in 17 ms.
2026-07-27 08:57:27.075 +02:00 [INF] ART Diagnostic DatabaseLatency SqlExpress 1 null: SQL round-trip 1 ms
2026-07-27 08:57:27.244 +02:00 [INF] ART Diagnostic MraConnectivity MraEis 19 404: MRA reachable (404) in 19 ms.
2026-07-27 08:57:27.247 +02:00 [INF] ART Diagnostic HealthCheck HealthCheckWorker 1 null: All subsystems healthy (SQL 1 ms, disk 50.42 GB free).
2026-07-27 08:57:27.296 +02:00 [INF] ART Diagnostic WorkerHeartbeat SystemHealthMonitorService null null: All monitored subsystems healthy.
2026-07-27 08:57:29.497 +02:00 [INF] ART Diagnostic HealthCheck HealthCheckWorker 0 null: All subsystems healthy (SQL 0 ms, disk 50.42 GB free).
2026-07-27 08:57:42.548 +02:00 [INF] ART Diagnostic DatabaseLatency SqlExpress 1 null: Performance profile sample (FPS 0.0)
2026-07-27 08:58:11.285 +02:00 [INF] Inventory alert scan complete: 8 products, low=0, stockout=0, overstock=0, fast=0.
2026-07-27 08:58:12.296 +02:00 [INF] ART Diagnostic DatabaseLatency SqlExpress 1 null: SQL round-trip 1 ms
2026-07-27 08:58:12.332 +02:00 [INF] ART Diagnostic MraConnectivity MraEis 14 404: MRA reachable (404) in 14 ms.
2026-07-27 08:58:12.416 +02:00 [INF] ART Diagnostic HealthCheck HealthCheckWorker 1 null: All subsystems healthy (SQL 1 ms, disk 50.42 GB free).
2026-07-27 08:58:14.497 +02:00 [INF] ART Diagnostic WorkerHeartbeat HealthCheckWorker null null: Heartbeat
2026-07-27 08:58:14.524 +02:00 [INF] ART Diagnostic DatabaseLatency SqlExpress 0 null: SQL round-trip 0 ms
2026-07-27 08:58:14.547 +02:00 [INF] ART Diagnostic MraConnectivity MraEis 14 404: MRA reachable (404) in 14 ms.
2026-07-27 08:58:14.550 +02:00 [INF] ART Diagnostic HealthCheck HealthCheckWorker 0 null: All subsystems healthy (SQL 0 ms, disk 50.42 GB free).
2026-07-27 08:58:15.672 +02:00 [INF] ART Diagnostic WorkerHeartbeat SystemHealthMonitorService null null: All monitored subsystems healthy.
2026-07-27 08:58:22.735 +02:00 [INF] ART Diagnostic DatabaseLatency SqlExpress 1 null: Performance profile sample (FPS 0.0)
2026-07-27 08:58:52.843 +02:00 [INF] ART Diagnostic DatabaseLatency SqlExpress 13 null: Performance profile sample (FPS 0.0)
2026-07-27 08:58:59.550 +02:00 [INF] ART Diagnostic WorkerHeartbeat HealthCheckWorker null null: Heartbeat
2026-07-27 08:58:59.558 +02:00 [INF] ART Diagnostic DatabaseLatency SqlExpress 1 null: SQL round-trip 1 ms
2026-07-27 08:59:00.676 +02:00 [INF] ART Diagnostic DatabaseLatency SqlExpress 1 null: SQL round-trip 1 ms
2026-07-27 08:59:00.707 +02:00 [INF] ART Diagnostic MraConnectivity MraEis 24 404: MRA reachable (404) in 24 ms.
2026-07-27 08:59:02.681 +02:00 [INF] ART Diagnostic MraConnectivity MraEis 3117 404: MRA reachable (404) in 3117 ms.
2026-07-27 08:59:02.685 +02:00 [INF] ART Diagnostic HealthCheck HealthCheckWorker 1 null: All subsystems healthy (SQL 1 ms, disk 50.43 GB free).
2026-07-27 08:59:02.797 +02:00 [INF] ART Diagnostic WorkerHeartbeat SystemHealthMonitorService null null: All monitored subsystems healthy.
2026-07-27 08:59:02.807 +02:00 [INF] ART Diagnostic HealthCheck HealthCheckWorker 1 null: All subsystems healthy (SQL 1 ms, disk 50.42 GB free).
2026-07-27 08:59:11.324 +02:00 [INF] Inventory alert scan complete: 8 products, low=0, stockout=0, overstock=0, fast=0.
2026-07-27 08:59:23.121 +02:00 [INF] ART Diagnostic DatabaseLatency SqlExpress 1 null: Performance profile sample (FPS 0.0)
2026-07-27 08:59:47.811 +02:00 [INF] ART Diagnostic WorkerHeartbeat HealthCheckWorker null null: Heartbeat
2026-07-27 08:59:47.817 +02:00 [INF] ART Diagnostic DatabaseLatency SqlExpress 6 null: SQL round-trip 6 ms
2026-07-27 08:59:47.822 +02:00 [INF] ART Diagnostic DatabaseLatency SqlExpress 2 null: SQL round-trip 2 ms
2026-07-27 08:59:47.846 +02:00 [INF] ART Diagnostic MraConnectivity MraEis 18 404: MRA reachable (404) in 18 ms.
2026-07-27 08:59:47.848 +02:00 [INF] ART Diagnostic MraConnectivity MraEis 17 404: MRA reachable (404) in 17 ms.
2026-07-27 08:59:47.852 +02:00 [INF] ART Diagnostic HealthCheck HealthCheckWorker 2 null: All subsystems healthy (SQL 2 ms, disk 50.43 GB free).
2026-07-27 08:59:47.915 +02:00 [INF] ART Diagnostic HealthCheck HealthCheckWorker 6 null: All subsystems healthy (SQL 6 ms, disk 50.43 GB free).
2026-07-27 08:59:48.013 +02:00 [INF] ART Diagnostic WorkerHeartbeat SystemHealthMonitorService null null: All monitored subsystems healthy.
2026-07-27 08:59:53.189 +02:00 [INF] ART Diagnostic DatabaseLatency SqlExpress 1 null: Performance profile sample (FPS 0.0)
2026-07-27 09:00:11.350 +02:00 [INF] Inventory alert scan complete: 8 products, low=0, stockout=0, overstock=0, fast=0.
2026-07-27 09:00:32.862 +02:00 [INF] ART Diagnostic WorkerHeartbeat HealthCheckWorker null null: Heartbeat
2026-07-27 09:00:32.871 +02:00 [INF] ART Diagnostic DatabaseLatency SqlExpress 0 null: SQL round-trip 0 ms
2026-07-27 09:00:32.922 +02:00 [INF] ART Diagnostic DatabaseLatency SqlExpress 1 null: Performance profile sample (FPS 0.0)
2026-07-27 09:00:33.018 +02:00 [INF] ART Diagnostic DatabaseLatency SqlExpress 0 null: SQL round-trip 0 ms
2026-07-27 09:00:33.036 +02:00 [INF] ART Diagnostic MraConnectivity MraEis 14 404: MRA reachable (404) in 14 ms.
2026-07-27 09:00:33.462 +02:00 [WRN] ART Diagnostic MraConnectivity MraEis 587 Timeout: MRA timeout after 587 ms.
2026-07-27 09:00:33.464 +02:00 [WRN] ART Diagnostic HealthCheck HealthCheckWorker 0 null: Degraded: MRA.
2026-07-27 09:00:33.468 +02:00 [INF] Hardware fault-tolerance loop stopped.
2026-07-27 09:21:08.199 +02:00 [INF] SQL Express schema ready (version 32).
2026-07-27 09:21:09.006 +02:00 [WRN] Phase 37 InitialSetup.sql apply skipped after error (schema already bootstrapped in-app).
Microsoft.Data.SqlClient.SqlException (0x80131904): Filtered index 'IX_OfflineInvoiceQueue_PendingFifo' cannot be created on table 'dbo.OfflineInvoiceQueue' because the column 'Status' in the filter expression is compared with a constant of higher data type precedence or of a different collation. Converting a column to the data type of a constant is not supported for filtered indexes. To resolve this error, explicitly convert the constant to the same data type and collation as the column 'Status'.
   at Microsoft.Data.SqlClient.SqlConnection.OnError(SqlException exception, Boolean breakConnection, Action`1 wrapCloseInAction)
   at Microsoft.Data.SqlClient.SqlInternalConnection.OnError(SqlException exception, Boolean breakConnection, Action`1 wrapCloseInAction)
   at Microsoft.Data.SqlClient.TdsParser.ThrowExceptionAndWarning(TdsParserStateObject stateObj, SqlCommand command, Boolean callerHasConnectionLock, Boolean asyncClose)
   at Microsoft.Data.SqlClient.TdsParser.TryRun(RunBehavior runBehavior, SqlCommand cmdHandler, SqlDataReader dataStream, BulkCopySimpleResultSet bulkCopyHandler, TdsParserStateObject stateObj, Boolean& dataReady)
   at Microsoft.Data.SqlClient.SqlCommand.InternalEndExecuteNonQuery(IAsyncResult asyncResult, Boolean isInternal, String endMethod)
   at Microsoft.Data.SqlClient.SqlCommand.EndExecuteNonQueryInternal(IAsyncResult asyncResult)
   at Microsoft.Data.SqlClient.SqlCommand.EndExecuteNonQueryAsync(IAsyncResult asyncResult)
   at Microsoft.Data.SqlClient.SqlCommand.<>c.<InternalExecuteNonQueryAsync>b__193_1(IAsyncResult asyncResult)
   at System.Threading.Tasks.TaskFactory`1.FromAsyncCoreLogic(IAsyncResult iar, Func`2 endFunction, Action`1 endAction, Task`1 promise, Boolean requiresSynchronization)
--- End of stack trace from previous location ---
   at PointOfSale.App.Services.FirstRunBootstrapService.TryApplyInitialSetupScriptAsync(CancellationToken cancellationToken) in C:\Users\Albert Zee\Documents\Projects\Point Of Sale\src\PointOfSale.App\Services\FirstRunBootstrapService.cs:line 402
   at PointOfSale.App.Services.FirstRunBootstrapService.TryApplyInitialSetupScriptAsync(CancellationToken cancellationToken) in C:\Users\Albert Zee\Documents\Projects\Point Of Sale\src\PointOfSale.App\Services\FirstRunBootstrapService.cs:line 402
   at PointOfSale.App.Services.FirstRunBootstrapService.TryApplyInitialSetupScriptAsync(CancellationToken cancellationToken) in C:\Users\Albert Zee\Documents\Projects\Point Of Sale\src\PointOfSale.App\Services\FirstRunBootstrapService.cs:line 405
ClientConnectionId:d19add18-90a9-42d9-a9f4-71b695b6636b
Error Number:10611,State:1,Class:16
2026-07-27 09:21:10.717 +02:00 [INF] Offline invoice FIFO sync worker started (interval 15s). Auto-print is handled after successful MRA sync.
2026-07-27 09:21:10.777 +02:00 [INF] Hardware fault-tolerance loop started (probe every 20s).
2026-07-27 09:21:10.778 +02:00 [INF] ArchivalCompressionBackgroundService is disabled.
2026-07-27 09:21:10.909 +02:00 [INF] Inventory alert scanner started (interval 60s).
2026-07-27 09:21:11.102 +02:00 [INF] HealthCheckWorker started (interval 45s).
2026-07-27 09:21:11.257 +02:00 [INF] System health monitor started (interval 45s).
2026-07-27 09:21:11.261 +02:00 [INF] PerformanceProfilingBackgroundService started (sample 30s, flush 300s).
2026-07-27 09:21:11.264 +02:00 [INF] DatabaseMaintenanceBackgroundService started (interval 24h).
2026-07-27 09:21:11.560 +02:00 [INF] Inventory alert scan complete: 8 products, low=0, stockout=0, overstock=0, fast=0.
2026-07-27 09:21:12.125 +02:00 [INF] SQL Express schema ready (version 32).
2026-07-27 09:21:12.132 +02:00 [WRN] Phase 37 InitialSetup.sql apply skipped after error (schema already bootstrapped in-app).
Microsoft.Data.SqlClient.SqlException (0x80131904): Filtered index 'IX_OfflineInvoiceQueue_PendingFifo' cannot be created on table 'dbo.OfflineInvoiceQueue' because the column 'Status' in the filter expression is compared with a constant of higher data type precedence or of a different collation. Converting a column to the data type of a constant is not supported for filtered indexes. To resolve this error, explicitly convert the constant to the same data type and collation as the column 'Status'.
   at Microsoft.Data.SqlClient.SqlConnection.OnError(SqlException exception, Boolean breakConnection, Action`1 wrapCloseInAction)
   at Microsoft.Data.SqlClient.SqlInternalConnection.OnError(SqlException exception, Boolean breakConnection, Action`1 wrapCloseInAction)
   at Microsoft.Data.SqlClient.TdsParser.ThrowExceptionAndWarning(TdsParserStateObject stateObj, SqlCommand command, Boolean callerHasConnectionLock, Boolean asyncClose)
   at Microsoft.Data.SqlClient.TdsParser.TryRun(RunBehavior runBehavior, SqlCommand cmdHandler, SqlDataReader dataStream, BulkCopySimpleResultSet bulkCopyHandler, TdsParserStateObject stateObj, Boolean& dataReady)
   at Microsoft.Data.SqlClient.SqlCommand.InternalEndExecuteNonQuery(IAsyncResult asyncResult, Boolean isInternal, String endMethod)
   at Microsoft.Data.SqlClient.SqlCommand.EndExecuteNonQueryInternal(IAsyncResult asyncResult)
   at Microsoft.Data.SqlClient.SqlCommand.EndExecuteNonQueryAsync(IAsyncResult asyncResult)
   at Microsoft.Data.SqlClient.SqlCommand.<>c.<InternalExecuteNonQueryAsync>b__193_1(IAsyncResult asyncResult)
   at System.Threading.Tasks.TaskFactory`1.FromAsyncCoreLogic(IAsyncResult iar, Func`2 endFunction, Action`1 endAction, Task`1 promise, Boolean requiresSynchronization)
--- End of stack trace from previous location ---
   at PointOfSale.App.Services.FirstRunBootstrapService.TryApplyInitialSetupScriptAsync(CancellationToken cancellationToken) in C:\Users\Albert Zee\Documents\Projects\Point Of Sale\src\PointOfSale.App\Services\FirstRunBootstrapService.cs:line 402
   at PointOfSale.App.Services.FirstRunBootstrapService.TryApplyInitialSetupScriptAsync(CancellationToken cancellationToken) in C:\Users\Albert Zee\Documents\Projects\Point Of Sale\src\PointOfSale.App\Services\FirstRunBootstrapService.cs:line 402
   at PointOfSale.App.Services.FirstRunBootstrapService.TryApplyInitialSetupScriptAsync(CancellationToken cancellationToken) in C:\Users\Albert Zee\Documents\Projects\Point Of Sale\src\PointOfSale.App\Services\FirstRunBootstrapService.cs:line 405
ClientConnectionId:348b3d96-82d8-49b4-899f-77fd114ee9e6
Error Number:10611,State:1,Class:16
2026-07-27 09:21:19.191 +02:00 [INF] ART Diagnostic WorkerHeartbeat HealthCheckWorker null null: Heartbeat
2026-07-27 09:21:19.393 +02:00 [INF] ART Diagnostic DatabaseLatency SqlExpress 2 null: SQL round-trip 2 ms
2026-07-27 09:21:19.696 +02:00 [INF] ART Diagnostic MraConnectivity MraEis 138 404: MRA reachable (404) in 138 ms.
2026-07-27 09:21:19.848 +02:00 [INF] ART Diagnostic HealthCheck HealthCheckWorker 2 null: All subsystems healthy (SQL 2 ms, disk 50.42 GB free).
2026-07-27 09:21:23.420 +02:00 [INF] ART Diagnostic DatabaseLatency SqlExpress 22 null: SQL round-trip 22 ms
2026-07-27 09:21:23.477 +02:00 [INF] ART Diagnostic MraConnectivity MraEis 39 404: MRA reachable (404) in 39 ms.
2026-07-27 09:21:23.671 +02:00 [INF] ART Diagnostic HealthCheck HealthCheckWorker 22 null: All subsystems healthy (SQL 22 ms, disk 50.42 GB free).
2026-07-27 09:21:23.850 +02:00 [INF] ART Diagnostic WorkerHeartbeat SystemHealthMonitorService null null: All monitored subsystems healthy.
2026-07-27 09:21:41.593 +02:00 [INF] ART Diagnostic DatabaseLatency SqlExpress 1 null: Performance profile sample (FPS 0.0)
2026-07-27 09:22:04.906 +02:00 [INF] ART Diagnostic WorkerHeartbeat HealthCheckWorker null null: Heartbeat
2026-07-27 09:22:04.918 +02:00 [INF] ART Diagnostic DatabaseLatency SqlExpress 0 null: SQL round-trip 0 ms
2026-07-27 09:22:04.944 +02:00 [INF] ART Diagnostic MraConnectivity MraEis 22 404: MRA reachable (404) in 22 ms.
2026-07-27 09:22:05.026 +02:00 [INF] ART Diagnostic HealthCheck HealthCheckWorker 0 null: All subsystems healthy (SQL 0 ms, disk 50.42 GB free).
2026-07-27 09:22:08.860 +02:00 [INF] ART Diagnostic DatabaseLatency SqlExpress 2 null: SQL round-trip 2 ms
2026-07-27 09:22:11.679 +02:00 [INF] Inventory alert scan complete: 8 products, low=0, stockout=0, overstock=0, fast=0.
2026-07-27 09:22:11.701 +02:00 [INF] ART Diagnostic DatabaseLatency SqlExpress 34 null: Performance profile sample (FPS 0.0)
2026-07-27 09:22:11.989 +02:00 [INF] ART Diagnostic MraConnectivity MraEis 3106 404: MRA reachable (404) in 3106 ms.
2026-07-27 09:22:12.128 +02:00 [INF] ART Diagnostic HealthCheck HealthCheckWorker 2 null: All subsystems healthy (SQL 2 ms, disk 50.42 GB free).
2026-07-27 09:22:12.310 +02:00 [INF] ART Diagnostic WorkerHeartbeat SystemHealthMonitorService null null: All monitored subsystems healthy.
2026-07-27 09:22:41.786 +02:00 [INF] ART Diagnostic DatabaseLatency SqlExpress 1 null: Performance profile sample (FPS 0.0)
2026-07-27 09:22:50.085 +02:00 [INF] ART Diagnostic WorkerHeartbeat HealthCheckWorker null null: Heartbeat
2026-07-27 09:22:50.101 +02:00 [INF] ART Diagnostic DatabaseLatency SqlExpress 1 null: SQL round-trip 1 ms
2026-07-27 09:22:53.200 +02:00 [INF] ART Diagnostic MraConnectivity MraEis 3091 404: MRA reachable (404) in 3091 ms.
2026-07-27 09:22:53.374 +02:00 [INF] ART Diagnostic HealthCheck HealthCheckWorker 1 null: All subsystems healthy (SQL 1 ms, disk 50.42 GB free).
2026-07-27 09:22:57.398 +02:00 [INF] ART Diagnostic DatabaseLatency SqlExpress 0 null: SQL round-trip 0 ms
2026-07-27 09:22:57.427 +02:00 [INF] ART Diagnostic MraConnectivity MraEis 23 404: MRA reachable (404) in 23 ms.
2026-07-27 09:22:57.497 +02:00 [INF] ART Diagnostic HealthCheck HealthCheckWorker 0 null: All subsystems healthy (SQL 0 ms, disk 50.42 GB free).
2026-07-27 09:22:57.602 +02:00 [INF] ART Diagnostic WorkerHeartbeat SystemHealthMonitorService null null: All monitored subsystems healthy.
2026-07-27 09:23:01.954 +02:00 [INF] MRA EIS GET "https://dev-eis-api.mra.mw/api/v1/configuration/get-latest-configs"
2026-07-27 09:23:02.023 +02:00 [INF] MRA GET /api/v1/configuration/get-latest-configs status=500 success=false durationMs=47
2026-07-27 09:23:02.049 +02:00 [WRN] MRA EIS HTTP 500 for GET "https://dev-eis-api.mra.mw/api/v1/configuration/get-latest-configs". RequestPayload=(empty). ResponseBody={"message":"An internal error occurred"}
2026-07-27 09:23:02.055 +02:00 [WRN] Failed refreshing latest MRA configs for payload normalize; falling back to cached identity.
PointOfSale.Mra.Http.MraApiException: MRA EIS HTTP 500: Internal Server Error — An internal error occurred
   at PointOfSale.Infrastructure.Services.MraApiClient.SendAsync[TResponse](HttpRequestMessage request, String auditRequestBody, CancellationToken cancellationToken) in C:\Users\Albert Zee\Documents\Projects\Point Of Sale\src\PointOfSale.Infrastructure\Services\MraApiClient.cs:line 228
   at PointOfSale.Infrastructure.Services.MraApiClient.GetAsync[TResponse](String relativePath, IReadOnlyDictionary`2 query, MraRequestContext context, CancellationToken cancellationToken) in C:\Users\Albert Zee\Documents\Projects\Point Of Sale\src\PointOfSale.Infrastructure\Services\MraApiClient.cs:line 105
   at PointOfSale.Infrastructure.Services.TerminalOnboardingService.GetLatestConfigsAsync(CancellationToken cancellationToken) in C:\Users\Albert Zee\Documents\Projects\Point Of Sale\src\PointOfSale.Infrastructure\Services\TerminalOnboardingService.cs:line 190
   at PointOfSale.Infrastructure.Services.OfflineSalesQueueService.LoadFiscalIdentityOverlayAsync(CancellationToken cancellationToken) in C:\Users\Albert Zee\Documents\Projects\Point Of Sale\src\PointOfSale.Infrastructure\Services\OfflineSalesQueueService.cs:line 482
2026-07-27 09:23:02.149 +02:00 [INF] MRA EIS POST "https://dev-eis-api.mra.mw/api/v1/sales/submit-sales-transaction"
2026-07-27 09:23:02.149 +02:00 [INF] MRA EIS request payload for "https://dev-eis-api.mra.mw/api/v1/sales/submit-sales-transaction": {"invoiceHeader":{"invoiceNumber":"ART-20260723091558","invoiceDateTime":"2026-07-23T07:16:22.950Z","sellerTIN":"1234567890","siteId":"SITE-CITY-CENTER","globalConfigVersion":1,"taxpayerConfigVersion":1,"terminalConfigVersion":1,"isReliefSupply":false,"paymentMethod":"Cash"},"invoiceLineItems":[{"id":1,"productCode":"ART-WATER-500","description":"Bottled Water 500ml","unitPrice":350.00,"quantity":2,"discount":0,"total":700.00,"totalVAT":122.50,"taxRateId":"A","isProduct":true},{"id":2,"productCode":"ART-SUGAR-1KG","description":"Sugar 1kg","unitPrice":2800.00,"quantity":1,"discount":0,"total":2800.00,"totalVAT":490.00,"taxRateId":"A","isProduct":true}],"invoiceSummary":{"taxBreakDown":[{"rateId":"A","taxableAmount":3500.00,"taxAmount":612.50}],"totalVAT":612.50,"offlineSignature":"NVvXLE/h/KvCd9Q7JLUOB18SRSY09wgL/q3bxZvMQ4Bu6408zFWe\u002BW/BWB1e8jqD96vp6Qir4Cgcf7tZx74RhA==","invoiceTotal":4112.50,"amountTendered":4112.50}}
2026-07-27 09:23:02.174 +02:00 [INF] MRA POST /api/v1/sales/submit-sales-transaction status=500 success=false durationMs=47
2026-07-27 09:23:02.177 +02:00 [WRN] MRA EIS HTTP 500 for POST "https://dev-eis-api.mra.mw/api/v1/sales/submit-sales-transaction". RequestPayload={"invoiceHeader":{"invoiceNumber":"ART-20260723091558","invoiceDateTime":"2026-07-23T07:16:22.950Z","sellerTIN":"1234567890","siteId":"SITE-CITY-CENTER","globalConfigVersion":1,"taxpayerConfigVersion":1,"terminalConfigVersion":1,"isReliefSupply":false,"paymentMethod":"Cash"},"invoiceLineItems":[{"id":1,"productCode":"ART-WATER-500","description":"Bottled Water 500ml","unitPrice":350.00,"quantity":2,"discount":0,"total":700.00,"totalVAT":122.50,"taxRateId":"A","isProduct":true},{"id":2,"productCode":"ART-SUGAR-1KG","description":"Sugar 1kg","unitPrice":2800.00,"quantity":1,"discount":0,"total":2800.00,"totalVAT":490.00,"taxRateId":"A","isProduct":true}],"invoiceSummary":{"taxBreakDown":[{"rateId":"A","taxableAmount":3500.00,"taxAmount":612.50}],"totalVAT":612.50,"offlineSignature":"NVvXLE/h/KvCd9Q7JLUOB18SRSY09wgL/q3bxZvMQ4Bu6408zFWe\u002BW/BWB1e8jqD96vp6Qir4Cgcf7tZx74RhA==","invoiceTotal":4112.50,"amountTendered":4112.50}}. ResponseBody={"message":"An internal error occurred"}
2026-07-27 09:23:02.180 +02:00 [ERR] Opaque sandbox rejection for queue 3. OutgoingPayloadJson={"invoiceHeader":{"invoiceNumber":"ART-20260723091558","invoiceDateTime":"2026-07-23T07:16:22.950Z","sellerTIN":"1234567890","siteId":"SITE-CITY-CENTER","globalConfigVersion":1,"taxpayerConfigVersion":1,"terminalConfigVersion":1,"isReliefSupply":false,"paymentMethod":"Cash"},"invoiceLineItems":[{"id":1,"productCode":"ART-WATER-500","description":"Bottled Water 500ml","unitPrice":350.00,"quantity":2,"discount":0,"total":700.00,"totalVAT":122.50,"taxRateId":"A","isProduct":true},{"id":2,"productCode":"ART-SUGAR-1KG","description":"Sugar 1kg","unitPrice":2800.00,"quantity":1,"discount":0,"total":2800.00,"totalVAT":490.00,"taxRateId":"A","isProduct":true}],"invoiceSummary":{"taxBreakDown":[{"rateId":"A","taxableAmount":3500.00,"taxAmount":612.50}],"totalVAT":612.50,"offlineSignature":"NVvXLE/h/KvCd9Q7JLUOB18SRSY09wgL/q3bxZvMQ4Bu6408zFWe\u002BW/BWB1e8jqD96vp6Qir4Cgcf7tZx74RhA==","invoiceTotal":4112.50,"amountTendered":4112.50}}
PointOfSale.Mra.Http.MraApiException: MRA EIS HTTP 500: Internal Server Error — An internal error occurred
   at PointOfSale.Infrastructure.Services.MraApiClient.SendAsync[TResponse](HttpRequestMessage request, String auditRequestBody, CancellationToken cancellationToken) in C:\Users\Albert Zee\Documents\Projects\Point Of Sale\src\PointOfSale.Infrastructure\Services\MraApiClient.cs:line 228
   at PointOfSale.Infrastructure.Services.MraApiClient.PostAsync[TRequest,TResponse](String relativePath, TRequest body, MraRequestContext context, CancellationToken cancellationToken) in C:\Users\Albert Zee\Documents\Projects\Point Of Sale\src\PointOfSale.Infrastructure\Services\MraApiClient.cs:line 83
   at PointOfSale.Infrastructure.Services.SalesTransactionService.PostSignedAsync[TRequest,TResponse](String relativePath, TRequest body, CancellationToken cancellationToken) in C:\Users\Albert Zee\Documents\Projects\Point Of Sale\src\PointOfSale.Infrastructure\Services\SalesTransactionService.cs:line 179
   at PointOfSale.Infrastructure.Services.OfflineSalesQueueService.TrySubmitQueuedAsync(Int32 queueId, SubmitSalesTransactionRequest payload, Int32 currentRetryCount, CancellationToken cancellationToken, Boolean triggerAutoPrintOnSuccess) in C:\Users\Albert Zee\Documents\Projects\Point Of Sale\src\PointOfSale.Infrastructure\Services\OfflineSalesQueueService.cs:line 184
2026-07-27 09:23:02.209 +02:00 [WRN] Quarantined queue id 3 after MRA HTTP 500: MRA EIS HTTP 500: Internal Server Error — An internal error occurred. ResponseBody={"message":"An internal error occurred"}
2026-07-27 09:23:05.988 +02:00 [INF] MRA EIS GET "https://dev-eis-api.mra.mw/api/v1/configuration/get-latest-configs"
2026-07-27 09:23:06.015 +02:00 [INF] MRA GET /api/v1/configuration/get-latest-configs status=500 success=false durationMs=32
2026-07-27 09:23:06.017 +02:00 [WRN] MRA EIS HTTP 500 for GET "https://dev-eis-api.mra.mw/api/v1/configuration/get-latest-configs". RequestPayload=(empty). ResponseBody={"message":"An internal error occurred"}
2026-07-27 09:23:06.018 +02:00 [WRN] Failed refreshing latest MRA configs for payload normalize; falling back to cached identity.
PointOfSale.Mra.Http.MraApiException: MRA EIS HTTP 500: Internal Server Error — An internal error occurred
   at PointOfSale.Infrastructure.Services.MraApiClient.SendAsync[TResponse](HttpRequestMessage request, String auditRequestBody, CancellationToken cancellationToken) in C:\Users\Albert Zee\Documents\Projects\Point Of Sale\src\PointOfSale.Infrastructure\Services\MraApiClient.cs:line 228
   at PointOfSale.Infrastructure.Services.MraApiClient.GetAsync[TResponse](String relativePath, IReadOnlyDictionary`2 query, MraRequestContext context, CancellationToken cancellationToken) in C:\Users\Albert Zee\Documents\Projects\Point Of Sale\src\PointOfSale.Infrastructure\Services\MraApiClient.cs:line 105
   at PointOfSale.Infrastructure.Services.TerminalOnboardingService.GetLatestConfigsAsync(CancellationToken cancellationToken) in C:\Users\Albert Zee\Documents\Projects\Point Of Sale\src\PointOfSale.Infrastructure\Services\TerminalOnboardingService.cs:line 190
   at PointOfSale.Infrastructure.Services.OfflineSalesQueueService.LoadFiscalIdentityOverlayAsync(CancellationToken cancellationToken) in C:\Users\Albert Zee\Documents\Projects\Point Of Sale\src\PointOfSale.Infrastructure\Services\OfflineSalesQueueService.cs:line 482
2026-07-27 09:23:06.021 +02:00 [INF] MRA EIS POST "https://dev-eis-api.mra.mw/api/v1/sales/submit-sales-transaction"
2026-07-27 09:23:06.021 +02:00 [INF] MRA EIS request payload for "https://dev-eis-api.mra.mw/api/v1/sales/submit-sales-transaction": {"invoiceHeader":{"invoiceNumber":"ART-20260724090036","invoiceDateTime":"2026-07-24T07:00:37.498Z","sellerTIN":"1234567890","siteId":"SITE-CITY-CENTER","globalConfigVersion":1,"taxpayerConfigVersion":1,"terminalConfigVersion":1,"isReliefSupply":false,"paymentMethod":"Cash"},"invoiceLineItems":[{"id":1,"productCode":"ART-OIL-1L","description":"Cooking Oil 1L","unitPrice":5200.00,"quantity":1,"discount":0,"total":5200.00,"totalVAT":910.00,"taxRateId":"A","isProduct":true},{"id":2,"productCode":"ART-MILK-1L","description":"Fresh Milk 1L","unitPrice":2200.00,"quantity":1,"discount":0,"total":2200.00,"totalVAT":385.00,"taxRateId":"A","isProduct":true}],"invoiceSummary":{"taxBreakDown":[{"rateId":"A","taxableAmount":7400.00,"taxAmount":1295.00}],"totalVAT":1295.00,"invoiceTotal":8695.00,"amountTendered":8695.00}}
2026-07-27 09:23:06.041 +02:00 [INF] MRA POST /api/v1/sales/submit-sales-transaction status=500 success=false durationMs=31
2026-07-27 09:23:06.044 +02:00 [WRN] MRA EIS HTTP 500 for POST "https://dev-eis-api.mra.mw/api/v1/sales/submit-sales-transaction". RequestPayload={"invoiceHeader":{"invoiceNumber":"ART-20260724090036","invoiceDateTime":"2026-07-24T07:00:37.498Z","sellerTIN":"1234567890","siteId":"SITE-CITY-CENTER","globalConfigVersion":1,"taxpayerConfigVersion":1,"terminalConfigVersion":1,"isReliefSupply":false,"paymentMethod":"Cash"},"invoiceLineItems":[{"id":1,"productCode":"ART-OIL-1L","description":"Cooking Oil 1L","unitPrice":5200.00,"quantity":1,"discount":0,"total":5200.00,"totalVAT":910.00,"taxRateId":"A","isProduct":true},{"id":2,"productCode":"ART-MILK-1L","description":"Fresh Milk 1L","unitPrice":2200.00,"quantity":1,"discount":0,"total":2200.00,"totalVAT":385.00,"taxRateId":"A","isProduct":true}],"invoiceSummary":{"taxBreakDown":[{"rateId":"A","taxableAmount":7400.00,"taxAmount":1295.00}],"totalVAT":1295.00,"invoiceTotal":8695.00,"amountTendered":8695.00}}. ResponseBody={"message":"An internal error occurred"}
2026-07-27 09:23:06.044 +02:00 [ERR] Opaque sandbox rejection for queue 1006. OutgoingPayloadJson={"invoiceHeader":{"invoiceNumber":"ART-20260724090036","invoiceDateTime":"2026-07-24T07:00:37.498Z","sellerTIN":"1234567890","siteId":"SITE-CITY-CENTER","globalConfigVersion":1,"taxpayerConfigVersion":1,"terminalConfigVersion":1,"isReliefSupply":false,"paymentMethod":"Cash"},"invoiceLineItems":[{"id":1,"productCode":"ART-OIL-1L","description":"Cooking Oil 1L","unitPrice":5200.00,"quantity":1,"discount":0,"total":5200.00,"totalVAT":910.00,"taxRateId":"A","isProduct":true},{"id":2,"productCode":"ART-MILK-1L","description":"Fresh Milk 1L","unitPrice":2200.00,"quantity":1,"discount":0,"total":2200.00,"totalVAT":385.00,"taxRateId":"A","isProduct":true}],"invoiceSummary":{"taxBreakDown":[{"rateId":"A","taxableAmount":7400.00,"taxAmount":1295.00}],"totalVAT":1295.00,"invoiceTotal":8695.00,"amountTendered":8695.00}}
PointOfSale.Mra.Http.MraApiException: MRA EIS HTTP 500: Internal Server Error — An internal error occurred
   at PointOfSale.Infrastructure.Services.MraApiClient.SendAsync[TResponse](HttpRequestMessage request, String auditRequestBody, CancellationToken cancellationToken) in C:\Users\Albert Zee\Documents\Projects\Point Of Sale\src\PointOfSale.Infrastructure\Services\MraApiClient.cs:line 228
   at PointOfSale.Infrastructure.Services.MraApiClient.PostAsync[TRequest,TResponse](String relativePath, TRequest body, MraRequestContext context, CancellationToken cancellationToken) in C:\Users\Albert Zee\Documents\Projects\Point Of Sale\src\PointOfSale.Infrastructure\Services\MraApiClient.cs:line 83
   at PointOfSale.Infrastructure.Services.SalesTransactionService.PostSignedAsync[TRequest,TResponse](String relativePath, TRequest body, CancellationToken cancellationToken) in C:\Users\Albert Zee\Documents\Projects\Point Of Sale\src\PointOfSale.Infrastructure\Services\SalesTransactionService.cs:line 179
   at PointOfSale.Infrastructure.Services.OfflineSalesQueueService.TrySubmitQueuedAsync(Int32 queueId, SubmitSalesTransactionRequest payload, Int32 currentRetryCount, CancellationToken cancellationToken, Boolean triggerAutoPrintOnSuccess) in C:\Users\Albert Zee\Documents\Projects\Point Of Sale\src\PointOfSale.Infrastructure\Services\OfflineSalesQueueService.cs:line 184
2026-07-27 09:23:06.046 +02:00 [WRN] Quarantined queue id 1006 after MRA HTTP 500: MRA EIS HTTP 500: Internal Server Error — An internal error occurred. ResponseBody={"message":"An internal error occurred"}
2026-07-27 09:23:11.732 +02:00 [INF] Inventory alert scan complete: 8 products, low=0, stockout=0, overstock=0, fast=0.
2026-07-27 09:23:11.833 +02:00 [INF] ART Diagnostic DatabaseLatency SqlExpress 0 null: Performance profile sample (FPS 0.0)
2026-07-27 09:23:37.711 +02:00 [INF] MRA EIS GET "https://dev-eis-api.mra.mw/api/v1/configuration/get-latest-configs"
2026-07-27 09:23:37.731 +02:00 [INF] MRA GET /api/v1/configuration/get-latest-configs status=500 success=false durationMs=31
2026-07-27 09:23:37.737 +02:00 [WRN] MRA EIS HTTP 500 for GET "https://dev-eis-api.mra.mw/api/v1/configuration/get-latest-configs". RequestPayload=(empty). ResponseBody={"message":"An internal error occurred"}
2026-07-27 09:23:37.738 +02:00 [WRN] Failed refreshing latest MRA configs for payload normalize; falling back to cached identity.
PointOfSale.Mra.Http.MraApiException: MRA EIS HTTP 500: Internal Server Error — An internal error occurred
   at PointOfSale.Infrastructure.Services.MraApiClient.SendAsync[TResponse](HttpRequestMessage request, String auditRequestBody, CancellationToken cancellationToken) in C:\Users\Albert Zee\Documents\Projects\Point Of Sale\src\PointOfSale.Infrastructure\Services\MraApiClient.cs:line 228
   at PointOfSale.Infrastructure.Services.MraApiClient.GetAsync[TResponse](String relativePath, IReadOnlyDictionary`2 query, MraRequestContext context, CancellationToken cancellationToken) in C:\Users\Albert Zee\Documents\Projects\Point Of Sale\src\PointOfSale.Infrastructure\Services\MraApiClient.cs:line 105
   at PointOfSale.Infrastructure.Services.TerminalOnboardingService.GetLatestConfigsAsync(CancellationToken cancellationToken) in C:\Users\Albert Zee\Documents\Projects\Point Of Sale\src\PointOfSale.Infrastructure\Services\TerminalOnboardingService.cs:line 190
   at PointOfSale.Infrastructure.Services.OfflineSalesQueueService.LoadFiscalIdentityOverlayAsync(CancellationToken cancellationToken) in C:\Users\Albert Zee\Documents\Projects\Point Of Sale\src\PointOfSale.Infrastructure\Services\OfflineSalesQueueService.cs:line 482
2026-07-27 09:23:37.743 +02:00 [INF] MRA EIS POST "https://dev-eis-api.mra.mw/api/v1/sales/submit-sales-transaction"
2026-07-27 09:23:37.743 +02:00 [INF] MRA EIS request payload for "https://dev-eis-api.mra.mw/api/v1/sales/submit-sales-transaction": {"invoiceHeader":{"invoiceNumber":"ART-20260724090036","invoiceDateTime":"2026-07-24T07:00:37.498Z","sellerTIN":"1234567890","siteId":"SITE-CITY-CENTER","globalConfigVersion":1,"taxpayerConfigVersion":1,"terminalConfigVersion":1,"isReliefSupply":false,"paymentMethod":"Cash"},"invoiceLineItems":[{"id":1,"productCode":"ART-OIL-1L","description":"Cooking Oil 1L","unitPrice":5200.00,"quantity":1,"discount":0,"total":5200.00,"totalVAT":910.00,"taxRateId":"A","isProduct":true},{"id":2,"productCode":"ART-MILK-1L","description":"Fresh Milk 1L","unitPrice":2200.00,"quantity":1,"discount":0,"total":2200.00,"totalVAT":385.00,"taxRateId":"A","isProduct":true}],"invoiceSummary":{"taxBreakDown":[{"rateId":"A","taxableAmount":7400.00,"taxAmount":1295.00}],"totalVAT":1295.00,"invoiceTotal":8695.00,"amountTendered":8695.00}}
2026-07-27 09:23:37.762 +02:00 [INF] MRA POST /api/v1/sales/submit-sales-transaction status=500 success=false durationMs=32
2026-07-27 09:23:37.807 +02:00 [WRN] MRA EIS HTTP 500 for POST "https://dev-eis-api.mra.mw/api/v1/sales/submit-sales-transaction". RequestPayload={"invoiceHeader":{"invoiceNumber":"ART-20260724090036","invoiceDateTime":"2026-07-24T07:00:37.498Z","sellerTIN":"1234567890","siteId":"SITE-CITY-CENTER","globalConfigVersion":1,"taxpayerConfigVersion":1,"terminalConfigVersion":1,"isReliefSupply":false,"paymentMethod":"Cash"},"invoiceLineItems":[{"id":1,"productCode":"ART-OIL-1L","description":"Cooking Oil 1L","unitPrice":5200.00,"quantity":1,"discount":0,"total":5200.00,"totalVAT":910.00,"taxRateId":"A","isProduct":true},{"id":2,"productCode":"ART-MILK-1L","description":"Fresh Milk 1L","unitPrice":2200.00,"quantity":1,"discount":0,"total":2200.00,"totalVAT":385.00,"taxRateId":"A","isProduct":true}],"invoiceSummary":{"taxBreakDown":[{"rateId":"A","taxableAmount":7400.00,"taxAmount":1295.00}],"totalVAT":1295.00,"invoiceTotal":8695.00,"amountTendered":8695.00}}. ResponseBody={"message":"An internal error occurred"}
2026-07-27 09:23:37.807 +02:00 [ERR] Opaque sandbox rejection for queue 1006. OutgoingPayloadJson={"invoiceHeader":{"invoiceNumber":"ART-20260724090036","invoiceDateTime":"2026-07-24T07:00:37.498Z","sellerTIN":"1234567890","siteId":"SITE-CITY-CENTER","globalConfigVersion":1,"taxpayerConfigVersion":1,"terminalConfigVersion":1,"isReliefSupply":false,"paymentMethod":"Cash"},"invoiceLineItems":[{"id":1,"productCode":"ART-OIL-1L","description":"Cooking Oil 1L","unitPrice":5200.00,"quantity":1,"discount":0,"total":5200.00,"totalVAT":910.00,"taxRateId":"A","isProduct":true},{"id":2,"productCode":"ART-MILK-1L","description":"Fresh Milk 1L","unitPrice":2200.00,"quantity":1,"discount":0,"total":2200.00,"totalVAT":385.00,"taxRateId":"A","isProduct":true}],"invoiceSummary":{"taxBreakDown":[{"rateId":"A","taxableAmount":7400.00,"taxAmount":1295.00}],"totalVAT":1295.00,"invoiceTotal":8695.00,"amountTendered":8695.00}}
PointOfSale.Mra.Http.MraApiException: MRA EIS HTTP 500: Internal Server Error — An internal error occurred
   at PointOfSale.Infrastructure.Services.MraApiClient.SendAsync[TResponse](HttpRequestMessage request, String auditRequestBody, CancellationToken cancellationToken) in C:\Users\Albert Zee\Documents\Projects\Point Of Sale\src\PointOfSale.Infrastructure\Services\MraApiClient.cs:line 228
   at PointOfSale.Infrastructure.Services.MraApiClient.PostAsync[TRequest,TResponse](String relativePath, TRequest body, MraRequestContext context, CancellationToken cancellationToken) in C:\Users\Albert Zee\Documents\Projects\Point Of Sale\src\PointOfSale.Infrastructure\Services\MraApiClient.cs:line 83
   at PointOfSale.Infrastructure.Services.SalesTransactionService.PostSignedAsync[TRequest,TResponse](String relativePath, TRequest body, CancellationToken cancellationToken) in C:\Users\Albert Zee\Documents\Projects\Point Of Sale\src\PointOfSale.Infrastructure\Services\SalesTransactionService.cs:line 179
   at PointOfSale.Infrastructure.Services.OfflineSalesQueueService.TrySubmitQueuedAsync(Int32 queueId, SubmitSalesTransactionRequest payload, Int32 currentRetryCount, CancellationToken cancellationToken, Boolean triggerAutoPrintOnSuccess) in C:\Users\Albert Zee\Documents\Projects\Point Of Sale\src\PointOfSale.Infrastructure\Services\OfflineSalesQueueService.cs:line 184
2026-07-27 09:23:37.824 +02:00 [WRN] Quarantined queue id 1006 after MRA HTTP 500: MRA EIS HTTP 500: Internal Server Error — An internal error occurred. ResponseBody={"message":"An internal error occurred"}
2026-07-27 09:23:38.386 +02:00 [INF] ART Diagnostic WorkerHeartbeat HealthCheckWorker null null: Heartbeat
2026-07-27 09:23:38.401 +02:00 [INF] ART Diagnostic DatabaseLatency SqlExpress 1 null: SQL round-trip 1 ms
2026-07-27 09:23:38.450 +02:00 [INF] ART Diagnostic MraConnectivity MraEis 42 404: MRA reachable (404) in 42 ms.
2026-07-27 09:23:39.408 +02:00 [INF] MRA EIS GET "https://dev-eis-api.mra.mw/api/v1/configuration/get-latest-configs"
2026-07-27 09:23:39.431 +02:00 [INF] MRA GET /api/v1/configuration/get-latest-configs status=500 success=false durationMs=32
2026-07-27 09:23:39.441 +02:00 [WRN] MRA EIS HTTP 500 for GET "https://dev-eis-api.mra.mw/api/v1/configuration/get-latest-configs". RequestPayload=(empty). ResponseBody={"message":"An internal error occurred"}
2026-07-27 09:23:39.441 +02:00 [WRN] Failed refreshing latest MRA configs for payload normalize; falling back to cached identity.
PointOfSale.Mra.Http.MraApiException: MRA EIS HTTP 500: Internal Server Error — An internal error occurred
   at PointOfSale.Infrastructure.Services.MraApiClient.SendAsync[TResponse](HttpRequestMessage request, String auditRequestBody, CancellationToken cancellationToken) in C:\Users\Albert Zee\Documents\Projects\Point Of Sale\src\PointOfSale.Infrastructure\Services\MraApiClient.cs:line 228
   at PointOfSale.Infrastructure.Services.MraApiClient.GetAsync[TResponse](String relativePath, IReadOnlyDictionary`2 query, MraRequestContext context, CancellationToken cancellationToken) in C:\Users\Albert Zee\Documents\Projects\Point Of Sale\src\PointOfSale.Infrastructure\Services\MraApiClient.cs:line 105
   at PointOfSale.Infrastructure.Services.TerminalOnboardingService.GetLatestConfigsAsync(CancellationToken cancellationToken) in C:\Users\Albert Zee\Documents\Projects\Point Of Sale\src\PointOfSale.Infrastructure\Services\TerminalOnboardingService.cs:line 190
   at PointOfSale.Infrastructure.Services.OfflineSalesQueueService.LoadFiscalIdentityOverlayAsync(CancellationToken cancellationToken) in C:\Users\Albert Zee\Documents\Projects\Point Of Sale\src\PointOfSale.Infrastructure\Services\OfflineSalesQueueService.cs:line 482
2026-07-27 09:23:39.447 +02:00 [INF] MRA EIS POST "https://dev-eis-api.mra.mw/api/v1/sales/submit-sales-transaction"
2026-07-27 09:23:39.447 +02:00 [INF] MRA EIS request payload for "https://dev-eis-api.mra.mw/api/v1/sales/submit-sales-transaction": {"invoiceHeader":{"invoiceNumber":"ART-20260724090036","invoiceDateTime":"2026-07-24T07:00:37.498Z","sellerTIN":"1234567890","siteId":"SITE-CITY-CENTER","globalConfigVersion":1,"taxpayerConfigVersion":1,"terminalConfigVersion":1,"isReliefSupply":false,"paymentMethod":"Cash"},"invoiceLineItems":[{"id":1,"productCode":"ART-OIL-1L","description":"Cooking Oil 1L","unitPrice":5200.00,"quantity":1,"discount":0,"total":5200.00,"totalVAT":910.00,"taxRateId":"A","isProduct":true},{"id":2,"productCode":"ART-MILK-1L","description":"Fresh Milk 1L","unitPrice":2200.00,"quantity":1,"discount":0,"total":2200.00,"totalVAT":385.00,"taxRateId":"A","isProduct":true}],"invoiceSummary":{"taxBreakDown":[{"rateId":"A","taxableAmount":7400.00,"taxAmount":1295.00}],"totalVAT":1295.00,"invoiceTotal":8695.00,"amountTendered":8695.00}}
2026-07-27 09:23:39.467 +02:00 [INF] MRA POST /api/v1/sales/submit-sales-transaction status=500 success=false durationMs=16
2026-07-27 09:23:39.469 +02:00 [WRN] MRA EIS HTTP 500 for POST "https://dev-eis-api.mra.mw/api/v1/sales/submit-sales-transaction". RequestPayload={"invoiceHeader":{"invoiceNumber":"ART-20260724090036","invoiceDateTime":"2026-07-24T07:00:37.498Z","sellerTIN":"1234567890","siteId":"SITE-CITY-CENTER","globalConfigVersion":1,"taxpayerConfigVersion":1,"terminalConfigVersion":1,"isReliefSupply":false,"paymentMethod":"Cash"},"invoiceLineItems":[{"id":1,"productCode":"ART-OIL-1L","description":"Cooking Oil 1L","unitPrice":5200.00,"quantity":1,"discount":0,"total":5200.00,"totalVAT":910.00,"taxRateId":"A","isProduct":true},{"id":2,"productCode":"ART-MILK-1L","description":"Fresh Milk 1L","unitPrice":2200.00,"quantity":1,"discount":0,"total":2200.00,"totalVAT":385.00,"taxRateId":"A","isProduct":true}],"invoiceSummary":{"taxBreakDown":[{"rateId":"A","taxableAmount":7400.00,"taxAmount":1295.00}],"totalVAT":1295.00,"invoiceTotal":8695.00,"amountTendered":8695.00}}. ResponseBody={"message":"An internal error occurred"}
2026-07-27 09:23:39.470 +02:00 [ERR] Opaque sandbox rejection for queue 1006. OutgoingPayloadJson={"invoiceHeader":{"invoiceNumber":"ART-20260724090036","invoiceDateTime":"2026-07-24T07:00:37.498Z","sellerTIN":"1234567890","siteId":"SITE-CITY-CENTER","globalConfigVersion":1,"taxpayerConfigVersion":1,"terminalConfigVersion":1,"isReliefSupply":false,"paymentMethod":"Cash"},"invoiceLineItems":[{"id":1,"productCode":"ART-OIL-1L","description":"Cooking Oil 1L","unitPrice":5200.00,"quantity":1,"discount":0,"total":5200.00,"totalVAT":910.00,"taxRateId":"A","isProduct":true},{"id":2,"productCode":"ART-MILK-1L","description":"Fresh Milk 1L","unitPrice":2200.00,"quantity":1,"discount":0,"total":2200.00,"totalVAT":385.00,"taxRateId":"A","isProduct":true}],"invoiceSummary":{"taxBreakDown":[{"rateId":"A","taxableAmount":7400.00,"taxAmount":1295.00}],"totalVAT":1295.00,"invoiceTotal":8695.00,"amountTendered":8695.00}}
PointOfSale.Mra.Http.MraApiException: MRA EIS HTTP 500: Internal Server Error — An internal error occurred
   at PointOfSale.Infrastructure.Services.MraApiClient.SendAsync[TResponse](HttpRequestMessage request, String auditRequestBody, CancellationToken cancellationToken) in C:\Users\Albert Zee\Documents\Projects\Point Of Sale\src\PointOfSale.Infrastructure\Services\MraApiClient.cs:line 228
   at PointOfSale.Infrastructure.Services.MraApiClient.PostAsync[TRequest,TResponse](String relativePath, TRequest body, MraRequestContext context, CancellationToken cancellationToken) in C:\Users\Albert Zee\Documents\Projects\Point Of Sale\src\PointOfSale.Infrastructure\Services\MraApiClient.cs:line 83
   at PointOfSale.Infrastructure.Services.SalesTransactionService.PostSignedAsync[TRequest,TResponse](String relativePath, TRequest body, CancellationToken cancellationToken) in C:\Users\Albert Zee\Documents\Projects\Point Of Sale\src\PointOfSale.Infrastructure\Services\SalesTransactionService.cs:line 179
   at PointOfSale.Infrastructure.Services.OfflineSalesQueueService.TrySubmitQueuedAsync(Int32 queueId, SubmitSalesTransactionRequest payload, Int32 currentRetryCount, CancellationToken cancellationToken, Boolean triggerAutoPrintOnSuccess) in C:\Users\Albert Zee\Documents\Projects\Point Of Sale\src\PointOfSale.Infrastructure\Services\OfflineSalesQueueService.cs:line 184
2026-07-27 09:23:39.480 +02:00 [WRN] Quarantined queue id 1006 after MRA HTTP 500: MRA EIS HTTP 500: Internal Server Error — An internal error occurred. ResponseBody={"message":"An internal error occurred"}
2026-07-27 09:23:41.072 +02:00 [INF] ART Diagnostic HealthCheck HealthCheckWorker 1 null: All subsystems healthy (SQL 1 ms, disk 50.42 GB free).
2026-07-27 09:23:41.774 +02:00 [INF] MRA EIS GET "https://dev-eis-api.mra.mw/api/v1/configuration/get-latest-configs"
2026-07-27 09:23:41.797 +02:00 [INF] MRA GET /api/v1/configuration/get-latest-configs status=500 success=false durationMs=16
2026-07-27 09:23:41.803 +02:00 [WRN] MRA EIS HTTP 500 for GET "https://dev-eis-api.mra.mw/api/v1/configuration/get-latest-configs". RequestPayload=(empty). ResponseBody={"message":"An internal error occurred"}
2026-07-27 09:23:41.803 +02:00 [WRN] Failed refreshing latest MRA configs for payload normalize; falling back to cached identity.
PointOfSale.Mra.Http.MraApiException: MRA EIS HTTP 500: Internal Server Error — An internal error occurred
   at PointOfSale.Infrastructure.Services.MraApiClient.SendAsync[TResponse](HttpRequestMessage request, String auditRequestBody, CancellationToken cancellationToken) in C:\Users\Albert Zee\Documents\Projects\Point Of Sale\src\PointOfSale.Infrastructure\Services\MraApiClient.cs:line 228
   at PointOfSale.Infrastructure.Services.MraApiClient.GetAsync[TResponse](String relativePath, IReadOnlyDictionary`2 query, MraRequestContext context, CancellationToken cancellationToken) in C:\Users\Albert Zee\Documents\Projects\Point Of Sale\src\PointOfSale.Infrastructure\Services\MraApiClient.cs:line 105
   at PointOfSale.Infrastructure.Services.TerminalOnboardingService.GetLatestConfigsAsync(CancellationToken cancellationToken) in C:\Users\Albert Zee\Documents\Projects\Point Of Sale\src\PointOfSale.Infrastructure\Services\TerminalOnboardingService.cs:line 190
   at PointOfSale.Infrastructure.Services.OfflineSalesQueueService.LoadFiscalIdentityOverlayAsync(CancellationToken cancellationToken) in C:\Users\Albert Zee\Documents\Projects\Point Of Sale\src\PointOfSale.Infrastructure\Services\OfflineSalesQueueService.cs:line 482
2026-07-27 09:23:41.807 +02:00 [INF] MRA EIS POST "https://dev-eis-api.mra.mw/api/v1/sales/submit-sales-transaction"
2026-07-27 09:23:41.808 +02:00 [INF] MRA EIS request payload for "https://dev-eis-api.mra.mw/api/v1/sales/submit-sales-transaction": {"invoiceHeader":{"invoiceNumber":"ART-20260724090036","invoiceDateTime":"2026-07-24T07:00:37.498Z","sellerTIN":"1234567890","siteId":"SITE-CITY-CENTER","globalConfigVersion":1,"taxpayerConfigVersion":1,"terminalConfigVersion":1,"isReliefSupply":false,"paymentMethod":"Cash"},"invoiceLineItems":[{"id":1,"productCode":"ART-OIL-1L","description":"Cooking Oil 1L","unitPrice":5200.00,"quantity":1,"discount":0,"total":5200.00,"totalVAT":910.00,"taxRateId":"A","isProduct":true},{"id":2,"productCode":"ART-MILK-1L","description":"Fresh Milk 1L","unitPrice":2200.00,"quantity":1,"discount":0,"total":2200.00,"totalVAT":385.00,"taxRateId":"A","isProduct":true}],"invoiceSummary":{"taxBreakDown":[{"rateId":"A","taxableAmount":7400.00,"taxAmount":1295.00}],"totalVAT":1295.00,"invoiceTotal":8695.00,"amountTendered":8695.00}}
2026-07-27 09:23:41.829 +02:00 [INF] MRA POST /api/v1/sales/submit-sales-transaction status=500 success=false durationMs=31
2026-07-27 09:23:41.832 +02:00 [WRN] MRA EIS HTTP 500 for POST "https://dev-eis-api.mra.mw/api/v1/sales/submit-sales-transaction". RequestPayload={"invoiceHeader":{"invoiceNumber":"ART-20260724090036","invoiceDateTime":"2026-07-24T07:00:37.498Z","sellerTIN":"1234567890","siteId":"SITE-CITY-CENTER","globalConfigVersion":1,"taxpayerConfigVersion":1,"terminalConfigVersion":1,"isReliefSupply":false,"paymentMethod":"Cash"},"invoiceLineItems":[{"id":1,"productCode":"ART-OIL-1L","description":"Cooking Oil 1L","unitPrice":5200.00,"quantity":1,"discount":0,"total":5200.00,"totalVAT":910.00,"taxRateId":"A","isProduct":true},{"id":2,"productCode":"ART-MILK-1L","description":"Fresh Milk 1L","unitPrice":2200.00,"quantity":1,"discount":0,"total":2200.00,"totalVAT":385.00,"taxRateId":"A","isProduct":true}],"invoiceSummary":{"taxBreakDown":[{"rateId":"A","taxableAmount":7400.00,"taxAmount":1295.00}],"totalVAT":1295.00,"invoiceTotal":8695.00,"amountTendered":8695.00}}. ResponseBody={"message":"An internal error occurred"}
2026-07-27 09:23:41.833 +02:00 [ERR] Opaque sandbox rejection for queue 1006. OutgoingPayloadJson={"invoiceHeader":{"invoiceNumber":"ART-20260724090036","invoiceDateTime":"2026-07-24T07:00:37.498Z","sellerTIN":"1234567890","siteId":"SITE-CITY-CENTER","globalConfigVersion":1,"taxpayerConfigVersion":1,"terminalConfigVersion":1,"isReliefSupply":false,"paymentMethod":"Cash"},"invoiceLineItems":[{"id":1,"productCode":"ART-OIL-1L","description":"Cooking Oil 1L","unitPrice":5200.00,"quantity":1,"discount":0,"total":5200.00,"totalVAT":910.00,"taxRateId":"A","isProduct":true},{"id":2,"productCode":"ART-MILK-1L","description":"Fresh Milk 1L","unitPrice":2200.00,"quantity":1,"discount":0,"total":2200.00,"totalVAT":385.00,"taxRateId":"A","isProduct":true}],"invoiceSummary":{"taxBreakDown":[{"rateId":"A","taxableAmount":7400.00,"taxAmount":1295.00}],"totalVAT":1295.00,"invoiceTotal":8695.00,"amountTendered":8695.00}}
PointOfSale.Mra.Http.MraApiException: MRA EIS HTTP 500: Internal Server Error — An internal error occurred
   at PointOfSale.Infrastructure.Services.MraApiClient.SendAsync[TResponse](HttpRequestMessage request, String auditRequestBody, CancellationToken cancellationToken) in C:\Users\Albert Zee\Documents\Projects\Point Of Sale\src\PointOfSale.Infrastructure\Services\MraApiClient.cs:line 228
   at PointOfSale.Infrastructure.Services.MraApiClient.PostAsync[TRequest,TResponse](String relativePath, TRequest body, MraRequestContext context, CancellationToken cancellationToken) in C:\Users\Albert Zee\Documents\Projects\Point Of Sale\src\PointOfSale.Infrastructure\Services\MraApiClient.cs:line 83
   at PointOfSale.Infrastructure.Services.SalesTransactionService.PostSignedAsync[TRequest,TResponse](String relativePath, TRequest body, CancellationToken cancellationToken) in C:\Users\Albert Zee\Documents\Projects\Point Of Sale\src\PointOfSale.Infrastructure\Services\SalesTransactionService.cs:line 179
   at PointOfSale.Infrastructure.Services.OfflineSalesQueueService.TrySubmitQueuedAsync(Int32 queueId, SubmitSalesTransactionRequest payload, Int32 currentRetryCount, CancellationToken cancellationToken, Boolean triggerAutoPrintOnSuccess) in C:\Users\Albert Zee\Documents\Projects\Point Of Sale\src\PointOfSale.Infrastructure\Services\OfflineSalesQueueService.cs:line 184
2026-07-27 09:23:41.836 +02:00 [WRN] Quarantined queue id 1006 after MRA HTTP 500: MRA EIS HTTP 500: Internal Server Error — An internal error occurred. ResponseBody={"message":"An internal error occurred"}
2026-07-27 09:23:41.916 +02:00 [INF] ART Diagnostic DatabaseLatency SqlExpress 0 null: Performance profile sample (FPS 0.0)
2026-07-27 09:23:42.612 +02:00 [INF] ART Diagnostic DatabaseLatency SqlExpress 1 null: SQL round-trip 1 ms
2026-07-27 09:23:42.641 +02:00 [INF] ART Diagnostic MraConnectivity MraEis 22 404: MRA reachable (404) in 22 ms.
2026-07-27 09:23:42.719 +02:00 [INF] ART Diagnostic HealthCheck HealthCheckWorker 1 null: All subsystems healthy (SQL 1 ms, disk 50.42 GB free).
2026-07-27 09:23:42.837 +02:00 [INF] ART Diagnostic WorkerHeartbeat SystemHealthMonitorService null null: All monitored subsystems healthy.
2026-07-27 09:24:11.765 +02:00 [INF] Inventory alert scan complete: 8 products, low=0, stockout=0, overstock=0, fast=0.
2026-07-27 09:24:11.971 +02:00 [INF] ART Diagnostic DatabaseLatency SqlExpress 1 null: Performance profile sample (FPS 0.0)
2026-07-27 09:24:26.096 +02:00 [INF] ART Diagnostic WorkerHeartbeat HealthCheckWorker null null: Heartbeat
2026-07-27 09:24:26.128 +02:00 [INF] ART Diagnostic DatabaseLatency SqlExpress 0 null: SQL round-trip 0 ms
2026-07-27 09:24:27.841 +02:00 [INF] ART Diagnostic DatabaseLatency SqlExpress 1 null: SQL round-trip 1 ms
2026-07-27 09:24:27.897 +02:00 [INF] ART Diagnostic MraConnectivity MraEis 47 404: MRA reachable (404) in 47 ms.
2026-07-27 09:24:27.981 +02:00 [INF] ART Diagnostic HealthCheck HealthCheckWorker 1 null: All subsystems healthy (SQL 1 ms, disk 50.42 GB free).
2026-07-27 09:24:28.080 +02:00 [INF] ART Diagnostic WorkerHeartbeat SystemHealthMonitorService null null: All monitored subsystems healthy.
2026-07-27 09:24:29.283 +02:00 [INF] ART Diagnostic MraConnectivity MraEis 3104 404: MRA reachable (404) in 3104 ms.
2026-07-27 09:24:29.383 +02:00 [INF] ART Diagnostic HealthCheck HealthCheckWorker 0 null: All subsystems healthy (SQL 0 ms, disk 50.42 GB free).
2026-07-27 09:24:42.106 +02:00 [INF] ART Diagnostic DatabaseLatency SqlExpress 1 null: Performance profile sample (FPS 0.0)
2026-07-27 09:25:11.791 +02:00 [INF] Inventory alert scan complete: 8 products, low=0, stockout=0, overstock=0, fast=0.
2026-07-27 09:25:13.145 +02:00 [INF] ART Diagnostic DatabaseLatency SqlExpress 1 null: SQL round-trip 1 ms
2026-07-27 09:25:14.388 +02:00 [INF] ART Diagnostic WorkerHeartbeat HealthCheckWorker null null: Heartbeat
2026-07-27 09:25:14.399 +02:00 [INF] ART Diagnostic DatabaseLatency SqlExpress 0 null: SQL round-trip 0 ms
2026-07-27 09:25:14.423 +02:00 [INF] ART Diagnostic MraConnectivity MraEis 20 404: MRA reachable (404) in 20 ms.
2026-07-27 09:25:14.504 +02:00 [INF] ART Diagnostic HealthCheck HealthCheckWorker 0 null: All subsystems healthy (SQL 0 ms, disk 50.42 GB free).
2026-07-27 09:25:16.274 +02:00 [INF] ART Diagnostic MraConnectivity MraEis 3116 404: MRA reachable (404) in 3116 ms.
2026-07-27 09:25:16.381 +02:00 [INF] ART Diagnostic HealthCheck HealthCheckWorker 1 null: All subsystems healthy (SQL 1 ms, disk 50.42 GB free).
2026-07-27 09:25:16.500 +02:00 [INF] ART Diagnostic WorkerHeartbeat SystemHealthMonitorService null null: All monitored subsystems healthy.
2026-07-27 09:25:31.829 +02:00 [INF] ART Diagnostic DatabaseLatency SqlExpress 0 null: Performance profile sample (FPS 0.0)
2026-07-27 09:25:59.513 +02:00 [INF] ART Diagnostic WorkerHeartbeat HealthCheckWorker null null: Heartbeat
2026-07-27 09:25:59.530 +02:00 [INF] ART Diagnostic DatabaseLatency SqlExpress 2 null: SQL round-trip 2 ms
2026-07-27 09:25:59.560 +02:00 [INF] ART Diagnostic MraConnectivity MraEis 23 404: MRA reachable (404) in 23 ms.
2026-07-27 09:26:01.507 +02:00 [INF] ART Diagnostic DatabaseLatency SqlExpress 1 null: SQL round-trip 1 ms
2026-07-27 09:26:01.536 +02:00 [INF] ART Diagnostic MraConnectivity MraEis 20 404: MRA reachable (404) in 20 ms.
2026-07-27 09:26:01.551 +02:00 [INF] ART Diagnostic HealthCheck HealthCheckWorker 1 null: All subsystems healthy (SQL 1 ms, disk 50.42 GB free).
2026-07-27 09:26:01.600 +02:00 [INF] ART Diagnostic WorkerHeartbeat SystemHealthMonitorService null null: All monitored subsystems healthy.
2026-07-27 09:26:01.895 +02:00 [INF] ART Diagnostic DatabaseLatency SqlExpress 1 null: Performance profile sample (FPS 0.0)
2026-07-27 09:26:02.741 +02:00 [INF] ART Diagnostic HealthCheck HealthCheckWorker 2 null: All subsystems healthy (SQL 2 ms, disk 50.42 GB free).
2026-07-27 09:26:11.822 +02:00 [INF] Inventory alert scan complete: 8 products, low=0, stockout=0, overstock=0, fast=0.
2026-07-27 09:26:31.939 +02:00 [INF] ART Diagnostic DatabaseLatency SqlExpress 1 null: Performance profile sample (FPS 0.0)
2026-07-27 09:26:46.610 +02:00 [INF] ART Diagnostic DatabaseLatency SqlExpress 4 null: SQL round-trip 4 ms
2026-07-27 09:26:47.762 +02:00 [INF] ART Diagnostic WorkerHeartbeat HealthCheckWorker null null: Heartbeat
2026-07-27 09:26:47.772 +02:00 [INF] ART Diagnostic DatabaseLatency SqlExpress 1 null: SQL round-trip 1 ms
2026-07-27 09:26:47.820 +02:00 [INF] ART Diagnostic MraConnectivity MraEis 42 404: MRA reachable (404) in 42 ms.
2026-07-27 09:26:47.907 +02:00 [INF] ART Diagnostic HealthCheck HealthCheckWorker 1 null: All subsystems healthy (SQL 1 ms, disk 50.42 GB free).
2026-07-27 09:26:49.786 +02:00 [INF] ART Diagnostic MraConnectivity MraEis 3095 404: MRA reachable (404) in 3095 ms.
2026-07-27 09:26:49.890 +02:00 [INF] ART Diagnostic HealthCheck HealthCheckWorker 4 null: All subsystems healthy (SQL 4 ms, disk 50.42 GB free).
2026-07-27 09:26:50.018 +02:00 [INF] ART Diagnostic WorkerHeartbeat SystemHealthMonitorService null null: All monitored subsystems healthy.
2026-07-27 09:27:11.868 +02:00 [INF] MRA EIS POST "https://dev-eis-api.mra.mw/api/v1/sales/get-invoice-by-number"
2026-07-27 09:27:11.868 +02:00 [INF] MRA EIS request payload for "https://dev-eis-api.mra.mw/api/v1/sales/get-invoice-by-number": {"invoiceNumber":"ART-20260724164619"}
2026-07-27 09:27:11.869 +02:00 [INF] Inventory alert scan complete: 8 products, low=0, stockout=0, overstock=0, fast=0.
2026-07-27 09:27:11.895 +02:00 [INF] MRA POST /api/v1/sales/get-invoice-by-number status=500 success=false durationMs=32
2026-07-27 09:27:11.900 +02:00 [WRN] MRA EIS HTTP 500 for POST "https://dev-eis-api.mra.mw/api/v1/sales/get-invoice-by-number". RequestPayload={"invoiceNumber":"ART-20260724164619"}. ResponseBody={"message":"An internal error occurred"}
2026-07-27 09:27:11.966 +02:00 [INF] ART Diagnostic DatabaseLatency SqlExpress 0 null: Performance profile sample (FPS 0.0)
2026-07-27 09:27:32.913 +02:00 [INF] ART Diagnostic WorkerHeartbeat HealthCheckWorker null null: Heartbeat
2026-07-27 09:27:32.917 +02:00 [INF] ART Diagnostic DatabaseLatency SqlExpress 0 null: SQL round-trip 0 ms
2026-07-27 09:27:35.014 +02:00 [INF] ART Diagnostic DatabaseLatency SqlExpress 0 null: SQL round-trip 0 ms
2026-07-27 09:27:35.040 +02:00 [INF] ART Diagnostic MraConnectivity MraEis 22 404: MRA reachable (404) in 22 ms.
2026-07-27 09:27:35.116 +02:00 [INF] ART Diagnostic HealthCheck HealthCheckWorker 0 null: All subsystems healthy (SQL 0 ms, disk 50.42 GB free).
2026-07-27 09:27:35.240 +02:00 [INF] ART Diagnostic WorkerHeartbeat SystemHealthMonitorService null null: All monitored subsystems healthy.
2026-07-27 09:27:36.046 +02:00 [INF] ART Diagnostic MraConnectivity MraEis 3105 404: MRA reachable (404) in 3105 ms.
2026-07-27 09:27:36.126 +02:00 [INF] ART Diagnostic HealthCheck HealthCheckWorker 0 null: All subsystems healthy (SQL 0 ms, disk 50.42 GB free).
2026-07-27 09:27:42.008 +02:00 [INF] ART Diagnostic DatabaseLatency SqlExpress 1 null: Performance profile sample (FPS 0.0)
2026-07-27 09:28:20.254 +02:00 [INF] ART Diagnostic DatabaseLatency SqlExpress 18 null: SQL round-trip 18 ms
2026-07-27 09:28:20.430 +02:00 [INF] ART Diagnostic MraConnectivity MraEis 27 404: MRA reachable (404) in 27 ms.
2026-07-27 09:28:20.710 +02:00 [INF] ART Diagnostic HealthCheck HealthCheckWorker 18 null: All subsystems healthy (SQL 18 ms, disk 50.41 GB free).
2026-07-27 09:28:21.135 +02:00 [INF] ART Diagnostic WorkerHeartbeat HealthCheckWorker null null: Heartbeat
2026-07-27 09:28:21.217 +02:00 [INF] ART Diagnostic DatabaseLatency SqlExpress 0 null: SQL round-trip 0 ms
2026-07-27 09:28:21.494 +02:00 [INF] ART Diagnostic MraConnectivity MraEis 48 404: MRA reachable (404) in 48 ms.
2026-07-27 09:28:21.525 +02:00 [INF] ART Diagnostic HealthCheck HealthCheckWorker 0 null: All subsystems healthy (SQL 0 ms, disk 50.41 GB free).
2026-07-27 09:28:23.983 +02:00 [INF] ART Diagnostic WorkerHeartbeat SystemHealthMonitorService null null: All monitored subsystems healthy.
2026-07-27 09:28:37.436 +02:00 [INF] Inventory alert scan complete: 8 products, low=0, stockout=0, overstock=0, fast=0.
2026-07-27 09:28:38.551 +02:00 [INF] ART Diagnostic DatabaseLatency SqlExpress 14 null: Performance profile sample (FPS 0.0)
2026-07-27 09:29:06.550 +02:00 [INF] ART Diagnostic WorkerHeartbeat HealthCheckWorker null null: Heartbeat
2026-07-27 09:29:06.566 +02:00 [INF] ART Diagnostic DatabaseLatency SqlExpress 1 null: SQL round-trip 1 ms
2026-07-27 09:29:06.608 +02:00 [INF] ART Diagnostic MraConnectivity MraEis 30 404: MRA reachable (404) in 30 ms.
2026-07-27 09:29:09.059 +02:00 [INF] ART Diagnostic DatabaseLatency SqlExpress 1 null: SQL round-trip 1 ms
2026-07-27 09:29:09.093 +02:00 [INF] ART Diagnostic MraConnectivity MraEis 24 404: MRA reachable (404) in 24 ms.
2026-07-27 09:29:09.102 +02:00 [INF] ART Diagnostic HealthCheck HealthCheckWorker 1 null: All subsystems healthy (SQL 1 ms, disk 50.4 GB free).
2026-07-27 09:29:09.187 +02:00 [INF] ART Diagnostic WorkerHeartbeat SystemHealthMonitorService null null: All monitored subsystems healthy.
2026-07-27 09:29:09.759 +02:00 [INF] ART Diagnostic HealthCheck HealthCheckWorker 1 null: All subsystems healthy (SQL 1 ms, disk 50.4 GB free).
2026-07-27 09:29:34.152 +02:00 [INF] ART Diagnostic DatabaseLatency SqlExpress 1 null: Performance profile sample (FPS 0.0)
2026-07-27 09:29:37.470 +02:00 [INF] Inventory alert scan complete: 8 products, low=0, stockout=0, overstock=0, fast=0.
2026-07-27 09:29:54.200 +02:00 [INF] ART Diagnostic DatabaseLatency SqlExpress 0 null: SQL round-trip 0 ms
2026-07-27 09:29:54.809 +02:00 [INF] ART Diagnostic WorkerHeartbeat HealthCheckWorker null null: Heartbeat
2026-07-27 09:29:54.817 +02:00 [INF] ART Diagnostic DatabaseLatency SqlExpress 0 null: SQL round-trip 0 ms
2026-07-27 09:29:54.841 +02:00 [INF] ART Diagnostic MraConnectivity MraEis 21 404: MRA reachable (404) in 21 ms.
2026-07-27 09:29:54.910 +02:00 [INF] ART Diagnostic HealthCheck HealthCheckWorker 0 null: All subsystems healthy (SQL 0 ms, disk 50.4 GB free).
2026-07-27 09:29:56.449 +02:00 [INF] ART Diagnostic MraConnectivity MraEis 2238 404: MRA reachable (404) in 2238 ms.
2026-07-27 09:29:56.576 +02:00 [INF] ART Diagnostic HealthCheck HealthCheckWorker 0 null: All subsystems healthy (SQL 0 ms, disk 50.4 GB free).
2026-07-27 09:29:56.771 +02:00 [INF] ART Diagnostic WorkerHeartbeat SystemHealthMonitorService null null: All monitored subsystems healthy.
2026-07-27 09:30:29.609 +02:00 [INF] ART Diagnostic DatabaseLatency SqlExpress 1 null: Performance profile sample (FPS 0.0)
2026-07-27 09:30:37.540 +02:00 [INF] Inventory alert scan complete: 8 products, low=0, stockout=0, overstock=0, fast=0.
2026-07-27 09:30:39.908 +02:00 [INF] ART Diagnostic WorkerHeartbeat HealthCheckWorker null null: Heartbeat
2026-07-27 09:30:40.065 +02:00 [INF] ART Diagnostic DatabaseLatency SqlExpress 0 null: SQL round-trip 0 ms
2026-07-27 09:30:40.136 +02:00 [INF] ART Diagnostic MraConnectivity MraEis 25 404: MRA reachable (404) in 25 ms.
2026-07-27 09:30:41.788 +02:00 [INF] ART Diagnostic DatabaseLatency SqlExpress 1 null: SQL round-trip 1 ms
2026-07-27 09:30:41.829 +02:00 [INF] ART Diagnostic MraConnectivity MraEis 21 404: MRA reachable (404) in 21 ms.
2026-07-27 09:30:41.833 +02:00 [INF] ART Diagnostic HealthCheck HealthCheckWorker 1 null: All subsystems healthy (SQL 1 ms, disk 50.4 GB free).
2026-07-27 09:30:41.905 +02:00 [INF] ART Diagnostic WorkerHeartbeat SystemHealthMonitorService null null: All monitored subsystems healthy.
2026-07-27 09:30:43.266 +02:00 [INF] ART Diagnostic HealthCheck HealthCheckWorker 0 null: All subsystems healthy (SQL 0 ms, disk 50.4 GB free).
2026-07-27 09:31:25.119 +02:00 [INF] ART Diagnostic DatabaseLatency SqlExpress 0 null: Performance profile sample (FPS 0.0)
2026-07-27 09:31:26.911 +02:00 [INF] ART Diagnostic DatabaseLatency SqlExpress 1 null: SQL round-trip 1 ms
2026-07-27 09:31:26.946 +02:00 [INF] ART Diagnostic MraConnectivity MraEis 26 404: MRA reachable (404) in 26 ms.
2026-07-27 09:31:27.058 +02:00 [INF] ART Diagnostic HealthCheck HealthCheckWorker 1 null: All subsystems healthy (SQL 1 ms, disk 50.4 GB free).
2026-07-27 09:31:27.255 +02:00 [INF] ART Diagnostic WorkerHeartbeat SystemHealthMonitorService null null: All monitored subsystems healthy.
2026-07-27 09:31:28.306 +02:00 [INF] ART Diagnostic WorkerHeartbeat HealthCheckWorker null null: Heartbeat
2026-07-27 09:31:28.315 +02:00 [INF] ART Diagnostic DatabaseLatency SqlExpress 0 null: SQL round-trip 0 ms
2026-07-27 09:31:28.344 +02:00 [INF] ART Diagnostic MraConnectivity MraEis 24 404: MRA reachable (404) in 24 ms.
2026-07-27 09:31:28.461 +02:00 [INF] ART Diagnostic HealthCheck HealthCheckWorker 0 null: All subsystems healthy (SQL 0 ms, disk 50.4 GB free).
2026-07-27 09:31:37.636 +02:00 [INF] Inventory alert scan complete: 8 products, low=0, stockout=0, overstock=0, fast=0.
2026-07-27 09:32:12.280 +02:00 [INF] ART Diagnostic DatabaseLatency SqlExpress 1 null: SQL round-trip 1 ms
2026-07-27 09:32:13.478 +02:00 [INF] ART Diagnostic WorkerHeartbeat HealthCheckWorker null null: Heartbeat
2026-07-27 09:32:13.501 +02:00 [INF] ART Diagnostic DatabaseLatency SqlExpress 0 null: SQL round-trip 0 ms
2026-07-27 09:32:13.557 +02:00 [INF] ART Diagnostic MraConnectivity MraEis 53 404: MRA reachable (404) in 53 ms.
2026-07-27 09:32:13.654 +02:00 [INF] ART Diagnostic HealthCheck HealthCheckWorker 0 null: All subsystems healthy (SQL 0 ms, disk 50.4 GB free).
2026-07-27 09:32:15.385 +02:00 [INF] ART Diagnostic MraConnectivity MraEis 3098 404: MRA reachable (404) in 3098 ms.
2026-07-27 09:32:15.563 +02:00 [INF] ART Diagnostic HealthCheck HealthCheckWorker 1 null: All subsystems healthy (SQL 1 ms, disk 50.4 GB free).
2026-07-27 09:32:15.735 +02:00 [INF] ART Diagnostic WorkerHeartbeat SystemHealthMonitorService null null: All monitored subsystems healthy.
2026-07-27 09:32:20.570 +02:00 [INF] ART Diagnostic DatabaseLatency SqlExpress 0 null: Performance profile sample (FPS 0.0)
2026-07-27 09:32:37.661 +02:00 [INF] Inventory alert scan complete: 8 products, low=0, stockout=0, overstock=0, fast=0.
2026-07-27 09:32:52.413 +02:00 [INF] ART Diagnostic DatabaseLatency SqlExpress 0 null: Performance profile sample (FPS 0.0)
2026-07-27 09:32:58.674 +02:00 [INF] ART Diagnostic WorkerHeartbeat HealthCheckWorker null null: Heartbeat
2026-07-27 09:32:58.683 +02:00 [INF] ART Diagnostic DatabaseLatency SqlExpress 0 null: SQL round-trip 0 ms
2026-07-27 09:32:59.007 +02:00 [INF] ART Diagnostic MraConnectivity MraEis 321 404: MRA reachable (404) in 321 ms.
2026-07-27 09:32:59.095 +02:00 [INF] ART Diagnostic HealthCheck HealthCheckWorker 0 null: All subsystems healthy (SQL 0 ms, disk 50.4 GB free).
2026-07-27 09:33:00.729 +02:00 [INF] ART Diagnostic DatabaseLatency SqlExpress 1 null: SQL round-trip 1 ms
2026-07-27 09:33:03.883 +02:00 [INF] ART Diagnostic MraConnectivity MraEis 3132 404: MRA reachable (404) in 3132 ms.
2026-07-27 09:33:03.976 +02:00 [INF] ART Diagnostic HealthCheck HealthCheckWorker 1 null: All subsystems healthy (SQL 1 ms, disk 50.4 GB free).
2026-07-27 09:33:04.089 +02:00 [INF] ART Diagnostic WorkerHeartbeat SystemHealthMonitorService null null: All monitored subsystems healthy.
2026-07-27 09:33:22.649 +02:00 [INF] ART Diagnostic DatabaseLatency SqlExpress 1 null: Performance profile sample (FPS 0.0)
2026-07-27 09:33:37.684 +02:00 [INF] Inventory alert scan complete: 8 products, low=0, stockout=0, overstock=0, fast=0.
2026-07-27 09:33:44.097 +02:00 [INF] ART Diagnostic WorkerHeartbeat HealthCheckWorker null null: Heartbeat
2026-07-27 09:33:44.576 +02:00 [INF] ART Diagnostic DatabaseLatency SqlExpress 0 null: SQL round-trip 0 ms
2026-07-27 09:33:47.848 +02:00 [INF] ART Diagnostic MraConnectivity MraEis 3095 404: MRA reachable (404) in 3095 ms.
2026-07-27 09:33:48.142 +02:00 [INF] ART Diagnostic HealthCheck HealthCheckWorker 0 null: All subsystems healthy (SQL 0 ms, disk 50.4 GB free).
2026-07-27 09:33:49.091 +02:00 [INF] ART Diagnostic DatabaseLatency SqlExpress 0 null: SQL round-trip 0 ms
2026-07-27 09:33:49.120 +02:00 [INF] ART Diagnostic MraConnectivity MraEis 23 404: MRA reachable (404) in 23 ms.
2026-07-27 09:33:49.194 +02:00 [INF] ART Diagnostic HealthCheck HealthCheckWorker 0 null: All subsystems healthy (SQL 0 ms, disk 50.4 GB free).
2026-07-27 09:33:49.305 +02:00 [INF] ART Diagnostic WorkerHeartbeat SystemHealthMonitorService null null: All monitored subsystems healthy.
2026-07-27 09:33:52.688 +02:00 [INF] ART Diagnostic DatabaseLatency SqlExpress 0 null: Performance profile sample (FPS 0.0)
2026-07-27 09:34:22.763 +02:00 [INF] ART Diagnostic DatabaseLatency SqlExpress 1 null: Performance profile sample (FPS 0.0)
2026-07-27 09:34:31.672 +02:00 [INF] Hardware fault-tolerance loop stopped.
